[
  {
    "text": "CLOSE",
    "url": "#"
  },
  {
    "text": "Categories",
    "url": "https://100r.org/section/all-categories/"
  },
  {
    "text": "Business",
    "url": "https://100r.org/section/all-categories/biz/"
  },
  {
    "text": "Corruption",
    "url": "https://100r.org/section/all-categories/corruption/"
  },
  {
    "text": "Education",
    "url": "https://100r.org/section/all-categories/edu/"
  },
  {
    "text": "Environment",
    "url": "https://100r.org/section/all-categories/env/"
  },
  {
    "text": "longreads",
    "url": "https://100r.org/section/all-categories/longreads/"
  },
  {
    "text": "Politics",
    "url": "https://100r.org/section/all-categories/pol/"
  },
  {
    "text": "About Us",
    "url": "https://100r.org/about/"
  },
  {
    "text": "Board of Directors",
    "url": "https://100r.org/about/board-of-directors/"
  },
  {
    "text": "Friends & Partners",
    "url": "https://100r.org/about/partners/"
  },
  {
    "text": "Advisory Board",
    "url": "https://100r.org/about/advisory-board/"
  },
  {
    "text": "Mission",
    "url": "https://100r.org/about/mission/"
  },
  {
    "text": "Our Founders",
    "url": "https://100r.org/about/our-founders-2/"
  },
  {
    "text": "Staff",
    "url": "https://100r.org/about/editorial-staff/"
  },
  {
    "text": "Governing Documents and Disclosures",
    "url": "https://100r.org/about/100reporters-governing-documents-and-morets/"
  },
  {
    "text": "Privacy Policy",
    "url": "https://100r.org/about/privacy-policy/"
  },
  {
    "text": "The Reporters",
    "url": "https://100r.org/about/the-reporters/"
  },
  {
    "text": "Asia",
    "url": "https://100r.org/about/the-reporters/asia-staff/"
  },
  {
    "text": "Africa",
    "url": "https://100r.org/about/the-reporters/africa-staff/"
  },
  {
    "text": "Central/Eastern Europe",
    "url": "https://100r.org/about/the-reporters/central-eastern-europe-staff/"
  },
  {
    "text": "Latin America",
    "url": "https://100r.org/about/the-reporters/south-america-staff/"
  },
  {
    "text": "Middle East",
    "url": "https://100r.org/about/the-reporters/middle-east-staff/"
  },
  {
    "text": "North America",
    "url": "https://100r.org/about/the-reporters/north-america-staff/"
  },
  {
    "text": "Western Europe",
    "url": "https://100r.org/about/the-reporters/western-europe-staff/"
  },
  {
    "text": "Contact Us",
    "url": "https://100r.org/contact/"
  },
  {
    "text": "Donate",
    "url": "https://100r.org/donors/"
  },
  {
    "text": "Invest in Honesty",
    "url": "https://100r.org/invest/"
  },
  {
    "text": "Our Impact",
    "url": "https://100r.org/impact/"
  },
  {
    "text": "",
    "url": "#"
  },
  {
    "text": "",
    "url": "https://100r.org/"
  },
  {
    "text": "Categories",
    "url": "https://100r.org/section/all-categories/"
  },
  {
    "text": "All",
    "url": "https://100r.org/section/all-categories/"
  },
  {
    "text": "Business",
    "url": "https://100r.org/section/all-categories/biz/"
  },
  {
    "text": "Corruption",
    "url": "https://100r.org/section/all-categories/corruption/"
  },
  {
    "text": "Education",
    "url": "https://100r.org/section/all-categories/edu/"
  },
  {
    "text": "Environment",
    "url": "https://100r.org/section/all-categories/env/"
  },
  {
    "text": "longreads",
    "url": "https://100r.org/section/all-categories/longreads/"
  },
  {
    "text": "Politics",
    "url": "https://100r.org/section/all-categories/pol/"
  },
  {
    "text": "",
    "url": "https://100r.org/2022/07/did-industry-funding-influence-an-fda-investigation-into-canine-heart-disease-and-grain-free-dog-food/"
  },
  {
    "text": "Did Industry Funding Influence an FDA Investigation into Canine Heart Disease\u2026",
    "url": "https://100r.org/2022/07/did-industry-funding-influence-an-fda-investigation-into-canine-heart-disease-and-grain-free-dog-food/"
  },
  {
    "text": "",
    "url": "https://100r.org/2022/01/student-essay-contest/"
  },
  {
    "text": "Student Essay Contest on Xinjiang Deadline Extended due to Ukraine Invasion",
    "url": "https://100r.org/2022/01/student-essay-contest/"
  },
  {
    "text": "",
    "url": "https://100r.org/2021/07/siemens/"
  },
  {
    "text": "Slammed for Bribery, Siemens Continued to Ignore Red Flags",
    "url": "https://100r.org/2021/07/siemens/"
  },
  {
    "text": "",
    "url": "https://100r.org/2021/07/china/"
  },
  {
    "text": "Pandemic, Prosecutions Aside, Bribery Persists in Chinese Hospitals",
    "url": "https://100r.org/2021/07/china/"
  },
  {
    "text": "",
    "url": "#"
  },
  {
    "text": "",
    "url": "#"
  },
  {
    "text": "About Us",
    "url": "https://100r.org/about/"
  },
  {
    "text": "Board of Directors",
    "url": "https://100r.org/about/board-of-directors/"
  },
  {
    "text": "Friends & Partners",
    "url": "https://100r.org/about/partners/"
  },
  {
    "text": "Advisory Board",
    "url": "https://100r.org/about/advisory-board/"
  },
  {
    "text": "Mission",
    "url": "https://100r.org/about/mission/"
  },
  {
    "text": "Our Founders",
    "url": "https://100r.org/about/our-founders-2/"
  },
  {
    "text": "Staff",
    "url": "https://100r.org/about/editorial-staff/"
  },
  {
    "text": "Governing Documents and Disclosures",
    "url": "https://100r.org/about/100reporters-governing-documents-and-morets/"
  },
  {
    "text": "Privacy Policy",
    "url": "https://100r.org/about/privacy-policy/"
  },
  {
    "text": "The Reporters",
    "url": "https://100r.org/about/the-reporters/"
  },
  {
    "text": "Asia",
    "url": "https://100r.org/about/the-reporters/asia-staff/"
  },
  {
    "text": "Africa",
    "url": "https://100r.org/about/the-reporters/africa-staff/"
  },
  {
    "text": "Central/Eastern Europe",
    "url": "https://100r.org/about/the-reporters/central-eastern-europe-staff/"
  },
  {
    "text": "Latin America",
    "url": "https://100r.org/about/the-reporters/south-america-staff/"
  },
  {
    "text": "Middle East",
    "url": "https://100r.org/about/the-reporters/middle-east-staff/"
  },
  {
    "text": "North America",
    "url": "https://100r.org/about/the-reporters/north-america-staff/"
  },
  {
    "text": "Western Europe",
    "url": "https://100r.org/about/the-reporters/western-europe-staff/"
  },
  {
    "text": "Contact Us",
    "url": "https://100r.org/contact/"
  },
  {
    "text": "Donate",
    "url": "https://100r.org/donors/"
  },
  {
    "text": "Invest in Honesty",
    "url": "https://100r.org/invest/"
  },
  {
    "text": "Our Impact",
    "url": "https://100r.org/impact/"
  },
  {
    "text": "",
    "url": "#"
  },
  {
    "text": "Did Industry Funding Influence an FDA Investigation into Canine Heart Disease and Grain-Free Dog Food? START READING",
    "url": "https://100r.org/2022/07/did-industry-funding-influence-an-fda-investigation-into-canine-heart-disease-and-grain-free-dog-food/"
  },
  {
    "text": "Slammed for BriberySiemens Continued to Ignore Red FlagsStart Reading",
    "url": "https://100r.org/2021/07/siemens/"
  },
  {
    "text": "Pandemic, Prosecutions AsideBribery Appears Alive and Well in Chinese HospitalsSTART READING",
    "url": "https://100r.org/2021/07/china/"
  },
  {
    "text": "Africa's Hidden Victims: SeriesSurge in Police Brutality | The Struggle of Healthcare Workers | Food Aid CorruptionStart Reading",
    "url": "https://100r.org/2021/06/africas-hidden-victims-pandemic-prompts-surge-in-police-brutality-blacklivesmatter/"
  },
  {
    "text": "Endless JourneyMore Than a Decade After Displacement, Nigerian Returnees Remain HomelessRead More",
    "url": "https://100r.org/2021/04/bakassi-returnees/"
  },
  {
    "text": "How Did One of Africa's Biggest Accused Human Traffickers Escape Prison?Read More",
    "url": "https://100r.org/2021/02/how-did-one-of-north-africas-biggest-smugglers-escape-prison/"
  },
  {
    "text": "Pandemic Property GrabsOutlawed Tradition Leaves Widows Homeless, as In-Laws Claim Their HomesRead more",
    "url": "https://wp.me/p1OOXq-bXE"
  },
  {
    "text": "Uber in KenyaWhere Disruption Met Desperationread more",
    "url": "https://100r.org/2020/12/uber-in-kenya/"
  },
  {
    "text": "China LeakSecret Chinese Military Data Adds New Detail to Coronavirus ReportingRead More",
    "url": "https://100r.org/2020/05/china-coronavirus/"
  },
  {
    "text": "Documentaries as AdvertisingCorporate Interests Turn to Indie Docs for Influence; Audiences in the DarkRead more",
    "url": "https://100r.org/2019/12/documentaries-as-advertising/"
  },
  {
    "text": "Did Industry Funding Influence an FDA Investigation into Canine Heart Disease and Grain-Free Dog Food? START READING",
    "url": "https://100r.org/2022/07/did-industry-funding-influence-an-fda-investigation-into-canine-heart-disease-and-grain-free-dog-food/"
  },
  {
    "text": "Slammed for BriberySiemens Continued to Ignore Red FlagsStart Reading",
    "url": "https://100r.org/2021/07/siemens/"
  },
  {
    "text": "Pandemic, Prosecutions AsideBribery Appears Alive and Well in Chinese HospitalsSTART READING",
    "url": "https://100r.org/2021/07/china/"
  },
  {
    "text": "Africa's Hidden Victims: SeriesSurge in Police Brutality | The Struggle of Healthcare Workers | Food Aid CorruptionStart Reading",
    "url": "https://100r.org/2021/06/africas-hidden-victims-pandemic-prompts-surge-in-police-brutality-blacklivesmatter/"
  },
  {
    "text": "Endless JourneyMore Than a Decade After Displacement, Nigerian Returnees Remain HomelessRead More",
    "url": "https://100r.org/2021/04/bakassi-returnees/"
  },
  {
    "text": "How Did One of Africa's Biggest Accused Human Traffickers Escape Prison?Read More",
    "url": "https://100r.org/2021/02/how-did-one-of-north-africas-biggest-smugglers-escape-prison/"
  },
  {
    "text": "Pandemic Property GrabsOutlawed Tradition Leaves Widows Homeless, as In-Laws Claim Their HomesRead more",
    "url": "https://wp.me/p1OOXq-bXE"
  },
  {
    "text": "Uber in KenyaWhere Disruption Met Desperationread more",
    "url": "https://100r.org/2020/12/uber-in-kenya/"
  },
  {
    "text": "China LeakSecret Chinese Military Data Adds New Detail to Coronavirus ReportingRead More",
    "url": "https://100r.org/2020/05/china-coronavirus/"
  },
  {
    "text": "Documentaries as AdvertisingCorporate Interests Turn to Indie Docs for Influence; Audiences in the DarkRead more",
    "url": "https://100r.org/2019/12/documentaries-as-advertising/"
  },
  {
    "text": "Did Industry Funding Influence an FDA Investigation into Canine Heart Disease and Grain-Free Dog Food? START READING",
    "url": "https://100r.org/2022/07/did-industry-funding-influence-an-fda-investigation-into-canine-heart-disease-and-grain-free-dog-food/"
  },
  {
    "text": "Slammed for BriberySiemens Continued to Ignore Red FlagsStart Reading",
    "url": "https://100r.org/2021/07/siemens/"
  },
  {
    "text": "Pandemic, Prosecutions AsideBribery Appears Alive and Well in Chinese HospitalsSTART READING",
    "url": "https://100r.org/2021/07/china/"
  },
  {
    "text": "Africa's Hidden Victims: SeriesSurge in Police Brutality | The Struggle of Healthcare Workers | Food Aid CorruptionStart Reading",
    "url": "https://100r.org/2021/06/africas-hidden-victims-pandemic-prompts-surge-in-police-brutality-blacklivesmatter/"
  },
  {
    "text": "Endless JourneyMore Than a Decade After Displacement, Nigerian Returnees Remain HomelessRead More",
    "url": "https://100r.org/2021/04/bakassi-returnees/"
  },
  {
    "text": "How Did One of Africa's Biggest Accused Human Traffickers Escape Prison?Read More",
    "url": "https://100r.org/2021/02/how-did-one-of-north-africas-biggest-smugglers-escape-prison/"
  },
  {
    "text": "Pandemic Property GrabsOutlawed Tradition Leaves Widows Homeless, as In-Laws Claim Their HomesRead more",
    "url": "https://wp.me/p1OOXq-bXE"
  },
  {
    "text": "Uber in KenyaWhere Disruption Met Desperationread more",
    "url": "https://100r.org/2020/12/uber-in-kenya/"
  },
  {
    "text": "China LeakSecret Chinese Military Data Adds New Detail to Coronavirus ReportingRead More",
    "url": "https://100r.org/2020/05/china-coronavirus/"
  },
  {
    "text": "Documentaries as AdvertisingCorporate Interests Turn to Indie Docs for Influence; Audiences in the DarkRead more",
    "url": "https://100r.org/2019/12/documentaries-as-advertising/"
  },
  {
    "text": "",
    "url": "https://100r.org/2022/07/did-industry-funding-influence-an-fda-investigation-into-canine-heart-disease-and-grain-free-dog-food/"
  },
  {
    "text": "Did Industry Funding Influence an FDA Investigation into Canine Heart Disease...",
    "url": "https://100r.org/2022/07/did-industry-funding-influence-an-fda-investigation-into-canine-heart-disease-and-grain-free-dog-food/"
  },
  {
    "text": "Helen Santoro",
    "url": "https://100r.org/author/helen/"
  },
  {
    "text": "0",
    "url": "https://100r.org/2022/07/did-industry-funding-influence-an-fda-investigation-into-canine-heart-disease-and-grain-free-dog-food/#respond"
  },
  {
    "text": "",
    "url": "https://100r.org/2021/07/siemens/"
  },
  {
    "text": "Slammed for Bribery, Siemens Continued to Ignore Red Flags",
    "url": "https://100r.org/2021/07/siemens/"
  },
  {
    "text": "Ben Knight",
    "url": "https://100r.org/author/ben-knight/"
  },
  {
    "text": "0",
    "url": "https://100r.org/2021/07/siemens/#respond"
  },
  {
    "text": "",
    "url": "https://100r.org/2021/07/china/"
  },
  {
    "text": "Pandemic, Prosecutions Aside, Bribery Persists in Chinese Hospitals",
    "url": "https://100r.org/2021/07/china/"
  },
  {
    "text": "Ben Knight",
    "url": "https://100r.org/author/ben-knight/"
  },
  {
    "text": "0",
    "url": "https://100r.org/2021/07/china/#respond"
  },
  {
    "text": "",
    "url": "https://100r.org/2021/04/bakassi-returnees/"
  },
  {
    "text": "Endless Journey: More than a decade after displacement, Nigerian returnees remain...",
    "url": "https://100r.org/2021/04/bakassi-returnees/"
  },
  {
    "text": "Linus Unah",
    "url": "https://100r.org/author/linus-unah/"
  },
  {
    "text": "0",
    "url": "https://100r.org/2021/04/bakassi-returnees/#respond"
  },
  {
    "text": "",
    "url": "https://100r.org/2021/02/how-did-one-of-north-africas-biggest-smugglers-escape-prison/"
  },
  {
    "text": "How Did One of North Africa\u2019s Biggest Accused Smugglers Escape Prison?",
    "url": "https://100r.org/2021/02/how-did-one-of-north-africas-biggest-smugglers-escape-prison/"
  },
  {
    "text": "Sally Hayden",
    "url": "https://100r.org/author/sally/"
  },
  {
    "text": "0",
    "url": "https://100r.org/2021/02/how-did-one-of-north-africas-biggest-smugglers-escape-prison/#respond"
  },
  {
    "text": "",
    "url": "https://100r.org/2020/12/propertygrabs/"
  },
  {
    "text": "Pandemic Drives Wave of Property Grabs in Zambia",
    "url": "https://100r.org/2020/12/propertygrabs/"
  },
  {
    "text": "Zanji Sinkala",
    "url": "https://100r.org/author/zanji/"
  },
  {
    "text": "0",
    "url": "https://100r.org/2020/12/propertygrabs/#respond"
  },
  {
    "text": "",
    "url": "https://100r.org/2020/12/uber-in-kenya/"
  },
  {
    "text": "Uber in Kenya: Where Disruption Met Desperation",
    "url": "https://100r.org/2020/12/uber-in-kenya/"
  },
  {
    "text": "Amanda Sperber",
    "url": "https://100r.org/author/amanda/"
  },
  {
    "text": "0",
    "url": "https://100r.org/2020/12/uber-in-kenya/#respond"
  },
  {
    "text": "",
    "url": "https://100r.org/2020/05/china-coronavirus/"
  },
  {
    "text": "Secret Chinese Military Data Adds New Detail to Coronavirus Reporting",
    "url": "https://100r.org/2020/05/china-coronavirus/"
  },
  {
    "text": "Isaac Stone Fish",
    "url": "https://100r.org/author/isaac/"
  },
  {
    "text": "1",
    "url": "https://100r.org/2020/05/china-coronavirus/#comments"
  },
  {
    "text": "",
    "url": "https://100r.org/2019/11/un-refugee-agency-reopens-corruption-investigation/"
  },
  {
    "text": "UN Refugee Agency Reopens Corruption Investigation Refugee Sources Report Retaliation After...",
    "url": "https://100r.org/2019/11/un-refugee-agency-reopens-corruption-investigation/"
  },
  {
    "text": "Sally Hayden",
    "url": "https://100r.org/author/sally/"
  },
  {
    "text": "1",
    "url": "https://100r.org/2019/11/un-refugee-agency-reopens-corruption-investigation/#comments"
  },
  {
    "text": "",
    "url": "https://100r.org/2019/04/unhcr-corruption-refugee-resettlement/"
  },
  {
    "text": "Asylum for Sale Refugees Say Some U.N. Workers Demand Bribes for...",
    "url": "https://100r.org/2019/04/unhcr-corruption-refugee-resettlement/"
  },
  {
    "text": "Sally Hayden",
    "url": "https://100r.org/author/sally/"
  },
  {
    "text": "5",
    "url": "https://100r.org/2019/04/unhcr-corruption-refugee-resettlement/#comments"
  },
  {
    "text": "",
    "url": "https://100r.org/2018/08/editorial-the-attack-on-oversight/"
  },
  {
    "text": "Editorial: The Attack on Oversight",
    "url": "https://100r.org/2018/08/editorial-the-attack-on-oversight/"
  },
  {
    "text": "Diana Jean Schemo",
    "url": "https://100r.org/author/diana/"
  },
  {
    "text": "0",
    "url": "https://100r.org/2018/08/editorial-the-attack-on-oversight/#respond"
  },
  {
    "text": "",
    "url": "https://100r.org/2018/02/cursed/"
  },
  {
    "text": "Cursed Collateral Damage in the Unchecked Race for Resources",
    "url": "https://100r.org/2018/02/cursed/"
  },
  {
    "text": "Christian Locka",
    "url": "https://100r.org/author/christian-locka/"
  },
  {
    "text": "0",
    "url": "https://100r.org/2018/02/cursed/#respond"
  },
  {
    "text": "",
    "url": "https://www.dxfest.com"
  },
  {
    "text": "DONATE NOW",
    "url": "https://www.paypal.com/cgi-bin/webscr?cmd=_donations&business=diana%40100R.org&item_name=Accountability+journalism&currency_code=USD&source=url"
  },
  {
    "text": "\n\t\t\t\t\t\tFacebook\n\t\t\t\t\t\t\t\t\t\t\t\t\t\n\t\t\t\t\t\t\t\t\t\t\t",
    "url": "https://www.facebook.com/100Reporters/"
  },
  {
    "text": "\n\t\t\t\t\t\tTwitter\n\t\t\t\t\t\t\t\t\t\t\t\t\t\n\t\t\t\t\t\t\t\t\t\t\t",
    "url": "https://twitter.com/100reporters"
  },
  {
    "text": "Read More",
    "url": "https://100r.org/privacy"
  },
  {
    "text": "massacre with more than 150 people killed",
    "url": "http://www.nytimes.com/2009/09/30/world/africa/30guinea.html?_r=1"
  },
  {
    "text": "\n\nChapter 1: East Goes West\n",
    "url": "https://100r.org/2017/12/east-goes-west/"
  },
  {
    "text": "\n\nChapter 2: Ghana\n",
    "url": "https://100r.org/2017/12/ghana/"
  },
  {
    "text": "\n\nChapter 3: Niger\n",
    "url": "https://100r.org/2017/12/niger-selase-kove-seyram/"
  },
  {
    "text": "\n\nChapter 4: Senegal\n",
    "url": "https://100r.org/2017/12/senegal/"
  },
  {
    "text": "\n\nChapter 5: Sudan\n",
    "url": "https://100r.org/2017/12/sudan/"
  },
  {
    "text": "\n\nChapter 6: Ecuador\n",
    "url": "https://100r.org/2017/12/ecuador/"
  },
  {
    "text": "\n\nChapter 7: Brazil\n",
    "url": "https://100r.org/2017/12/brazil-destination-sao-paulo/"
  },
  {
    "text": "\n\nChapter 8: Mexico\n",
    "url": "https://100r.org/2017/12/mexico/"
  },
  {
    "text": "",
    "url": "https://100r.org/2017/12/unfair-trade/"
  },
  {
    "text": "Unfair Trade: The Broken Promise of Fairtrade Farming in Africa",
    "url": "https://100r.org/2017/12/unfair-trade/"
  },
  {
    "text": "",
    "url": "https://100r.org/2017/12/trouble-in/"
  },
  {
    "text": "Trouble in Kenya's Flower Fields",
    "url": "https://100r.org/2017/12/trouble-in/"
  },
  {
    "text": "",
    "url": "https://100r.org/2017/12/consumer-voices/"
  },
  {
    "text": "Consumer Voices: Fair Trade Success Comes Down To Perceptions ",
    "url": "https://100r.org/2017/12/consumer-voices/"
  }
]