[
  {
    "text": "Skip Navigation",
    "url": "#main"
  },
  {
    "text": "\n                \n            ",
    "url": "/"
  },
  {
    "text": "\n                                        News\n                            ",
    "url": "/news"
  },
  {
    "text": "\n                                                    Back\n                                                ",
    "url": "#"
  },
  {
    "text": "\n                                                                    Local\n                                                        ",
    "url": "/local"
  },
  {
    "text": "\n                                                                    Life\n                                                        ",
    "url": "/life"
  },
  {
    "text": "\n                                                                    #13Investigates\n                                                        ",
    "url": "/investigative"
  },
  {
    "text": "\n                                                                    Sports\n                                                        ",
    "url": "/sports"
  },
  {
    "text": "\n                                                                    Health\n                                                        ",
    "url": "/health"
  },
  {
    "text": "\n                                                                    Features\n                                                        ",
    "url": "/features"
  },
  {
    "text": "\n                                                                    Economy\n                                                        ",
    "url": "/money"
  },
  {
    "text": "\n                                                                    Entertainment\n                                                        ",
    "url": "/entertainment"
  },
  {
    "text": "\n                                                                    Nation World\n                                                        ",
    "url": "/nation-world"
  },
  {
    "text": "\n                                                                    Politics\n                                                        ",
    "url": "/politics"
  },
  {
    "text": "\n                                                                    Weird/Watercooler\n                                                        ",
    "url": "/watercooler"
  },
  {
    "text": "\n                                    !function(){if (!document.hidden) {let e=document.currentScript;void 0!==window.tegna&&!0===window.tegna.loaded||new window.IntersectionObserver(function(e,a){e.forEach(function(e){if(e.isIntersecting){const a=e.target.querySelectorAll(\".lazy-image__image\")[0],t=e.target.querySelectorAll(\".lazy-image__placeholder\")[0];a.src=a.dataset.src,a.srcset=a.dataset.srcset,e.target.dataset.preloaded=\"true\",a.classList.remove(\"lazy-image__image_loaded_false\"),a.classList.add(\"lazy-image__image_loaded_true\"),a.classList.remove(\"lazy-image__image_blur_true\"),a.classList.add(\"lazy-image__image_blur_false\"),t.classList.remove(\"lazy-image__placeholder_visible_true\"),t.classList.add(\"lazy-image__placeholder_visible_false\")}a.unobserve(e.target)})}).observe(e.parentElement)}}();\n                                ",
    "url": "https://www.13wmaz.com/article/news/local/central-georgians-play-to-win-1b-mega-millions-jackpot-2/93-bb5e7dc0-5e00-4e27-a142-d737374b25ef"
  },
  {
    "text": "Central Georgians play to win $1B Mega Millions jackpot",
    "url": "https://www.13wmaz.com/article/news/local/central-georgians-play-to-win-1b-mega-millions-jackpot-2/93-bb5e7dc0-5e00-4e27-a142-d737374b25ef"
  },
  {
    "text": "\n                                    !function(){if (!document.hidden) {let e=document.currentScript;void 0!==window.tegna&&!0===window.tegna.loaded||new window.IntersectionObserver(function(e,a){e.forEach(function(e){if(e.isIntersecting){const a=e.target.querySelectorAll(\".lazy-image__image\")[0],t=e.target.querySelectorAll(\".lazy-image__placeholder\")[0];a.src=a.dataset.src,a.srcset=a.dataset.srcset,e.target.dataset.preloaded=\"true\",a.classList.remove(\"lazy-image__image_loaded_false\"),a.classList.add(\"lazy-image__image_loaded_true\"),a.classList.remove(\"lazy-image__image_blur_true\"),a.classList.add(\"lazy-image__image_blur_false\"),t.classList.remove(\"lazy-image__placeholder_visible_true\"),t.classList.add(\"lazy-image__placeholder_visible_false\")}a.unobserve(e.target)})}).observe(e.parentElement)}}();\n                                ",
    "url": "https://www.13wmaz.com/article/weather/forecast/weather-forecast/93-601791749"
  },
  {
    "text": "Hot stuff for the weekend, better rain chance is for Saturday",
    "url": "https://www.13wmaz.com/article/weather/forecast/weather-forecast/93-601791749"
  },
  {
    "text": "\n                                        Weather\n                            ",
    "url": "/weather/"
  },
  {
    "text": "\n                                                    Back\n                                                ",
    "url": "#"
  },
  {
    "text": "\n                                                                    Forecast\n                                                        ",
    "url": "/forecast"
  },
  {
    "text": "\n                                                                    Radar\n                                                        ",
    "url": "/radar"
  },
  {
    "text": "\n                                                                    7-Day / Hourly\n                                                        ",
    "url": "/7-day"
  },
  {
    "text": "\n                                                                    Traffic\n                                                        ",
    "url": "/traffic"
  },
  {
    "text": "\n                                                                    Closings & Delays\n                                                        ",
    "url": "/closings"
  },
  {
    "text": "\n                                                                    Skycams\n                                                        ",
    "url": "/alfa-skycams"
  },
  {
    "text": "\n                                                                    Weather Maps\n                                                        ",
    "url": "/weather-maps"
  },
  {
    "text": "\n                                    !function(){if (!document.hidden) {let e=document.currentScript;void 0!==window.tegna&&!0===window.tegna.loaded||new window.IntersectionObserver(function(e,a){e.forEach(function(e){if(e.isIntersecting){const a=e.target.querySelectorAll(\".lazy-image__image\")[0],t=e.target.querySelectorAll(\".lazy-image__placeholder\")[0];a.src=a.dataset.src,a.srcset=a.dataset.srcset,e.target.dataset.preloaded=\"true\",a.classList.remove(\"lazy-image__image_loaded_false\"),a.classList.add(\"lazy-image__image_loaded_true\"),a.classList.remove(\"lazy-image__image_blur_true\"),a.classList.add(\"lazy-image__image_blur_false\"),t.classList.remove(\"lazy-image__placeholder_visible_true\"),t.classList.add(\"lazy-image__placeholder_visible_false\")}a.unobserve(e.target)})}).observe(e.parentElement)}}();\n                                ",
    "url": "https://www.13wmaz.com/article/weather/forecast/weather-forecast/93-601791749"
  },
  {
    "text": "Hot stuff for the weekend, better rain chance is for Saturday",
    "url": "https://www.13wmaz.com/article/weather/forecast/weather-forecast/93-601791749"
  },
  {
    "text": "\n                                    !function(){if (!document.hidden) {let e=document.currentScript;void 0!==window.tegna&&!0===window.tegna.loaded||new window.IntersectionObserver(function(e,a){e.forEach(function(e){if(e.isIntersecting){const a=e.target.querySelectorAll(\".lazy-image__image\")[0],t=e.target.querySelectorAll(\".lazy-image__placeholder\")[0];a.src=a.dataset.src,a.srcset=a.dataset.srcset,e.target.dataset.preloaded=\"true\",a.classList.remove(\"lazy-image__image_loaded_false\"),a.classList.add(\"lazy-image__image_loaded_true\"),a.classList.remove(\"lazy-image__image_blur_true\"),a.classList.add(\"lazy-image__image_blur_false\"),t.classList.remove(\"lazy-image__placeholder_visible_true\"),t.classList.add(\"lazy-image__placeholder_visible_false\")}a.unobserve(e.target)})}).observe(e.parentElement)}}();\n                                ",
    "url": "https://www.13wmaz.com/video/weather/forecast/hot-stuff-for-the-weekend-better-rain-chance-is-for-saturday-central-georgia-weather/93-8ab0bb1c-9223-4b5e-ac4b-2add7069e9dc"
  },
  {
    "text": "Hot stuff for the weekend, better rain chance is for Saturday | Central Georgia weather",
    "url": "https://www.13wmaz.com/video/weather/forecast/hot-stuff-for-the-weekend-better-rain-chance-is-for-saturday-central-georgia-weather/93-8ab0bb1c-9223-4b5e-ac4b-2add7069e9dc"
  },
  {
    "text": "\n                                        Near Me\n                            ",
    "url": "/near-me"
  },
  {
    "text": "\n                                        VERIFY\n                            ",
    "url": "/verify"
  },
  {
    "text": "\n        Watch Live\n    ",
    "url": "/watch"
  },
  {
    "text": "\n        \n        \n            ",
    "url": "/watch"
  },
  {
    "text": "\n                            Search\n                        ",
    "url": "/search"
  },
  {
    "text": "\n                    \n                        \n                            Right Now\n                            Macon, GA\u00a0\u00bb\n                        \n                        \n                            \n                                75\u00b0\n\n                                \n                                    !function(){if (!document.hidden) {let e=document.currentScript;void 0!==window.tegna&&!0===window.tegna.loaded||new window.IntersectionObserver(function(e,a){e.forEach(function(e){if(e.isIntersecting){const a=e.target.querySelectorAll(\".lazy-image__image\")[0],t=e.target.querySelectorAll(\".lazy-image__placeholder\")[0];a.src=a.dataset.src,a.srcset=a.dataset.srcset,e.target.dataset.preloaded=\"true\",a.classList.remove(\"lazy-image__image_loaded_false\"),a.classList.add(\"lazy-image__image_loaded_true\"),a.classList.remove(\"lazy-image__image_blur_true\"),a.classList.add(\"lazy-image__image_blur_false\"),t.classList.remove(\"lazy-image__placeholder_visible_true\"),t.classList.add(\"lazy-image__placeholder_visible_false\")}a.unobserve(e.target)})}).observe(e.parentElement)}}();\n                                \n                            \n                            Macon, GA\u00a0\u00bb\n                        \n                    \n                ",
    "url": "/weather"
  },
  {
    "text": "Weather",
    "url": "/weather/alerts"
  },
  {
    "text": "Closings",
    "url": "/closings"
  },
  {
    "text": "Advertise With Us",
    "url": "/advertise"
  },
  {
    "text": "Central Georgia Eats",
    "url": "https://www.13wmaz.com/cgeats"
  },
  {
    "text": "Coronavirus",
    "url": "/coronavirus-covid-19"
  },
  {
    "text": "Hurricane Center",
    "url": "https://www.13wmaz.com/hurricane-center"
  },
  {
    "text": "Straight from the Heart",
    "url": "/straight-from-the-heart"
  },
  {
    "text": "VERIFY",
    "url": "/verify"
  },
  {
    "text": "#13Investigates",
    "url": "/investigative "
  },
  {
    "text": "Macon",
    "url": "/macon"
  },
  {
    "text": "Warner Robins",
    "url": "/warnerrobins"
  },
  {
    "text": "\n                            \n                            Read More \u00bb\n                        ",
    "url": "#"
  },
  {
    "text": "More () \u00bb",
    "url": "/breaking-news"
  },
  {
    "text": "\n                        !function(){if (!document.hidden) {let e=document.currentScript;void 0!==window.tegna&&!0===window.tegna.loaded||new window.IntersectionObserver(function(e,a){e.forEach(function(e){if(e.isIntersecting){const a=e.target.querySelectorAll(\".lazy-image__image\")[0],t=e.target.querySelectorAll(\".lazy-image__placeholder\")[0];a.src=a.dataset.src,a.srcset=a.dataset.srcset,e.target.dataset.preloaded=\"true\",a.classList.remove(\"lazy-image__image_loaded_false\"),a.classList.add(\"lazy-image__image_loaded_true\"),a.classList.remove(\"lazy-image__image_blur_true\"),a.classList.add(\"lazy-image__image_blur_false\"),t.classList.remove(\"lazy-image__placeholder_visible_true\"),t.classList.add(\"lazy-image__placeholder_visible_false\")}a.unobserve(e.target)})}).observe(e.parentElement)}}();\n                    ",
    "url": "https://www.13wmaz.com/article/news/crime/grier-family-hopes-civil-rights-lawyer-ben-crump-will-help-get-answers-in-daughters-death-3/93-924d54cd-93d8-4cf9-a461-56ccfd9ff4e8"
  },
  {
    "text": "\n                GBI releases bodycam video as Grier family hires civil-rights lawyer Ben Crump for answers in daughter's death\n                    The Grier family and Ben Crump law held a news conference in Decatur demanding the full GBI report into the death of Brianna Grier\n            ",
    "url": "https://www.13wmaz.com/article/news/crime/grier-family-hopes-civil-rights-lawyer-ben-crump-will-help-get-answers-in-daughters-death-3/93-924d54cd-93d8-4cf9-a461-56ccfd9ff4e8"
  },
  {
    "text": "\n                                    !function(){if (!document.hidden) {let e=document.currentScript;void 0!==window.tegna&&!0===window.tegna.loaded||new window.IntersectionObserver(function(e,a){e.forEach(function(e){if(e.isIntersecting){const a=e.target.querySelectorAll(\".lazy-image__image\")[0],t=e.target.querySelectorAll(\".lazy-image__placeholder\")[0];a.src=a.dataset.src,a.srcset=a.dataset.srcset,e.target.dataset.preloaded=\"true\",a.classList.remove(\"lazy-image__image_loaded_false\"),a.classList.add(\"lazy-image__image_loaded_true\"),a.classList.remove(\"lazy-image__image_blur_true\"),a.classList.add(\"lazy-image__image_blur_false\"),t.classList.remove(\"lazy-image__placeholder_visible_true\"),t.classList.add(\"lazy-image__placeholder_visible_false\")}a.unobserve(e.target)})}).observe(e.parentElement)}}();\n                                ",
    "url": "https://www.13wmaz.com/article/news/local/central-georgians-play-to-win-1b-mega-millions-jackpot-2/93-bb5e7dc0-5e00-4e27-a142-d737374b25ef"
  },
  {
    "text": "Central Georgians play to win $1B Mega Millions jackpot",
    "url": "https://www.13wmaz.com/article/news/local/central-georgians-play-to-win-1b-mega-millions-jackpot-2/93-bb5e7dc0-5e00-4e27-a142-d737374b25ef"
  },
  {
    "text": "\n                                    !function(){if (!document.hidden) {let e=document.currentScript;void 0!==window.tegna&&!0===window.tegna.loaded||new window.IntersectionObserver(function(e,a){e.forEach(function(e){if(e.isIntersecting){const a=e.target.querySelectorAll(\".lazy-image__image\")[0],t=e.target.querySelectorAll(\".lazy-image__placeholder\")[0];a.src=a.dataset.src,a.srcset=a.dataset.srcset,e.target.dataset.preloaded=\"true\",a.classList.remove(\"lazy-image__image_loaded_false\"),a.classList.add(\"lazy-image__image_loaded_true\"),a.classList.remove(\"lazy-image__image_blur_true\"),a.classList.add(\"lazy-image__image_blur_false\"),t.classList.remove(\"lazy-image__placeholder_visible_true\"),t.classList.add(\"lazy-image__placeholder_visible_false\")}a.unobserve(e.target)})}).observe(e.parentElement)}}();\n                                ",
    "url": "https://www.13wmaz.com/article/news/local/i-think-its-divine-intervention-eastman-artist-hopes-to-bring-healing-to-uvalde-families-3/93-181f8214-b35c-41e3-9118-c97fb03a2e1e"
  },
  {
    "text": "Eastman artist hopes to bring healing to families affected by school shooting in Uvalde, Texas",
    "url": "https://www.13wmaz.com/article/news/local/i-think-its-divine-intervention-eastman-artist-hopes-to-bring-healing-to-uvalde-families-3/93-181f8214-b35c-41e3-9118-c97fb03a2e1e"
  },
  {
    "text": "Did anyone win the Mega Millions prize on Friday?",
    "url": "https://www.13wmaz.com/article/news/nation-world/mega-millions-winning-numbers-july-29-jackpot/507-77798612-3285-47d2-bb8c-2a061c35c637"
  },
  {
    "text": "Volunteer firefighters in Hawkinsville run into burning house to save couple",
    "url": "https://www.13wmaz.com/article/news/local/volunteer-firefighters-in-hawkinsville-run-into-burning-house-to-save-couple-2/93-71ee23e8-e305-4db7-b2ca-151426d916a4"
  },
  {
    "text": "'I try to believe in all my students': Monroe County educator named District Teacher of the Year",
    "url": "https://www.13wmaz.com/article/news/local/they-believed-in-me-so-i-try-to-believe-in-all-my-students-monroe-county-teacher-announced-district-teacher-of-the-year/93-aebd6610-2a0f-4f12-b010-f14929a6b98b"
  },
  {
    "text": "Peach County Board of Education headquarters now at old high school",
    "url": "https://www.13wmaz.com/article/news/local/peach-county-board-of-education-headquarters-now-at-old-high-school-in-georgia-3/93-c978790e-92ec-469a-827a-eeb2cfaffd04"
  },
  {
    "text": "Monroe deputies arrest Atlanta murder suspect, passenger during traffic stop on I-75",
    "url": "https://www.13wmaz.com/article/news/crime/monroe-deputies-arrest-atlanta-murder-suspect-passenger-during-traffic-stop-on-i-75-3/93-4e797cd7-4f54-4fc0-ad53-eafbaaa6d43d"
  },
  {
    "text": "Dodge County farmer finding success with olive crop",
    "url": "https://www.13wmaz.com/article/news/local/dodge-county-farmer-finding-success-with-olive-crop-3/93-e960c382-da35-4b3e-858a-c51ddf77d764"
  },
  {
    "text": "Man found dead in car in north Macon",
    "url": "https://www.13wmaz.com/article/news/local/homeless-man-found-in-car-in-macon/93-361a7d59-a517-4d6c-9860-5f3cd54ed363"
  },
  {
    "text": "\n                                        !function(){if (!document.hidden) {let e=document.currentScript;void 0!==window.tegna&&!0===window.tegna.loaded||new window.IntersectionObserver(function(e,a){e.forEach(function(e){if(e.isIntersecting){const a=e.target.querySelectorAll(\".lazy-image__image\")[0],t=e.target.querySelectorAll(\".lazy-image__placeholder\")[0];a.src=a.dataset.src,a.srcset=a.dataset.srcset,e.target.dataset.preloaded=\"true\",a.classList.remove(\"lazy-image__image_loaded_false\"),a.classList.add(\"lazy-image__image_loaded_true\"),a.classList.remove(\"lazy-image__image_blur_true\"),a.classList.add(\"lazy-image__image_blur_false\"),t.classList.remove(\"lazy-image__placeholder_visible_true\"),t.classList.add(\"lazy-image__placeholder_visible_false\")}a.unobserve(e.target)})}).observe(e.parentElement)}}();\n                                    ",
    "url": "https://www.13wmaz.com/article/weather/hurricane/checklist-your-hurricane-season-supply-kit/85-471115888"
  },
  {
    "text": "Checklist: Your hurricane season supply kit",
    "url": "https://www.13wmaz.com/article/weather/hurricane/checklist-your-hurricane-season-supply-kit/85-471115888"
  },
  {
    "text": "\n                                        !function(){if (!document.hidden) {let e=document.currentScript;void 0!==window.tegna&&!0===window.tegna.loaded||new window.IntersectionObserver(function(e,a){e.forEach(function(e){if(e.isIntersecting){const a=e.target.querySelectorAll(\".lazy-image__image\")[0],t=e.target.querySelectorAll(\".lazy-image__placeholder\")[0];a.src=a.dataset.src,a.srcset=a.dataset.srcset,e.target.dataset.preloaded=\"true\",a.classList.remove(\"lazy-image__image_loaded_false\"),a.classList.add(\"lazy-image__image_loaded_true\"),a.classList.remove(\"lazy-image__image_blur_true\"),a.classList.add(\"lazy-image__image_blur_false\"),t.classList.remove(\"lazy-image__placeholder_visible_true\"),t.classList.add(\"lazy-image__placeholder_visible_false\")}a.unobserve(e.target)})}).observe(e.parentElement)}}();\n                                    ",
    "url": "https://www.13wmaz.com/article/weather/hurricane/hurricane-preparation-tips-for-insurance-before-during-and-after-the-storm/289-88ec081b-3adc-4380-915d-7cda74a5af2f"
  },
  {
    "text": "Hurricane preparation tips for insurance: Before, during and after the storm",
    "url": "https://www.13wmaz.com/article/weather/hurricane/hurricane-preparation-tips-for-insurance-before-during-and-after-the-storm/289-88ec081b-3adc-4380-915d-7cda74a5af2f"
  },
  {
    "text": "\n                                        !function(){if (!document.hidden) {let e=document.currentScript;void 0!==window.tegna&&!0===window.tegna.loaded||new window.IntersectionObserver(function(e,a){e.forEach(function(e){if(e.isIntersecting){const a=e.target.querySelectorAll(\".lazy-image__image\")[0],t=e.target.querySelectorAll(\".lazy-image__placeholder\")[0];a.src=a.dataset.src,a.srcset=a.dataset.srcset,e.target.dataset.preloaded=\"true\",a.classList.remove(\"lazy-image__image_loaded_false\"),a.classList.add(\"lazy-image__image_loaded_true\"),a.classList.remove(\"lazy-image__image_blur_true\"),a.classList.add(\"lazy-image__image_blur_false\"),t.classList.remove(\"lazy-image__placeholder_visible_true\"),t.classList.add(\"lazy-image__placeholder_visible_false\")}a.unobserve(e.target)})}).observe(e.parentElement)}}();\n                                    ",
    "url": "https://www.13wmaz.com/article/weather/hurricane/hurricane-season-2022-prediction/67-a3693957-767c-44c5-9a92-376d4a36f846"
  },
  {
    "text": "Forecasters are calling for another active hurricane season \u2014 here's why",
    "url": "https://www.13wmaz.com/article/weather/hurricane/hurricane-season-2022-prediction/67-a3693957-767c-44c5-9a92-376d4a36f846"
  },
  {
    "text": "\n                                        !function(){if (!document.hidden) {let e=document.currentScript;void 0!==window.tegna&&!0===window.tegna.loaded||new window.IntersectionObserver(function(e,a){e.forEach(function(e){if(e.isIntersecting){const a=e.target.querySelectorAll(\".lazy-image__image\")[0],t=e.target.querySelectorAll(\".lazy-image__placeholder\")[0];a.src=a.dataset.src,a.srcset=a.dataset.srcset,e.target.dataset.preloaded=\"true\",a.classList.remove(\"lazy-image__image_loaded_false\"),a.classList.add(\"lazy-image__image_loaded_true\"),a.classList.remove(\"lazy-image__image_blur_true\"),a.classList.add(\"lazy-image__image_blur_false\"),t.classList.remove(\"lazy-image__placeholder_visible_true\"),t.classList.add(\"lazy-image__placeholder_visible_false\")}a.unobserve(e.target)})}).observe(e.parentElement)}}();\n                                    ",
    "url": "https://www.13wmaz.com/article/news/local/areas-meteorologists-watch-throughout-hurricane-season/93-f22fe9f5-9877-434d-88c6-f0c86cf150e1"
  },
  {
    "text": "What are the different areas meteorologists watch throughout hurricane season?",
    "url": "https://www.13wmaz.com/article/news/local/areas-meteorologists-watch-throughout-hurricane-season/93-f22fe9f5-9877-434d-88c6-f0c86cf150e1"
  },
  {
    "text": "\n                                        !function(){if (!document.hidden) {let e=document.currentScript;void 0!==window.tegna&&!0===window.tegna.loaded||new window.IntersectionObserver(function(e,a){e.forEach(function(e){if(e.isIntersecting){const a=e.target.querySelectorAll(\".lazy-image__image\")[0],t=e.target.querySelectorAll(\".lazy-image__placeholder\")[0];a.src=a.dataset.src,a.srcset=a.dataset.srcset,e.target.dataset.preloaded=\"true\",a.classList.remove(\"lazy-image__image_loaded_false\"),a.classList.add(\"lazy-image__image_loaded_true\"),a.classList.remove(\"lazy-image__image_blur_true\"),a.classList.add(\"lazy-image__image_blur_false\"),t.classList.remove(\"lazy-image__placeholder_visible_true\"),t.classList.add(\"lazy-image__placeholder_visible_false\")}a.unobserve(e.target)})}).observe(e.parentElement)}}();\n                                    ",
    "url": "https://www.13wmaz.com/article/news/local/el-nio-and-la-nia-impact-hurricane-season/93-d960a331-567c-406c-911d-72a524ee1a3f"
  },
  {
    "text": "How El Ni\u00f1o and La Ni\u00f1a impact the Atlantic hurricane season",
    "url": "https://www.13wmaz.com/article/news/local/el-nio-and-la-nia-impact-hurricane-season/93-d960a331-567c-406c-911d-72a524ee1a3f"
  },
  {
    "text": "\n                                        !function(){if (!document.hidden) {let e=document.currentScript;void 0!==window.tegna&&!0===window.tegna.loaded||new window.IntersectionObserver(function(e,a){e.forEach(function(e){if(e.isIntersecting){const a=e.target.querySelectorAll(\".lazy-image__image\")[0],t=e.target.querySelectorAll(\".lazy-image__placeholder\")[0];a.src=a.dataset.src,a.srcset=a.dataset.srcset,e.target.dataset.preloaded=\"true\",a.classList.remove(\"lazy-image__image_loaded_false\"),a.classList.add(\"lazy-image__image_loaded_true\"),a.classList.remove(\"lazy-image__image_blur_true\"),a.classList.add(\"lazy-image__image_blur_false\"),t.classList.remove(\"lazy-image__placeholder_visible_true\"),t.classList.add(\"lazy-image__placeholder_visible_false\")}a.unobserve(e.target)})}).observe(e.parentElement)}}();\n                                    ",
    "url": "https://www.13wmaz.com/article/news/local/how-the-atlantic-hurricane-naming-system-works/93-a9c06194-f940-4fb4-91bb-8f3574a6f813"
  },
  {
    "text": "What's in a name? How the Atlantic hurricane naming system works",
    "url": "https://www.13wmaz.com/article/news/local/how-the-atlantic-hurricane-naming-system-works/93-a9c06194-f940-4fb4-91bb-8f3574a6f813"
  },
  {
    "text": "\n                                        !function(){if (!document.hidden) {let e=document.currentScript;void 0!==window.tegna&&!0===window.tegna.loaded||new window.IntersectionObserver(function(e,a){e.forEach(function(e){if(e.isIntersecting){const a=e.target.querySelectorAll(\".lazy-image__image\")[0],t=e.target.querySelectorAll(\".lazy-image__placeholder\")[0];a.src=a.dataset.src,a.srcset=a.dataset.srcset,e.target.dataset.preloaded=\"true\",a.classList.remove(\"lazy-image__image_loaded_false\"),a.classList.add(\"lazy-image__image_loaded_true\"),a.classList.remove(\"lazy-image__image_blur_true\"),a.classList.add(\"lazy-image__image_blur_false\"),t.classList.remove(\"lazy-image__placeholder_visible_true\"),t.classList.add(\"lazy-image__placeholder_visible_false\")}a.unobserve(e.target)})}).observe(e.parentElement)}}();\n                                    ",
    "url": "https://www.13wmaz.com/article/weather/what-to-do-if-a-tree-falls-on-your-home-or-property/85-5fdfa734-8ceb-4deb-af0e-e8be7ddbae2c"
  },
  {
    "text": "What to do if a tree falls on your home or property",
    "url": "https://www.13wmaz.com/article/weather/what-to-do-if-a-tree-falls-on-your-home-or-property/85-5fdfa734-8ceb-4deb-af0e-e8be7ddbae2c"
  },
  {
    "text": "\n                                        !function(){if (!document.hidden) {let e=document.currentScript;void 0!==window.tegna&&!0===window.tegna.loaded||new window.IntersectionObserver(function(e,a){e.forEach(function(e){if(e.isIntersecting){const a=e.target.querySelectorAll(\".lazy-image__image\")[0],t=e.target.querySelectorAll(\".lazy-image__placeholder\")[0];a.src=a.dataset.src,a.srcset=a.dataset.srcset,e.target.dataset.preloaded=\"true\",a.classList.remove(\"lazy-image__image_loaded_false\"),a.classList.add(\"lazy-image__image_loaded_true\"),a.classList.remove(\"lazy-image__image_blur_true\"),a.classList.add(\"lazy-image__image_blur_false\"),t.classList.remove(\"lazy-image__placeholder_visible_true\"),t.classList.add(\"lazy-image__placeholder_visible_false\")}a.unobserve(e.target)})}).observe(e.parentElement)}}();\n                                    ",
    "url": "https://www.13wmaz.com/article/sports/subscribe-to-locked-on-podcast/85-7a5d7005-9da5-407c-b9f4-9a3b0430ab7f"
  },
  {
    "text": "Listen Now: Locked On Sports Atlanta",
    "url": "https://www.13wmaz.com/article/sports/subscribe-to-locked-on-podcast/85-7a5d7005-9da5-407c-b9f4-9a3b0430ab7f"
  },
  {
    "text": "\n                                        !function(){if (!document.hidden) {let e=document.currentScript;void 0!==window.tegna&&!0===window.tegna.loaded||new window.IntersectionObserver(function(e,a){e.forEach(function(e){if(e.isIntersecting){const a=e.target.querySelectorAll(\".lazy-image__image\")[0],t=e.target.querySelectorAll(\".lazy-image__placeholder\")[0];a.src=a.dataset.src,a.srcset=a.dataset.srcset,e.target.dataset.preloaded=\"true\",a.classList.remove(\"lazy-image__image_loaded_false\"),a.classList.add(\"lazy-image__image_loaded_true\"),a.classList.remove(\"lazy-image__image_blur_true\"),a.classList.add(\"lazy-image__image_blur_false\"),t.classList.remove(\"lazy-image__placeholder_visible_true\"),t.classList.add(\"lazy-image__placeholder_visible_false\")}a.unobserve(e.target)})}).observe(e.parentElement)}}();\n                                    ",
    "url": "https://www.13wmaz.com/article/weather/hurricane/checklist-your-hurricane-season-supply-kit/85-471115888"
  },
  {
    "text": "Checklist: Your hurricane season supply kit",
    "url": "https://www.13wmaz.com/article/weather/hurricane/checklist-your-hurricane-season-supply-kit/85-471115888"
  },
  {
    "text": "\n                                        !function(){if (!document.hidden) {let e=document.currentScript;void 0!==window.tegna&&!0===window.tegna.loaded||new window.IntersectionObserver(function(e,a){e.forEach(function(e){if(e.isIntersecting){const a=e.target.querySelectorAll(\".lazy-image__image\")[0],t=e.target.querySelectorAll(\".lazy-image__placeholder\")[0];a.src=a.dataset.src,a.srcset=a.dataset.srcset,e.target.dataset.preloaded=\"true\",a.classList.remove(\"lazy-image__image_loaded_false\"),a.classList.add(\"lazy-image__image_loaded_true\"),a.classList.remove(\"lazy-image__image_blur_true\"),a.classList.add(\"lazy-image__image_blur_false\"),t.classList.remove(\"lazy-image__placeholder_visible_true\"),t.classList.add(\"lazy-image__placeholder_visible_false\")}a.unobserve(e.target)})}).observe(e.parentElement)}}();\n                                    ",
    "url": "https://www.13wmaz.com/article/weather/hurricane/hurricane-preparation-tips-for-insurance-before-during-and-after-the-storm/289-88ec081b-3adc-4380-915d-7cda74a5af2f"
  },
  {
    "text": "Hurricane preparation tips for insurance: Before, during and after the storm",
    "url": "https://www.13wmaz.com/article/weather/hurricane/hurricane-preparation-tips-for-insurance-before-during-and-after-the-storm/289-88ec081b-3adc-4380-915d-7cda74a5af2f"
  },
  {
    "text": "\n                                        !function(){if (!document.hidden) {let e=document.currentScript;void 0!==window.tegna&&!0===window.tegna.loaded||new window.IntersectionObserver(function(e,a){e.forEach(function(e){if(e.isIntersecting){const a=e.target.querySelectorAll(\".lazy-image__image\")[0],t=e.target.querySelectorAll(\".lazy-image__placeholder\")[0];a.src=a.dataset.src,a.srcset=a.dataset.srcset,e.target.dataset.preloaded=\"true\",a.classList.remove(\"lazy-image__image_loaded_false\"),a.classList.add(\"lazy-image__image_loaded_true\"),a.classList.remove(\"lazy-image__image_blur_true\"),a.classList.add(\"lazy-image__image_blur_false\"),t.classList.remove(\"lazy-image__placeholder_visible_true\"),t.classList.add(\"lazy-image__placeholder_visible_false\")}a.unobserve(e.target)})}).observe(e.parentElement)}}();\n                                    ",
    "url": "https://www.13wmaz.com/article/weather/hurricane/hurricane-season-2022-prediction/67-a3693957-767c-44c5-9a92-376d4a36f846"
  },
  {
    "text": "Forecasters are calling for another active hurricane season \u2014 here's why",
    "url": "https://www.13wmaz.com/article/weather/hurricane/hurricane-season-2022-prediction/67-a3693957-767c-44c5-9a92-376d4a36f846"
  },
  {
    "text": "\n                                        !function(){if (!document.hidden) {let e=document.currentScript;void 0!==window.tegna&&!0===window.tegna.loaded||new window.IntersectionObserver(function(e,a){e.forEach(function(e){if(e.isIntersecting){const a=e.target.querySelectorAll(\".lazy-image__image\")[0],t=e.target.querySelectorAll(\".lazy-image__placeholder\")[0];a.src=a.dataset.src,a.srcset=a.dataset.srcset,e.target.dataset.preloaded=\"true\",a.classList.remove(\"lazy-image__image_loaded_false\"),a.classList.add(\"lazy-image__image_loaded_true\"),a.classList.remove(\"lazy-image__image_blur_true\"),a.classList.add(\"lazy-image__image_blur_false\"),t.classList.remove(\"lazy-image__placeholder_visible_true\"),t.classList.add(\"lazy-image__placeholder_visible_false\")}a.unobserve(e.target)})}).observe(e.parentElement)}}();\n                                    ",
    "url": "https://www.13wmaz.com/article/news/local/areas-meteorologists-watch-throughout-hurricane-season/93-f22fe9f5-9877-434d-88c6-f0c86cf150e1"
  },
  {
    "text": "What are the different areas meteorologists watch throughout hurricane season?",
    "url": "https://www.13wmaz.com/article/news/local/areas-meteorologists-watch-throughout-hurricane-season/93-f22fe9f5-9877-434d-88c6-f0c86cf150e1"
  },
  {
    "text": "\n                                        !function(){if (!document.hidden) {let e=document.currentScript;void 0!==window.tegna&&!0===window.tegna.loaded||new window.IntersectionObserver(function(e,a){e.forEach(function(e){if(e.isIntersecting){const a=e.target.querySelectorAll(\".lazy-image__image\")[0],t=e.target.querySelectorAll(\".lazy-image__placeholder\")[0];a.src=a.dataset.src,a.srcset=a.dataset.srcset,e.target.dataset.preloaded=\"true\",a.classList.remove(\"lazy-image__image_loaded_false\"),a.classList.add(\"lazy-image__image_loaded_true\"),a.classList.remove(\"lazy-image__image_blur_true\"),a.classList.add(\"lazy-image__image_blur_false\"),t.classList.remove(\"lazy-image__placeholder_visible_true\"),t.classList.add(\"lazy-image__placeholder_visible_false\")}a.unobserve(e.target)})}).observe(e.parentElement)}}();\n                                    ",
    "url": "https://www.13wmaz.com/article/news/local/el-nio-and-la-nia-impact-hurricane-season/93-d960a331-567c-406c-911d-72a524ee1a3f"
  },
  {
    "text": "How El Ni\u00f1o and La Ni\u00f1a impact the Atlantic hurricane season",
    "url": "https://www.13wmaz.com/article/news/local/el-nio-and-la-nia-impact-hurricane-season/93-d960a331-567c-406c-911d-72a524ee1a3f"
  },
  {
    "text": "\n                                        !function(){if (!document.hidden) {let e=document.currentScript;void 0!==window.tegna&&!0===window.tegna.loaded||new window.IntersectionObserver(function(e,a){e.forEach(function(e){if(e.isIntersecting){const a=e.target.querySelectorAll(\".lazy-image__image\")[0],t=e.target.querySelectorAll(\".lazy-image__placeholder\")[0];a.src=a.dataset.src,a.srcset=a.dataset.srcset,e.target.dataset.preloaded=\"true\",a.classList.remove(\"lazy-image__image_loaded_false\"),a.classList.add(\"lazy-image__image_loaded_true\"),a.classList.remove(\"lazy-image__image_blur_true\"),a.classList.add(\"lazy-image__image_blur_false\"),t.classList.remove(\"lazy-image__placeholder_visible_true\"),t.classList.add(\"lazy-image__placeholder_visible_false\")}a.unobserve(e.target)})}).observe(e.parentElement)}}();\n                                    ",
    "url": "https://www.13wmaz.com/article/news/local/how-the-atlantic-hurricane-naming-system-works/93-a9c06194-f940-4fb4-91bb-8f3574a6f813"
  },
  {
    "text": "What's in a name? How the Atlantic hurricane naming system works",
    "url": "https://www.13wmaz.com/article/news/local/how-the-atlantic-hurricane-naming-system-works/93-a9c06194-f940-4fb4-91bb-8f3574a6f813"
  },
  {
    "text": "\n                                        !function(){if (!document.hidden) {let e=document.currentScript;void 0!==window.tegna&&!0===window.tegna.loaded||new window.IntersectionObserver(function(e,a){e.forEach(function(e){if(e.isIntersecting){const a=e.target.querySelectorAll(\".lazy-image__image\")[0],t=e.target.querySelectorAll(\".lazy-image__placeholder\")[0];a.src=a.dataset.src,a.srcset=a.dataset.srcset,e.target.dataset.preloaded=\"true\",a.classList.remove(\"lazy-image__image_loaded_false\"),a.classList.add(\"lazy-image__image_loaded_true\"),a.classList.remove(\"lazy-image__image_blur_true\"),a.classList.add(\"lazy-image__image_blur_false\"),t.classList.remove(\"lazy-image__placeholder_visible_true\"),t.classList.add(\"lazy-image__placeholder_visible_false\")}a.unobserve(e.target)})}).observe(e.parentElement)}}();\n                                    ",
    "url": "https://www.13wmaz.com/article/weather/what-to-do-if-a-tree-falls-on-your-home-or-property/85-5fdfa734-8ceb-4deb-af0e-e8be7ddbae2c"
  },
  {
    "text": "What to do if a tree falls on your home or property",
    "url": "https://www.13wmaz.com/article/weather/what-to-do-if-a-tree-falls-on-your-home-or-property/85-5fdfa734-8ceb-4deb-af0e-e8be7ddbae2c"
  },
  {
    "text": "\n                                        !function(){if (!document.hidden) {let e=document.currentScript;void 0!==window.tegna&&!0===window.tegna.loaded||new window.IntersectionObserver(function(e,a){e.forEach(function(e){if(e.isIntersecting){const a=e.target.querySelectorAll(\".lazy-image__image\")[0],t=e.target.querySelectorAll(\".lazy-image__placeholder\")[0];a.src=a.dataset.src,a.srcset=a.dataset.srcset,e.target.dataset.preloaded=\"true\",a.classList.remove(\"lazy-image__image_loaded_false\"),a.classList.add(\"lazy-image__image_loaded_true\"),a.classList.remove(\"lazy-image__image_blur_true\"),a.classList.add(\"lazy-image__image_blur_false\"),t.classList.remove(\"lazy-image__placeholder_visible_true\"),t.classList.add(\"lazy-image__placeholder_visible_false\")}a.unobserve(e.target)})}).observe(e.parentElement)}}();\n                                    ",
    "url": "https://www.13wmaz.com/article/sports/subscribe-to-locked-on-podcast/85-7a5d7005-9da5-407c-b9f4-9a3b0430ab7f"
  },
  {
    "text": "Listen Now: Locked On Sports Atlanta",
    "url": "https://www.13wmaz.com/article/sports/subscribe-to-locked-on-podcast/85-7a5d7005-9da5-407c-b9f4-9a3b0430ab7f"
  },
  {
    "text": "\n                                    !function(){if (!document.hidden) {let e=document.currentScript;void 0!==window.tegna&&!0===window.tegna.loaded||new window.IntersectionObserver(function(e,a){e.forEach(function(e){if(e.isIntersecting){const a=e.target.querySelectorAll(\".lazy-image__image\")[0],t=e.target.querySelectorAll(\".lazy-image__placeholder\")[0];a.src=a.dataset.src,a.srcset=a.dataset.srcset,e.target.dataset.preloaded=\"true\",a.classList.remove(\"lazy-image__image_loaded_false\"),a.classList.add(\"lazy-image__image_loaded_true\"),a.classList.remove(\"lazy-image__image_blur_true\"),a.classList.add(\"lazy-image__image_blur_false\"),t.classList.remove(\"lazy-image__placeholder_visible_true\"),t.classList.add(\"lazy-image__placeholder_visible_false\")}a.unobserve(e.target)})}).observe(e.parentElement)}}();\n                                ",
    "url": "https://www.13wmaz.com/article/news/local/highway-86-bridge-over-i-16-open-to-traffic/93-ddf690bb-e433-4a75-a479-2607329f7d8e"
  },
  {
    "text": "Highway 86 bridge over I-16 now open to traffic",
    "url": "https://www.13wmaz.com/article/news/local/highway-86-bridge-over-i-16-open-to-traffic/93-ddf690bb-e433-4a75-a479-2607329f7d8e"
  },
  {
    "text": "Last summer, the bridge was demolished due to a truck crashing into it. Now, it's back open.",
    "url": "https://www.13wmaz.com/article/news/local/highway-86-bridge-over-i-16-open-to-traffic/93-ddf690bb-e433-4a75-a479-2607329f7d8e"
  },
  {
    "text": "\n                                    !function(){if (!document.hidden) {let e=document.currentScript;void 0!==window.tegna&&!0===window.tegna.loaded||new window.IntersectionObserver(function(e,a){e.forEach(function(e){if(e.isIntersecting){const a=e.target.querySelectorAll(\".lazy-image__image\")[0],t=e.target.querySelectorAll(\".lazy-image__placeholder\")[0];a.src=a.dataset.src,a.srcset=a.dataset.srcset,e.target.dataset.preloaded=\"true\",a.classList.remove(\"lazy-image__image_loaded_false\"),a.classList.add(\"lazy-image__image_loaded_true\"),a.classList.remove(\"lazy-image__image_blur_true\"),a.classList.add(\"lazy-image__image_blur_false\"),t.classList.remove(\"lazy-image__placeholder_visible_true\"),t.classList.add(\"lazy-image__placeholder_visible_false\")}a.unobserve(e.target)})}).observe(e.parentElement)}}();\n                                ",
    "url": "https://www.13wmaz.com/article/news/local/macon-man-dead-and-his-brother-in-critical-condition-after-friday-morning-shooting/93-7653baa5-2c35-4b6e-960b-2f52c090da2e"
  },
  {
    "text": "Macon man dead, and his brother in critical condition after Friday morning shooting",
    "url": "https://www.13wmaz.com/article/news/local/macon-man-dead-and-his-brother-in-critical-condition-after-friday-morning-shooting/93-7653baa5-2c35-4b6e-960b-2f52c090da2e"
  },
  {
    "text": "It happened outside of a barbershop on Pio Nono Avenue",
    "url": "https://www.13wmaz.com/article/news/local/macon-man-dead-and-his-brother-in-critical-condition-after-friday-morning-shooting/93-7653baa5-2c35-4b6e-960b-2f52c090da2e"
  },
  {
    "text": "\n                                    !function(){if (!document.hidden) {let e=document.currentScript;void 0!==window.tegna&&!0===window.tegna.loaded||new window.IntersectionObserver(function(e,a){e.forEach(function(e){if(e.isIntersecting){const a=e.target.querySelectorAll(\".lazy-image__image\")[0],t=e.target.querySelectorAll(\".lazy-image__placeholder\")[0];a.src=a.dataset.src,a.srcset=a.dataset.srcset,e.target.dataset.preloaded=\"true\",a.classList.remove(\"lazy-image__image_loaded_false\"),a.classList.add(\"lazy-image__image_loaded_true\"),a.classList.remove(\"lazy-image__image_blur_true\"),a.classList.add(\"lazy-image__image_blur_false\"),t.classList.remove(\"lazy-image__placeholder_visible_true\"),t.classList.add(\"lazy-image__placeholder_visible_false\")}a.unobserve(e.target)})}).observe(e.parentElement)}}();\n                                ",
    "url": "https://www.13wmaz.com/article/weather/forecast/weather-forecast/93-601791749"
  },
  {
    "text": "Hot stuff for the weekend, better rain chance is for Saturday",
    "url": "https://www.13wmaz.com/article/weather/forecast/weather-forecast/93-601791749"
  },
  {
    "text": "We'll have mid 90s both days with a heat index easily over 100.",
    "url": "https://www.13wmaz.com/article/weather/forecast/weather-forecast/93-601791749"
  },
  {
    "text": "\n                                    !function(){if (!document.hidden) {let e=document.currentScript;void 0!==window.tegna&&!0===window.tegna.loaded||new window.IntersectionObserver(function(e,a){e.forEach(function(e){if(e.isIntersecting){const a=e.target.querySelectorAll(\".lazy-image__image\")[0],t=e.target.querySelectorAll(\".lazy-image__placeholder\")[0];a.src=a.dataset.src,a.srcset=a.dataset.srcset,e.target.dataset.preloaded=\"true\",a.classList.remove(\"lazy-image__image_loaded_false\"),a.classList.add(\"lazy-image__image_loaded_true\"),a.classList.remove(\"lazy-image__image_blur_true\"),a.classList.add(\"lazy-image__image_blur_false\"),t.classList.remove(\"lazy-image__placeholder_visible_true\"),t.classList.add(\"lazy-image__placeholder_visible_false\")}a.unobserve(e.target)})}).observe(e.parentElement)}}();\n                                ",
    "url": "https://www.13wmaz.com/article/news/local/highway-86-bridge-over-i-16-open-to-traffic/93-ddf690bb-e433-4a75-a479-2607329f7d8e"
  },
  {
    "text": "Highway 86 bridge over I-16 now open to traffic",
    "url": "https://www.13wmaz.com/article/news/local/highway-86-bridge-over-i-16-open-to-traffic/93-ddf690bb-e433-4a75-a479-2607329f7d8e"
  },
  {
    "text": "Last summer, the bridge was demolished due to a truck crashing into it. Now, it's back open.",
    "url": "https://www.13wmaz.com/article/news/local/highway-86-bridge-over-i-16-open-to-traffic/93-ddf690bb-e433-4a75-a479-2607329f7d8e"
  },
  {
    "text": "\n                                    !function(){if (!document.hidden) {let e=document.currentScript;void 0!==window.tegna&&!0===window.tegna.loaded||new window.IntersectionObserver(function(e,a){e.forEach(function(e){if(e.isIntersecting){const a=e.target.querySelectorAll(\".lazy-image__image\")[0],t=e.target.querySelectorAll(\".lazy-image__placeholder\")[0];a.src=a.dataset.src,a.srcset=a.dataset.srcset,e.target.dataset.preloaded=\"true\",a.classList.remove(\"lazy-image__image_loaded_false\"),a.classList.add(\"lazy-image__image_loaded_true\"),a.classList.remove(\"lazy-image__image_blur_true\"),a.classList.add(\"lazy-image__image_blur_false\"),t.classList.remove(\"lazy-image__placeholder_visible_true\"),t.classList.add(\"lazy-image__placeholder_visible_false\")}a.unobserve(e.target)})}).observe(e.parentElement)}}();\n                                ",
    "url": "https://www.13wmaz.com/article/news/local/macon-man-dead-and-his-brother-in-critical-condition-after-friday-morning-shooting/93-7653baa5-2c35-4b6e-960b-2f52c090da2e"
  },
  {
    "text": "Macon man dead, and his brother in critical condition after Friday morning shooting",
    "url": "https://www.13wmaz.com/article/news/local/macon-man-dead-and-his-brother-in-critical-condition-after-friday-morning-shooting/93-7653baa5-2c35-4b6e-960b-2f52c090da2e"
  },
  {
    "text": "It happened outside of a barbershop on Pio Nono Avenue",
    "url": "https://www.13wmaz.com/article/news/local/macon-man-dead-and-his-brother-in-critical-condition-after-friday-morning-shooting/93-7653baa5-2c35-4b6e-960b-2f52c090da2e"
  },
  {
    "text": "\n                                    !function(){if (!document.hidden) {let e=document.currentScript;void 0!==window.tegna&&!0===window.tegna.loaded||new window.IntersectionObserver(function(e,a){e.forEach(function(e){if(e.isIntersecting){const a=e.target.querySelectorAll(\".lazy-image__image\")[0],t=e.target.querySelectorAll(\".lazy-image__placeholder\")[0];a.src=a.dataset.src,a.srcset=a.dataset.srcset,e.target.dataset.preloaded=\"true\",a.classList.remove(\"lazy-image__image_loaded_false\"),a.classList.add(\"lazy-image__image_loaded_true\"),a.classList.remove(\"lazy-image__image_blur_true\"),a.classList.add(\"lazy-image__image_blur_false\"),t.classList.remove(\"lazy-image__placeholder_visible_true\"),t.classList.add(\"lazy-image__placeholder_visible_false\")}a.unobserve(e.target)})}).observe(e.parentElement)}}();\n                                ",
    "url": "https://www.13wmaz.com/article/weather/forecast/weather-forecast/93-601791749"
  },
  {
    "text": "Hot stuff for the weekend, better rain chance is for Saturday",
    "url": "https://www.13wmaz.com/article/weather/forecast/weather-forecast/93-601791749"
  },
  {
    "text": "We'll have mid 90s both days with a heat index easily over 100.",
    "url": "https://www.13wmaz.com/article/weather/forecast/weather-forecast/93-601791749"
  },
  {
    "text": "Privacy Policy",
    "url": "https://policies.google.com/privacy"
  },
  {
    "text": "Terms of Service",
    "url": "https://policies.google.com/terms"
  },
  {
    "text": "Privacy Policy",
    "url": "https://policies.google.com/privacy"
  },
  {
    "text": "Terms of Service",
    "url": "https://policies.google.com/terms"
  },
  {
    "text": "\n                        !function(){if (!document.hidden) {let e=document.currentScript;void 0!==window.tegna&&!0===window.tegna.loaded||new window.IntersectionObserver(function(e,a){e.forEach(function(e){if(e.isIntersecting){const a=e.target.querySelectorAll(\".lazy-image__image\")[0],t=e.target.querySelectorAll(\".lazy-image__placeholder\")[0];a.src=a.dataset.src,a.srcset=a.dataset.srcset,e.target.dataset.preloaded=\"true\",a.classList.remove(\"lazy-image__image_loaded_false\"),a.classList.add(\"lazy-image__image_loaded_true\"),a.classList.remove(\"lazy-image__image_blur_true\"),a.classList.add(\"lazy-image__image_blur_false\"),t.classList.remove(\"lazy-image__placeholder_visible_true\"),t.classList.add(\"lazy-image__placeholder_visible_false\")}a.unobserve(e.target)})}).observe(e.parentElement)}}();\n                    ",
    "url": "https://www.13wmaz.com/article/life/animals/3-new-asian-otter-pups-at-nc-aquarium/83-9adca2ae-8312-4ada-a436-f8328c009469"
  },
  {
    "text": "\n                NC aquarium welcomes Asian small-clawed otter pups\n            ",
    "url": "https://www.13wmaz.com/article/life/animals/3-new-asian-otter-pups-at-nc-aquarium/83-9adca2ae-8312-4ada-a436-f8328c009469"
  },
  {
    "text": "\n                        !function(){if (!document.hidden) {let e=document.currentScript;void 0!==window.tegna&&!0===window.tegna.loaded||new window.IntersectionObserver(function(e,a){e.forEach(function(e){if(e.isIntersecting){const a=e.target.querySelectorAll(\".lazy-image__image\")[0],t=e.target.querySelectorAll(\".lazy-image__placeholder\")[0];a.src=a.dataset.src,a.srcset=a.dataset.srcset,e.target.dataset.preloaded=\"true\",a.classList.remove(\"lazy-image__image_loaded_false\"),a.classList.add(\"lazy-image__image_loaded_true\"),a.classList.remove(\"lazy-image__image_blur_true\"),a.classList.add(\"lazy-image__image_blur_false\"),t.classList.remove(\"lazy-image__placeholder_visible_true\"),t.classList.add(\"lazy-image__placeholder_visible_false\")}a.unobserve(e.target)})}).observe(e.parentElement)}}();\n                    ",
    "url": "https://www.13wmaz.com/article/life/animals/3-new-asian-otter-pups-at-nc-aquarium/83-9adca2ae-8312-4ada-a436-f8328c009469"
  },
  {
    "text": "\n                NC aquarium welcomes Asian small-clawed otter pups\n            ",
    "url": "https://www.13wmaz.com/article/life/animals/3-new-asian-otter-pups-at-nc-aquarium/83-9adca2ae-8312-4ada-a436-f8328c009469"
  },
  {
    "text": "100-year-old WWII veteran honored for her service overseas",
    "url": "https://www.13wmaz.com/article/news/national/military-news/100-year-old-wwii-veteran-key-to-nj-city/67-843027a7-3694-49a9-befc-fe6a53432ac1"
  },
  {
    "text": "Did anyone win the Mega Millions prize on Friday?",
    "url": "https://www.13wmaz.com/article/news/nation-world/mega-millions-winning-numbers-july-29-jackpot/507-77798612-3285-47d2-bb8c-2a061c35c637"
  },
  {
    "text": "House passes semi-automatic gun ban after 18-year lapse",
    "url": "https://www.13wmaz.com/article/news/nation-world/house-passes-semi-automatic-gun-ban/507-def72706-6c3b-49e4-95c9-12f1920922e4"
  },
  {
    "text": "When should you get tested for monkeypox?",
    "url": "https://www.13wmaz.com/article/news/nation-world/how-to-know-when-you-have-monkeypox/507-94a30b0f-1fc3-4bcf-af4a-4db270ed01a7"
  },
  {
    "text": "Will Smith breaks silence on Oscars slap",
    "url": "https://www.13wmaz.com/article/news/nation-world/will-smith-apology-to-chris-rock-for-oscars-slap/507-04c1bbbb-0102-4465-92a8-b27acf147b5f"
  },
  {
    "text": "Russia issues response after Sec. of State Brittney Griner, Paul Whelan offer call",
    "url": "https://www.13wmaz.com/article/news/nation-world/secretary-of-state-says-he-spoke-to-russian-foreign-minister-about-brittney-griner-swap-offer/507-dce71a30-0b1e-425b-96dc-ce04b67545b8"
  },
  {
    "text": "100-year-old WWII veteran honored for her service overseas",
    "url": "https://www.13wmaz.com/article/news/national/military-news/100-year-old-wwii-veteran-key-to-nj-city/67-843027a7-3694-49a9-befc-fe6a53432ac1"
  },
  {
    "text": "Did anyone win the Mega Millions prize on Friday?",
    "url": "https://www.13wmaz.com/article/news/nation-world/mega-millions-winning-numbers-july-29-jackpot/507-77798612-3285-47d2-bb8c-2a061c35c637"
  },
  {
    "text": "House passes semi-automatic gun ban after 18-year lapse",
    "url": "https://www.13wmaz.com/article/news/nation-world/house-passes-semi-automatic-gun-ban/507-def72706-6c3b-49e4-95c9-12f1920922e4"
  },
  {
    "text": "When should you get tested for monkeypox?",
    "url": "https://www.13wmaz.com/article/news/nation-world/how-to-know-when-you-have-monkeypox/507-94a30b0f-1fc3-4bcf-af4a-4db270ed01a7"
  },
  {
    "text": "Will Smith breaks silence on Oscars slap",
    "url": "https://www.13wmaz.com/article/news/nation-world/will-smith-apology-to-chris-rock-for-oscars-slap/507-04c1bbbb-0102-4465-92a8-b27acf147b5f"
  },
  {
    "text": "Russia issues response after Sec. of State Brittney Griner, Paul Whelan offer call",
    "url": "https://www.13wmaz.com/article/news/nation-world/secretary-of-state-says-he-spoke-to-russian-foreign-minister-about-brittney-griner-swap-offer/507-dce71a30-0b1e-425b-96dc-ce04b67545b8"
  },
  {
    "text": "\n                                    !function(){if (!document.hidden) {let e=document.currentScript;void 0!==window.tegna&&!0===window.tegna.loaded||new window.IntersectionObserver(function(e,a){e.forEach(function(e){if(e.isIntersecting){const a=e.target.querySelectorAll(\".lazy-image__image\")[0],t=e.target.querySelectorAll(\".lazy-image__placeholder\")[0];a.src=a.dataset.src,a.srcset=a.dataset.srcset,e.target.dataset.preloaded=\"true\",a.classList.remove(\"lazy-image__image_loaded_false\"),a.classList.add(\"lazy-image__image_loaded_true\"),a.classList.remove(\"lazy-image__image_blur_true\"),a.classList.add(\"lazy-image__image_blur_false\"),t.classList.remove(\"lazy-image__placeholder_visible_true\"),t.classList.add(\"lazy-image__placeholder_visible_false\")}a.unobserve(e.target)})}).observe(e.parentElement)}}();\n                                ",
    "url": "https://www.13wmaz.com/article/news/local/central-georgians-play-to-win-1b-mega-millions-jackpot-2/93-bb5e7dc0-5e00-4e27-a142-d737374b25ef"
  },
  {
    "text": "Central Georgians play to win $1B Mega Millions jackpot",
    "url": "https://www.13wmaz.com/article/news/local/central-georgians-play-to-win-1b-mega-millions-jackpot-2/93-bb5e7dc0-5e00-4e27-a142-d737374b25ef"
  },
  {
    "text": "Your odds of having a winning ticket is 1 in a whopping 302.6 million.",
    "url": "https://www.13wmaz.com/article/news/local/central-georgians-play-to-win-1b-mega-millions-jackpot-2/93-bb5e7dc0-5e00-4e27-a142-d737374b25ef"
  },
  {
    "text": "\n                                    !function(){if (!document.hidden) {let e=document.currentScript;void 0!==window.tegna&&!0===window.tegna.loaded||new window.IntersectionObserver(function(e,a){e.forEach(function(e){if(e.isIntersecting){const a=e.target.querySelectorAll(\".lazy-image__image\")[0],t=e.target.querySelectorAll(\".lazy-image__placeholder\")[0];a.src=a.dataset.src,a.srcset=a.dataset.srcset,e.target.dataset.preloaded=\"true\",a.classList.remove(\"lazy-image__image_loaded_false\"),a.classList.add(\"lazy-image__image_loaded_true\"),a.classList.remove(\"lazy-image__image_blur_true\"),a.classList.add(\"lazy-image__image_blur_false\"),t.classList.remove(\"lazy-image__placeholder_visible_true\"),t.classList.add(\"lazy-image__placeholder_visible_false\")}a.unobserve(e.target)})}).observe(e.parentElement)}}();\n                                ",
    "url": "https://www.13wmaz.com/article/weather/forecast/weather-forecast/93-601791749"
  },
  {
    "text": "Hot stuff for the weekend, better rain chance is for Saturday",
    "url": "https://www.13wmaz.com/article/weather/forecast/weather-forecast/93-601791749"
  },
  {
    "text": "We'll have mid 90s both days with a heat index easily over 100.",
    "url": "https://www.13wmaz.com/article/weather/forecast/weather-forecast/93-601791749"
  },
  {
    "text": "\n                                    !function(){if (!document.hidden) {let e=document.currentScript;void 0!==window.tegna&&!0===window.tegna.loaded||new window.IntersectionObserver(function(e,a){e.forEach(function(e){if(e.isIntersecting){const a=e.target.querySelectorAll(\".lazy-image__image\")[0],t=e.target.querySelectorAll(\".lazy-image__placeholder\")[0];a.src=a.dataset.src,a.srcset=a.dataset.srcset,e.target.dataset.preloaded=\"true\",a.classList.remove(\"lazy-image__image_loaded_false\"),a.classList.add(\"lazy-image__image_loaded_true\"),a.classList.remove(\"lazy-image__image_blur_true\"),a.classList.add(\"lazy-image__image_blur_false\"),t.classList.remove(\"lazy-image__placeholder_visible_true\"),t.classList.add(\"lazy-image__placeholder_visible_false\")}a.unobserve(e.target)})}).observe(e.parentElement)}}();\n                                ",
    "url": "https://www.13wmaz.com/article/news/local/central-georgians-play-to-win-1b-mega-millions-jackpot-2/93-bb5e7dc0-5e00-4e27-a142-d737374b25ef"
  },
  {
    "text": "Central Georgians play to win $1B Mega Millions jackpot",
    "url": "https://www.13wmaz.com/article/news/local/central-georgians-play-to-win-1b-mega-millions-jackpot-2/93-bb5e7dc0-5e00-4e27-a142-d737374b25ef"
  },
  {
    "text": "Your odds of having a winning ticket is 1 in a whopping 302.6 million.",
    "url": "https://www.13wmaz.com/article/news/local/central-georgians-play-to-win-1b-mega-millions-jackpot-2/93-bb5e7dc0-5e00-4e27-a142-d737374b25ef"
  },
  {
    "text": "\n                                    !function(){if (!document.hidden) {let e=document.currentScript;void 0!==window.tegna&&!0===window.tegna.loaded||new window.IntersectionObserver(function(e,a){e.forEach(function(e){if(e.isIntersecting){const a=e.target.querySelectorAll(\".lazy-image__image\")[0],t=e.target.querySelectorAll(\".lazy-image__placeholder\")[0];a.src=a.dataset.src,a.srcset=a.dataset.srcset,e.target.dataset.preloaded=\"true\",a.classList.remove(\"lazy-image__image_loaded_false\"),a.classList.add(\"lazy-image__image_loaded_true\"),a.classList.remove(\"lazy-image__image_blur_true\"),a.classList.add(\"lazy-image__image_blur_false\"),t.classList.remove(\"lazy-image__placeholder_visible_true\"),t.classList.add(\"lazy-image__placeholder_visible_false\")}a.unobserve(e.target)})}).observe(e.parentElement)}}();\n                                ",
    "url": "https://www.13wmaz.com/article/weather/forecast/weather-forecast/93-601791749"
  },
  {
    "text": "Hot stuff for the weekend, better rain chance is for Saturday",
    "url": "https://www.13wmaz.com/article/weather/forecast/weather-forecast/93-601791749"
  },
  {
    "text": "We'll have mid 90s both days with a heat index easily over 100.",
    "url": "https://www.13wmaz.com/article/weather/forecast/weather-forecast/93-601791749"
  },
  {
    "text": "\n                                    !function(){if (!document.hidden) {let e=document.currentScript;void 0!==window.tegna&&!0===window.tegna.loaded||new window.IntersectionObserver(function(e,a){e.forEach(function(e){if(e.isIntersecting){const a=e.target.querySelectorAll(\".lazy-image__image\")[0],t=e.target.querySelectorAll(\".lazy-image__placeholder\")[0];a.src=a.dataset.src,a.srcset=a.dataset.srcset,e.target.dataset.preloaded=\"true\",a.classList.remove(\"lazy-image__image_loaded_false\"),a.classList.add(\"lazy-image__image_loaded_true\"),a.classList.remove(\"lazy-image__image_blur_true\"),a.classList.add(\"lazy-image__image_blur_false\"),t.classList.remove(\"lazy-image__placeholder_visible_true\"),t.classList.add(\"lazy-image__placeholder_visible_false\")}a.unobserve(e.target)})}).observe(e.parentElement)}}();\n                                ",
    "url": "https://www.13wmaz.com/article/news/verify/monkeypox-verify/monkeypox-transmission-spread-through-contiminated-clothes-bed-linens-fact-check/536-3a4ea57d-bbd4-4d3b-9d35-9b264a440264"
  },
  {
    "text": "Yes, monkeypox can spread by trying on clothing or changing bed sheets",
    "url": "https://www.13wmaz.com/article/news/verify/monkeypox-verify/monkeypox-transmission-spread-through-contiminated-clothes-bed-linens-fact-check/536-3a4ea57d-bbd4-4d3b-9d35-9b264a440264"
  },
  {
    "text": "While monkeypox can spread through touching contaminated clothing and linens, there are ways to clean and disinfect these items.",
    "url": "https://www.13wmaz.com/article/news/verify/monkeypox-verify/monkeypox-transmission-spread-through-contiminated-clothes-bed-linens-fact-check/536-3a4ea57d-bbd4-4d3b-9d35-9b264a440264"
  },
  {
    "text": "\n                                    !function(){if (!document.hidden) {let e=document.currentScript;void 0!==window.tegna&&!0===window.tegna.loaded||new window.IntersectionObserver(function(e,a){e.forEach(function(e){if(e.isIntersecting){const a=e.target.querySelectorAll(\".lazy-image__image\")[0],t=e.target.querySelectorAll(\".lazy-image__placeholder\")[0];a.src=a.dataset.src,a.srcset=a.dataset.srcset,e.target.dataset.preloaded=\"true\",a.classList.remove(\"lazy-image__image_loaded_false\"),a.classList.add(\"lazy-image__image_loaded_true\"),a.classList.remove(\"lazy-image__image_blur_true\"),a.classList.add(\"lazy-image__image_blur_false\"),t.classList.remove(\"lazy-image__placeholder_visible_true\"),t.classList.add(\"lazy-image__placeholder_visible_false\")}a.unobserve(e.target)})}).observe(e.parentElement)}}();\n                                ",
    "url": "https://www.13wmaz.com/article/news/verify/money-verify/what-is-a-recession-official-definition/536-47a3cc51-3385-4f43-8fbd-1456c01536df"
  },
  {
    "text": "Yes, there is an official definition of a recession",
    "url": "https://www.13wmaz.com/article/news/verify/money-verify/what-is-a-recession-official-definition/536-47a3cc51-3385-4f43-8fbd-1456c01536df"
  },
  {
    "text": "Though some people claim two consecutive quarters of GDP decline constitutes a recession, that's not the official definition in the U.S.",
    "url": "https://www.13wmaz.com/article/news/verify/money-verify/what-is-a-recession-official-definition/536-47a3cc51-3385-4f43-8fbd-1456c01536df"
  },
  {
    "text": "\n                                    !function(){if (!document.hidden) {let e=document.currentScript;void 0!==window.tegna&&!0===window.tegna.loaded||new window.IntersectionObserver(function(e,a){e.forEach(function(e){if(e.isIntersecting){const a=e.target.querySelectorAll(\".lazy-image__image\")[0],t=e.target.querySelectorAll(\".lazy-image__placeholder\")[0];a.src=a.dataset.src,a.srcset=a.dataset.srcset,e.target.dataset.preloaded=\"true\",a.classList.remove(\"lazy-image__image_loaded_false\"),a.classList.add(\"lazy-image__image_loaded_true\"),a.classList.remove(\"lazy-image__image_blur_true\"),a.classList.add(\"lazy-image__image_blur_false\"),t.classList.remove(\"lazy-image__placeholder_visible_true\"),t.classList.add(\"lazy-image__placeholder_visible_false\")}a.unobserve(e.target)})}).observe(e.parentElement)}}();\n                                ",
    "url": "https://www.13wmaz.com/article/news/verify/monkeypox-verify/monkeypox-transmission-spread-through-contiminated-clothes-bed-linens-fact-check/536-3a4ea57d-bbd4-4d3b-9d35-9b264a440264"
  },
  {
    "text": "Yes, monkeypox can spread by trying on clothing or changing bed sheets",
    "url": "https://www.13wmaz.com/article/news/verify/monkeypox-verify/monkeypox-transmission-spread-through-contiminated-clothes-bed-linens-fact-check/536-3a4ea57d-bbd4-4d3b-9d35-9b264a440264"
  },
  {
    "text": "While monkeypox can spread through touching contaminated clothing and linens, there are ways to clean and disinfect these items.",
    "url": "https://www.13wmaz.com/article/news/verify/monkeypox-verify/monkeypox-transmission-spread-through-contiminated-clothes-bed-linens-fact-check/536-3a4ea57d-bbd4-4d3b-9d35-9b264a440264"
  },
  {
    "text": "\n                                    !function(){if (!document.hidden) {let e=document.currentScript;void 0!==window.tegna&&!0===window.tegna.loaded||new window.IntersectionObserver(function(e,a){e.forEach(function(e){if(e.isIntersecting){const a=e.target.querySelectorAll(\".lazy-image__image\")[0],t=e.target.querySelectorAll(\".lazy-image__placeholder\")[0];a.src=a.dataset.src,a.srcset=a.dataset.srcset,e.target.dataset.preloaded=\"true\",a.classList.remove(\"lazy-image__image_loaded_false\"),a.classList.add(\"lazy-image__image_loaded_true\"),a.classList.remove(\"lazy-image__image_blur_true\"),a.classList.add(\"lazy-image__image_blur_false\"),t.classList.remove(\"lazy-image__placeholder_visible_true\"),t.classList.add(\"lazy-image__placeholder_visible_false\")}a.unobserve(e.target)})}).observe(e.parentElement)}}();\n                                ",
    "url": "https://www.13wmaz.com/article/news/verify/money-verify/what-is-a-recession-official-definition/536-47a3cc51-3385-4f43-8fbd-1456c01536df"
  },
  {
    "text": "Yes, there is an official definition of a recession",
    "url": "https://www.13wmaz.com/article/news/verify/money-verify/what-is-a-recession-official-definition/536-47a3cc51-3385-4f43-8fbd-1456c01536df"
  },
  {
    "text": "Though some people claim two consecutive quarters of GDP decline constitutes a recession, that's not the official definition in the U.S.",
    "url": "https://www.13wmaz.com/article/news/verify/money-verify/what-is-a-recession-official-definition/536-47a3cc51-3385-4f43-8fbd-1456c01536df"
  },
  {
    "text": "\n             About Us",
    "url": "/about-us"
  },
  {
    "text": "Advertise",
    "url": "/advertise"
  },
  {
    "text": "\n          Contact Us ",
    "url": "/contact-us"
  },
  {
    "text": "Jobs",
    "url": "https://www.13wmaz.com/wmazjobs"
  },
  {
    "text": "\n                 Meet the Team  ",
    "url": "/meet-the-team"
  },
  {
    "text": "\n                 Newsletter   ",
    "url": "/email"
  },
  {
    "text": "\n                     TV Listings",
    "url": "/tv-listings"
  },
  {
    "text": "\n                 Local Events  ",
    "url": "https://events.13wmaz.com/"
  },
  {
    "text": "\n                  YouTube ",
    "url": "https://www.youtube.com/channel/UCRNf0_t4Qo5eojj8sSvd_8A"
  },
  {
    "text": "\n                  Connect ",
    "url": "/connect"
  },
  {
    "text": "\n             About Us",
    "url": "/about-us"
  },
  {
    "text": "Advertise",
    "url": "/advertise"
  },
  {
    "text": "\n          Contact Us ",
    "url": "/contact-us"
  },
  {
    "text": "Jobs",
    "url": "https://www.13wmaz.com/wmazjobs"
  },
  {
    "text": "\n                 Meet the Team  ",
    "url": "/meet-the-team"
  },
  {
    "text": "\n                 Newsletter   ",
    "url": "/email"
  },
  {
    "text": "\n                     TV Listings",
    "url": "/tv-listings"
  },
  {
    "text": "\n                 Local Events  ",
    "url": "https://events.13wmaz.com/"
  },
  {
    "text": "\n                  YouTube ",
    "url": "https://www.youtube.com/channel/UCRNf0_t4Qo5eojj8sSvd_8A"
  },
  {
    "text": "\n                  Connect ",
    "url": "/connect"
  },
  {
    "text": "Jobs",
    "url": "https://www.13wmaz.com/wmazjobs"
  },
  {
    "text": "Terms of Service",
    "url": "/terms"
  },
  {
    "text": "Privacy Policy",
    "url": "/privacy"
  },
  {
    "text": "Ad Choices",
    "url": "/adchoices"
  },
  {
    "text": "EEO Public File Report",
    "url": "https://interactive.13wmaz.com/pdfs/PublicFileReport.pdf"
  },
  {
    "text": "FCC Online Public Inspection File",
    "url": "/fcc-public-inspection-file"
  },
  {
    "text": "Closed Caption Procedures",
    "url": "/closed-captioning"
  },
  {
    "text": "Do Not Sell My Personal Information",
    "url": "/do-not-sell-my-information"
  },
  {
    "text": "Privacy Policy",
    "url": "/privacy"
  },
  {
    "text": "here",
    "url": "/privacy#opt-out-of-targeted-online-advertising"
  },
  {
    "text": "More information",
    "url": "/privacy"
  },
  {
    "text": "",
    "url": "https://www.onetrust.com/products/cookie-consent/"
  },
  {
    "text": "",
    "url": "https://www.onetrust.com/products/cookie-consent/"
  }
]