[
  {
    "text": "The Danger of Florida\u2019s \u2018Don\u2019t Say Gay\u2019 Bill and the Activists Fighting Against It",
    "url": "http://fourteeneastmag.com/index.php/2022/07/22/the-danger-of-floridas-dont-say-gay-bill-and-the-activists-fighting-against-it/"
  },
  {
    "text": "Read More",
    "url": "http://fourteeneastmag.com/index.php/2022/07/22/the-danger-of-floridas-dont-say-gay-bill-and-the-activists-fighting-against-it/"
  },
  {
    "text": "DePaul Urban Gardeners Club Cultivate Community",
    "url": "http://fourteeneastmag.com/index.php/2022/07/22/depaul-urban-gardeners-club-cultivate-community/"
  },
  {
    "text": "Read More",
    "url": "http://fourteeneastmag.com/index.php/2022/07/22/depaul-urban-gardeners-club-cultivate-community/"
  },
  {
    "text": "An Open Heart for Endless Dreams",
    "url": "http://fourteeneastmag.com/index.php/2022/07/22/an-open-heart-for-endless-dreams/"
  },
  {
    "text": "Read More",
    "url": "http://fourteeneastmag.com/index.php/2022/07/22/an-open-heart-for-endless-dreams/"
  },
  {
    "text": "Fan Behavior",
    "url": "http://fourteeneastmag.com/index.php/2022/07/22/fan-behavior/"
  },
  {
    "text": "Read More",
    "url": "http://fourteeneastmag.com/index.php/2022/07/22/fan-behavior/"
  },
  {
    "text": "The Danger of Florida\u2019s \u2018Don\u2019t Say Gay\u2019 Bill and the Activists Fighting Against It",
    "url": "http://fourteeneastmag.com/index.php/2022/07/22/the-danger-of-floridas-dont-say-gay-bill-and-the-activists-fighting-against-it/"
  },
  {
    "text": "DePaul Urban Gardeners Club Cultivate Community",
    "url": "http://fourteeneastmag.com/index.php/2022/07/22/depaul-urban-gardeners-club-cultivate-community/"
  },
  {
    "text": "An Open Heart for Endless Dreams",
    "url": "http://fourteeneastmag.com/index.php/2022/07/22/an-open-heart-for-endless-dreams/"
  },
  {
    "text": "Fan Behavior",
    "url": "http://fourteeneastmag.com/index.php/2022/07/22/fan-behavior/"
  },
  {
    "text": "",
    "url": "http://fourteeneastmag.com/"
  },
  {
    "text": "",
    "url": "https://www.facebook.com/14eastmag"
  },
  {
    "text": "",
    "url": "http://www.instagram.com/14eastmag"
  },
  {
    "text": "",
    "url": "http://www.twitter.com/14eastmag"
  },
  {
    "text": "",
    "url": "#"
  },
  {
    "text": "",
    "url": "https://www.facebook.com/14eastmag"
  },
  {
    "text": "",
    "url": "http://www.instagram.com/14eastmag"
  },
  {
    "text": "",
    "url": "http://www.twitter.com/14eastmag"
  },
  {
    "text": "",
    "url": "#"
  },
  {
    "text": "",
    "url": ""
  },
  {
    "text": "",
    "url": "http://fourteeneastmag.com/"
  },
  {
    "text": "Arts & Culture",
    "url": "http://fourteeneastmag.com/index.php/category/arts_culture/"
  },
  {
    "text": "Commentary & Creativity",
    "url": "http://fourteeneastmag.com/index.php/category/commentary_creativity/"
  },
  {
    "text": "Music & Entertainment",
    "url": "http://fourteeneastmag.com/index.php/category/music_entertainment/"
  },
  {
    "text": "News & Politics",
    "url": "http://fourteeneastmag.com/index.php/category/news_politics/"
  },
  {
    "text": "Sports & Leisure",
    "url": "http://fourteeneastmag.com/index.php/category/sports_leisure/"
  },
  {
    "text": "Pueblo",
    "url": "http://fourteeneastmag.com/index.php/tag/pueblo/"
  },
  {
    "text": "About",
    "url": "http://fourteeneastmag.com/index.php/about/"
  },
  {
    "text": "Who We Are",
    "url": "http://fourteeneastmag.com/index.php/about/contributors/"
  },
  {
    "text": "Contribute",
    "url": "http://fourteeneastmag.com/index.php/contribute-2/"
  },
  {
    "text": "Anthology",
    "url": "http://fourteeneastmag.com/index.php/anthology/"
  },
  {
    "text": "DePaul Student Media",
    "url": "http://fourteeneastmag.com/index.php/about/depaul-student-media/"
  },
  {
    "text": "Staff",
    "url": "http://fourteeneastmag.com/index.php/about/staff/"
  },
  {
    "text": "Issues",
    "url": "http://fourteeneastmag.com/index.php/issues-2/"
  },
  {
    "text": "Beyond Sports",
    "url": "http://fourteeneastmag.com/index.php/tag/beyond-sports/"
  },
  {
    "text": "Valentines Day 2022",
    "url": "http://fourteeneastmag.com/index.php/tag/valentines-day-2022/"
  },
  {
    "text": "2022 COVID Issue",
    "url": "http://fourteeneastmag.com/index.php/tag/2022-covid-issue/"
  },
  {
    "text": "uncertainty issue",
    "url": "http://fourteeneastmag.com/index.php/tag/uncertainty-issue/"
  },
  {
    "text": "Day of the Dead",
    "url": "http://fourteeneastmag.com/index.php/tag/day-of-the-dead/"
  },
  {
    "text": "weed issue",
    "url": "http://fourteeneastmag.com/index.php/tag/weed-issue/"
  },
  {
    "text": "2020-2021",
    "url": "http://fourteeneastmag.com/index.php/2020-2021/"
  },
  {
    "text": "radio issue",
    "url": "http://fourteeneastmag.com/index.php/tag/radio-issue/"
  },
  {
    "text": "Amor",
    "url": "http://fourteeneastmag.com/index.php/tag/amor/"
  },
  {
    "text": "Internet Issue",
    "url": "http://fourteeneastmag.com/index.php/tag/internet-issue/"
  },
  {
    "text": "Food Issue II",
    "url": "http://fourteeneastmag.com/index.php/tag/food-issue-ii/"
  },
  {
    "text": "policing",
    "url": "http://fourteeneastmag.com/index.php/tag/policing/"
  },
  {
    "text": "2019-2020",
    "url": "http://fourteeneastmag.com/index.php/2019-2020/"
  },
  {
    "text": "austin",
    "url": "http://fourteeneastmag.com/index.php/tag/austin/"
  },
  {
    "text": "14 East Live",
    "url": "http://fourteeneastmag.com/index.php/tag/14-east-live/"
  },
  {
    "text": "art",
    "url": "http://fourteeneastmag.com/index.php/tag/art/"
  },
  {
    "text": "COVID-19",
    "url": "http://fourteeneastmag.com/index.php/tag/covid-19/"
  },
  {
    "text": "transit",
    "url": "http://fourteeneastmag.com/index.php/tag/transit/"
  },
  {
    "text": "fashion",
    "url": "http://fourteeneastmag.com/index.php/tag/fashion/"
  },
  {
    "text": "2020 Iowa Caucus",
    "url": "http://fourteeneastmag.com/index.php/tag/2020-iowa-caucus/"
  },
  {
    "text": "Prohibition",
    "url": "http://fourteeneastmag.com/index.php/tag/prohibition/"
  },
  {
    "text": "Best of 2010s",
    "url": "http://fourteeneastmag.com/index.php/tag/best-of-2010s/"
  },
  {
    "text": "CTU Strike",
    "url": "http://fourteeneastmag.com/index.php/tag/ctu-strike/"
  },
  {
    "text": "food",
    "url": "http://fourteeneastmag.com/index.php/tag/food/"
  },
  {
    "text": "film",
    "url": "http://fourteeneastmag.com/index.php/tag/film/"
  },
  {
    "text": "back to school",
    "url": "http://fourteeneastmag.com/index.php/tag/back-to-school/"
  },
  {
    "text": "2018-2019",
    "url": "http://fourteeneastmag.com/index.php/2018-2019/"
  },
  {
    "text": "water testing",
    "url": "http://fourteeneastmag.com/index.php/tag/water-testing/"
  },
  {
    "text": "transitions",
    "url": "http://fourteeneastmag.com/index.php/tag/transitions/"
  },
  {
    "text": "environment",
    "url": "http://fourteeneastmag.com/index.php/tag/environment/"
  },
  {
    "text": "women",
    "url": "http://fourteeneastmag.com/index.php/tag/women/"
  },
  {
    "text": "alderman",
    "url": "http://fourteeneastmag.com/index.php/tag/alderman/"
  },
  {
    "text": "1994",
    "url": "http://fourteeneastmag.com/index.php/tag/1994/"
  },
  {
    "text": "consumer",
    "url": "http://fourteeneastmag.com/index.php/tag/consumer/"
  },
  {
    "text": "voting",
    "url": "http://fourteeneastmag.com/index.php/tag/voting/"
  },
  {
    "text": "halloween",
    "url": "http://fourteeneastmag.com/index.php/tag/halloween/"
  },
  {
    "text": "2017-2018",
    "url": "http://fourteeneastmag.com/index.php/2017-2018/"
  },
  {
    "text": "pride",
    "url": "http://fourteeneastmag.com/index.php/tag/pride/"
  },
  {
    "text": "mental health",
    "url": "http://fourteeneastmag.com/index.php/tag/mental-health/"
  },
  {
    "text": "love",
    "url": "http://fourteeneastmag.com/index.php/tag/love/"
  },
  {
    "text": "poetry",
    "url": "http://fourteeneastmag.com/index.php/tag/poetry/"
  },
  {
    "text": "MENU",
    "url": "#"
  },
  {
    "text": "Arts & Culture",
    "url": "http://fourteeneastmag.com/index.php/category/arts_culture/"
  },
  {
    "text": "Commentary & Creativity",
    "url": "http://fourteeneastmag.com/index.php/category/commentary_creativity/"
  },
  {
    "text": "Music & Entertainment",
    "url": "http://fourteeneastmag.com/index.php/category/music_entertainment/"
  },
  {
    "text": "News & Politics",
    "url": "http://fourteeneastmag.com/index.php/category/news_politics/"
  },
  {
    "text": "Sports & Leisure",
    "url": "http://fourteeneastmag.com/index.php/category/sports_leisure/"
  },
  {
    "text": "Pueblo",
    "url": "http://fourteeneastmag.com/index.php/tag/pueblo/"
  },
  {
    "text": "",
    "url": "#"
  },
  {
    "text": "About",
    "url": "http://fourteeneastmag.com/index.php/about/"
  },
  {
    "text": "Who We Are",
    "url": "http://fourteeneastmag.com/index.php/about/contributors/"
  },
  {
    "text": "Contribute",
    "url": "http://fourteeneastmag.com/index.php/contribute-2/"
  },
  {
    "text": "Anthology",
    "url": "http://fourteeneastmag.com/index.php/anthology/"
  },
  {
    "text": "DePaul Student Media",
    "url": "http://fourteeneastmag.com/index.php/about/depaul-student-media/"
  },
  {
    "text": "Staff",
    "url": "http://fourteeneastmag.com/index.php/about/staff/"
  },
  {
    "text": "",
    "url": "#"
  },
  {
    "text": "Issues",
    "url": "http://fourteeneastmag.com/index.php/issues-2/"
  },
  {
    "text": "Beyond Sports",
    "url": "http://fourteeneastmag.com/index.php/tag/beyond-sports/"
  },
  {
    "text": "Valentines Day 2022",
    "url": "http://fourteeneastmag.com/index.php/tag/valentines-day-2022/"
  },
  {
    "text": "2022 COVID Issue",
    "url": "http://fourteeneastmag.com/index.php/tag/2022-covid-issue/"
  },
  {
    "text": "uncertainty issue",
    "url": "http://fourteeneastmag.com/index.php/tag/uncertainty-issue/"
  },
  {
    "text": "Day of the Dead",
    "url": "http://fourteeneastmag.com/index.php/tag/day-of-the-dead/"
  },
  {
    "text": "weed issue",
    "url": "http://fourteeneastmag.com/index.php/tag/weed-issue/"
  },
  {
    "text": "",
    "url": "#"
  },
  {
    "text": "2020-2021",
    "url": "http://fourteeneastmag.com/index.php/2020-2021/"
  },
  {
    "text": "radio issue",
    "url": "http://fourteeneastmag.com/index.php/tag/radio-issue/"
  },
  {
    "text": "Amor",
    "url": "http://fourteeneastmag.com/index.php/tag/amor/"
  },
  {
    "text": "Internet Issue",
    "url": "http://fourteeneastmag.com/index.php/tag/internet-issue/"
  },
  {
    "text": "Food Issue II",
    "url": "http://fourteeneastmag.com/index.php/tag/food-issue-ii/"
  },
  {
    "text": "policing",
    "url": "http://fourteeneastmag.com/index.php/tag/policing/"
  },
  {
    "text": "",
    "url": "#"
  },
  {
    "text": "2019-2020",
    "url": "http://fourteeneastmag.com/index.php/2019-2020/"
  },
  {
    "text": "austin",
    "url": "http://fourteeneastmag.com/index.php/tag/austin/"
  },
  {
    "text": "14 East Live",
    "url": "http://fourteeneastmag.com/index.php/tag/14-east-live/"
  },
  {
    "text": "art",
    "url": "http://fourteeneastmag.com/index.php/tag/art/"
  },
  {
    "text": "COVID-19",
    "url": "http://fourteeneastmag.com/index.php/tag/covid-19/"
  },
  {
    "text": "transit",
    "url": "http://fourteeneastmag.com/index.php/tag/transit/"
  },
  {
    "text": "fashion",
    "url": "http://fourteeneastmag.com/index.php/tag/fashion/"
  },
  {
    "text": "2020 Iowa Caucus",
    "url": "http://fourteeneastmag.com/index.php/tag/2020-iowa-caucus/"
  },
  {
    "text": "Prohibition",
    "url": "http://fourteeneastmag.com/index.php/tag/prohibition/"
  },
  {
    "text": "Best of 2010s",
    "url": "http://fourteeneastmag.com/index.php/tag/best-of-2010s/"
  },
  {
    "text": "CTU Strike",
    "url": "http://fourteeneastmag.com/index.php/tag/ctu-strike/"
  },
  {
    "text": "food",
    "url": "http://fourteeneastmag.com/index.php/tag/food/"
  },
  {
    "text": "film",
    "url": "http://fourteeneastmag.com/index.php/tag/film/"
  },
  {
    "text": "back to school",
    "url": "http://fourteeneastmag.com/index.php/tag/back-to-school/"
  },
  {
    "text": "",
    "url": "#"
  },
  {
    "text": "2018-2019",
    "url": "http://fourteeneastmag.com/index.php/2018-2019/"
  },
  {
    "text": "water testing",
    "url": "http://fourteeneastmag.com/index.php/tag/water-testing/"
  },
  {
    "text": "transitions",
    "url": "http://fourteeneastmag.com/index.php/tag/transitions/"
  },
  {
    "text": "environment",
    "url": "http://fourteeneastmag.com/index.php/tag/environment/"
  },
  {
    "text": "women",
    "url": "http://fourteeneastmag.com/index.php/tag/women/"
  },
  {
    "text": "alderman",
    "url": "http://fourteeneastmag.com/index.php/tag/alderman/"
  },
  {
    "text": "1994",
    "url": "http://fourteeneastmag.com/index.php/tag/1994/"
  },
  {
    "text": "consumer",
    "url": "http://fourteeneastmag.com/index.php/tag/consumer/"
  },
  {
    "text": "voting",
    "url": "http://fourteeneastmag.com/index.php/tag/voting/"
  },
  {
    "text": "halloween",
    "url": "http://fourteeneastmag.com/index.php/tag/halloween/"
  },
  {
    "text": "",
    "url": "#"
  },
  {
    "text": "2017-2018",
    "url": "http://fourteeneastmag.com/index.php/2017-2018/"
  },
  {
    "text": "pride",
    "url": "http://fourteeneastmag.com/index.php/tag/pride/"
  },
  {
    "text": "mental health",
    "url": "http://fourteeneastmag.com/index.php/tag/mental-health/"
  },
  {
    "text": "love",
    "url": "http://fourteeneastmag.com/index.php/tag/love/"
  },
  {
    "text": "poetry",
    "url": "http://fourteeneastmag.com/index.php/tag/poetry/"
  },
  {
    "text": "Arts & Culture",
    "url": "http://fourteeneastmag.com/index.php/category/arts_culture/"
  },
  {
    "text": "Commentary & Creativity",
    "url": "http://fourteeneastmag.com/index.php/category/commentary_creativity/"
  },
  {
    "text": "Music & Entertainment",
    "url": "http://fourteeneastmag.com/index.php/category/music_entertainment/"
  },
  {
    "text": "News & Politics",
    "url": "http://fourteeneastmag.com/index.php/category/news_politics/"
  },
  {
    "text": "Sports & Leisure",
    "url": "http://fourteeneastmag.com/index.php/category/sports_leisure/"
  },
  {
    "text": "Pueblo",
    "url": "http://fourteeneastmag.com/index.php/tag/pueblo/"
  },
  {
    "text": "About",
    "url": "http://fourteeneastmag.com/index.php/about/"
  },
  {
    "text": "Who We Are",
    "url": "http://fourteeneastmag.com/index.php/about/contributors/"
  },
  {
    "text": "Contribute",
    "url": "http://fourteeneastmag.com/index.php/contribute-2/"
  },
  {
    "text": "Anthology",
    "url": "http://fourteeneastmag.com/index.php/anthology/"
  },
  {
    "text": "DePaul Student Media",
    "url": "http://fourteeneastmag.com/index.php/about/depaul-student-media/"
  },
  {
    "text": "Staff",
    "url": "http://fourteeneastmag.com/index.php/about/staff/"
  },
  {
    "text": "Issues",
    "url": "http://fourteeneastmag.com/index.php/issues-2/"
  },
  {
    "text": "Beyond Sports",
    "url": "http://fourteeneastmag.com/index.php/tag/beyond-sports/"
  },
  {
    "text": "Valentines Day 2022",
    "url": "http://fourteeneastmag.com/index.php/tag/valentines-day-2022/"
  },
  {
    "text": "2022 COVID Issue",
    "url": "http://fourteeneastmag.com/index.php/tag/2022-covid-issue/"
  },
  {
    "text": "uncertainty issue",
    "url": "http://fourteeneastmag.com/index.php/tag/uncertainty-issue/"
  },
  {
    "text": "Day of the Dead",
    "url": "http://fourteeneastmag.com/index.php/tag/day-of-the-dead/"
  },
  {
    "text": "weed issue",
    "url": "http://fourteeneastmag.com/index.php/tag/weed-issue/"
  },
  {
    "text": "2020-2021",
    "url": "http://fourteeneastmag.com/index.php/2020-2021/"
  },
  {
    "text": "radio issue",
    "url": "http://fourteeneastmag.com/index.php/tag/radio-issue/"
  },
  {
    "text": "Amor",
    "url": "http://fourteeneastmag.com/index.php/tag/amor/"
  },
  {
    "text": "Internet Issue",
    "url": "http://fourteeneastmag.com/index.php/tag/internet-issue/"
  },
  {
    "text": "Food Issue II",
    "url": "http://fourteeneastmag.com/index.php/tag/food-issue-ii/"
  },
  {
    "text": "policing",
    "url": "http://fourteeneastmag.com/index.php/tag/policing/"
  },
  {
    "text": "2019-2020",
    "url": "http://fourteeneastmag.com/index.php/2019-2020/"
  },
  {
    "text": "austin",
    "url": "http://fourteeneastmag.com/index.php/tag/austin/"
  },
  {
    "text": "14 East Live",
    "url": "http://fourteeneastmag.com/index.php/tag/14-east-live/"
  },
  {
    "text": "art",
    "url": "http://fourteeneastmag.com/index.php/tag/art/"
  },
  {
    "text": "COVID-19",
    "url": "http://fourteeneastmag.com/index.php/tag/covid-19/"
  },
  {
    "text": "transit",
    "url": "http://fourteeneastmag.com/index.php/tag/transit/"
  },
  {
    "text": "fashion",
    "url": "http://fourteeneastmag.com/index.php/tag/fashion/"
  },
  {
    "text": "2020 Iowa Caucus",
    "url": "http://fourteeneastmag.com/index.php/tag/2020-iowa-caucus/"
  },
  {
    "text": "Prohibition",
    "url": "http://fourteeneastmag.com/index.php/tag/prohibition/"
  },
  {
    "text": "Best of 2010s",
    "url": "http://fourteeneastmag.com/index.php/tag/best-of-2010s/"
  },
  {
    "text": "CTU Strike",
    "url": "http://fourteeneastmag.com/index.php/tag/ctu-strike/"
  },
  {
    "text": "food",
    "url": "http://fourteeneastmag.com/index.php/tag/food/"
  },
  {
    "text": "film",
    "url": "http://fourteeneastmag.com/index.php/tag/film/"
  },
  {
    "text": "back to school",
    "url": "http://fourteeneastmag.com/index.php/tag/back-to-school/"
  },
  {
    "text": "2018-2019",
    "url": "http://fourteeneastmag.com/index.php/2018-2019/"
  },
  {
    "text": "water testing",
    "url": "http://fourteeneastmag.com/index.php/tag/water-testing/"
  },
  {
    "text": "transitions",
    "url": "http://fourteeneastmag.com/index.php/tag/transitions/"
  },
  {
    "text": "environment",
    "url": "http://fourteeneastmag.com/index.php/tag/environment/"
  },
  {
    "text": "women",
    "url": "http://fourteeneastmag.com/index.php/tag/women/"
  },
  {
    "text": "alderman",
    "url": "http://fourteeneastmag.com/index.php/tag/alderman/"
  },
  {
    "text": "1994",
    "url": "http://fourteeneastmag.com/index.php/tag/1994/"
  },
  {
    "text": "consumer",
    "url": "http://fourteeneastmag.com/index.php/tag/consumer/"
  },
  {
    "text": "voting",
    "url": "http://fourteeneastmag.com/index.php/tag/voting/"
  },
  {
    "text": "halloween",
    "url": "http://fourteeneastmag.com/index.php/tag/halloween/"
  },
  {
    "text": "2017-2018",
    "url": "http://fourteeneastmag.com/index.php/2017-2018/"
  },
  {
    "text": "pride",
    "url": "http://fourteeneastmag.com/index.php/tag/pride/"
  },
  {
    "text": "mental health",
    "url": "http://fourteeneastmag.com/index.php/tag/mental-health/"
  },
  {
    "text": "love",
    "url": "http://fourteeneastmag.com/index.php/tag/love/"
  },
  {
    "text": "poetry",
    "url": "http://fourteeneastmag.com/index.php/tag/poetry/"
  },
  {
    "text": "",
    "url": "http://fourteeneastmag.com/index.php/2022/07/22/the-danger-of-floridas-dont-say-gay-bill-and-the-activists-fighting-against-it/"
  },
  {
    "text": "News & Politics",
    "url": "http://fourteeneastmag.com/index.php/category/news_politics/"
  },
  {
    "text": " The Danger of Florida\u2019s \u2018Don\u2019t Say Gay\u2019 Bill and the Activists Fighting Against It",
    "url": "http://fourteeneastmag.com/index.php/2022/07/22/the-danger-of-floridas-dont-say-gay-bill-and-the-activists-fighting-against-it/"
  },
  {
    "text": "Mariah Hernandez",
    "url": "http://fourteeneastmag.com/index.php/author/mariahhernandez/"
  },
  {
    "text": "22 July",
    "url": "http://fourteeneastmag.com/index.php/2022/07/22/the-danger-of-floridas-dont-say-gay-bill-and-the-activists-fighting-against-it/"
  },
  {
    "text": " SHARE ",
    "url": "#"
  },
  {
    "text": " Facebook",
    "url": "http://www.facebook.com/sharer.php?u=http://fourteeneastmag.com/index.php/2022/07/22/the-danger-of-floridas-dont-say-gay-bill-and-the-activists-fighting-against-it/"
  },
  {
    "text": " Twitter",
    "url": "https://twitter.com/share?url=http://fourteeneastmag.com/index.php/2022/07/22/the-danger-of-floridas-dont-say-gay-bill-and-the-activists-fighting-against-it/&text=The%20Danger%20of%20Florida\u2019s%20\u2018Don\u2019t%20Say%20Gay\u2019%20Bill%20and%20the%20Activists%20Fighting%20Against%20It"
  },
  {
    "text": " Pinterest",
    "url": "http://pinterest.com/pin/create/button/?url=http://fourteeneastmag.com/index.php/2022/07/22/the-danger-of-floridas-dont-say-gay-bill-and-the-activists-fighting-against-it/&media=&description="
  },
  {
    "text": "",
    "url": "http://fourteeneastmag.com/index.php/2022/07/22/depaul-urban-gardeners-club-cultivate-community/"
  },
  {
    "text": "Arts & Culture",
    "url": "http://fourteeneastmag.com/index.php/category/arts_culture/"
  },
  {
    "text": " DePaul Urban Gardeners Club Cultivate Community",
    "url": "http://fourteeneastmag.com/index.php/2022/07/22/depaul-urban-gardeners-club-cultivate-community/"
  },
  {
    "text": "",
    "url": "http://fourteeneastmag.com/index.php/author/moniquepettyashmeade/"
  },
  {
    "text": "Monique Petty-Ashmeade",
    "url": "http://fourteeneastmag.com/index.php/byline/monique-petty-ashmeade/"
  },
  {
    "text": "22 July",
    "url": "http://fourteeneastmag.com/index.php/2022/07/22/depaul-urban-gardeners-club-cultivate-community/"
  },
  {
    "text": " SHARE ",
    "url": "#"
  },
  {
    "text": " Facebook",
    "url": "http://www.facebook.com/sharer.php?u=http://fourteeneastmag.com/index.php/2022/07/22/depaul-urban-gardeners-club-cultivate-community/"
  },
  {
    "text": " Twitter",
    "url": "https://twitter.com/share?url=http://fourteeneastmag.com/index.php/2022/07/22/depaul-urban-gardeners-club-cultivate-community/&text=DePaul%20Urban%20Gardeners%20Club%20Cultivate%20Community"
  },
  {
    "text": " Pinterest",
    "url": "http://pinterest.com/pin/create/button/?url=http://fourteeneastmag.com/index.php/2022/07/22/depaul-urban-gardeners-club-cultivate-community/&media=&description="
  },
  {
    "text": "",
    "url": "http://fourteeneastmag.com/index.php/2022/07/22/an-open-heart-for-endless-dreams/"
  },
  {
    "text": "Arts & Culture",
    "url": "http://fourteeneastmag.com/index.php/category/arts_culture/"
  },
  {
    "text": " An Open Heart for Endless Dreams",
    "url": "http://fourteeneastmag.com/index.php/2022/07/22/an-open-heart-for-endless-dreams/"
  },
  {
    "text": "Emily Figueroa",
    "url": "http://fourteeneastmag.com/index.php/author/emilyfig/"
  },
  {
    "text": "22 July",
    "url": "http://fourteeneastmag.com/index.php/2022/07/22/an-open-heart-for-endless-dreams/"
  },
  {
    "text": " SHARE ",
    "url": "#"
  },
  {
    "text": " Facebook",
    "url": "http://www.facebook.com/sharer.php?u=http://fourteeneastmag.com/index.php/2022/07/22/an-open-heart-for-endless-dreams/"
  },
  {
    "text": " Twitter",
    "url": "https://twitter.com/share?url=http://fourteeneastmag.com/index.php/2022/07/22/an-open-heart-for-endless-dreams/&text=An%20Open%20Heart%20for%20Endless%20Dreams"
  },
  {
    "text": " Pinterest",
    "url": "http://pinterest.com/pin/create/button/?url=http://fourteeneastmag.com/index.php/2022/07/22/an-open-heart-for-endless-dreams/&media=&description="
  },
  {
    "text": "",
    "url": "http://fourteeneastmag.com/index.php/2022/07/22/fan-behavior/"
  },
  {
    "text": "Commentary & Creativity",
    "url": "http://fourteeneastmag.com/index.php/category/commentary_creativity/"
  },
  {
    "text": " Fan Behavior",
    "url": "http://fourteeneastmag.com/index.php/2022/07/22/fan-behavior/"
  },
  {
    "text": "Audrey Champelli",
    "url": "http://fourteeneastmag.com/index.php/author/audreychampelli/"
  },
  {
    "text": "22 July",
    "url": "http://fourteeneastmag.com/index.php/2022/07/22/fan-behavior/"
  },
  {
    "text": " SHARE ",
    "url": "#"
  },
  {
    "text": " Facebook",
    "url": "http://www.facebook.com/sharer.php?u=http://fourteeneastmag.com/index.php/2022/07/22/fan-behavior/"
  },
  {
    "text": " Twitter",
    "url": "https://twitter.com/share?url=http://fourteeneastmag.com/index.php/2022/07/22/fan-behavior/&text=Fan%20Behavior"
  },
  {
    "text": " Pinterest",
    "url": "http://pinterest.com/pin/create/button/?url=http://fourteeneastmag.com/index.php/2022/07/22/fan-behavior/&media=&description="
  },
  {
    "text": "",
    "url": "http://fourteeneastmag.com/index.php/2022/07/08/living-with-a-rare-skin-condition/"
  },
  {
    "text": "Commentary & Creativity",
    "url": "http://fourteeneastmag.com/index.php/category/commentary_creativity/"
  },
  {
    "text": " Living With a Rare Skin Condition",
    "url": "http://fourteeneastmag.com/index.php/2022/07/08/living-with-a-rare-skin-condition/"
  },
  {
    "text": "Alexandra Murphy",
    "url": "http://fourteeneastmag.com/index.php/author/alexandramurphy/"
  },
  {
    "text": "8 July",
    "url": "http://fourteeneastmag.com/index.php/2022/07/08/living-with-a-rare-skin-condition/"
  },
  {
    "text": " SHARE ",
    "url": "#"
  },
  {
    "text": " Facebook",
    "url": "http://www.facebook.com/sharer.php?u=http://fourteeneastmag.com/index.php/2022/07/08/living-with-a-rare-skin-condition/"
  },
  {
    "text": " Twitter",
    "url": "https://twitter.com/share?url=http://fourteeneastmag.com/index.php/2022/07/08/living-with-a-rare-skin-condition/&text=Living%20With%20a%20Rare%20Skin%20Condition"
  },
  {
    "text": " Pinterest",
    "url": "http://pinterest.com/pin/create/button/?url=http://fourteeneastmag.com/index.php/2022/07/08/living-with-a-rare-skin-condition/&media=&description="
  },
  {
    "text": "",
    "url": "http://fourteeneastmag.com/index.php/2022/06/24/three-womens-stories-of-abortion-before-roe-v-wade-and-not-being-given-a-choice/"
  },
  {
    "text": "News & Politics",
    "url": "http://fourteeneastmag.com/index.php/category/news_politics/"
  },
  {
    "text": " Three Women\u2019s Stories of Abortion Before Roe v. Wade and Not Being Given a Choice",
    "url": "http://fourteeneastmag.com/index.php/2022/06/24/three-womens-stories-of-abortion-before-roe-v-wade-and-not-being-given-a-choice/"
  },
  {
    "text": "Cary Robbins",
    "url": "http://fourteeneastmag.com/index.php/author/caryrobbins/"
  },
  {
    "text": "24 June",
    "url": "http://fourteeneastmag.com/index.php/2022/06/24/three-womens-stories-of-abortion-before-roe-v-wade-and-not-being-given-a-choice/"
  },
  {
    "text": " SHARE ",
    "url": "#"
  },
  {
    "text": " Facebook",
    "url": "http://www.facebook.com/sharer.php?u=http://fourteeneastmag.com/index.php/2022/06/24/three-womens-stories-of-abortion-before-roe-v-wade-and-not-being-given-a-choice/"
  },
  {
    "text": " Twitter",
    "url": "https://twitter.com/share?url=http://fourteeneastmag.com/index.php/2022/06/24/three-womens-stories-of-abortion-before-roe-v-wade-and-not-being-given-a-choice/&text=Three%20Women\u2019s%20Stories%20of%20Abortion%20Before%20Roe%20v.%20Wade%20and%20Not%20Being%20Given%20a%20Choice"
  },
  {
    "text": " Pinterest",
    "url": "http://pinterest.com/pin/create/button/?url=http://fourteeneastmag.com/index.php/2022/06/24/three-womens-stories-of-abortion-before-roe-v-wade-and-not-being-given-a-choice/&media=&description="
  },
  {
    "text": "",
    "url": "http://fourteeneastmag.com/index.php/2022/06/24/healing-through-music-a-review-of-umis-forest-in-the-city/"
  },
  {
    "text": "Music & Entertainment",
    "url": "http://fourteeneastmag.com/index.php/category/music_entertainment/"
  },
  {
    "text": " Healing Through Music: A Review of UMI\u2019s Forest in the City",
    "url": "http://fourteeneastmag.com/index.php/2022/06/24/healing-through-music-a-review-of-umis-forest-in-the-city/"
  },
  {
    "text": "Michelle Edwards",
    "url": "http://fourteeneastmag.com/index.php/author/michelleedwards/"
  },
  {
    "text": "24 June",
    "url": "http://fourteeneastmag.com/index.php/2022/06/24/healing-through-music-a-review-of-umis-forest-in-the-city/"
  },
  {
    "text": " SHARE ",
    "url": "#"
  },
  {
    "text": " Facebook",
    "url": "http://www.facebook.com/sharer.php?u=http://fourteeneastmag.com/index.php/2022/06/24/healing-through-music-a-review-of-umis-forest-in-the-city/"
  },
  {
    "text": " Twitter",
    "url": "https://twitter.com/share?url=http://fourteeneastmag.com/index.php/2022/06/24/healing-through-music-a-review-of-umis-forest-in-the-city/&text=Healing%20Through%20Music:%20A%20Review%20of%20UMI\u2019s%20Forest%20in%20the%20City"
  },
  {
    "text": " Pinterest",
    "url": "http://pinterest.com/pin/create/button/?url=http://fourteeneastmag.com/index.php/2022/06/24/healing-through-music-a-review-of-umis-forest-in-the-city/&media=&description="
  },
  {
    "text": "",
    "url": "http://fourteeneastmag.com/index.php/2022/06/03/the-queer-issue-letter-from-the-editor/"
  },
  {
    "text": "Commentary & Creativity",
    "url": "http://fourteeneastmag.com/index.php/category/commentary_creativity/"
  },
  {
    "text": " The Queer Issue: Letter from the Editor",
    "url": "http://fourteeneastmag.com/index.php/2022/06/03/the-queer-issue-letter-from-the-editor/"
  },
  {
    "text": "Grace Del Vecchio",
    "url": "http://fourteeneastmag.com/index.php/author/graceedelvecchio/"
  },
  {
    "text": "3 June",
    "url": "http://fourteeneastmag.com/index.php/2022/06/03/the-queer-issue-letter-from-the-editor/"
  },
  {
    "text": " SHARE ",
    "url": "#"
  },
  {
    "text": " Facebook",
    "url": "http://www.facebook.com/sharer.php?u=http://fourteeneastmag.com/index.php/2022/06/03/the-queer-issue-letter-from-the-editor/"
  },
  {
    "text": " Twitter",
    "url": "https://twitter.com/share?url=http://fourteeneastmag.com/index.php/2022/06/03/the-queer-issue-letter-from-the-editor/&text=The%20Queer%20Issue:%20Letter%20from%20the%20Editor"
  },
  {
    "text": " Pinterest",
    "url": "http://pinterest.com/pin/create/button/?url=http://fourteeneastmag.com/index.php/2022/06/03/the-queer-issue-letter-from-the-editor/&media=&description="
  },
  {
    "text": "",
    "url": "http://fourteeneastmag.com/index.php/2022/06/03/depaul-announces-plan-to-create-inclusive-housing-policies/"
  },
  {
    "text": "News & Politics",
    "url": "http://fourteeneastmag.com/index.php/category/news_politics/"
  },
  {
    "text": " A Look at Chicago Universities\u2019 Inclusive Housing Policies",
    "url": "http://fourteeneastmag.com/index.php/2022/06/03/depaul-announces-plan-to-create-inclusive-housing-policies/"
  },
  {
    "text": "Sonal Soni",
    "url": "http://fourteeneastmag.com/index.php/author/sonalsoni/"
  },
  {
    "text": "3 June",
    "url": "http://fourteeneastmag.com/index.php/2022/06/03/depaul-announces-plan-to-create-inclusive-housing-policies/"
  },
  {
    "text": " SHARE ",
    "url": "#"
  },
  {
    "text": " Facebook",
    "url": "http://www.facebook.com/sharer.php?u=http://fourteeneastmag.com/index.php/2022/06/03/depaul-announces-plan-to-create-inclusive-housing-policies/"
  },
  {
    "text": " Twitter",
    "url": "https://twitter.com/share?url=http://fourteeneastmag.com/index.php/2022/06/03/depaul-announces-plan-to-create-inclusive-housing-policies/&text=A%20Look%20at%20Chicago%20Universities\u2019%20Inclusive%20Housing%20Policies"
  },
  {
    "text": " Pinterest",
    "url": "http://pinterest.com/pin/create/button/?url=http://fourteeneastmag.com/index.php/2022/06/03/depaul-announces-plan-to-create-inclusive-housing-policies/&media=&description="
  },
  {
    "text": "",
    "url": "http://fourteeneastmag.com/index.php/2022/06/03/finding-comfort-in-sapphic-horror/"
  },
  {
    "text": "Arts & Culture",
    "url": "http://fourteeneastmag.com/index.php/category/arts_culture/"
  },
  {
    "text": "Commentary & Creativity",
    "url": "http://fourteeneastmag.com/index.php/category/commentary_creativity/"
  },
  {
    "text": " Finding Comfort in Sapphic Horror",
    "url": "http://fourteeneastmag.com/index.php/2022/06/03/finding-comfort-in-sapphic-horror/"
  },
  {
    "text": "Mariah Hernandez",
    "url": "http://fourteeneastmag.com/index.php/author/mariahhernandez/"
  },
  {
    "text": "3 June",
    "url": "http://fourteeneastmag.com/index.php/2022/06/03/finding-comfort-in-sapphic-horror/"
  },
  {
    "text": " SHARE ",
    "url": "#"
  },
  {
    "text": " Facebook",
    "url": "http://www.facebook.com/sharer.php?u=http://fourteeneastmag.com/index.php/2022/06/03/finding-comfort-in-sapphic-horror/"
  },
  {
    "text": " Twitter",
    "url": "https://twitter.com/share?url=http://fourteeneastmag.com/index.php/2022/06/03/finding-comfort-in-sapphic-horror/&text=Finding%20Comfort%20in%20Sapphic%20Horror"
  },
  {
    "text": " Pinterest",
    "url": "http://pinterest.com/pin/create/button/?url=http://fourteeneastmag.com/index.php/2022/06/03/finding-comfort-in-sapphic-horror/&media=&description="
  },
  {
    "text": "1",
    "url": "http://fourteeneastmag.com/"
  },
  {
    "text": "2",
    "url": "http://fourteeneastmag.com/index.php/page/2/"
  },
  {
    "text": "3",
    "url": "http://fourteeneastmag.com/index.php/page/3/"
  },
  {
    "text": "103",
    "url": "http://fourteeneastmag.com/index.php/page/103/"
  },
  {
    "text": "Next Page \u2192",
    "url": "http://fourteeneastmag.com/index.php/page/2/"
  },
  {
    "text": "Go Back to Event Listing",
    "url": "http://fourteeneastmag.com/"
  },
  {
    "text": "The Danger of Florida\u2019s \u2018Don\u2019t Say Gay\u2019 Bill and the Activists Fighting Against It",
    "url": "http://fourteeneastmag.com/index.php/2022/07/22/the-danger-of-floridas-dont-say-gay-bill-and-the-activists-fighting-against-it/"
  },
  {
    "text": "DePaul Urban Gardeners Club Cultivate Community",
    "url": "http://fourteeneastmag.com/index.php/2022/07/22/depaul-urban-gardeners-club-cultivate-community/"
  },
  {
    "text": "An Open Heart for Endless Dreams",
    "url": "http://fourteeneastmag.com/index.php/2022/07/22/an-open-heart-for-endless-dreams/"
  },
  {
    "text": "Fan Behavior",
    "url": "http://fourteeneastmag.com/index.php/2022/07/22/fan-behavior/"
  },
  {
    "text": "Living With a Rare Skin Condition",
    "url": "http://fourteeneastmag.com/index.php/2022/07/08/living-with-a-rare-skin-condition/"
  },
  {
    "text": "Amor",
    "url": "http://fourteeneastmag.com/index.php/category/amor/"
  },
  {
    "text": "Arts & Culture",
    "url": "http://fourteeneastmag.com/index.php/category/arts_culture/"
  },
  {
    "text": "Commentary & Creativity",
    "url": "http://fourteeneastmag.com/index.php/category/commentary_creativity/"
  },
  {
    "text": "Music & Entertainment",
    "url": "http://fourteeneastmag.com/index.php/category/music_entertainment/"
  },
  {
    "text": "News & Politics",
    "url": "http://fourteeneastmag.com/index.php/category/news_politics/"
  },
  {
    "text": "Pueblo",
    "url": "http://fourteeneastmag.com/index.php/category/pueblo/"
  },
  {
    "text": "Sports & Leisure",
    "url": "http://fourteeneastmag.com/index.php/category/sports_leisure/"
  },
  {
    "text": "Uncategorized",
    "url": "http://fourteeneastmag.com/index.php/category/uncategorized/"
  },
  {
    "text": "Log in",
    "url": "http://fourteeneastmag.com/wp-login.php"
  },
  {
    "text": "Entries RSS",
    "url": "http://fourteeneastmag.com/index.php/feed/"
  },
  {
    "text": "Comments RSS",
    "url": "http://fourteeneastmag.com/index.php/comments/feed/"
  },
  {
    "text": "WordPress.org",
    "url": "https://wordpress.org/"
  },
  {
    "text": "",
    "url": "http://fourteeneastmag.com/"
  },
  {
    "text": "Arts & Culture",
    "url": "http://fourteeneastmag.com/index.php/category/arts_culture/"
  },
  {
    "text": "Commentary & Creativity",
    "url": "http://fourteeneastmag.com/index.php/category/commentary_creativity/"
  },
  {
    "text": "Music & Entertainment",
    "url": "http://fourteeneastmag.com/index.php/category/music_entertainment/"
  },
  {
    "text": "News & Politics",
    "url": "http://fourteeneastmag.com/index.php/category/news_politics/"
  },
  {
    "text": "Sports & Leisure",
    "url": "http://fourteeneastmag.com/index.php/category/sports_leisure/"
  },
  {
    "text": "Pueblo",
    "url": "http://fourteeneastmag.com/index.php/tag/pueblo/"
  },
  {
    "text": "About",
    "url": "http://fourteeneastmag.com/index.php/about/"
  },
  {
    "text": "Who We Are",
    "url": "http://fourteeneastmag.com/index.php/about/contributors/"
  },
  {
    "text": "Contribute",
    "url": "http://fourteeneastmag.com/index.php/contribute-2/"
  },
  {
    "text": "Anthology",
    "url": "http://fourteeneastmag.com/index.php/anthology/"
  },
  {
    "text": "DePaul Student Media",
    "url": "http://fourteeneastmag.com/index.php/about/depaul-student-media/"
  },
  {
    "text": "Staff",
    "url": "http://fourteeneastmag.com/index.php/about/staff/"
  },
  {
    "text": "Issues",
    "url": "http://fourteeneastmag.com/index.php/issues-2/"
  },
  {
    "text": "Beyond Sports",
    "url": "http://fourteeneastmag.com/index.php/tag/beyond-sports/"
  },
  {
    "text": "Valentines Day 2022",
    "url": "http://fourteeneastmag.com/index.php/tag/valentines-day-2022/"
  },
  {
    "text": "2022 COVID Issue",
    "url": "http://fourteeneastmag.com/index.php/tag/2022-covid-issue/"
  },
  {
    "text": "uncertainty issue",
    "url": "http://fourteeneastmag.com/index.php/tag/uncertainty-issue/"
  },
  {
    "text": "Day of the Dead",
    "url": "http://fourteeneastmag.com/index.php/tag/day-of-the-dead/"
  },
  {
    "text": "weed issue",
    "url": "http://fourteeneastmag.com/index.php/tag/weed-issue/"
  },
  {
    "text": "2020-2021",
    "url": "http://fourteeneastmag.com/index.php/2020-2021/"
  },
  {
    "text": "radio issue",
    "url": "http://fourteeneastmag.com/index.php/tag/radio-issue/"
  },
  {
    "text": "Amor",
    "url": "http://fourteeneastmag.com/index.php/tag/amor/"
  },
  {
    "text": "Internet Issue",
    "url": "http://fourteeneastmag.com/index.php/tag/internet-issue/"
  },
  {
    "text": "Food Issue II",
    "url": "http://fourteeneastmag.com/index.php/tag/food-issue-ii/"
  },
  {
    "text": "policing",
    "url": "http://fourteeneastmag.com/index.php/tag/policing/"
  },
  {
    "text": "2019-2020",
    "url": "http://fourteeneastmag.com/index.php/2019-2020/"
  },
  {
    "text": "austin",
    "url": "http://fourteeneastmag.com/index.php/tag/austin/"
  },
  {
    "text": "14 East Live",
    "url": "http://fourteeneastmag.com/index.php/tag/14-east-live/"
  },
  {
    "text": "art",
    "url": "http://fourteeneastmag.com/index.php/tag/art/"
  },
  {
    "text": "COVID-19",
    "url": "http://fourteeneastmag.com/index.php/tag/covid-19/"
  },
  {
    "text": "transit",
    "url": "http://fourteeneastmag.com/index.php/tag/transit/"
  },
  {
    "text": "fashion",
    "url": "http://fourteeneastmag.com/index.php/tag/fashion/"
  },
  {
    "text": "2020 Iowa Caucus",
    "url": "http://fourteeneastmag.com/index.php/tag/2020-iowa-caucus/"
  },
  {
    "text": "Prohibition",
    "url": "http://fourteeneastmag.com/index.php/tag/prohibition/"
  },
  {
    "text": "Best of 2010s",
    "url": "http://fourteeneastmag.com/index.php/tag/best-of-2010s/"
  },
  {
    "text": "CTU Strike",
    "url": "http://fourteeneastmag.com/index.php/tag/ctu-strike/"
  },
  {
    "text": "food",
    "url": "http://fourteeneastmag.com/index.php/tag/food/"
  },
  {
    "text": "film",
    "url": "http://fourteeneastmag.com/index.php/tag/film/"
  },
  {
    "text": "back to school",
    "url": "http://fourteeneastmag.com/index.php/tag/back-to-school/"
  },
  {
    "text": "2018-2019",
    "url": "http://fourteeneastmag.com/index.php/2018-2019/"
  },
  {
    "text": "water testing",
    "url": "http://fourteeneastmag.com/index.php/tag/water-testing/"
  },
  {
    "text": "transitions",
    "url": "http://fourteeneastmag.com/index.php/tag/transitions/"
  },
  {
    "text": "environment",
    "url": "http://fourteeneastmag.com/index.php/tag/environment/"
  },
  {
    "text": "women",
    "url": "http://fourteeneastmag.com/index.php/tag/women/"
  },
  {
    "text": "alderman",
    "url": "http://fourteeneastmag.com/index.php/tag/alderman/"
  },
  {
    "text": "1994",
    "url": "http://fourteeneastmag.com/index.php/tag/1994/"
  },
  {
    "text": "consumer",
    "url": "http://fourteeneastmag.com/index.php/tag/consumer/"
  },
  {
    "text": "voting",
    "url": "http://fourteeneastmag.com/index.php/tag/voting/"
  },
  {
    "text": "halloween",
    "url": "http://fourteeneastmag.com/index.php/tag/halloween/"
  },
  {
    "text": "2017-2018",
    "url": "http://fourteeneastmag.com/index.php/2017-2018/"
  },
  {
    "text": "pride",
    "url": "http://fourteeneastmag.com/index.php/tag/pride/"
  },
  {
    "text": "mental health",
    "url": "http://fourteeneastmag.com/index.php/tag/mental-health/"
  },
  {
    "text": "love",
    "url": "http://fourteeneastmag.com/index.php/tag/love/"
  },
  {
    "text": "poetry",
    "url": "http://fourteeneastmag.com/index.php/tag/poetry/"
  },
  {
    "text": "TOP",
    "url": "#"
  }
]