[
  {
    "text": "DONATE",
    "url": "https://azcir.org/donate/"
  },
  {
    "text": "SUBSCRIBE",
    "url": "https://azcir.org/newsletter/"
  },
  {
    "text": "CORONAVIRUS",
    "url": "https://azcir.org/coronavirus/"
  },
  {
    "text": "EDUCATION",
    "url": "https://azcir.org/education/"
  },
  {
    "text": "ELECTIONS",
    "url": "https://azcir.org/elections/"
  },
  {
    "text": "ENVIRONMENT",
    "url": "https://azcir.org/environment/"
  },
  {
    "text": "HEALTH",
    "url": "https://azcir.org/health/"
  },
  {
    "text": "GOVERNMENT",
    "url": "https://azcir.org/government/"
  },
  {
    "text": "LAW ENFORCEMENT",
    "url": "https://azcir.org/law-enforcement/"
  },
  {
    "text": "HOME",
    "url": "https://azcir.org/"
  },
  {
    "text": "ABOUT",
    "url": "https://azcir.org/about/"
  },
  {
    "text": "ABOUT AZCIR",
    "url": "https://azcir.org/about/"
  },
  {
    "text": "AZCIR NEWS",
    "url": "https://azcir.org/announcements/"
  },
  {
    "text": "SUBSCRIBE",
    "url": "https://azcir.org/newsletter-subscribe/"
  },
  {
    "text": "CONTACT",
    "url": "https://azcir.org/contact/"
  },
  {
    "text": "Twitter",
    "url": "https://twitter.com/arizcir"
  },
  {
    "text": "Facebook",
    "url": "https://www.facebook.com/azcir"
  },
  {
    "text": "Instagram",
    "url": "https://www.instagram.com/arizcir/"
  },
  {
    "text": "RSS Feed",
    "url": "https://azcir.org/feed"
  },
  {
    "text": "Skip to content",
    "url": "#main"
  },
  {
    "text": "HOME",
    "url": "https://azcir.org/"
  },
  {
    "text": "ABOUT",
    "url": "https://azcir.org/about/"
  },
  {
    "text": "ABOUT AZCIR",
    "url": "https://azcir.org/about/"
  },
  {
    "text": "AZCIR NEWS",
    "url": "https://azcir.org/announcements/"
  },
  {
    "text": "SUBSCRIBE",
    "url": "https://azcir.org/newsletter-subscribe/"
  },
  {
    "text": "CONTACT",
    "url": "https://azcir.org/contact/"
  },
  {
    "text": "Twitter",
    "url": "https://twitter.com/arizcir"
  },
  {
    "text": "Facebook",
    "url": "https://www.facebook.com/azcir"
  },
  {
    "text": "Instagram",
    "url": "https://www.instagram.com/arizcir/"
  },
  {
    "text": "RSS Feed",
    "url": "https://azcir.org/feed"
  },
  {
    "text": "",
    "url": "https://azcir.org/"
  },
  {
    "text": "Arizona Center for Investigative Reporting",
    "url": "https://azcir.org/"
  },
  {
    "text": "DONATE",
    "url": "https://azcir.org/donate/"
  },
  {
    "text": "SUBSCRIBE",
    "url": "https://azcir.org/newsletter/"
  },
  {
    "text": "DONATE",
    "url": "https://azcir.org/donate"
  },
  {
    "text": "CORONAVIRUS",
    "url": "https://azcir.org/coronavirus/"
  },
  {
    "text": "EDUCATION",
    "url": "https://azcir.org/education/"
  },
  {
    "text": "ELECTIONS",
    "url": "https://azcir.org/elections/"
  },
  {
    "text": "ENVIRONMENT",
    "url": "https://azcir.org/environment/"
  },
  {
    "text": "HEALTH",
    "url": "https://azcir.org/health/"
  },
  {
    "text": "GOVERNMENT",
    "url": "https://azcir.org/government/"
  },
  {
    "text": "LAW ENFORCEMENT",
    "url": "https://azcir.org/law-enforcement/"
  },
  {
    "text": "\n\t\t\t\t\t\t\t\t\t\t\t\t\t\t\t\t\t",
    "url": "https://azcir.org/news/2022/07/21/funding-solution-elusive-mental-health-provider-shortage-arizona-schools/"
  },
  {
    "text": "Permanent funding solution elusive as mental health provider shortage plagues Arizona schools\u2014and students",
    "url": "https://azcir.org/news/2022/07/21/funding-solution-elusive-mental-health-provider-shortage-arizona-schools/"
  },
  {
    "text": "",
    "url": "https://azcir.org/news/author/mpolletta/"
  },
  {
    "text": "",
    "url": "https://azcir.org/news/author/smontanari/"
  },
  {
    "text": "Maria Polletta",
    "url": "https://azcir.org/news/author/mpolletta/"
  },
  {
    "text": "Shaena Montanari",
    "url": "https://azcir.org/news/author/smontanari/"
  },
  {
    "text": "Health",
    "url": "https://azcir.org/health/"
  },
  {
    "text": "\n\t\t\t\t\t\t\t\t\t\t\t\t\t\t\t\t\t",
    "url": "https://azcir.org/news/2022/06/17/cooling-center-access-limited-vulnerable-residents-extreme-heat/"
  },
  {
    "text": "CDC report finds barriers to cooling center access for vulnerable residents during extreme heat",
    "url": "https://azcir.org/news/2022/06/17/cooling-center-access-limited-vulnerable-residents-extreme-heat/"
  },
  {
    "text": "Shaena Montanari",
    "url": "https://azcir.org/news/author/smontanari/"
  },
  {
    "text": "\n\t\t\t\t\t\t\t\t\t\t\t\t\t\t\t\t\t",
    "url": "https://azcir.org/news/2022/04/12/valley-fever-research-funding-first-15-years/"
  },
  {
    "text": "A national epicenter for Valley fever infections, Arizona gets first major state funding boost in 15 years",
    "url": "https://azcir.org/news/2022/04/12/valley-fever-research-funding-first-15-years/"
  },
  {
    "text": "Maria Polletta",
    "url": "https://azcir.org/news/author/mpolletta/"
  },
  {
    "text": "\n\t\t\t\t\t\t\t\t\t\t\t\t\t\t\t\t\t",
    "url": "https://azcir.org/news/2022/03/08/safety-violations-arizona-dialysis-clinics-patient-risk/"
  },
  {
    "text": "Repeat safety violations, critical resource shortages put Arizona dialysis patients at heightened risk",
    "url": "https://azcir.org/news/2022/03/08/safety-violations-arizona-dialysis-clinics-patient-risk/"
  },
  {
    "text": "Shaena Montanari",
    "url": "https://azcir.org/news/author/smontanari/"
  },
  {
    "text": "\n\t\t\t\t\t\t\t\t\t\t\t\t\t\t\t\t\t",
    "url": "https://azcir.org/news/2021/11/16/patient-deaths-at-arizona-state-hospital-raise-questions-about-staffing-levels-lack-of-oversight/"
  },
  {
    "text": "Patient deaths at Arizona State Hospital raise questions about staffing levels, lack of oversight",
    "url": "https://azcir.org/news/2021/11/16/patient-deaths-at-arizona-state-hospital-raise-questions-about-staffing-levels-lack-of-oversight/"
  },
  {
    "text": "Amy Silverman",
    "url": "https://azcir.org/news/author/asilverman/"
  },
  {
    "text": "A Place That Should Know Better",
    "url": "https://azcir.org/a-place-that-should-know-better/"
  },
  {
    "text": "Amy Silverman",
    "url": "https://azcir.org/news/author/asilverman/"
  },
  {
    "text": "\n\t\t\t\t\t\t\t\t\t\t\t\t\t\t\t\t\t",
    "url": "https://azcir.org/news/2021/10/19/crisis-in-mental-health-care-arnold-v-sarn/"
  },
  {
    "text": "A place that should know better",
    "url": "https://azcir.org/news/2021/10/19/crisis-in-mental-health-care-arnold-v-sarn/"
  },
  {
    "text": "\n\t\t\t\t\tREAD MORE\t\t\t\t",
    "url": "https://azcir.org/news/2021/10/19/crisis-in-mental-health-care-arnold-v-sarn/"
  },
  {
    "text": "\n\t\t\t\t\t\t\t\t\t\t\t\t\t\t\t\t\t",
    "url": "https://azcir.org/news/2021/10/19/schizophrenia-upends-life-of-accomplished-academic/"
  },
  {
    "text": "Schizophrenia upends life of accomplished academic",
    "url": "https://azcir.org/news/2021/10/19/schizophrenia-upends-life-of-accomplished-academic/"
  },
  {
    "text": "\n\t\t\t\t\tREAD MORE\t\t\t\t",
    "url": "https://azcir.org/news/2021/10/19/schizophrenia-upends-life-of-accomplished-academic/"
  },
  {
    "text": "\n\t\t\t\t\t\t\t\t\t\t\t\t\t\t\t\t\t",
    "url": "https://azcir.org/news/2021/10/20/40-years-later-arnold-v-sarn-legacy-lives-on/"
  },
  {
    "text": "Forty years later, legacy of Arnold v. Sarn lives on",
    "url": "https://azcir.org/news/2021/10/20/40-years-later-arnold-v-sarn-legacy-lives-on/"
  },
  {
    "text": "\n\t\t\t\t\tREAD MORE\t\t\t\t",
    "url": "https://azcir.org/news/2021/10/20/40-years-later-arnold-v-sarn-legacy-lives-on/"
  },
  {
    "text": "\n\t\t\t\t\t\t\t\t\t\t\t\t\t\t\t\t\t",
    "url": "https://azcir.org/news/2021/10/21/grievances-reforms-arizona-state-hospital/"
  },
  {
    "text": "Patients file grievances, experts want reforms at Arizona State Hospital",
    "url": "https://azcir.org/news/2021/10/21/grievances-reforms-arizona-state-hospital/"
  },
  {
    "text": "\n\t\t\t\t\tREAD MORE\t\t\t\t",
    "url": "https://azcir.org/news/2021/10/21/grievances-reforms-arizona-state-hospital/"
  },
  {
    "text": "\n\t\t\t\t\t\t\t\t\t\t\t\t\t\t\t\t\t",
    "url": "https://azcir.org/news/2021/10/22/unlicensed-unregulated-boarding-homes-jeopardize-community-living/"
  },
  {
    "text": "Unsafe housing jeopardizes success of community living for chronically mentally ill",
    "url": "https://azcir.org/news/2021/10/22/unlicensed-unregulated-boarding-homes-jeopardize-community-living/"
  },
  {
    "text": "\n\t\t\t\t\tREAD MORE\t\t\t\t",
    "url": "https://azcir.org/news/2021/10/22/unlicensed-unregulated-boarding-homes-jeopardize-community-living/"
  },
  {
    "text": "\n\t\t\t\t\t\t\t\t\t\t\t\t\t\t\t\t\t",
    "url": "https://azcir.org/news/2021/11/16/patient-deaths-at-arizona-state-hospital-raise-questions-about-staffing-levels-lack-of-oversight/"
  },
  {
    "text": "Patient deaths at Arizona State Hospital raise questions about staffing levels, lack of oversight",
    "url": "https://azcir.org/news/2021/11/16/patient-deaths-at-arizona-state-hospital-raise-questions-about-staffing-levels-lack-of-oversight/"
  },
  {
    "text": "\n\t\t\t\t\tREAD MORE\t\t\t\t",
    "url": "https://azcir.org/news/2021/11/16/patient-deaths-at-arizona-state-hospital-raise-questions-about-staffing-levels-lack-of-oversight/"
  },
  {
    "text": "EDUCATION",
    "url": "https://azcir.org/elections/"
  },
  {
    "text": "\n\t\t\t\t\t\t\t\t\t\t\t\t\t\t\t\t\t",
    "url": "https://azcir.org/news/2021/12/03/report-child-care-woes-cost-arizona-economy-billions/"
  },
  {
    "text": "Report: Child care woes cost Arizona economy $1.8 billion a year",
    "url": "https://azcir.org/news/2021/12/03/report-child-care-woes-cost-arizona-economy-billions/"
  },
  {
    "text": "Maria Polletta",
    "url": "https://azcir.org/news/author/mpolletta/"
  },
  {
    "text": "\n\t\t\t\t\t\t\t\t\t\t\t\t\t\t\t\t\t",
    "url": "https://azcir.org/news/2021/11/04/fragile-arizona-child-care-system-faces-decade-neglect/"
  },
  {
    "text": "State leaders\u2019 decade of neglect imperiled fragile child care system. The pandemic nearly made it collapse.",
    "url": "https://azcir.org/news/2021/11/04/fragile-arizona-child-care-system-faces-decade-neglect/"
  },
  {
    "text": "Maria Polletta",
    "url": "https://azcir.org/news/author/mpolletta/"
  },
  {
    "text": "\n\t\t\t\t\t\t\t\t\t\t\t\t\t\t\t\t\t",
    "url": "https://azcir.org/news/2021/08/31/arizona-school-covid-surges-data-lacking/"
  },
  {
    "text": "Public information lacking as COVID-19 surges in Arizona classrooms",
    "url": "https://azcir.org/news/2021/08/31/arizona-school-covid-surges-data-lacking/"
  },
  {
    "text": "Maria Polletta",
    "url": "https://azcir.org/news/author/mpolletta/"
  },
  {
    "text": "Shaena Montanari",
    "url": "https://azcir.org/news/author/smontanari/"
  },
  {
    "text": "\n\t\t\t\t\t\t\t\t\t\t\t\t\t\t\t\t\t",
    "url": "https://azcir.org/news/2021/08/17/help-azcir-track-covid-outbreaks-arizona-schools/"
  },
  {
    "text": "Outbreaks, quarantines and closures: Help AZCIR track COVID-19 in Arizona schools",
    "url": "https://azcir.org/news/2021/08/17/help-azcir-track-covid-outbreaks-arizona-schools/"
  },
  {
    "text": "Maria Polletta",
    "url": "https://azcir.org/news/author/mpolletta/"
  },
  {
    "text": "Shaena Montanari",
    "url": "https://azcir.org/news/author/smontanari/"
  },
  {
    "text": "Elections",
    "url": "https://azcir.org/elections/"
  },
  {
    "text": "\n\t\t\t\t\t\t\t\t\t\t\t\t\t\t\t\t\t",
    "url": "https://azcir.org/news/2020/12/21/state-county-policies-impact-rejected-votes-november-election/"
  },
  {
    "text": "State, county policies impact rejected ballot rates in November election",
    "url": "https://azcir.org/news/2020/12/21/state-county-policies-impact-rejected-votes-november-election/"
  },
  {
    "text": "Sam Kmack",
    "url": "https://azcir.org/news/author/skmack/"
  },
  {
    "text": "\n\t\t\t\t\t\t\t\t\t\t\t\t\t\t\t\t\t",
    "url": "https://azcir.org/news/2020/10/23/history-of-rejected-arizona-ballots-creates-further-election-uncertainty/"
  },
  {
    "text": "History of rejected Arizona ballots creates further election uncertainty",
    "url": "https://azcir.org/news/2020/10/23/history-of-rejected-arizona-ballots-creates-further-election-uncertainty/"
  },
  {
    "text": "Sam Kmack",
    "url": "https://azcir.org/news/author/skmack/"
  },
  {
    "text": "\n\t\t\t\t\t\t\t\t\t\t\t\t\t\t\t\t\t",
    "url": "https://azcir.org/news/2020/10/23/arizona-rejected-ballots-2020-data-methodology/"
  },
  {
    "text": "Arizona rejected ballots: How AZCIR crunched the numbers",
    "url": "https://azcir.org/news/2020/10/23/arizona-rejected-ballots-2020-data-methodology/"
  },
  {
    "text": "Sam Kmack",
    "url": "https://azcir.org/news/author/skmack/"
  },
  {
    "text": "\n\t\t\t\t\t\t\t\t\t\t\t\t\t\t\t\t\t",
    "url": "https://azcir.org/news/2018/04/03/az-candidate-larry-herrera-claims-support-of-dead-voters-in-attempt-to-get-public-campaign-funding/"
  },
  {
    "text": "Candidate claims support of dead voters in attempt to get public campaign funding",
    "url": "https://azcir.org/news/2018/04/03/az-candidate-larry-herrera-claims-support-of-dead-voters-in-attempt-to-get-public-campaign-funding/"
  },
  {
    "text": "Evan Wyloge",
    "url": "https://azcir.org/news/author/evanwyloge/"
  },
  {
    "text": "Coronavirus",
    "url": "https://azcir.org/coronavirus/"
  },
  {
    "text": "\n\t\t\t\t\t\t\t\t\t\t\t\t\t\t\t\t\t",
    "url": "https://azcir.org/news/2021/02/05/ivermectin-controversial-covid-treatment/"
  },
  {
    "text": "Arizona doctors wary of controversial ivermectin treatment for COVID-19",
    "url": "https://azcir.org/news/2021/02/05/ivermectin-controversial-covid-treatment/"
  },
  {
    "text": "Terry Greene Sterling",
    "url": "https://azcir.org/news/author/terrygreenesterling/"
  },
  {
    "text": "\n\t\t\t\t\t\t\t\t\t\t\t\t\t\t\t\t\t",
    "url": "https://azcir.org/news/2020/05/08/covid19-cases-surge-arizona-jail-us-marshals/"
  },
  {
    "text": "COVID-19 cases grow at Arizona jail with largest concentration of U.S. Marshals detainees in nation",
    "url": "https://azcir.org/news/2020/05/08/covid19-cases-surge-arizona-jail-us-marshals/"
  },
  {
    "text": "Jude Joffe-Block",
    "url": "https://azcir.org/news/author/judejoffeblock/"
  },
  {
    "text": "\n\t\t\t\t\t\t\t\t\t\t\t\t\t\t\t\t\t",
    "url": "https://azcir.org/news/2020/04/27/coronavirus-cases-surge-american-airlines-sky-harbor/"
  },
  {
    "text": "COVID-19 cases surge among American Airlines ramp employees at Sky Harbor",
    "url": "https://azcir.org/news/2020/04/27/coronavirus-cases-surge-american-airlines-sky-harbor/"
  },
  {
    "text": "Brandon Quester",
    "url": "https://azcir.org/news/author/brandon/"
  },
  {
    "text": "Jude Joffe-Block",
    "url": "https://azcir.org/news/author/judejoffeblock/"
  },
  {
    "text": "\n\t\t\t\t\t\t\t\t\t\t\t\t\t\t\t\t\t",
    "url": "https://azcir.org/news/2020/04/16/arizona-detention-cases-increase/"
  },
  {
    "text": "La Palma cases increase after ICE assured judge of no suspected cases",
    "url": "https://azcir.org/news/2020/04/16/arizona-detention-cases-increase/"
  },
  {
    "text": "Jude Joffe-Block",
    "url": "https://azcir.org/news/author/judejoffeblock/"
  },
  {
    "text": "Valeria Fern\u00e1ndez",
    "url": "https://azcir.org/news/author/valfernandez/"
  },
  {
    "text": "\n\t\t\t\t\t\t\t\t\t\t\t\t\t\t\t\t\t",
    "url": "https://azcir.org/news/2021/09/28/arizona-leads-nation-valley-fever-expert-calls-disease-of-color/"
  },
  {
    "text": "Arizona leads nation in Valley fever infections\u2014a \u201cdisease of color\u201d",
    "url": "https://azcir.org/news/2021/09/28/arizona-leads-nation-valley-fever-expert-calls-disease-of-color/"
  },
  {
    "text": "Shaena Montanari",
    "url": "https://azcir.org/news/author/smontanari/"
  },
  {
    "text": "\n\t\t\t\t\t\t\t\t\t\t\t\t\t\t\t\t\t",
    "url": "https://azcir.org/news/2021/09/28/valley-fever-ecology-unknown-fungus-expanding-throughout-west/"
  },
  {
    "text": "Scientists work to unravel fungus ecology as Valley fever expands throughout West",
    "url": "https://azcir.org/news/2021/09/28/valley-fever-ecology-unknown-fungus-expanding-throughout-west/"
  },
  {
    "text": "Shaena Montanari",
    "url": "https://azcir.org/news/author/smontanari/"
  },
  {
    "text": "\n\t\t\t\t\t\t\t\t\t\t\t\t\t\t\t\t\t",
    "url": "https://azcir.org/news/2018/08/02/despite-2016-law-salt-river-horses-remain-unmanaged/"
  },
  {
    "text": "Despite 2016 law, Salt River horses remain unmanaged",
    "url": "https://azcir.org/news/2018/08/02/despite-2016-law-salt-river-horses-remain-unmanaged/"
  },
  {
    "text": "Joseph Postiglione",
    "url": "https://azcir.org/news/author/josephpostiglione/"
  },
  {
    "text": "\n\t\t\t\t\t\t\t\t\t\t\t\t\t\t\t\t\t",
    "url": "https://azcir.org/news/2018/01/12/trump-border-wall-threatens-delicate-wildlife-habitat/"
  },
  {
    "text": "Border wall proposal threatens delicate wildlife habitats",
    "url": "https://azcir.org/news/2018/01/12/trump-border-wall-threatens-delicate-wildlife-habitat/"
  },
  {
    "text": "Megan Janetsky",
    "url": "https://azcir.org/news/author/meganjanetsky/"
  },
  {
    "text": "Law enforcement",
    "url": "https://azcir.org/law-enforcement/"
  },
  {
    "text": "\n\t\t\t\t\t\t\t\t\t\t\t\t\t\t\t\t\t",
    "url": "https://azcir.org/news/2018/04/12/few-joe-arpaio-immigrant-victims-claim-unlawful-detention-compensation/"
  },
  {
    "text": "Few Joe Arpaio immigrant victims claim unlawful detention compensation",
    "url": "https://azcir.org/news/2018/04/12/few-joe-arpaio-immigrant-victims-claim-unlawful-detention-compensation/"
  },
  {
    "text": "Jude Joffe-Block",
    "url": "https://azcir.org/news/author/judejoffeblock/"
  },
  {
    "text": "Terry Greene Sterling",
    "url": "https://azcir.org/news/author/terrygreenesterling/"
  },
  {
    "text": "\n\t\t\t\t\t\t\t\t\t\t\t\t\t\t\t\t\t",
    "url": "https://azcir.org/news/2017/08/08/arizona-police-law-enforcement-say-rico-asset-seizure-forfeiture-reforms-change-little-az/"
  },
  {
    "text": "Law enforcement predicts seizures won\u2019t be curbed by new reforms",
    "url": "https://azcir.org/news/2017/08/08/arizona-police-law-enforcement-say-rico-asset-seizure-forfeiture-reforms-change-little-az/"
  },
  {
    "text": "Agnel Philip",
    "url": "https://azcir.org/news/author/agnelphilip/"
  },
  {
    "text": "\n\t\t\t\t\t\t\t\t\t\t\t\t\t\t\t\t\t",
    "url": "https://azcir.org/news/2017/02/13/az-legislature-rico-civil-asset-forfeiture-seizure-reforms/"
  },
  {
    "text": "Legislature taking up major civil asset forfeiture reforms",
    "url": "https://azcir.org/news/2017/02/13/az-legislature-rico-civil-asset-forfeiture-seizure-reforms/"
  },
  {
    "text": "Jim Small",
    "url": "https://azcir.org/news/author/jimsmall/"
  },
  {
    "text": "\n\t\t\t\t\t\t\t\t\t\t\t\t\t\t\t\t\t",
    "url": "https://azcir.org/news/2017/01/10/arizona-asset-rico-seizures-net-200m-in-past-five-years/"
  },
  {
    "text": "Arizona asset seizures net $200M in past five years",
    "url": "https://azcir.org/news/2017/01/10/arizona-asset-rico-seizures-net-200m-in-past-five-years/"
  },
  {
    "text": "Emily Mahoney",
    "url": "https://azcir.org/news/author/emahoney/"
  },
  {
    "text": "Agnel Philip",
    "url": "https://azcir.org/news/author/agnelphilip/"
  },
  {
    "text": "SUPPORT AZCIR WORK",
    "url": "https://azcir.org/donate/"
  },
  {
    "text": "USE AZCIR CONTENT",
    "url": "https://azcir.org/content/"
  },
  {
    "text": "WORK WITH AZCIR",
    "url": "https://azcir.org/work-with-us/"
  },
  {
    "text": "GET AZCIR UPDATES",
    "url": "https://azcir.org/newsletter/"
  },
  {
    "text": "\n\t\t\t\t\t\t\t\t\t",
    "url": "https://azcir.org/"
  },
  {
    "text": "Twitter",
    "url": "https://twitter.com/arizcir"
  },
  {
    "text": "Facebook",
    "url": "https://www.facebook.com/azcir"
  },
  {
    "text": "Instagram",
    "url": "https://www.instagram.com/arizcir/"
  },
  {
    "text": "RSS Feed",
    "url": "https://azcir.org/feed"
  },
  {
    "text": "LEARN MORE \u00bb",
    "url": "https://azcir.org/about/"
  },
  {
    "text": "DONATE",
    "url": "/donate"
  },
  {
    "text": "NEWSLETTER",
    "url": "/newsletter"
  },
  {
    "text": "\n\t\t\t\t\tProudly powered by Newspack by Automattic\t\t\t\t",
    "url": "https://newspack.pub/"
  },
  {
    "text": "Privacy Policy",
    "url": "https://azcir.org/privacy-policy/"
  }
]