[
  {
    "text": "Donate",
    "url": "/donate"
  },
  {
    "text": "Cultura",
    "url": "/categories/cultura"
  },
  {
    "text": "Community News",
    "url": "/categories/community"
  },
  {
    "text": "Events",
    "url": "/categories/events"
  },
  {
    "text": "Tu Voz",
    "url": "/categories/tu-voz"
  },
  {
    "text": "About Us",
    "url": "/about"
  },
  {
    "text": "Cultura",
    "url": "/categories/cultura"
  },
  {
    "text": "How Puerto Rican Cultural Center helped put island's cultura on Central Texas map",
    "url": "/articles/cultura/pr25"
  },
  {
    "text": "Nancy Flores",
    "url": "/authors/nancy-flores"
  },
  {
    "text": "Community News",
    "url": "/categories/community"
  },
  {
    "text": "How to Help: Uvalde shooting victims, survivors, families still need support",
    "url": "/articles/community/uvaldehowtohelp"
  },
  {
    "text": "Nancy Flores",
    "url": "/authors/nancy-flores"
  },
  {
    "text": "Cultura",
    "url": "/categories/cultura"
  },
  {
    "text": "Welcome to Austin Vida - Est\u00e1s en tu casa",
    "url": "/articles/cultura/welcomepage"
  },
  {
    "text": "Who's behind Austin Vida? Learn more here.",
    "url": "/about"
  },
  {
    "text": "Donate",
    "url": "/donate"
  },
  {
    "text": "Events",
    "url": "/categories/events"
  },
  {
    "text": "M\u00e1s Community ",
    "url": "/articles/events/mascommunitymay2022"
  },
  {
    "text": "",
    "url": "/articles/events/mascommunitymay2022"
  },
  {
    "text": "Cultura",
    "url": "/categories/cultura"
  },
  {
    "text": "Where to celebrate Selena's birthday in Austin",
    "url": "/articles/cultura/selenabirthday2022"
  },
  {
    "text": "Nancy Flores",
    "url": "/authors/nancy-flores"
  },
  {
    "text": "",
    "url": "/articles/cultura/selenabirthday2022"
  },
  {
    "text": "Community News",
    "url": "/categories/community"
  },
  {
    "text": "Lessons of resilience from C\u00e9sar Ch\u00e1vez march  ",
    "url": "/articles/community/cesarchavez"
  },
  {
    "text": "Nancy Flores",
    "url": "/authors/nancy-flores"
  },
  {
    "text": "",
    "url": "/articles/community/cesarchavez"
  },
  {
    "text": "Cultura",
    "url": "/categories/cultura"
  },
  {
    "text": "5 SXSW Artists to Boost Your Playlist",
    "url": "/articles/cultura/5sxswbands"
  },
  {
    "text": "Nancy Flores",
    "url": "/authors/nancy-flores"
  },
  {
    "text": "",
    "url": "/articles/cultura/5sxswbands"
  },
  {
    "text": "Cultura",
    "url": "/categories/cultura"
  },
  {
    "text": "5 Mujeres Who Rocked SXSW ",
    "url": "/articles/cultura/5-mujeres-who-rocked-sxsw"
  },
  {
    "text": "Nancy Flores",
    "url": "/authors/nancy-flores"
  },
  {
    "text": "",
    "url": "/articles/cultura/5-mujeres-who-rocked-sxsw"
  },
  {
    "text": "Cultura",
    "url": "/categories/cultura"
  },
  {
    "text": " 3 SXSW Docs Para El Alma",
    "url": "/articles/cultura/sxswfilms2022"
  },
  {
    "text": "Nancy Flores",
    "url": "/authors/nancy-flores"
  },
  {
    "text": "",
    "url": "/articles/cultura/sxswfilms2022"
  },
  {
    "text": "Tu Voz",
    "url": "/categories/tu-voz"
  },
  {
    "text": "Tu Voz",
    "url": "/articles/tu-voz/tuvoz"
  },
  {
    "text": "Austin  Vida staff",
    "url": "/authors/austin-vida-staff"
  },
  {
    "text": "",
    "url": "/articles/tu-voz/tuvoz"
  },
  {
    "text": "Events",
    "url": "/categories/events"
  },
  {
    "text": "Austin Vida Cultura Guides",
    "url": "/articles/events/austin-vida-cultura-guides"
  },
  {
    "text": "",
    "url": "/articles/events/austin-vida-cultura-guides"
  },
  {
    "text": "Community News",
    "url": "/categories/community"
  },
  {
    "text": "S\u00ed Se Puede",
    "url": "/articles/community/sisepuede"
  },
  {
    "text": "",
    "url": "/articles/community/sisepuede"
  },
  {
    "text": "Events",
    "url": "/categories/events"
  },
  {
    "text": "M\u00e1s Community",
    "url": "/articles/events/mas-community"
  },
  {
    "text": "",
    "url": "/articles/events/mas-community"
  },
  {
    "text": "info@austinvida.com",
    "url": "mailto:info@austinvida.com"
  },
  {
    "text": "Read past editions",
    "url": "/newsletters"
  },
  {
    "text": "All stories \u2192",
    "url": "/articles/archive/1"
  },
  {
    "text": "",
    "url": "https://www.facebook.com/austinvida"
  },
  {
    "text": "",
    "url": "https://twitter.com/home"
  },
  {
    "text": "",
    "url": "https://www.instagram.com/austinvida/"
  },
  {
    "text": "Tiny News Collective",
    "url": "https://tinynewsco.org"
  },
  {
    "text": "privacy policy",
    "url": "https://tinynewsco.org/member-privacy"
  },
  {
    "text": "DMCA policy",
    "url": "https://tinynewsco.org/dmca"
  }
]