[
  {
    "text": "Press \"Enter\" to skip to content",
    "url": "#main"
  },
  {
    "text": "Donate Now",
    "url": "/donate/"
  },
  {
    "text": "",
    "url": "#"
  },
  {
    "text": "\n\t\t\t\t\t\t\n\t\t\t\t\t",
    "url": "http://twitter.com/avlwatchdog"
  },
  {
    "text": "\n\t\t\t\t\t\t\n\t\t\t\t\t",
    "url": "https://www.facebook.com/avlwatchdog/"
  },
  {
    "text": "\n\t\t\t\t\t\t\n\t\t\t\t\t",
    "url": "mailto:bark@avlwatchdog.org"
  },
  {
    "text": "",
    "url": "https://avlwatchdog.org/"
  },
  {
    "text": " Back",
    "url": "#"
  },
  {
    "text": "Home",
    "url": "https://avlwatchdog.org/"
  },
  {
    "text": "About Us",
    "url": "#"
  },
  {
    "text": "About The Watchdog",
    "url": "https://avlwatchdog.org/about-the-watchdog/"
  },
  {
    "text": "About The Team",
    "url": "https://avlwatchdog.org/about-the-staff/"
  },
  {
    "text": "About Our Policies",
    "url": "https://avlwatchdog.org/about-our-policies/"
  },
  {
    "text": "Volunteer Opportunities",
    "url": "https://avlwatchdog.org/volunteer-opportunities/"
  },
  {
    "text": "Contact Us",
    "url": "https://avlwatchdog.org/contact/"
  },
  {
    "text": "Got a Tip?",
    "url": "https://avlwatchdog.org/tip-line/"
  },
  {
    "text": "Are You an Expert?",
    "url": "https://avlwatchdog.org/expert-submission/"
  },
  {
    "text": "Sign Up Here for Watchdog News Alerts",
    "url": "https://avlwatchdog.org/subscribe-for-alerts/"
  },
  {
    "text": "Donate",
    "url": "https://avlwatchdog.org/donate/"
  },
  {
    "text": "READ MORE",
    "url": ""
  },
  {
    "text": "READ MORE",
    "url": ""
  },
  {
    "text": "Brevard Newsbeat",
    "url": "https://brevardnewsbeat.substack.com/"
  },
  {
    "text": "READ MORE",
    "url": ""
  },
  {
    "text": "Brevard Newsbeat",
    "url": "https://brevardnewsbeat.substack.com/"
  },
  {
    "text": "brevardnewsbeat@gmail.com",
    "url": "mailto:brevardnewsbeat@gmail.com"
  },
  {
    "text": "READ MORE",
    "url": ""
  },
  {
    "text": "READ MORE",
    "url": ""
  },
  {
    "text": "letter",
    "url": "https://www.scribd.com/document/567469487/NC-DOJ-Letter-to-HCA-16-March-2022"
  },
  {
    "text": "READ MORE",
    "url": ""
  },
  {
    "text": "letter",
    "url": "https://www.scribd.com/document/567469487/NC-DOJ-Letter-to-HCA-16-March-2022"
  },
  {
    "text": "letter",
    "url": "https://www.scribd.com/document/567585954/Letter-from-Mission-Health-to-AAG-Walters-March-30-2022"
  },
  {
    "text": "a legal brief",
    "url": "https://ncdoj.gov/wp-content/uploads/2022/03/Davis-v.-HCA-Amicus.pdf"
  },
  {
    "text": "READ MORE",
    "url": ""
  },
  {
    "text": "House Resolution 937",
    "url": "https://www.congress.gov/bill/117th-congress/house-resolution/937/text?r=1&s=1"
  },
  {
    "text": "READ MORE",
    "url": ""
  },
  {
    "text": "alleging ",
    "url": "https://www.washingtonpost.com/lifestyle/style/rudy-giuliani-press-conference-trump-election/2020/11/19/9192f928-2a9d-11eb-92b7-6ef17b3fe3b4_story.html?itid=lk_inline_manual_26"
  },
  {
    "text": "according to The Washington Post",
    "url": "https://www.washingtonpost.com/investigations/sidney-powell-defending-republic-donations/2021/12/06/61bdb004-53ef-11ec-8769-2f4ecdf7a2ad_story.html"
  },
  {
    "text": "Politico reported",
    "url": "https://www.politico.com/news/2021/08/31/trump-kraken-sidney-powell-washington-507879"
  },
  {
    "text": "READ MORE",
    "url": ""
  },
  {
    "text": "READ MORE",
    "url": ""
  },
  {
    "text": "Los Angeles Dodgers",
    "url": "https://www.espn.com/mlb/team/_/name/lad/los-angeles-dodgers"
  },
  {
    "text": "St.",
    "url": "https://www.espn.com/mlb/team/_/name/stl/st-louis-cardinals"
  },
  {
    "text": "READ MORE",
    "url": ""
  },
  {
    "text": "Los Angeles Dodgers",
    "url": "https://www.espn.com/mlb/team/_/name/lad/los-angeles-dodgers"
  },
  {
    "text": "St. Louis Cardinals",
    "url": "https://www.espn.com/mlb/team/_/name/stl/st-louis-cardinals"
  },
  {
    "text": "READ MORE",
    "url": ""
  },
  {
    "text": "READ MORE",
    "url": ""
  },
  {
    "text": "READ MORE",
    "url": ""
  },
  {
    "text": "READ MORE",
    "url": ""
  },
  {
    "text": "the amicus brief",
    "url": "https://oag.ca.gov/system/files/attachments/press-docs/2021.11.05%20Filed%20States%20Amicus%20Brief%20FTC%20v.%20Hackensack%20Meridian%20Health%20and%20Englewood%20Healthcare%20Foundation.pdf"
  },
  {
    "text": "quality of care",
    "url": "https://avlwatchdog.org/quality-of-care-concerns-rise-at-mission-hospital/"
  },
  {
    "text": "READ MORE",
    "url": ""
  },
  {
    "text": "READ MORE",
    "url": ""
  },
  {
    "text": "Best and Worst States to Work in America 2021",
    "url": "https://www.oxfamamerica.org/explore/stories/best-and-worst-states-to-work-in-america-2021/"
  },
  {
    "text": "READ MORE",
    "url": ""
  },
  {
    "text": "Best and Worst States to Work in America 2021",
    "url": "https://www.oxfamamerica.org/explore/stories/best-and-worst-states-to-work-in-america-2021/"
  },
  {
    "text": "Just Economics",
    "url": "https://www.justeconomicswnc.org/2021-buncombe-county-living-wage-update/"
  },
  {
    "text": "Universal Living Wage Formula",
    "url": "http://www.universallivingwage.org/formula.html"
  },
  {
    "text": "Redfin",
    "url": "https://www.redfin.com/city/555/NC/Asheville/housing-market"
  },
  {
    "text": "New York Times",
    "url": "https://www.nytimes.com/2021/09/01/us/politics/mccarthy-capitol-riot.html"
  },
  {
    "text": "READ MORE",
    "url": ""
  },
  {
    "text": "New York Times",
    "url": "https://www.nytimes.com/2021/09/01/us/politics/mccarthy-capitol-riot.html"
  },
  {
    "text": "called a right-wing radio show",
    "url": "https://avlwatchdog.org/cawthorn-capitol-mob-paid-by-democrats/"
  },
  {
    "text": "provocative and misleading statements",
    "url": "https://avlwatchdog.org/its-going-to-lead-to-one-place-bloodshed-what-madison-cawthorn-said-to-supporters/"
  },
  {
    "text": "READ MORE",
    "url": ""
  },
  {
    "text": "according to a memo",
    "url": "https://www.scribd.com/document/521379996/Staff-Memo-Pardee-Requires-Vaccines-for-Team-Members-by-Nov-12-082321"
  },
  {
    "text": "READ MORE",
    "url": ""
  },
  {
    "text": "according to a memo",
    "url": "https://www.scribd.com/document/521379996/Staff-Memo-Pardee-Requires-Vaccines-for-Team-Members-by-Nov-12-082321"
  },
  {
    "text": "READ MORE",
    "url": ""
  },
  {
    "text": "87-page lawsuit",
    "url": "https://www.scribd.com/document/519637682/HCA-Complaint-Filed-10-Aug-2021"
  },
  {
    "text": "first reported",
    "url": "https://avlwatchdog.org/a-done-deal-how-mission-health-wooed-hca/"
  },
  {
    "text": "READ MORE",
    "url": ""
  },
  {
    "text": "READ MORE",
    "url": ""
  },
  {
    "text": "READ MORE",
    "url": ""
  },
  {
    "text": "interview",
    "url": "https://www.washingtonexaminer.com/policy/defense-national-security/trump-confederacy-monument-nostalgia-clashes-with-younger-conservative-views"
  },
  {
    "text": "View all Barks",
    "url": "/barks/"
  },
  {
    "text": "July 4 Explosives Suspect in Court",
    "url": "https://avlwatchdog.org/july-4-explosives-suspect-in-court/"
  },
  {
    "text": "July 4 Explosives Suspect in Court",
    "url": "https://avlwatchdog.org/wp-content/uploads/2022/07/DOG-FUR-Fugate-4Jul.jpg"
  },
  {
    "text": " Asheville Watchdog",
    "url": "http://www.avlwatchdog.org/"
  },
  {
    "text": " quarter stick",
    "url": "https://www.atf.gov/explosives/illegal-explosives"
  },
  {
    "text": " previously reported",
    "url": "https://avlwatchdog.org/was-it-just-a-fireworks-prank-or-was-a-possible-tragedy-averted/"
  },
  {
    "text": "READ MORE",
    "url": ""
  },
  {
    "text": "Continue readingJuly 4 Explosives Suspect in Court",
    "url": "https://avlwatchdog.org/july-4-explosives-suspect-in-court/"
  },
  {
    "text": "Want more of this kind of dogged reporting? Please donate now!",
    "url": "/donate/"
  },
  {
    "text": "Was It Just a Fireworks Prank? Or Was a Possible Tragedy Averted?",
    "url": "https://avlwatchdog.org/was-it-just-a-fireworks-prank-or-was-a-possible-tragedy-averted/"
  },
  {
    "text": "Was It Just a Fireworks Prank? Or Was a Possible Tragedy Averted?",
    "url": "https://avlwatchdog.org/wp-content/uploads/2022/07/DOG-FUR-U-talkin-1.jpg"
  },
  {
    "text": " Asheville Watchdog",
    "url": "http://www.avlwatchdog.org/"
  },
  {
    "text": " \u201cquarter stick\u201d",
    "url": "https://www.atf.gov/explosives/illegal-explosives"
  },
  {
    "text": "court records",
    "url": "https://avlwatchdog.org/wp-content/uploads/2022/07/Small-bond-motion.pdf"
  },
  {
    "text": "READ MORE",
    "url": ""
  },
  {
    "text": "Continue readingWas It Just a Fireworks Prank? Or Was a Possible Tragedy Averted?",
    "url": "https://avlwatchdog.org/was-it-just-a-fireworks-prank-or-was-a-possible-tragedy-averted/"
  },
  {
    "text": "In their own words: Members of Reparations Commission describe systemic racism in Asheville",
    "url": "https://avlwatchdog.org/in-their-own-words-members-of-reparations-commission-describe-systemic-racism-in-asheville/"
  },
  {
    "text": "In their own words: Members of Reparations Commission describe systemic racism in Asheville",
    "url": "https://avlwatchdog.org/wp-content/uploads/2022/07/DOG-Reparations-scaled.jpg"
  },
  {
    "text": "READ MORE",
    "url": ""
  },
  {
    "text": "Continue readingIn their own words: Members of Reparations Commission describe systemic racism in Asheville",
    "url": "https://avlwatchdog.org/in-their-own-words-members-of-reparations-commission-describe-systemic-racism-in-asheville/"
  },
  {
    "text": "Asheville Watchdog Wins Three North Carolina Press Association Awards",
    "url": "https://avlwatchdog.org/asheville-watchdog-wins-three-north-carolina-press-association-awards/"
  },
  {
    "text": "Equity Erased",
    "url": "https://avlwatchdog.org/real-estate-deals-strip-elderly-poor-of-homes-land-and-inheritances/"
  },
  {
    "text": "Continue readingAsheville Watchdog Wins Three North Carolina Press Association Awards",
    "url": "https://avlwatchdog.org/asheville-watchdog-wins-three-north-carolina-press-association-awards/"
  },
  {
    "text": "Asheville Lawyer Arrested, Charged With Felonies in Real Estate Deals",
    "url": "https://avlwatchdog.org/asheville-lawyer-arrested-charged-with-felonies-in-real-estate-deals/"
  },
  {
    "text": "Asheville Lawyer Arrested, Charged With Felonies in Real Estate Deals",
    "url": "https://avlwatchdog.org/wp-content/uploads/2022/06/Screen-Shot-2022-06-15-at-1.00.31-PM.png"
  },
  {
    "text": "Arrest warrants",
    "url": "https://avlwatchdog.org/wp-content/uploads/2022/06/Adaramola-arrest-warrant.pdf"
  },
  {
    "text": "six counts",
    "url": "https://www.ncleg.gov/EnactedLegislation/Statutes/PDF/BySection/Chapter_10B/GS_10B-60.pdf"
  },
  {
    "text": "24 months",
    "url": "https://www.nccourts.gov/assets/documents/publications/Sample-list-2017.pdf"
  },
  {
    "text": "sentencing guidelines",
    "url": "https://www.lawsmith.net/blog/2017/12/structured-sentencing-north-carolina-much-time-looking/"
  },
  {
    "text": "READ MORE",
    "url": ""
  },
  {
    "text": "Continue readingAsheville Lawyer Arrested, Charged With Felonies in Real Estate Deals",
    "url": "https://avlwatchdog.org/asheville-lawyer-arrested-charged-with-felonies-in-real-estate-deals/"
  },
  {
    "text": "Buncombe Lawyers, Others Accused of Fraud",
    "url": "https://avlwatchdog.org/buncombe-lawyers-others-accused-of-fraud/"
  },
  {
    "text": "Buncombe Lawyers, Others Accused of Fraud",
    "url": "https://avlwatchdog.org/wp-content/uploads/2022/06/court-2-scaled.jpg"
  },
  {
    "text": "The complaint",
    "url": "https://avlwatchdog.org/wp-content/uploads/2022/06/Shroat-complaint.pdf"
  },
  {
    "text": "Equity Erased",
    "url": "https://avlwatchdog.org/category/equity-erased/"
  },
  {
    "text": "READ MORE",
    "url": ""
  },
  {
    "text": "Continue readingBuncombe Lawyers, Others Accused of Fraud",
    "url": "https://avlwatchdog.org/buncombe-lawyers-others-accused-of-fraud/"
  },
  {
    "text": "2 Years in Making, California Reparations Report Offers Ideas For Asheville-Buncombe Commission",
    "url": "https://avlwatchdog.org/2-years-in-making-california-reparations-report-offers-ideas-for-local-commission/"
  },
  {
    "text": "2 Years in Making, California Reparations Report Offers Ideas For Asheville-Buncombe Commission",
    "url": "https://avlwatchdog.org/wp-content/uploads/2022/06/DOG-REP-featured-1.jpg"
  },
  {
    "text": "a landmark 500-page report",
    "url": "https://oag.ca.gov/ab3121/reports?utm_source=Sailthru&utm_medium=email&utm_campaign=Sentences%206/1&utm_term=Sentences"
  },
  {
    "text": "READ MORE",
    "url": ""
  },
  {
    "text": "Continue reading2 Years in Making, California Reparations Report Offers Ideas For Asheville-Buncombe Commission",
    "url": "https://avlwatchdog.org/2-years-in-making-california-reparations-report-offers-ideas-for-local-commission/"
  },
  {
    "text": "An Open Letter to the Asheville Community",
    "url": "https://avlwatchdog.org/an-open-letter-to-the-asheville-community/"
  },
  {
    "text": "reparations process here",
    "url": "https://www.ashevillenc.gov/department/city-clerk/boards-and-commissions/reparations-commission/"
  },
  {
    "text": "Asheville City Council",
    "url": "https://www.ashevillenc.gov/government/meet-city-council/"
  },
  {
    "text": "Buncombe County Commission",
    "url": "https://www.buncombecounty.org/governing/commissioners/"
  },
  {
    "text": "READ MORE",
    "url": ""
  },
  {
    "text": "Continue readingAn Open Letter to the Asheville Community",
    "url": "https://avlwatchdog.org/an-open-letter-to-the-asheville-community/"
  },
  {
    "text": "Hunting for dead dad\u2019s missing money, grieving son finds pain, anger \u2026 and a clue",
    "url": "https://avlwatchdog.org/hunting-for-dead-dads-missing-money-grieving-son-finds-pain-anger-and-a-clue/"
  },
  {
    "text": "Hunting for dead dad\u2019s missing money, grieving son finds pain, anger \u2026 and a clue",
    "url": "https://avlwatchdog.org/wp-content/uploads/2022/05/DOG-Equity-6-Featured.jpg"
  },
  {
    "text": "READ MORE",
    "url": ""
  },
  {
    "text": "Continue readingHunting for dead dad\u2019s missing money, grieving son finds pain, anger \u2026 and a clue",
    "url": "https://avlwatchdog.org/hunting-for-dead-dads-missing-money-grieving-son-finds-pain-anger-and-a-clue/"
  },
  {
    "text": "The Asheville Citizen-Times Has Stopped Carrying Our Articles",
    "url": "https://avlwatchdog.org/the-asheville-citizen-times-has-stopped-carrying-our-articles/"
  },
  {
    "text": "volunteering for us",
    "url": "https://avlwatchdog.org/volunteer-opportunities/"
  },
  {
    "text": "Continue readingThe Asheville Citizen-Times Has Stopped Carrying Our Articles",
    "url": "https://avlwatchdog.org/the-asheville-citizen-times-has-stopped-carrying-our-articles/"
  },
  {
    "text": "2",
    "url": "https://avlwatchdog.org/page/2/"
  },
  {
    "text": "10",
    "url": "https://avlwatchdog.org/page/10/"
  },
  {
    "text": "Next",
    "url": "https://avlwatchdog.org/page/2/"
  },
  {
    "text": "July 4 Explosives Suspect in Court",
    "url": "https://avlwatchdog.org/july-4-explosives-suspect-in-court/"
  },
  {
    "text": "Was It Just a Fireworks Prank? Or Was a Possible Tragedy Averted?",
    "url": "https://avlwatchdog.org/was-it-just-a-fireworks-prank-or-was-a-possible-tragedy-averted/"
  },
  {
    "text": "In their own words: Members of Reparations Commission describe systemic racism in Asheville",
    "url": "https://avlwatchdog.org/in-their-own-words-members-of-reparations-commission-describe-systemic-racism-in-asheville/"
  },
  {
    "text": "Asheville Watchdog Wins Three North Carolina Press Association Awards",
    "url": "https://avlwatchdog.org/asheville-watchdog-wins-three-north-carolina-press-association-awards/"
  },
  {
    "text": "Asheville Lawyer Arrested, Charged With Felonies in Real Estate Deals",
    "url": "https://avlwatchdog.org/asheville-lawyer-arrested-charged-with-felonies-in-real-estate-deals/"
  },
  {
    "text": "Join us on Facebook",
    "url": "https://www.facebook.com/avlwatchdog/"
  },
  {
    "text": "My Tweets",
    "url": "https://twitter.com/@avlwatchdog"
  },
  {
    "text": "Asheville Watchdog",
    "url": "https://avlwatchdog.org/category/asheville-watchdog/"
  },
  {
    "text": "Breaking News",
    "url": "https://avlwatchdog.org/category/breaking-news/"
  },
  {
    "text": "Criminal Justice",
    "url": "https://avlwatchdog.org/category/criminal-justice/"
  },
  {
    "text": "Economy",
    "url": "https://avlwatchdog.org/category/economy/"
  },
  {
    "text": "Education",
    "url": "https://avlwatchdog.org/category/education/"
  },
  {
    "text": "Environment",
    "url": "https://avlwatchdog.org/category/environment/"
  },
  {
    "text": "Equity",
    "url": "https://avlwatchdog.org/category/economic-equity/"
  },
  {
    "text": "Equity Erased",
    "url": "https://avlwatchdog.org/category/equity-erased/"
  },
  {
    "text": "Gov't",
    "url": "https://avlwatchdog.org/category/civic-affairs/"
  },
  {
    "text": "Growth/Development",
    "url": "https://avlwatchdog.org/category/growth-and-development/"
  },
  {
    "text": "Healthcare",
    "url": "https://avlwatchdog.org/category/healthcare/"
  },
  {
    "text": "Housing",
    "url": "https://avlwatchdog.org/category/housing/"
  },
  {
    "text": "Infrastructure",
    "url": "https://avlwatchdog.org/category/infrastructure/"
  },
  {
    "text": "Justice",
    "url": "https://avlwatchdog.org/category/justice/"
  },
  {
    "text": "Local Voices",
    "url": "https://avlwatchdog.org/category/local-voices/"
  },
  {
    "text": "Media",
    "url": "https://avlwatchdog.org/category/media/"
  },
  {
    "text": "News Analysis",
    "url": "https://avlwatchdog.org/category/news-analysis/"
  },
  {
    "text": "Politics",
    "url": "https://avlwatchdog.org/category/politics/"
  },
  {
    "text": "Reparations",
    "url": "https://avlwatchdog.org/category/reparations/"
  },
  {
    "text": "Tourism / Hospitality",
    "url": "https://avlwatchdog.org/category/tourism-hospitality/"
  },
  {
    "text": "Uncategorized",
    "url": "https://avlwatchdog.org/category/uncategorized/"
  },
  {
    "text": "\n\t\t\t\t\t\t\n\t\t\t\t\t",
    "url": "http://twitter.com/avlwatchdog"
  },
  {
    "text": "\n\t\t\t\t\t\t\n\t\t\t\t\t",
    "url": "https://www.facebook.com/avlwatchdog/"
  },
  {
    "text": "\n\t\t\t\t\t\t\n\t\t\t\t\t",
    "url": "mailto:bark@avlwatchdog.org"
  },
  {
    "text": "Privacy Policy",
    "url": "https://avlwatchdog.org/privacy-policy/"
  },
  {
    "text": "\n\nDonate to Asheville Watchdog",
    "url": "https://avlwatchdog.org/donate"
  },
  {
    "text": "\n\t\tClick Here To Return To The Homepage\n\t",
    "url": "https://avlwatchdog.org"
  },
  {
    "text": "Mission News Theme",
    "url": "https://www.competethemes.com/mission-news/"
  }
]