[
  {
    "text": "National",
    "url": "/"
  },
  {
    "text": "Albany",
    "url": "/albany"
  },
  {
    "text": "Albuquerque",
    "url": "/albuquerque"
  },
  {
    "text": "Atlanta",
    "url": "/atlanta"
  },
  {
    "text": "Austin",
    "url": "/austin"
  },
  {
    "text": "Baltimore",
    "url": "/baltimore"
  },
  {
    "text": "Birmingham",
    "url": "/birmingham"
  },
  {
    "text": "Boston",
    "url": "/boston"
  },
  {
    "text": "Buffalo",
    "url": "/buffalo"
  },
  {
    "text": "Charlotte",
    "url": "/charlotte"
  },
  {
    "text": "Chicago",
    "url": "/chicago"
  },
  {
    "text": "Cincinnati",
    "url": "/cincinnati"
  },
  {
    "text": "Cleveland",
    "url": "/cleveland"
  },
  {
    "text": "Columbus",
    "url": "/columbus"
  },
  {
    "text": "Dallas",
    "url": "/dallas"
  },
  {
    "text": "Dayton",
    "url": "/dayton"
  },
  {
    "text": "Denver",
    "url": "/denver"
  },
  {
    "text": "Greensboro/Winston-Salem",
    "url": "/triad"
  },
  {
    "text": "Honolulu",
    "url": "/pacific"
  },
  {
    "text": "Houston",
    "url": "/houston"
  },
  {
    "text": "Jacksonville",
    "url": "/jacksonville"
  },
  {
    "text": "Kansas City",
    "url": "/kansascity"
  },
  {
    "text": "Los Angeles",
    "url": "/losangeles"
  },
  {
    "text": "Louisville",
    "url": "/louisville"
  },
  {
    "text": "Memphis",
    "url": "/memphis"
  },
  {
    "text": "Miami/Fort Lauderdale",
    "url": "/southflorida"
  },
  {
    "text": "Milwaukee",
    "url": "/milwaukee"
  },
  {
    "text": "Minneapolis/St. Paul",
    "url": "/twincities"
  },
  {
    "text": "Nashville",
    "url": "/nashville"
  },
  {
    "text": "New York",
    "url": "/newyork"
  },
  {
    "text": "Orlando",
    "url": "/orlando"
  },
  {
    "text": "Philadelphia",
    "url": "/philadelphia"
  },
  {
    "text": "Phoenix",
    "url": "/phoenix"
  },
  {
    "text": "Pittsburgh",
    "url": "/pittsburgh"
  },
  {
    "text": "Portland",
    "url": "/portland"
  },
  {
    "text": "Providence",
    "url": "/rhodeisland"
  },
  {
    "text": "Raleigh/Durham",
    "url": "/triangle"
  },
  {
    "text": "Sacramento",
    "url": "/sacramento"
  },
  {
    "text": "San Antonio",
    "url": "/sanantonio"
  },
  {
    "text": "San Francisco",
    "url": "/sanfrancisco"
  },
  {
    "text": "Seattle",
    "url": "/seattle"
  },
  {
    "text": "Silicon Valley",
    "url": "/sanjose"
  },
  {
    "text": "St. Louis",
    "url": "/stlouis"
  },
  {
    "text": "Tampa Bay",
    "url": "/tampabay"
  },
  {
    "text": "Washington, D.C.",
    "url": "/washington"
  },
  {
    "text": "Wichita",
    "url": "/wichita"
  },
  {
    "text": "Sign In Existing Members",
    "url": "/login/baltimore?r=%2Fbaltimore%2F"
  },
  {
    "text": "Become a Member It\u2019s FREE!",
    "url": "/register/baltimore?r=%2Fbaltimore%2F"
  },
  {
    "text": "",
    "url": "baltimore"
  },
  {
    "text": "Leaders in Diversity: 10 honorees who are making change accessible",
    "url": "/baltimore/news/2022/06/10/leaders-in-diversity-2022-meet-the-honorees.html"
  },
  {
    "text": "GET MORE INSIGHTS",
    "url": "https://www.bizjournals.com/register/marketredirect?r=marketredirect&redirectmarket=baltimore"
  },
  {
    "text": "",
    "url": "https://www.bizjournals.com/register/marketredirect?r=marketredirect&redirectmarket=baltimore"
  },
  {
    "text": "Latest News",
    "url": "/baltimore/news"
  },
  {
    "text": "Lists & Leads",
    "url": "/baltimore/datacenter"
  },
  {
    "text": "Commercial Real Estate",
    "url": "/baltimore/news/commercial-real-estate"
  },
  {
    "text": "Banking",
    "url": "/baltimore/news/banking-and-financial-services"
  },
  {
    "text": "Technology",
    "url": "/baltimore/news/technology"
  },
  {
    "text": "Health Care",
    "url": "/baltimore/news/health-care"
  },
  {
    "text": "Residential Real Estate",
    "url": "/baltimore/news/residential-real-estate"
  },
  {
    "text": "Food & Lifestyle",
    "url": "/baltimore/news/food-and-lifestyle"
  },
  {
    "text": "Maryland Inno",
    "url": "https://www.bizjournals.com/baltimore/inno"
  },
  {
    "text": "Events",
    "url": "/baltimore/event"
  },
  {
    "text": "Nominations",
    "url": "/baltimore/nomination"
  },
  {
    "text": "Latest News",
    "url": "/baltimore/news"
  },
  {
    "text": "Lists & Leads",
    "url": "/baltimore/datacenter"
  },
  {
    "text": "Commercial Real Estate",
    "url": "/baltimore/news/commercial-real-estate"
  },
  {
    "text": "Banking",
    "url": "/baltimore/news/banking-and-financial-services"
  },
  {
    "text": "Technology",
    "url": "/baltimore/news/technology"
  },
  {
    "text": "Health Care",
    "url": "/baltimore/news/health-care"
  },
  {
    "text": "Residential Real Estate",
    "url": "/baltimore/news/residential-real-estate"
  },
  {
    "text": "Food & Lifestyle",
    "url": "/baltimore/news/food-and-lifestyle"
  },
  {
    "text": "Maryland Inno",
    "url": "https://www.bizjournals.com/baltimore/inno"
  },
  {
    "text": "Events",
    "url": "/baltimore/event"
  },
  {
    "text": "Nominations",
    "url": "/baltimore/nomination"
  },
  {
    "text": "Subscribe",
    "url": "/baltimore/subscribe?iana=csnav&csrc=6310"
  },
  {
    "text": "Banking & Financial Services",
    "url": "/baltimore/news/banking-and-financial-services"
  },
  {
    "text": "Career & Workplace",
    "url": "/baltimore/news/career-and-workplace"
  },
  {
    "text": "Commercial Real Estate",
    "url": "/baltimore/news/commercial-real-estate"
  },
  {
    "text": "Diversity, Equity and Inclusion",
    "url": "/baltimore/news/career-and-workplace/diversity-equity-and-inclusion"
  },
  {
    "text": "Education",
    "url": "/baltimore/news/education"
  },
  {
    "text": "Energy",
    "url": "/baltimore/news/energy"
  },
  {
    "text": "Food & Lifestyle",
    "url": "/baltimore/news/food-and-lifestyle"
  },
  {
    "text": "Government & Regulations",
    "url": "/baltimore/news/government-and-regulations"
  },
  {
    "text": "Health Care",
    "url": "/baltimore/news/health-care"
  },
  {
    "text": "Manufacturing",
    "url": "/baltimore/news/manufacturing"
  },
  {
    "text": "Media & Marketing",
    "url": "/baltimore/news/media-and-marketing"
  },
  {
    "text": "Philanthropy & Nonprofits",
    "url": "/baltimore/news/philanthropy-and-nonprofits"
  },
  {
    "text": "Professional Services",
    "url": "/baltimore/news/professional-services"
  },
  {
    "text": "Residential Real Estate",
    "url": "/baltimore/news/residential-real-estate"
  },
  {
    "text": "Retailing",
    "url": "/baltimore/news/retailing"
  },
  {
    "text": "Sports Business",
    "url": "/baltimore/news/sports"
  },
  {
    "text": "Technology",
    "url": "/baltimore/news/technology"
  },
  {
    "text": "Transportation",
    "url": "/baltimore/news/transportation"
  },
  {
    "text": "Travel & Tourism",
    "url": "/baltimore/news/travel-and-tourism"
  },
  {
    "text": "Crane Watch",
    "url": "/baltimore/feature/crane-watch"
  },
  {
    "text": "Maryland Inno",
    "url": "/baltimore/inno"
  },
  {
    "text": "Partner Content",
    "url": "/baltimore/partner-content"
  },
  {
    "text": "Double Down on Baltimore",
    "url": "/baltimore/news/partners/double-down-on-baltimore/2022"
  },
  {
    "text": "Caring For Those Who Serve You",
    "url": "/bizjournals/news/partners/caring-for-those-who-serve-you"
  },
  {
    "text": "Trends in CRE Financing",
    "url": "/bizjournals/news/partners/trends-in-cre-financing"
  },
  {
    "text": "Healthy Employees, Healthy Business",
    "url": "/baltimore/news/partners/healthy-employees-healthy-business/"
  },
  {
    "text": "BBJ Events",
    "url": "/baltimore/event"
  },
  {
    "text": "Nominations",
    "url": "/baltimore/nomination"
  },
  {
    "text": "Event Photos",
    "url": "/baltimore/photo-center"
  },
  {
    "text": "Business Events Calendar",
    "url": "/baltimore/calendar"
  },
  {
    "text": "Fast 50",
    "url": "/baltimore/fast-50/"
  },
  {
    "text": "Book of Lists",
    "url": "/baltimore/datacenter/lists"
  },
  {
    "text": "Book of Lists Unlimited",
    "url": "/baltimore/datacenter/lists/book-of-lists-unlimited"
  },
  {
    "text": "People on the Move",
    "url": "/baltimore/potm"
  },
  {
    "text": "BizSpotlight",
    "url": "/baltimore/press-release"
  },
  {
    "text": "Home of the Day",
    "url": "/baltimore/listings/1"
  },
  {
    "text": "BizLeads",
    "url": "https://www.bizjournals.com/bizleads"
  },
  {
    "text": "BizEquity",
    "url": "https://www.bizequity.com/"
  },
  {
    "text": "Store",
    "url": "https://promo.bizjournals.com/baltimore/store/"
  },
  {
    "text": "Leads",
    "url": "/baltimore/datacenter/leads"
  },
  {
    "text": "Crane Watch",
    "url": "/baltimore/feature/crane-watch"
  },
  {
    "text": "Advertise With Us",
    "url": "https://advertise.bizjournals.com/brands/baltimore/"
  },
  {
    "text": "Leadership Trust",
    "url": "/baltimore/news/leadership-trust"
  },
  {
    "text": "Research Intelligence",
    "url": "/business-intelligence"
  },
  {
    "text": "Newsletter Sign-Up",
    "url": "/account/baltimore/newsletters"
  },
  {
    "text": "Start a Subscription",
    "url": "/baltimore/subscribe"
  },
  {
    "text": "Subscriber-Only Content",
    "url": "/baltimore/news/subscribers"
  },
  {
    "text": "Weekly Digital Edition",
    "url": "https://www.bizjournals.com/baltimore/digital-edition?issue_id=19783"
  },
  {
    "text": "\n                Under Armour, UCLA settle lawsuit over $280M sponsorship deal            ",
    "url": "baltimore/news/2022/07/29/under-armour-ucla-settle-sponsorship-lawsuit.html"
  },
  {
    "text": "\n                Westward Ho! Maryland's industrial boom takes on Washington County            ",
    "url": "baltimore/news/2022/07/29/maryland-industrial-washington-county-real-estate.html"
  },
  {
    "text": "\n                Restaurant roundup: Columbia restaurant gets a makeover            ",
    "url": "baltimore/news/2022/07/29/restaurant-roundup-ale-house-columbia-renovations.html"
  },
  {
    "text": "\n                LifeBridge Health promotes new COO of two Baltimore hospitals            ",
    "url": "baltimore/news/2022/07/29/lifebridge-promotes-rebecca-altman-baltimore.html"
  },
  {
    "text": "\n                T. Rowe Price CFO urges investors not to overreact to changing market            ",
    "url": "baltimore/news/2022/07/28/t-rowe-price-cfo-investors-market-conditions-q2.html"
  },
  {
    "text": "\n                Coppin State receives $50K to launch 'insurance learning laboratory'            ",
    "url": "baltimore/news/2022/07/29/coppin-state-northwestern-mutual-insurance.html"
  },
  {
    "text": "Under Armour, UCLA settle lawsuit over $280M sponsorship deal",
    "url": "https://www.bizjournals.com/baltimore/news/2022/07/29/under-armour-ucla-settle-sponsorship-lawsuit.html"
  },
  {
    "text": "LifeBridge Health promotes chief operating officer of Sinai Hospital, Grace Medical Center",
    "url": "https://www.bizjournals.com/baltimore/news/2022/07/29/lifebridge-promotes-rebecca-altman-baltimore.html"
  },
  {
    "text": "Restaurant roundup: Columbia restaurant gets a makeover",
    "url": "https://www.bizjournals.com/baltimore/news/2022/07/29/restaurant-roundup-ale-house-columbia-renovations.html"
  },
  {
    "text": "Historic Ellicott Mill's $65 million redevelopment moves forward",
    "url": "https://www.bizjournals.com/baltimore/news/2022/07/28/oella-ellicott-mill-terranova-david-tufaro.html"
  },
  {
    "text": "Westward Ho! Maryland's industrial boom comes to Washington County",
    "url": "https://www.bizjournals.com/baltimore/news/2022/07/29/maryland-industrial-washington-county-real-estate.html"
  },
  {
    "text": "Constellation Energy begins to make good on climate initiatives with first customized reports",
    "url": "https://www.bizjournals.com/baltimore/news/2022/07/29/constellation-energy-climate-initiative-pledge.html"
  },
  {
    "text": "Coppin State receives $50K to launch 'insurance learning laboratory'",
    "url": "https://www.bizjournals.com/baltimore/news/2022/07/29/coppin-state-northwestern-mutual-insurance.html"
  },
  {
    "text": "T. Rowe Price CFO urges investors not to overreact to temporary market conditions",
    "url": "https://www.bizjournals.com/baltimore/news/2022/07/28/t-rowe-price-cfo-investors-market-conditions-q2.html"
  },
  {
    "text": "Viewpoint: New law brings important, helpful change to Maryland tax procedure",
    "url": "https://www.bizjournals.com/baltimore/news/2022/07/29/viewpoint-macpa-tax-private-letter-ruling-new-law.html"
  },
  {
    "text": "Peabody Heights Brewery will add an arcade with help from a state loan",
    "url": "https://www.bizjournals.com/baltimore/news/2022/07/27/peabody-heights-brewery-arcade-expansion.html"
  },
  {
    "text": "",
    "url": "/baltimore/news/subscribers/"
  },
  {
    "text": "View this week's edition",
    "url": "https://www.bizjournals.com/baltimore/digital-edition?issue_id=19783&loc=pcmod"
  },
  {
    "text": "Book of Lists",
    "url": "https://www.bizjournals.com/baltimore/digital-edition?issue_id=18411"
  },
  {
    "text": "Jon Runyan's former 14,000-SF South Jersey home is back on the market for $4.8M",
    "url": "https://www.bizjournals.com/philadelphia/news/2022/07/26/jon-runyan-home-mount-laurel-mansion.html"
  },
  {
    "text": "New details emerge for downtown YMCA redevelopment set to include 60-story tower",
    "url": "https://www.bizjournals.com/nashville/news/2022/07/21/ymca-plans.html"
  },
  {
    "text": "Warby Parker, Good Wurst and Foxcroft Wine among latest tenants to join Birkdale Village in Huntersville",
    "url": "https://www.bizjournals.com/charlotte/news/2022/07/27/birkdale-village-restaurants-retail-huntersville.html"
  },
  {
    "text": "More business news ",
    "url": "baltimore/news/"
  },
  {
    "text": "Commercial Real Estate More",
    "url": "/baltimore/news/commercial-real-estate"
  },
  {
    "text": "\n                            CRE Brokerages\n                        ",
    "url": "https://www.bizjournals.com/baltimore/topic/cre-brokerages"
  },
  {
    "text": "\n                            CRE Developers\n                        ",
    "url": "https://www.bizjournals.com/baltimore/topic/cre-developers"
  },
  {
    "text": "\n                            Construction\n                        ",
    "url": "https://www.bizjournals.com/baltimore/topic/construction"
  },
  {
    "text": "\n                            LEED\n                        ",
    "url": "https://www.bizjournals.com/baltimore/topic/leed"
  },
  {
    "text": "\n                            Retail Development\n                        ",
    "url": "https://www.bizjournals.com/baltimore/topic/retail-development"
  },
  {
    "text": "People on the Move More",
    "url": "https://www.bizjournals.com/baltimore/potm"
  },
  {
    "text": "Submit People on the Move ",
    "url": "https://www.bizjournals.com/baltimore/people-on-the-move"
  },
  {
    "text": " More",
    "url": "https://www.bizjournals.com/baltimore/datacenter/lists"
  },
  {
    "text": "Book of Lists Unlimited ",
    "url": "https://www.bizjournals.com/baltimore/datacenter/lists/book-of-lists-unlimited"
  },
  {
    "text": "Home of the Day More",
    "url": "https://www.bizjournals.com/baltimore/listings/1"
  },
  {
    "text": "View featured properties ",
    "url": "https://www.bizjournals.com/baltimore/listings/1"
  },
  {
    "text": "Banking & Financial Services More",
    "url": "/baltimore/news/banking-and-financial-services"
  },
  {
    "text": "\n                            Credit Unions\n                        ",
    "url": "https://www.bizjournals.com/baltimore/topic/credit-unions"
  },
  {
    "text": "\n                            Cryptocurrency\n                        ",
    "url": "https://www.bizjournals.com/baltimore/topic/cryptocurrency"
  },
  {
    "text": "\n                            Financial Planning\n                        ",
    "url": "https://www.bizjournals.com/baltimore/topic/financial-planning"
  },
  {
    "text": "\n                            Mergers and Acquisitions\n                        ",
    "url": "https://www.bizjournals.com/baltimore/topic/mergers-and-acquisitions"
  },
  {
    "text": "\n                            Mortgages\n                        ",
    "url": "https://www.bizjournals.com/baltimore/topic/mortgages"
  },
  {
    "text": "\n                            Private equity\n                        ",
    "url": "https://www.bizjournals.com/baltimore/topic/private-equity"
  },
  {
    "text": "\n                            Property & Casualty Insurance\n                        ",
    "url": "https://www.bizjournals.com/baltimore/topic/property--casualty-insurance"
  },
  {
    "text": "\n                            Venture capital\n                        ",
    "url": "https://www.bizjournals.com/baltimore/topic/venture-capital"
  },
  {
    "text": "Events More",
    "url": "https://www.bizjournals.com/baltimore/event"
  },
  {
    "text": "See all current nominations ",
    "url": "https://www.bizjournals.com/baltimore/nominations"
  },
  {
    "text": "BizSpotlight More",
    "url": "https://www.bizjournals.com/baltimore/press-release"
  },
  {
    "text": "Submit BizSpotlight Press Release ",
    "url": "https://www.bizjournals.com/baltimore/bizspotlight"
  },
  {
    "text": "Leadership Trust More",
    "url": "/baltimore/news/leadership-trust"
  },
  {
    "text": "Sales Leads More",
    "url": "https://www.bizjournals.com/baltimore/datacenter/leads"
  },
  {
    "text": "See all public records ",
    "url": "https://www.bizjournals.com/baltimore/datacenter/leads"
  },
  {
    "text": "Advertising  More",
    "url": "https://advertise.bizjournals.com/"
  },
  {
    "text": "\n                        Connect with our audience\u00a0",
    "url": "https://advertise.bizjournals.com/"
  },
  {
    "text": "UNLOCK ALL ARTICLES",
    "url": "https://www.bizjournals.com/marketredirect/subscribe?csrc=6318&cpncd=mk0422wk&utm_source=cx&utm_medium=bb&utm_campaign=premium&utm_content=annual"
  },
  {
    "text": "Back to Top \n                    ",
    "url": "javascript:void(0);"
  },
  {
    "text": "\n                            \n                        ",
    "url": "/baltimore"
  },
  {
    "text": "Home",
    "url": "https://www.bizjournals.com/baltimore"
  },
  {
    "text": "News",
    "url": "https://www.bizjournals.com/baltimore/news"
  },
  {
    "text": "Lists & Leads",
    "url": "https://www.bizjournals.com/baltimore/datacenter"
  },
  {
    "text": "People",
    "url": "https://www.bizjournals.com/baltimore/potm"
  },
  {
    "text": "Companies",
    "url": "https://www.bizjournals.com/baltimore/datacenter/companies"
  },
  {
    "text": "Events",
    "url": "https://www.bizjournals.com/baltimore/calendar"
  },
  {
    "text": "Store",
    "url": "https://promo.bizjournals.com/baltimore/store/"
  },
  {
    "text": "\n                Start a Subscription\n                        ",
    "url": "https://www.bizjournals.com/baltimore/subscribe?iana=csnav&csrc=6315"
  },
  {
    "text": "\n                Subscriber-Only Content\n                        ",
    "url": "https://www.bizjournals.com/baltimore/news/subscribers"
  },
  {
    "text": "\n                Digital Edition\n                        ",
    "url": "https://www.bizjournals.com/baltimore/digital-edition?issue_id=19783"
  },
  {
    "text": "\n                Book of Lists\n                        ",
    "url": "/baltimore/book-of-lists"
  },
  {
    "text": "\n                Book of Lists - Unlimited\n                        ",
    "url": "https://www.bizjournals.com/baltimore/datacenter/lists/book-of-lists-unlimited"
  },
  {
    "text": "\n                Manage your Account\n                        ",
    "url": "/myaccount?market=baltimore"
  },
  {
    "text": "\n                Manage My Advertising\n                        ",
    "url": "https://www.bizjournals.com/ads"
  },
  {
    "text": "\n                                \n                            ",
    "url": "/baltimore/news/subscribers/"
  },
  {
    "text": "\n                About Us\n                        ",
    "url": "https://www.bizjournals.com/baltimore/about-us"
  },
  {
    "text": "\n                About The Business Journals\n                        ",
    "url": "https://www.bizjournals.com/about-us/"
  },
  {
    "text": "\n                Advertise\n                        ",
    "url": "https://advertise.bizjournals.com/brands/baltimore/?ana=om_bal_wb_dg_ftr"
  },
  {
    "text": "\n                Help & FAQs\n                        ",
    "url": "https://support.bizjournals.com/en/"
  },
  {
    "text": "\n                Circulation Sales Center Directory\n                        ",
    "url": "https://www.bizjournals.com/baltimore/about-us/call-center"
  },
  {
    "text": "\n                Mobile Apps\n                        ",
    "url": "https://www.bizjournals.com/baltimore/apps"
  },
  {
    "text": "\n                Syndication/RSS\n                        ",
    "url": "https://www.bizjournals.com/baltimore/syndication"
  },
  {
    "text": "\n                             Twitter\n                        ",
    "url": "https://twitter.com/BaltBizOnline"
  },
  {
    "text": "\n                             LinkedIn\n                        ",
    "url": "http://www.linkedin.com/company/baltimore-business-journal"
  },
  {
    "text": "\n                             Facebook\n                        ",
    "url": "http://www.facebook.com/pages/baltimore-business-journal/139964570715"
  },
  {
    "text": "\n                             Instagram\n                        ",
    "url": "https://instagram.com/baltimorebizjournal"
  },
  {
    "text": "\n                Sign Up Now\n                        ",
    "url": "https://www.bizjournals.com/account/baltimore/newsletters"
  },
  {
    "text": "\n                American City Business Journals\n                        ",
    "url": "http://www.acbj.com/"
  },
  {
    "text": "\n                AmericanInno\n                        ",
    "url": "https://www.bizjournals.com/inno"
  },
  {
    "text": "\n                BizEquity\n                        ",
    "url": "https://www.bizequity.com/"
  },
  {
    "text": "\n                BizLeads\n                        ",
    "url": "https://www.bizleads.com/"
  },
  {
    "text": "\n                Bizwomen\n                        ",
    "url": "https://www.bizjournals.com/baltimore/bizwomen"
  },
  {
    "text": "\n                Hemmings\n                        ",
    "url": "http://www.hemmings.com/"
  },
  {
    "text": "User Agreement",
    "url": "/useragreement"
  },
  {
    "text": "Privacy Policy",
    "url": "/privacy"
  },
  {
    "text": "Your California Privacy Rights",
    "url": "/privacy#X"
  },
  {
    "text": "Ad Choices",
    "url": "/privacy#VII"
  },
  {
    "text": "User Agreement",
    "url": "/useragreement"
  },
  {
    "text": "Privacy Policy and Cookie Statement",
    "url": "/privacy"
  },
  {
    "text": "CCPA Sale Opt Out Form",
    "url": "#optout"
  },
  {
    "text": "CCPA Sale Opt Out Form",
    "url": "#optout"
  },
  {
    "text": "Privacy Policy and Cookie Statement",
    "url": "https://bizjournals.com/privacy"
  },
  {
    "text": "IAB\u2019s CCPA Compliance Signatory Identification List ",
    "url": "\u201chttps://www.iabprivacy.com/optout.html\u201d"
  },
  {
    "text": "California Data Broker Registry",
    "url": "\u201chttps://oag.ca.gov/data-brokers\u201d"
  },
  {
    "text": "",
    "url": "https://onetrust.com/poweredbyonetrust"
  }
]