[
  {
    "text": "our partners",
    "url": "javascript:Didomi.preferences.show('vendors')"
  },
  {
    "text": "Belfasttelegraph",
    "url": "https://www.belfasttelegraph.co.uk/"
  },
  {
    "text": "Skip to navigation [n]",
    "url": "#nav"
  },
  {
    "text": "Skip to content [c]",
    "url": "#content"
  },
  {
    "text": "Skip to footer [f]",
    "url": "#footer"
  },
  {
    "text": "Belfast",
    "url": "/weather/"
  },
  {
    "text": "\n                        Subscribe\n                    ",
    "url": "https://subscribe.belfasttelegraph.co.uk/"
  },
  {
    "text": "My Account",
    "url": "https://member.belfasttelegraph.co.uk/"
  },
  {
    "text": "Log Out",
    "url": "./"
  },
  {
    "text": "\n                                News\n                            ",
    "url": "https://www.belfasttelegraph.co.uk/news/"
  },
  {
    "text": "\n                                Opinion\n                            ",
    "url": "https://www.belfasttelegraph.co.uk/opinion/"
  },
  {
    "text": "\n                                Business\n                            ",
    "url": "https://www.belfasttelegraph.co.uk/business/"
  },
  {
    "text": "\n                                Sport\n                            ",
    "url": "https://www.belfasttelegraph.co.uk/sport/"
  },
  {
    "text": "\n                                Life\n                            ",
    "url": "https://www.belfasttelegraph.co.uk/life/"
  },
  {
    "text": "\n                                Entertainment\n                            ",
    "url": "https://www.belfasttelegraph.co.uk/entertainment/"
  },
  {
    "text": "\n                                Travel\n                            ",
    "url": "https://www.belfasttelegraph.co.uk/travel/"
  },
  {
    "text": "\n                                Sunday Life\n                            ",
    "url": "https://www.belfasttelegraph.co.uk/sunday-life/"
  },
  {
    "text": "\n                    Menu                                            Sections \n                                    ",
    "url": "#sections"
  },
  {
    "text": "News",
    "url": "https://www.belfasttelegraph.co.uk/news/"
  },
  {
    "text": "Northern Ireland",
    "url": "https://www.belfasttelegraph.co.uk/news/northern-ireland/"
  },
  {
    "text": "UK",
    "url": "https://www.belfasttelegraph.co.uk/news/uk/"
  },
  {
    "text": "Republic of Ireland",
    "url": "https://www.belfasttelegraph.co.uk/news/republic-of-ireland/"
  },
  {
    "text": "World",
    "url": "https://www.belfasttelegraph.co.uk/news/world-news/"
  },
  {
    "text": "Politics",
    "url": "https://www.belfasttelegraph.co.uk/news/politics/"
  },
  {
    "text": "Brexit",
    "url": "https://www.belfasttelegraph.co.uk/news/brexit/"
  },
  {
    "text": "Health",
    "url": "https://www.belfasttelegraph.co.uk/news/health/"
  },
  {
    "text": "Education",
    "url": "https://www.belfasttelegraph.co.uk/news/education/"
  },
  {
    "text": "Courts",
    "url": "https://www.belfasttelegraph.co.uk/news/courts/"
  },
  {
    "text": "Obituaries",
    "url": "https://www.belfasttelegraph.co.uk/news/obituaries/"
  },
  {
    "text": "Archive",
    "url": "https://www.belfasttelegraph.co.uk/archive/"
  },
  {
    "text": "Opinion",
    "url": "https://www.belfasttelegraph.co.uk/opinion/"
  },
  {
    "text": "Analysis",
    "url": "https://www.belfasttelegraph.co.uk/opinion/news-analysis/"
  },
  {
    "text": "Comment",
    "url": "https://www.belfasttelegraph.co.uk/opinion/comment/"
  },
  {
    "text": "Columnists",
    "url": "https://www.belfasttelegraph.co.uk/opinion/columnists/"
  },
  {
    "text": "Viewpoint",
    "url": "https://www.belfasttelegraph.co.uk/opinion/viewpoint/"
  },
  {
    "text": "Journalists",
    "url": "https://www.belfasttelegraph.co.uk/opinion/belfasttelegraph-journalists/"
  },
  {
    "text": "Business",
    "url": "https://www.belfasttelegraph.co.uk/business/"
  },
  {
    "text": "Northern Ireland",
    "url": "https://www.belfasttelegraph.co.uk/business/northern-ireland/"
  },
  {
    "text": "Food, Drink and Hospitality",
    "url": "https://www.belfasttelegraph.co.uk/business/food-drink-hospitality/"
  },
  {
    "text": "UK and World",
    "url": "https://www.belfasttelegraph.co.uk/business/uk-world/"
  },
  {
    "text": "Jobs",
    "url": "https://www.belfasttelegraph.co.uk/business/jobs/"
  },
  {
    "text": "Agri",
    "url": "https://www.belfasttelegraph.co.uk/business/agri/"
  },
  {
    "text": "Technology",
    "url": "https://www.belfasttelegraph.co.uk/business/technology/"
  },
  {
    "text": "Analysis",
    "url": "https://www.belfasttelegraph.co.uk/business/analysis/"
  },
  {
    "text": "Ulster Business",
    "url": "https://www.belfasttelegraph.co.uk/business/ulsterbusiness/"
  },
  {
    "text": "Ulster Grocer",
    "url": "https://www.belfasttelegraph.co.uk/business/ulstergrocer/"
  },
  {
    "text": "Top 100",
    "url": "https://www.belfasttelegraph.co.uk/business/top-100-companies/"
  },
  {
    "text": "Sport",
    "url": "https://www.belfasttelegraph.co.uk/sport/"
  },
  {
    "text": "Olympics",
    "url": "https://www.belfasttelegraph.co.uk/sport/olympics/"
  },
  {
    "text": "Football",
    "url": "https://www.belfasttelegraph.co.uk/sport/football/"
  },
  {
    "text": "Rugby",
    "url": "https://www.belfasttelegraph.co.uk/sport/rugby/"
  },
  {
    "text": "GAA",
    "url": "https://www.belfasttelegraph.co.uk/sport/gaa/"
  },
  {
    "text": "Golf",
    "url": "https://www.belfasttelegraph.co.uk/sport/golf/"
  },
  {
    "text": "Motorcycling",
    "url": "https://www.belfasttelegraph.co.uk/sport/motorcycling/"
  },
  {
    "text": "Boxing",
    "url": "https://www.belfasttelegraph.co.uk/sport/boxing/"
  },
  {
    "text": "Belfast Giants",
    "url": "https://www.belfasttelegraph.co.uk/sport/ice-hockey/"
  },
  {
    "text": "Other Sports",
    "url": "https://www.belfasttelegraph.co.uk/sport/othersports/"
  },
  {
    "text": "Columnists",
    "url": "https://www.belfasttelegraph.co.uk/sport/columnists/"
  },
  {
    "text": "Life",
    "url": "https://www.belfasttelegraph.co.uk/life/"
  },
  {
    "text": "Restaurant Reviews",
    "url": "https://www.belfasttelegraph.co.uk/life/food-drink/restaurant-reviews/"
  },
  {
    "text": "Features",
    "url": "https://www.belfasttelegraph.co.uk/life/features/"
  },
  {
    "text": "Fashion & Beauty",
    "url": "https://www.belfasttelegraph.co.uk/life/fashion-beauty/"
  },
  {
    "text": "Health & Wellbeing",
    "url": "https://www.belfasttelegraph.co.uk/life/health/"
  },
  {
    "text": "House & Home",
    "url": "https://www.belfasttelegraph.co.uk/life/house-home/"
  },
  {
    "text": "Food and Drink",
    "url": "https://www.belfasttelegraph.co.uk/life/food-drink/"
  },
  {
    "text": "Weekend",
    "url": "https://www.belfasttelegraph.co.uk/life/weekend/"
  },
  {
    "text": "Books",
    "url": "https://www.belfasttelegraph.co.uk/life/books/"
  },
  {
    "text": "Puzzles",
    "url": "https://www.belfasttelegraph.co.uk/entertainment/puzzles/"
  },
  {
    "text": "Motoring",
    "url": "https://www.belfasttelegraph.co.uk/life/motoring/"
  },
  {
    "text": "Horoscopes",
    "url": "https://www.belfasttelegraph.co.uk/horoscopes/"
  },
  {
    "text": "nijobfinder",
    "url": "https://www.nijobfinder.co.uk/"
  },
  {
    "text": "Belfast Telegraph Travel",
    "url": "https://www.belfasttelegraphtravel.co.uk/"
  },
  {
    "text": "Classifieds",
    "url": "https://classifieds.belfasttelegraph.co.uk/"
  },
  {
    "text": "Ad Features",
    "url": "https://www.belfasttelegraph.co.uk/service/ad-features/"
  },
  {
    "text": "Dating",
    "url": "https://dating.belfasttelegraph.co.uk/s/a/5401/"
  },
  {
    "text": "Entertainment",
    "url": "https://www.belfasttelegraph.co.uk/entertainment/"
  },
  {
    "text": "News",
    "url": "https://www.belfasttelegraph.co.uk/entertainment/news/"
  },
  {
    "text": "Film and TV",
    "url": "https://www.belfasttelegraph.co.uk/entertainment/film-tv/"
  },
  {
    "text": "Music and Gigs",
    "url": "https://www.belfasttelegraph.co.uk/entertainment/music/"
  },
  {
    "text": "Theatre and Arts",
    "url": "https://www.belfasttelegraph.co.uk/entertainment/theatre-arts/"
  },
  {
    "text": "Nightlife",
    "url": "https://www.belfasttelegraph.co.uk/galleries/nightlife/"
  },
  {
    "text": "Puzzles",
    "url": "https://www.belfasttelegraph.co.uk/entertainment/puzzles/"
  },
  {
    "text": "Weekend",
    "url": "https://www.belfasttelegraph.co.uk/life/weekend/"
  },
  {
    "text": "Competitions",
    "url": "https://www.belfasttelegraph.co.uk/entertainment/competitions/"
  },
  {
    "text": "Travel",
    "url": "https://www.belfasttelegraph.co.uk/travel/"
  },
  {
    "text": "Autumn at Ardara",
    "url": "https://issuu.com/belfasttelegraph/docs/autumnatardtara"
  },
  {
    "text": "Sunday Life",
    "url": "https://www.belfasttelegraph.co.uk/sunday-life/"
  },
  {
    "text": "News",
    "url": "https://www.belfasttelegraph.co.uk/sunday-life/news/"
  },
  {
    "text": "Sport",
    "url": "https://www.belfasttelegraph.co.uk/sunday-life/sport/"
  },
  {
    "text": "Features",
    "url": "https://www.belfasttelegraph.co.uk/sunday-life/features/"
  },
  {
    "text": "Entertainment",
    "url": "https://www.belfasttelegraph.co.uk/sunday-life/entertainment/"
  },
  {
    "text": "Podcasts",
    "url": "https://www.belfasttelegraph.co.uk/podcasts/"
  },
  {
    "text": "The BelTel",
    "url": "https://www.belfasttelegraph.co.uk/podcasts/the-beltel/"
  },
  {
    "text": "Video News",
    "url": "https://www.belfasttelegraph.co.uk/video-news/"
  },
  {
    "text": "Newsletters",
    "url": "https://member.belfasttelegraph.co.uk/newsletter"
  },
  {
    "text": "Competitions",
    "url": "https://www.belfasttelegraph.co.uk/entertainment/competitions/"
  },
  {
    "text": "Home Delivery",
    "url": "https://subscribe.belfasttelegraph.co.uk/"
  },
  {
    "text": "ePaper edition",
    "url": "https://belfasttelegraphnewsstand.e-pages.pub/titles"
  },
  {
    "text": "Editorial Code of Practice",
    "url": "https://www.belfasttelegraph.co.uk/editorial/web/cop/code-of-practice.pdf"
  },
  {
    "text": "Events",
    "url": "/events/"
  },
  {
    "text": "Electric Ireland Game Changer",
    "url": "https://www.belfasttelegraph.co.uk/events/electric-ireland-game-changer/"
  },
  {
    "text": "Ulster Grocer Marketing Awards",
    "url": "https://www.belfasttelegraph.co.uk/business/ulstergrocer/awards/"
  },
  {
    "text": "Sports Awards",
    "url": "https://www.belfasttelegraph.co.uk/events/sports-awards/"
  },
  {
    "text": "Business Awards",
    "url": "https://www.belfasttelegraph.co.uk/events/business-awards/"
  },
  {
    "text": "Spirit of N. Ireland Awards",
    "url": "https://www.belfasttelegraph.co.uk/events/spirit-northern-ireland-awards/"
  },
  {
    "text": "IT Awards",
    "url": "https://www.belfasttelegraph.co.uk/events/it-awards/"
  },
  {
    "text": "Property Awards",
    "url": "https://www.belfasttelegraph.co.uk/events/property-awards/"
  },
  {
    "text": "Pet Expo",
    "url": "https://www.belfasttelegraph.co.uk/events/pet-expo/"
  },
  {
    "text": "David Trimble",
    "url": "https://www.belfasttelegraph.co.uk/topics/david-trimble-41868589/"
  },
  {
    "text": "Belfast Pride",
    "url": "https://www.belfasttelegraph.co.uk/topics/belfast-pride-41877382/"
  },
  {
    "text": "Weather",
    "url": "https://www.belfasttelegraph.co.uk/weather/"
  },
  {
    "text": "NI Protocol",
    "url": "https://www.belfasttelegraph.co.uk/topics/ni-protocol-40694645/"
  },
  {
    "text": "Cost of Living crisis",
    "url": "https://www.belfasttelegraph.co.uk/topics/cost-of-living-41346109/"
  },
  {
    "text": "Podcasts",
    "url": "https://www.belfasttelegraph.co.uk/podcasts/"
  },
  {
    "text": "Video News",
    "url": "https://www.belfasttelegraph.co.uk/video-news/"
  },
  {
    "text": "Subscriber Exclusives",
    "url": "https://www.belfasttelegraph.co.uk/subscriber-exclusives/"
  },
  {
    "text": "Newsletter sign-up",
    "url": "https://member.belfasttelegraph.co.uk/newsletter"
  },
  {
    "text": "Belfasttelegraph",
    "url": "https://www.belfasttelegraph.co.uk/"
  },
  {
    "text": "\n                                News\n                            ",
    "url": "https://www.belfasttelegraph.co.uk/news/"
  },
  {
    "text": "\n                                Opinion\n                            ",
    "url": "https://www.belfasttelegraph.co.uk/opinion/"
  },
  {
    "text": "\n                                Business\n                            ",
    "url": "https://www.belfasttelegraph.co.uk/business/"
  },
  {
    "text": "\n                                Sport\n                            ",
    "url": "https://www.belfasttelegraph.co.uk/sport/"
  },
  {
    "text": "\n                                Life\n                            ",
    "url": "https://www.belfasttelegraph.co.uk/life/"
  },
  {
    "text": "\n                                Entertainment\n                            ",
    "url": "https://www.belfasttelegraph.co.uk/entertainment/"
  },
  {
    "text": "\n                                Travel\n                            ",
    "url": "https://www.belfasttelegraph.co.uk/travel/"
  },
  {
    "text": "\n                                Sunday Life\n                            ",
    "url": "https://www.belfasttelegraph.co.uk/sunday-life/"
  },
  {
    "text": "\n                    Menu                                            Sections \n                                    ",
    "url": "#sections"
  },
  {
    "text": "\n                \n        \n    \n    \n        \n                \n        \n    \n                                                        \n\n    \n\n    \n\n                        \n                        \n            \n    \n        \n    \n    \n            ",
    "url": "https://www.belfasttelegraph.co.uk/news/northern-ireland/woman-arrested-as-second-suspect-in-victor-hamilton-murder-probe-41878063.html"
  },
  {
    "text": "\n                            \n            Northern Ireland\n    \n    \n    \n                        \n    Woman arrested as second suspect in Victor Hamilton murder probe\n    \n\n            \n            \n    A woman has been arrested as the second suspect in the murder of Victor Hamilton (63) in Ballymena earlier this week.\n                    ",
    "url": "https://www.belfasttelegraph.co.uk/news/northern-ireland/woman-arrested-as-second-suspect-in-victor-hamilton-murder-probe-41878063.html"
  },
  {
    "text": "Latest News",
    "url": "/latest-news/"
  },
  {
    "text": "\n    Driver rescued after passing motorist spots car on roof on shores of Strangford Lough\n    \n",
    "url": "https://www.belfasttelegraph.co.uk/news/northern-ireland/driver-rescued-after-passing-motorist-spots-car-on-roof-on-shores-of-strangford-lough-41878676.html"
  },
  {
    "text": "\n    Colin Turkington confident that the best is still to come in British Touring Car Championship\n    \n",
    "url": "https://www.belfasttelegraph.co.uk/sport/motor-sport/colin-turkington-confident-that-the-best-is-still-to-come-in-british-touring-car-championship-41878667.html"
  },
  {
    "text": "\n    Davey Todd sets new lap record but Armoy Road Races overshadowed by Michael Dunlop spat as home favourite pulls out\n    \n",
    "url": "https://www.belfasttelegraph.co.uk/sport/motorcycling/davey-todd-sets-new-lap-record-but-armoy-road-races-overshadowed-by-michael-dunlop-spat-as-home-favourite-pulls-out-41878451.html"
  },
  {
    "text": "\n    George Dockrell key as Leinster Lightning win T20 inter-provincial title\n    \n",
    "url": "https://www.belfasttelegraph.co.uk/sport/cricket/george-dockrell-key-as-leinster-lightning-win-t20-inter-provincial-title-41878142.html"
  },
  {
    "text": "\n                \n        \n    \n    \n        \n                \n        \n    \n                                            \n\n    \n\n    \n\n                        \n                        \n            \n    \n        \n    \n    \n            ",
    "url": "https://www.belfasttelegraph.co.uk/news/northern-ireland/driver-rescued-after-passing-motorist-spots-car-on-roof-on-shores-of-strangford-lough-41878676.html"
  },
  {
    "text": "\n                            \n            Northern Ireland\n    \n    \n    \n                        \n    Driver rescued after passing motorist spots car on roof on shores of Strangford Lough\n    \n\n            \n                                ",
    "url": "https://www.belfasttelegraph.co.uk/news/northern-ireland/driver-rescued-after-passing-motorist-spots-car-on-roof-on-shores-of-strangford-lough-41878676.html"
  },
  {
    "text": "\n                \n        \n    \n    \n        \n                \n        \n    \n                                            \n\n    \n\n    \n\n                        \n                        \n            \n    \n        \n    \n    \n            ",
    "url": "https://www.belfasttelegraph.co.uk/opinion/columnists/Sam-mcbride/if-even-david-trimble-opposed-ni-protocol-how-can-eu-play-the-good-friday-card-41877932.html"
  },
  {
    "text": "\n                            \n            Sam McBride\n    \n             \n\n    Premium  \n\n    \n    \n                        \n            Sam McBride\n                    Opinion        If even David Trimble opposed NI Protocol, how can EU play the Good Friday card?\n    \n\n            \n                                ",
    "url": "https://www.belfasttelegraph.co.uk/opinion/columnists/Sam-mcbride/if-even-david-trimble-opposed-ni-protocol-how-can-eu-play-the-good-friday-card-41877932.html"
  },
  {
    "text": "\n                \n        \n    \n    \n        \n                \n        \n    \n                                            \n\n    \n\n    \n\n                        \n                        \n            \n    \n        \n    \n    \n            ",
    "url": "https://www.belfasttelegraph.co.uk/news/northern-ireland/council-discussion-on-noah-donohoe-case-sparks-row-over-actions-of-psni-41878003.html"
  },
  {
    "text": "\n                            \n            Northern Ireland\n    \n    \n    \n                        \n    Council discussion on Noah Donohoe case sparks row over actions of PSNI\n    \n\n            \n                                ",
    "url": "https://www.belfasttelegraph.co.uk/news/northern-ireland/council-discussion-on-noah-donohoe-case-sparks-row-over-actions-of-psni-41878003.html"
  },
  {
    "text": "\n                \n        \n    \n    \n        \n                \n        \n    \n                                            \n\n    \n\n    \n\n                        \n                        \n            \n            \n                            \n    Gallery\n                                \n    \n        \n    \n    \n            ",
    "url": "https://www.belfasttelegraph.co.uk/news/northern-ireland/ulster-rugby-and-gaa-line-out-for-belfast-pride-parade-41877898.html"
  },
  {
    "text": "\n                            \n            Northern Ireland\n    \n    \n    \n                        \n    Ulster Rugby and GAA line out for Pride parade\n    \n\n            \n                                ",
    "url": "https://www.belfasttelegraph.co.uk/news/northern-ireland/ulster-rugby-and-gaa-line-out-for-belfast-pride-parade-41877898.html"
  },
  {
    "text": "Also in the news",
    "url": "/news"
  },
  {
    "text": "\n                \n        \n    \n    \n        \n                \n        \n    \n                                \n\n    \n\n    \n\n                        \n                        \n            \n    \n        \n    \n    \n            ",
    "url": "https://www.belfasttelegraph.co.uk/news/northern-ireland/belfast-bar-landlord-erects-sign-to-discourage-people-from-drinking-half-pints-of-guinness-41876719.html"
  },
  {
    "text": "\n                            \n            Northern Ireland\n    \n    \n    \n                        \n    Belfast bar landlord erects sign to discourage people from drinking half-pints of Guinness\n    \n\n            \n            \n    A sign erected at a popular Belfast pub which claims half-pints of Guinness will no longer be sold on the premises is using a \u201ctongue in cheek message\u201d to make a serious point, the owner has revealed.\n                    ",
    "url": "https://www.belfasttelegraph.co.uk/news/northern-ireland/belfast-bar-landlord-erects-sign-to-discourage-people-from-drinking-half-pints-of-guinness-41876719.html"
  },
  {
    "text": "\n                \n        \n    \n    \n        \n                \n        \n    \n                                            \n\n    \n\n    \n\n                        \n                        \n            \n    \n        \n    \n    \n            ",
    "url": "https://www.belfasttelegraph.co.uk/news/northern-ireland/big-read-drumcree-david-trimble-didnt-get-an-easy-ride-thats-for-sure-but-he-gave-us-peace-41878055.html"
  },
  {
    "text": "\n                            \n            Northern Ireland\n    \n             \n\n    Premium  \n\n    \n    \n                        \n    Big read \u2013 Drumcree: \u2018David Trimble didn\u2019t get an easy ride, that\u2019s for sure, but he gave us peace\u2019\n    \n\n            \n                                ",
    "url": "https://www.belfasttelegraph.co.uk/news/northern-ireland/big-read-drumcree-david-trimble-didnt-get-an-easy-ride-thats-for-sure-but-he-gave-us-peace-41878055.html"
  },
  {
    "text": "\n                \n        \n    \n    \n        \n                \n        \n    \n                                            \n\n    \n\n    \n\n                        \n                        \n            \n            \n                            \n    Gallery\n                                \n    \n        \n    \n    \n            ",
    "url": "https://www.belfasttelegraph.co.uk/life/weekend/northern-ireland-summer-nostalgia-from-the-belfast-telegraph-archives-in-pictures-41876950.html"
  },
  {
    "text": "\n                            \n            Weekend\n    \n    \n    \n                        \n    Northern Ireland: Summer nostalgia from the Belfast Telegraph archives \u2013 in pictures\n    \n\n            \n                                ",
    "url": "https://www.belfasttelegraph.co.uk/life/weekend/northern-ireland-summer-nostalgia-from-the-belfast-telegraph-archives-in-pictures-41876950.html"
  },
  {
    "text": "\n                \n        \n    \n    \n        \n                \n        \n    \n                                            \n\n    \n\n    \n\n                        \n                        \n            \n            \n                            \n    Gallery\n                                \n    \n        \n    \n    \n            ",
    "url": "https://www.belfasttelegraph.co.uk/news/northern-ireland/stalled-362m-football-stadium-projects-legal-advice-wont-be-published-41878024.html"
  },
  {
    "text": "\n                            \n            Northern Ireland\n    \n             \n\n    Premium  \n\n    \n    \n                        \n    Stadium programme\u2019s legal advice \u2018won\u2019t be published\u2019\n    \n\n            \n                                ",
    "url": "https://www.belfasttelegraph.co.uk/news/northern-ireland/stalled-362m-football-stadium-projects-legal-advice-wont-be-published-41878024.html"
  },
  {
    "text": "Headlines",
    "url": "/news/northern-ireland/"
  },
  {
    "text": "\n                \n        \n    \n    \n        \n                \n        \n    \n                                \n\n    \n\n    \n\n                        \n                        \n            \n    \n        \n    \n    \n            ",
    "url": "https://www.belfasttelegraph.co.uk/news/courts/phone-of-cookstown-man-accused-of-killing-his-mother-reveals-internet-searches-for-matricide-court-told-41877345.html"
  },
  {
    "text": "\n                            \n            Courts\n    \n             \n\n    Premium  \n\n    \n    \n                        \n    Phone of Cookstown man accused of killing his mother reveals internet searches for \u2018matricide\u2019, court told\n    \n\n            \n                                ",
    "url": "https://www.belfasttelegraph.co.uk/news/courts/phone-of-cookstown-man-accused-of-killing-his-mother-reveals-internet-searches-for-matricide-court-told-41877345.html"
  },
  {
    "text": "\n                \n        \n    \n    \n        \n                \n        \n    \n                                \n\n    \n\n    \n\n                        \n                        \n            \n            \n                            \n    Gallery\n                                \n    \n        \n    \n    \n            ",
    "url": "https://www.belfasttelegraph.co.uk/news/northern-ireland/ulster-fleadh-organisers-condemn-pro-ira-chanting-at-unofficial-event-in-dromore-41877598.html"
  },
  {
    "text": "\n                            \n            Northern Ireland\n    \n    \n    \n                        \n    Ulster Fleadh organisers condemn pro-IRA chanting at unofficial event in Dromore\n    \n\n            \n                                ",
    "url": "https://www.belfasttelegraph.co.uk/news/northern-ireland/ulster-fleadh-organisers-condemn-pro-ira-chanting-at-unofficial-event-in-dromore-41877598.html"
  },
  {
    "text": "\n                \n        \n    \n    \n        \n                \n        \n    \n                                \n\n    \n\n    \n\n                        \n                        \n            \n    \n        \n    \n    \n            ",
    "url": "https://www.belfasttelegraph.co.uk/news/northern-ireland/out-of-tune-disbandment-of-st-annes-cathedral-choir-a-real-blow-for-community-41877907.html"
  },
  {
    "text": "\n                            \n            Northern Ireland\n    \n    \n    \n                        \n    Out of tune: Disbandment of St Anne\u2019s Cathedral choir a \u2018real blow\u2019 for community\n    \n\n            \n                                ",
    "url": "https://www.belfasttelegraph.co.uk/news/northern-ireland/out-of-tune-disbandment-of-st-annes-cathedral-choir-a-real-blow-for-community-41877907.html"
  },
  {
    "text": "\n                \n        \n    \n    \n        \n                \n        \n    \n                                \n\n    \n\n    \n\n                        \n                        \n            \n    \n        \n    \n    \n            ",
    "url": "https://www.belfasttelegraph.co.uk/news/northern-ireland/belfast-pride-2022-full-parade-route-and-other-activities-to-enjoy-during-the-day-41874148.html"
  },
  {
    "text": "\n                            \n            Northern Ireland\n    \n    \n    \n                        \n    Belfast Pride 2022: Full parade route and other activities to enjoy during the day\n    \n\n            \n                                ",
    "url": "https://www.belfasttelegraph.co.uk/news/northern-ireland/belfast-pride-2022-full-parade-route-and-other-activities-to-enjoy-during-the-day-41874148.html"
  },
  {
    "text": "\n                \n        \n    \n    \n        \n                \n        \n    \n                                \n\n    \n\n    \n\n                        \n                        \n            \n    \n        \n    \n    \n            ",
    "url": "https://www.belfasttelegraph.co.uk/opinion/columnists/frank-mitchell/taking-my-shots-to-roll-back-the-years-and-honour-a-sporting-all-rounder-41874259.html"
  },
  {
    "text": "\n                            \n            Frank Mitchell\n    \n             \n\n    Premium  \n\n    \n    \n                        \n            Frank Mitchell\n                    Opinion        Taking my shots to roll back the years\u2026 and honour a sporting all-rounder\n    \n\n            \n                                ",
    "url": "https://www.belfasttelegraph.co.uk/opinion/columnists/frank-mitchell/taking-my-shots-to-roll-back-the-years-and-honour-a-sporting-all-rounder-41874259.html"
  },
  {
    "text": "\n                \n        \n    \n    \n        \n                \n        \n    \n                                \n\n    \n\n    \n\n                        \n                        \n            \n    \n        \n    \n    \n            ",
    "url": "https://www.belfasttelegraph.co.uk/news/northern-ireland/row-over-ratepayers-funding-councillors-trip-to-event-in-wales-41877888.html"
  },
  {
    "text": "\n                            \n            Northern Ireland\n    \n    \n    \n                        \n    Row over ratepayers funding councillor\u2019s trip to event in Wales\n    \n\n            \n                                ",
    "url": "https://www.belfasttelegraph.co.uk/news/northern-ireland/row-over-ratepayers-funding-councillors-trip-to-event-in-wales-41877888.html"
  },
  {
    "text": "\n                \n        \n    \n    \n        \n                \n        \n    \n                                \n\n    \n\n    \n\n                        \n                        \n            \n            \n                            \n    Gallery\n                                \n    \n        \n    \n    \n            ",
    "url": "https://www.belfasttelegraph.co.uk/news/northern-ireland/popular-priest-behind-atrocity-that-even-ira-was-ashamed-of-41875465.html"
  },
  {
    "text": "\n                            \n            Northern Ireland\n    \n             \n\n    Premium  \n\n    \n    \n                        \n    Popular priest behind atrocity that even IRA was ashamed of\n    \n\n            \n                                ",
    "url": "https://www.belfasttelegraph.co.uk/news/northern-ireland/popular-priest-behind-atrocity-that-even-ira-was-ashamed-of-41875465.html"
  },
  {
    "text": "\n                \n        \n    \n    \n        \n                \n        \n    \n                                \n\n    \n\n    \n\n                        \n                        \n            \n            \n                            \n    Gallery\n                                \n    \n        \n    \n    \n            ",
    "url": "https://www.belfasttelegraph.co.uk/life/food-drink/a-recipe-for-success-for-young-chef-ryan-jenkins-as-he-opens-new-belfast-restaurant-roam-41873906.html"
  },
  {
    "text": "\n                            \n            Food and Drink\n    \n    \n    \n                        \n    A recipe for success for young chef Ryan Jenkins as he opens new Belfast restaurant Roam\n    \n\n            \n                                ",
    "url": "https://www.belfasttelegraph.co.uk/life/food-drink/a-recipe-for-success-for-young-chef-ryan-jenkins-as-he-opens-new-belfast-restaurant-roam-41873906.html"
  },
  {
    "text": "\n                \n        \n    \n    \n        \n                \n        \n    \n                                \n\n    \n\n    \n\n                        \n                        \n            \n    \n        \n    \n    \n            ",
    "url": "https://www.belfasttelegraph.co.uk/news/northern-ireland/declan-donnelly-fights-backs-tears-at-requiem-mass-for-gifted-priest-brother-41878129.html"
  },
  {
    "text": "\n                            \n            Northern Ireland\n    \n    \n    \n                        \n    Donnelly fights backs tears at Requiem Mass for \u2018gifted priest\u2019 brother\n    \n\n            \n                                ",
    "url": "https://www.belfasttelegraph.co.uk/news/northern-ireland/declan-donnelly-fights-backs-tears-at-requiem-mass-for-gifted-priest-brother-41878129.html"
  },
  {
    "text": "\n                \n        \n    \n    \n        \n                \n        \n    \n                                \n\n    \n\n    \n\n                        \n                        \n            \n            \n                            \n    Gallery\n                                \n    \n        \n    \n    \n            ",
    "url": "https://www.belfasttelegraph.co.uk/news/northern-ireland/belfast-man-trades-city-dwelling-for-beach-living-to-help-improve-his-mental-health-41877191.html"
  },
  {
    "text": "\n                            \n            Northern Ireland\n    \n    \n    \n                        \n    Belfast man trades city dwelling for beach living to help improve his mental health\n    \n\n            \n                                ",
    "url": "https://www.belfasttelegraph.co.uk/news/northern-ireland/belfast-man-trades-city-dwelling-for-beach-living-to-help-improve-his-mental-health-41877191.html"
  },
  {
    "text": "\n                \n        \n    \n    \n        \n                \n        \n    \n                                                        \n\n    \n\n    \n\n                        \n                        \n            \n            \n                            \n    Play\n                                \n    \n        \n    \n    \n            ",
    "url": "https://www.belfasttelegraph.co.uk/news/uk/wagatha-christie-verdict-rebekah-vardy-devastated-after-losing-libel-case-against-coleen-rooney-41876833.html"
  },
  {
    "text": "\n                            \n            UK\n    \n    \n    \n                        \n    Wagatha Christie verdict: Rebekah Vardy \u2018devastated\u2019 after losing libel case against Coleen Rooney\n    \n\n            \n            \n    Coleen Rooney said all of her attempts to avoid a public court case were \u201cknocked back\u201d by Rebekah Vardy following the long-awaited verdict after it was delivered on Friday.\n                    ",
    "url": "https://www.belfasttelegraph.co.uk/news/uk/wagatha-christie-verdict-rebekah-vardy-devastated-after-losing-libel-case-against-coleen-rooney-41876833.html"
  },
  {
    "text": "\n    Belfast bar landlord erects sign to discourage people from drinking half-pints of Guinness\n    \n",
    "url": "https://www.belfasttelegraph.co.uk/news/northern-ireland/belfast-bar-landlord-erects-sign-to-discourage-people-from-drinking-half-pints-of-guinness-41876719.html"
  },
  {
    "text": "\n    Popular priest behind atrocity that even IRA was ashamed of\n    \n",
    "url": "https://www.belfasttelegraph.co.uk/news/northern-ireland/popular-priest-behind-atrocity-that-even-ira-was-ashamed-of-41875465.html"
  },
  {
    "text": "\n    Outrage as council is left with hefty bill after bonfire damages pitch\n    \n",
    "url": "https://www.belfasttelegraph.co.uk/news/northern-ireland/outrage-as-council-is-left-with-hefty-bill-after-bonfire-damages-pitch-41875373.html"
  },
  {
    "text": "\n    Farm shed belonging to Co Down Orange Order member targeted with \u2018threatening\u2019 graffiti\n    \n",
    "url": "https://www.belfasttelegraph.co.uk/news/northern-ireland/farm-shed-belonging-to-co-down-orange-order-member-targeted-with-threatening-graffiti-41877170.html"
  },
  {
    "text": "\n    Wagatha Christie verdict: Rebekah Vardy \u2018devastated\u2019 after losing libel case against Coleen Rooney\n    \n",
    "url": "https://www.belfasttelegraph.co.uk/news/uk/wagatha-christie-verdict-rebekah-vardy-devastated-after-losing-libel-case-against-coleen-rooney-41876833.html"
  },
  {
    "text": "Weekend",
    "url": "/life/weekend"
  },
  {
    "text": "\n                \n        \n    \n    \n        \n                \n        \n    \n                                            \n\n    \n\n    \n\n                        \n                        \n            \n    \n        \n    \n    \n            ",
    "url": "https://www.belfasttelegraph.co.uk/life/food-drink/guinness-in-some-stout-of-the-way-places-10-far-flung-hostelries-that-prove-irelands-greatest-export-is-the-pub-41873983.html"
  },
  {
    "text": "\n                            \n            Food and Drink\n    \n    \n    \n                        \n            Gary Law\n                    Opinion        Guinness in some stout of the way places: 10 far-flung hostelries that prove Ireland\u2019s greatest export is the pub\n    \n\n            \n            \n    I guess I\u2019m in the minority when I say I\u2019m really not a fan of \u2018Irish\u2019 bars abroad. After all, it\u2019s claimed there are more than 100,000 of them dotted around the world.\n                    ",
    "url": "https://www.belfasttelegraph.co.uk/life/food-drink/guinness-in-some-stout-of-the-way-places-10-far-flung-hostelries-that-prove-irelands-greatest-export-is-the-pub-41873983.html"
  },
  {
    "text": "\n                \n        \n    \n    \n        \n                \n        \n    \n                                \n\n    \n\n    \n\n                        \n                        \n            \n    \n        \n    \n    \n            ",
    "url": "https://www.belfasttelegraph.co.uk/life/food-drink/restaurant-reviews/restaurant-review-muddlers-clubs-rocknroll-attitude-continues-to-hit-all-the-right-notes-41874359.html"
  },
  {
    "text": "\n                            \n            Restaurant Reviews\n    \n             \n\n    Premium  \n\n    \n    \n                        \n            Joris Minne\n                    Opinion        Restaurant review: Muddler\u2019s Club\u2019s rock\u2019n\u2019roll attitude continues to hit all the right notes\n    \n\n            \n            \n    Of the three Michelin star restaurants in Belfast, Muddler\u2019s Club is the son of anarchy, the leather-clad dark angel holding a motorcycle chain in one hand and a bottle of St Estephe in the other.\n                    ",
    "url": "https://www.belfasttelegraph.co.uk/life/food-drink/restaurant-reviews/restaurant-review-muddlers-clubs-rocknroll-attitude-continues-to-hit-all-the-right-notes-41874359.html"
  },
  {
    "text": "\n                \n        \n    \n    \n        \n                \n        \n    \n                                            \n\n    \n\n    \n\n                        \n                        \n            \n    \n        \n    \n    \n            ",
    "url": "https://www.belfasttelegraph.co.uk/life/house-home/inspiration-for-gardens-struggling-against-the-elements-41874153.html"
  },
  {
    "text": "\n                            \n            House and Home\n    \n             \n\n    Premium  \n\n    \n    \n                        \n            Diarmuid Gavin\n                    Opinion        Inspiration for gardens struggling against the elements\n    \n\n            \n                                ",
    "url": "https://www.belfasttelegraph.co.uk/life/house-home/inspiration-for-gardens-struggling-against-the-elements-41874153.html"
  },
  {
    "text": "\n                \n        \n    \n    \n        \n                \n        \n    \n                                            \n\n    \n\n    \n\n                        \n                        \n            \n    \n        \n    \n    \n            ",
    "url": "https://www.belfasttelegraph.co.uk/life/features/dear-louanne-im-thinking-about-a-career-break-as-my-job-no-longer-fulfils-me-41874057.html"
  },
  {
    "text": "\n                            \n            Features\n    \n    \n    \n                        \n    Dear Louanne: I\u2019m thinking about a career break\u2026 as my job no longer fulfils me\n    \n\n            \n                                ",
    "url": "https://www.belfasttelegraph.co.uk/life/features/dear-louanne-im-thinking-about-a-career-break-as-my-job-no-longer-fulfils-me-41874057.html"
  },
  {
    "text": "\n                \n        \n    \n    \n        \n                \n        \n    \n                                            \n\n    \n\n    \n\n                        \n                        \n            \n    \n        \n    \n    \n            ",
    "url": "https://www.belfasttelegraph.co.uk/life/food-drink/review-flout-setting-the-new-pizza-standard-in-belfast-41874190.html"
  },
  {
    "text": "\n                            \n            Food and Drink\n    \n             \n\n    Premium  \n\n    \n    \n                        \n            John Mulgrew\n                    Opinion        Review: Flout! setting the new pizza standard in Belfast\n    \n\n            \n                                ",
    "url": "https://www.belfasttelegraph.co.uk/life/food-drink/review-flout-setting-the-new-pizza-standard-in-belfast-41874190.html"
  },
  {
    "text": "\n                \n        \n    \n    \n        \n                \n        \n    \n                                            \n\n    \n\n    \n\n                        \n                        \n            \n            \n                            \n    Gallery\n                                \n    \n        \n    \n    \n            ",
    "url": "https://www.belfasttelegraph.co.uk/life/food-drink/recipes/paula-mcintyre-is-berry-keen-on-summer-dessert-and-soup-41876741.html"
  },
  {
    "text": "\n                            \n            Recipes\n    \n    \n    \n                        \n    Paula McIntyre is berry keen on summer dessert and soup\n    \n\n            \n                                ",
    "url": "https://www.belfasttelegraph.co.uk/life/food-drink/recipes/paula-mcintyre-is-berry-keen-on-summer-dessert-and-soup-41876741.html"
  },
  {
    "text": "\n                \n        \n    \n    \n        \n                \n        \n    \n                                            \n\n    \n\n    \n\n                        \n                        \n            \n            \n                            \n    Gallery\n                                \n    \n        \n    \n    \n            ",
    "url": "https://www.belfasttelegraph.co.uk/life/weekend/my-weekend-with-singer-songwriter-ciaran-lavery-41876814.html"
  },
  {
    "text": "\n                            \n            Weekend\n    \n    \n    \n                        \n    My weekend\u2026 with singer-songwriter Ciaran Lavery\n    \n\n            \n                                ",
    "url": "https://www.belfasttelegraph.co.uk/life/weekend/my-weekend-with-singer-songwriter-ciaran-lavery-41876814.html"
  },
  {
    "text": "\n                \n        \n    \n    \n        \n                \n        \n    \n                                            \n\n    \n\n    \n\n                        \n                        \n            \n    \n        \n    \n    \n            ",
    "url": "https://www.belfasttelegraph.co.uk/entertainment/film-tv/the-hit-list-i-smugly-sat-back-and-was-very-proud-of-myself-that-i-remembered-spaceman-by-babylon-zoo-and-boys-by-sabrina-41873875.html"
  },
  {
    "text": "\n                            \n            Film and TV\n    \n             \n\n    Premium  \n\n    \n    \n                        \n            Billy Weir\n                    Opinion        The Hit List: I smugly sat back and was very proud of myself that I remembered Spaceman by Babylon Zoo and Boys by Sabrina\n    \n\n            \n                                ",
    "url": "https://www.belfasttelegraph.co.uk/entertainment/film-tv/the-hit-list-i-smugly-sat-back-and-was-very-proud-of-myself-that-i-remembered-spaceman-by-babylon-zoo-and-boys-by-sabrina-41873875.html"
  },
  {
    "text": "\n                \n        \n    \n    \n        \n                \n        \n    \n                                            \n\n    \n\n    \n\n                        \n                        \n            \n            \n                            \n    Gallery\n                                \n    \n        \n    \n    \n            ",
    "url": "https://www.belfasttelegraph.co.uk/life/food-drink/recipes/donal-skehans-reliable-comfort-food-recipes-foccacia-style-pizza-tagliata-t-bone-steak-and-baked-cheesecake-41874377.html"
  },
  {
    "text": "\n                            \n            Recipes\n    \n    \n    \n                        \n    Donal Skehan\u2019s reliable comfort food recipes: foccacia-style pizza, tagliata T-bone steak and baked cheesecake\n    \n\n            \n                                ",
    "url": "https://www.belfasttelegraph.co.uk/life/food-drink/recipes/donal-skehans-reliable-comfort-food-recipes-foccacia-style-pizza-tagliata-t-bone-steak-and-baked-cheesecake-41874377.html"
  },
  {
    "text": "\n                \n        \n    \n    \n        \n                \n        \n    \n                                            \n\n    \n\n    \n\n                        \n                        \n            \n    \n        \n    \n    \n            ",
    "url": "https://www.belfasttelegraph.co.uk/opinion/comment/its-no-longer-about-the-history-of-how-women-in-sport-got-here-its-about-the-future-we-can-create-41874281.html"
  },
  {
    "text": "\n                            \n            Comment\n    \n             \n\n    Premium  \n\n    \n    \n                        \n            Orla Chennaoui\n                    Opinion        It\u2019s no longer about the history of how women in sport got here, it\u2019s about the future we can create\n    \n\n            \n                                ",
    "url": "https://www.belfasttelegraph.co.uk/opinion/comment/its-no-longer-about-the-history-of-how-women-in-sport-got-here-its-about-the-future-we-can-create-41874281.html"
  },
  {
    "text": "Opinion & Analysis",
    "url": "/opinion/"
  },
  {
    "text": "\n                \n        \n    \n    \n        \n                \n        \n    \n                                                        \n\n    \n\n    \n\n                        \n                        \n            \n    \n        \n    \n    \n            ",
    "url": "https://www.belfasttelegraph.co.uk/opinion/columnists/gail-walker/prickly-awkward-hardline-even-a-great-unionist-like-lord-trimble-is-cruelly-caricatured-41877934.html"
  },
  {
    "text": "\n                            \n            Gail Walker\n    \n             \n\n    Premium  \n\n    \n    \n                        \n            Gail Walker\n                    Opinion        Prickly, awkward, hardline... even a great unionist like Lord Trimble is cruelly caricatured\n    \n\n            \n            \n    Amid the deserved lauding of Lord Trimble\u2019s courage as an architect of the Good Friday Agreement, there\u2019s been a persistent narrative about his personality: \u201cshort-tempered\u201d, \u201cprickly\u201d, \u201cawkward\u201d, \u201clacking social skills\u201d and of course that old favourite only applied to unionism, \u201chardline\u201d.\n                    ",
    "url": "https://www.belfasttelegraph.co.uk/opinion/columnists/gail-walker/prickly-awkward-hardline-even-a-great-unionist-like-lord-trimble-is-cruelly-caricatured-41877934.html"
  },
  {
    "text": "\n                                \n                    \n                                               Why the Wagatha Christie trial was always a bad idea for Rebekah Vardy\n                    \n                                            Zoe Tidman\n                                    \n            ",
    "url": "https://www.belfasttelegraph.co.uk/opinion/comment/why-the-wagatha-christie-trial-was-always-a-bad-idea-for-rebekah-vardy-41877228.html"
  },
  {
    "text": "\n                                    \n        \n    \n    \n        \n                \n        \n    \n                                \n\n    \n\n    \n\n                        \n                        \n            \n    \n        \n    \n    \n\n                                \n                    \n                                               Social media pleas for cash handouts can beggar belief\n                    \n                                            Fionola Meredith\n                                    \n            ",
    "url": "https://www.belfasttelegraph.co.uk/opinion/columnists/fionola-meredith/social-media-pleas-for-cash-handouts-can-beggar-belief-41875108.html"
  },
  {
    "text": "\n                                    \n        \n    \n    \n        \n                \n        \n    \n                                \n\n    \n\n    \n\n                        \n                        \n            \n    \n        \n    \n    \n\n                                \n                    \n                                               Why it\u2019s time more NI Christians came out as LGBTQ+ affirming\n                    \n                                            Gareth Hanna\n                                    \n            ",
    "url": "https://www.belfasttelegraph.co.uk/opinion/comment/why-its-time-more-ni-christians-came-out-as-lgbtq-affirming-41874649.html"
  },
  {
    "text": "\n                                    \n        \n    \n    \n        \n                \n        \n    \n                                \n\n    \n\n    \n\n                        \n                        \n            \n    \n        \n    \n    \n\n                                \n                    \n                                               Much-loved Terry Neill led an extraordinary life on and off the pitch and leaves a wealth of happy memories\n                    \n                                            Steven Beacom\n                                    \n            ",
    "url": "https://www.belfasttelegraph.co.uk/sport/football/international/much-loved-terry-neill-led-an-extraordinary-life-on-and-off-the-pitch-and-leaves-a-wealth-of-happy-memories-41875549.html"
  },
  {
    "text": "Sport",
    "url": "/sport/"
  },
  {
    "text": "\n                \n        \n    \n    \n        \n                \n        \n    \n                                                        \n\n    \n\n    \n\n                        \n                        \n            \n    \n        \n    \n    \n            ",
    "url": "https://www.belfasttelegraph.co.uk/sport/othersports/barry-mcclements-so-proud-to-seal-northern-irelands-first-ever-commonwealth-games-swimming-medal-with-bronze-in-mens-100m-backstroke-s9-41878453.html"
  },
  {
    "text": "\n                            \n            Other Sports\n    \n    \n    \n                        \n    Barry McClements so proud to seal Northern Ireland\u2019s first ever Commonwealth Games swimming medal with bronze in men\u2019s 100m backstroke S9\n    \n\n            \n            \n    Barry McClements was as proud as punch after winning Northern Ireland\u2019s first ever swimming medal at the Commonwealth Games, claiming a bronze in the men\u2019s 100m backstroke S9.\n                    ",
    "url": "https://www.belfasttelegraph.co.uk/sport/othersports/barry-mcclements-so-proud-to-seal-northern-irelands-first-ever-commonwealth-games-swimming-medal-with-bronze-in-mens-100m-backstroke-s9-41878453.html"
  },
  {
    "text": "\n                \n        \n    \n    \n        \n                \n        \n    \n                                \n\n    \n\n    \n\n                        \n                        \n            \n    \n        \n    \n    \n            ",
    "url": "https://www.belfasttelegraph.co.uk/sport/football/irish-league/irish-league-clubs-warned-to-focus-on-need-not-greed-in-battle-for-sub-regional-stadia-funding-as-nifl-frustrations-grow-41878582.html"
  },
  {
    "text": "\n                            \n            Irish League\n    \n    \n    \n                        \n    Irish League clubs warned to focus on need, not greed in battle for Sub-Regional Stadia funding as NIFL frustrations grow\n    \n\n            \n            \n    Irish League clubs have been warned by the Northern Ireland Football League against making unreasonable demands in their pleas for financial help through the Sub-Regional Stadia Programme.\n                    ",
    "url": "https://www.belfasttelegraph.co.uk/sport/football/irish-league/irish-league-clubs-warned-to-focus-on-need-not-greed-in-battle-for-sub-regional-stadia-funding-as-nifl-frustrations-grow-41878582.html"
  },
  {
    "text": "\n                \n        \n    \n    \n        \n                \n        \n    \n                                            \n\n    \n\n    \n\n                        \n                        \n            \n    \n        \n    \n    \n            ",
    "url": "https://www.belfasttelegraph.co.uk/sport/football/scottish/rangers/former-cliftonville-man-chris-oloughlin-on-his-wild-and-emotional-ride-in-football-as-he-prepares-to-take-on-rangers-in-europe-41877903.html"
  },
  {
    "text": "\n                            \n            Rangers\n    \n             \n\n    Premium  \n\n    \n    \n                        \n    Former Cliftonville man Chris O\u2019Loughlin on his wild and emotional ride in football as he prepares to take on Rangers in Europe\n    \n\n            \n                                ",
    "url": "https://www.belfasttelegraph.co.uk/sport/football/scottish/rangers/former-cliftonville-man-chris-oloughlin-on-his-wild-and-emotional-ride-in-football-as-he-prepares-to-take-on-rangers-in-europe-41877903.html"
  },
  {
    "text": "\n                \n        \n    \n    \n        \n                \n        \n    \n                                            \n\n    \n\n    \n\n                        \n                        \n            \n            \n                            \n    Gallery\n                                \n    \n        \n    \n    \n            ",
    "url": "https://www.belfasttelegraph.co.uk/sport/football/a-huge-season-awaits-for-northern-irelands-contingent-across-the-water-as-they-look-to-reach-new-heights-41877502.html"
  },
  {
    "text": "\n                            \n            Football\n    \n             \n\n    Premium  \n\n    \n    \n                        \n    A huge season awaits for Northern Ireland\u2019s contingent across the water as they look to reach new heights\n    \n\n            \n                                ",
    "url": "https://www.belfasttelegraph.co.uk/sport/football/a-huge-season-awaits-for-northern-irelands-contingent-across-the-water-as-they-look-to-reach-new-heights-41877502.html"
  },
  {
    "text": "\n                \n        \n    \n    \n        \n                \n        \n    \n                                            \n\n    \n\n    \n\n                        \n                        \n            \n    \n        \n    \n    \n            ",
    "url": "https://www.belfasttelegraph.co.uk/sport/commonwealth-games/rhys-mcclenaghan-sees-room-for-improvement-after-doing-enough-to-qualify-for-commonwealth-games-final-41877621.html"
  },
  {
    "text": "\n                            \n            Commonwealth Games\n    \n    \n    \n                        \n    Rhys McClenaghan sees room for improvement after doing enough to qualify for Commonwealth Games Final\n    \n\n            \n                                ",
    "url": "https://www.belfasttelegraph.co.uk/sport/commonwealth-games/rhys-mcclenaghan-sees-room-for-improvement-after-doing-enough-to-qualify-for-commonwealth-games-final-41877621.html"
  },
  {
    "text": "\n                \n        \n    \n    \n        \n                \n        \n    \n                                            \n\n    \n\n    \n\n                        \n                        \n            \n    \n        \n    \n    \n            ",
    "url": "https://www.belfasttelegraph.co.uk/sport/football/irish-league/prestigious-youth-tournaments-foyle-cup-and-supercupni-so-vital-to-our-kids-progress-41877958.html"
  },
  {
    "text": "\n                            \n            Irish League\n    \n             \n\n    Premium  \n\n    \n    \n                        \n            Stephen Craigan\n                    Opinion        Prestigious youth tournaments Foyle Cup and SuperCupNI so vital to our kids\u2019 progress\n    \n\n            \n                                ",
    "url": "https://www.belfasttelegraph.co.uk/sport/football/irish-league/prestigious-youth-tournaments-foyle-cup-and-supercupni-so-vital-to-our-kids-progress-41877958.html"
  },
  {
    "text": "Lord Trimble 1944-2022",
    "url": "/topics/david-trimble-41868589/"
  },
  {
    "text": "\n                \n        \n    \n    \n        \n                \n        \n    \n                                                        \n\n    \n\n    \n\n                        \n                        \n            \n    \n        \n    \n    \n            ",
    "url": "https://www.belfasttelegraph.co.uk/opinion/columnists/suzanne-breen/trimble-hume-mallon-mcguinness-and-paisley-the-big-beasts-of-northern-ireland-politics-are-now-all-gone-41870241.html"
  },
  {
    "text": "\n                            \n            Suzanne Breen\n    \n             \n\n    Premium  \n\n    \n    \n                        \n            Suzanne Breen\n                    Opinion        Trimble, Hume, Mallon, McGuinness and Paisley \u2013\u00a0the big beasts of Northern Ireland politics are now all gone\n    \n\n            \n                                ",
    "url": "https://www.belfasttelegraph.co.uk/opinion/columnists/suzanne-breen/trimble-hume-mallon-mcguinness-and-paisley-the-big-beasts-of-northern-ireland-politics-are-now-all-gone-41870241.html"
  },
  {
    "text": "\n                \n        \n    \n    \n        \n                \n        \n    \n                                            \n\n    \n\n    \n\n                        \n                        \n            \n            \n                            \n    Gallery\n                                \n    \n        \n    \n    \n            ",
    "url": "https://www.belfasttelegraph.co.uk/news/republic-of-ireland/irish-president-michael-d-higgins-will-attend-funeral-of-david-trimble-in-lisburn-on-monday-41877226.html"
  },
  {
    "text": "\n                        \n    Irish President Michael D Higgins will attend funeral of David Trimble in Lisburn on Monday\n    \n\n            \n                                ",
    "url": "https://www.belfasttelegraph.co.uk/news/republic-of-ireland/irish-president-michael-d-higgins-will-attend-funeral-of-david-trimble-in-lisburn-on-monday-41877226.html"
  },
  {
    "text": "\n                \n        \n    \n    \n        \n                \n        \n    \n                                            \n\n    \n\n    \n\n                        \n                        \n            \n    \n        \n    \n    \n            ",
    "url": "https://www.belfasttelegraph.co.uk/news/northern-ireland/u2-pay-tribute-to-lord-trimble-with-iconic-waterfront-hall-image-41874455.html"
  },
  {
    "text": "\n                        \n    U2 pay tribute to Lord Trimble with iconic Waterfront Hall image\n    \n\n            \n                                ",
    "url": "https://www.belfasttelegraph.co.uk/news/northern-ireland/u2-pay-tribute-to-lord-trimble-with-iconic-waterfront-hall-image-41874455.html"
  },
  {
    "text": "\n                \n        \n    \n    \n        \n                \n        \n    \n                                            \n\n    \n\n    \n\n                        \n                        \n            \n    \n        \n    \n    \n            ",
    "url": "https://www.belfasttelegraph.co.uk/news/northern-ireland/ni-artist-colin-davidson-recalls-lord-trimbles-warmth-during-portrait-sittings-41869934.html"
  },
  {
    "text": "\n                            \n    \n             \n\n    Premium  \n\n    \n    \n                        \n    NI artist Colin Davidson recalls Lord Trimble\u2019s warmth during portrait sittings\n    \n\n            \n                                ",
    "url": "https://www.belfasttelegraph.co.uk/news/northern-ireland/ni-artist-colin-davidson-recalls-lord-trimbles-warmth-during-portrait-sittings-41869934.html"
  },
  {
    "text": "\n                \n        \n    \n    \n        \n                \n        \n    \n                                            \n\n    \n\n    \n\n                        \n                        \n            \n            \n                            \n    Podcast\n                                \n    \n        \n    \n    \n            ",
    "url": "https://www.belfasttelegraph.co.uk/podcasts/the-beltel/the-beltel-the-life-of-david-trimble-from-vanguard-to-nobel-peace-prize-41868724.html"
  },
  {
    "text": "\n                        \n    The BelTel podcast - The life of David Trimble: From Vanguard to Nobel Peace Prize \n    \n\n            \n                                ",
    "url": "https://www.belfasttelegraph.co.uk/podcasts/the-beltel/the-beltel-the-life-of-david-trimble-from-vanguard-to-nobel-peace-prize-41868724.html"
  },
  {
    "text": "Business",
    "url": "/business/"
  },
  {
    "text": "\n                \n        \n    \n    \n        \n                \n        \n    \n                                            \n\n    \n\n    \n\n                        \n                        \n            \n            \n                            \n    Gallery\n                                \n    \n        \n    \n    \n            ",
    "url": "https://www.belfasttelegraph.co.uk/business/northern-ireland/belfast-pub-group-plans-new-cathedral-quarter-hotel-41877195.html"
  },
  {
    "text": "\n                            \n            Northern Ireland\n    \n             \n\n    Premium  \n\n    \n    \n                        \n    Belfast pub group plans new Cathedral Quarter hotel with shipping container courtyard\n    \n\n            \n                                ",
    "url": "https://www.belfasttelegraph.co.uk/business/northern-ireland/belfast-pub-group-plans-new-cathedral-quarter-hotel-41877195.html"
  },
  {
    "text": "\n                \n        \n    \n    \n        \n                \n        \n    \n                                            \n\n    \n\n    \n\n                        \n                        \n            \n    \n        \n    \n    \n            ",
    "url": "https://www.belfasttelegraph.co.uk/business/northern-ireland/get-ready-for-even-higher-energy-bills-says-regulator-as-sdlp-leader-colum-eastwood-urges-westminster-to-intervene-41875652.html"
  },
  {
    "text": "\n                            \n            Northern Ireland\n    \n             \n\n    Premium  \n\n    \n    \n                        \n    Get ready for even higher energy bills, says regulator, as SDLP leader Colum Eastwood urges Westminster to intervene\n    \n\n            \n                                ",
    "url": "https://www.belfasttelegraph.co.uk/business/northern-ireland/get-ready-for-even-higher-energy-bills-says-regulator-as-sdlp-leader-colum-eastwood-urges-westminster-to-intervene-41875652.html"
  },
  {
    "text": "\n                \n        \n    \n    \n        \n                \n        \n    \n                                            \n\n    \n\n    \n\n                        \n                        \n            \n            \n                            \n    Gallery\n                                \n    \n        \n    \n    \n            ",
    "url": "https://www.belfasttelegraph.co.uk/news/northern-ireland/48m-revamp-of-bbcs-belfast-headquarters-finally-under-way-41875211.html"
  },
  {
    "text": "\n                            \n            Northern Ireland\n    \n             \n\n    Premium  \n\n    \n    \n                        \n    \u00a348m revamp of BBC\u2019s Belfast headquarters finally under way\n    \n\n            \n                                ",
    "url": "https://www.belfasttelegraph.co.uk/news/northern-ireland/48m-revamp-of-bbcs-belfast-headquarters-finally-under-way-41875211.html"
  },
  {
    "text": "\n                \n        \n    \n    \n        \n                \n        \n    \n                                            \n\n    \n\n    \n\n                        \n                        \n            \n    \n        \n    \n    \n            ",
    "url": "https://www.belfasttelegraph.co.uk/news/northern-ireland/former-randox-worker-awarded-almost-50000-for-being-unfairly-and-constructively-dismissed-41872732.html"
  },
  {
    "text": "\n                            \n            Northern Ireland\n    \n             \n\n    Premium  \n\n    \n    \n                        \n    Former Randox worker awarded almost \u00a350,000 for being unfairly and constructively dismissed\n    \n\n            \n                                ",
    "url": "https://www.belfasttelegraph.co.uk/news/northern-ireland/former-randox-worker-awarded-almost-50000-for-being-unfairly-and-constructively-dismissed-41872732.html"
  },
  {
    "text": "Podcasts",
    "url": "/podcasts/the-beltel/"
  },
  {
    "text": "\n                \n        \n    \n    \n        \n                \n        \n    \n                                            \n\n    \n\n    \n\n                        \n                        \n            \n            \n                            \n    Podcast\n                                \n    \n        \n    \n    \n            ",
    "url": "https://www.belfasttelegraph.co.uk/podcasts/the-beltel/the-beltel-the-story-of-belfast-pride-from-ruc-stings-to-street-parades-41874629.html"
  },
  {
    "text": "\n                            \n            The BelTel\n    \n    \n    \n                        \n    The BelTel podcast: The story of Belfast Pride - from RUC stings to street parades\n    \n\n            \n                                ",
    "url": "https://www.belfasttelegraph.co.uk/podcasts/the-beltel/the-beltel-the-story-of-belfast-pride-from-ruc-stings-to-street-parades-41874629.html"
  },
  {
    "text": "\n                \n        \n    \n    \n        \n                \n        \n    \n                                            \n\n    \n\n    \n\n                        \n                        \n            \n            \n                            \n    Podcast\n                                \n    \n        \n    \n    \n            ",
    "url": "https://www.belfasttelegraph.co.uk/podcasts/the-beltel/the-beltel-from-barrys-to-currys-how-portrushs-funpark-will-stay-open-after-the-summer-41866599.html"
  },
  {
    "text": "\n                            \n            The BelTel\n    \n    \n    \n                        \n    exclusive\n        From Barry's to Curry's - how Portrush's Funpark will stay open after the summer\n    \n\n            \n                                ",
    "url": "https://www.belfasttelegraph.co.uk/podcasts/the-beltel/the-beltel-from-barrys-to-currys-how-portrushs-funpark-will-stay-open-after-the-summer-41866599.html"
  },
  {
    "text": "\n                \n        \n    \n    \n        \n                \n        \n    \n                                            \n\n    \n\n    \n\n                        \n                        \n            \n            \n                            \n    Podcast\n                                \n    \n        \n    \n    \n            ",
    "url": "https://www.belfasttelegraph.co.uk/podcasts/the-beltel/the-beltel-ulster-farmers-union-boss-struggling-to-see-benefits-of-ni-protocol-bill-bonus-episode-41860896.html"
  },
  {
    "text": "\n                            \n            The BelTel\n    \n    \n    \n                        \n    Ulster Farmers\u2019 Union boss \u2018struggling to see benefits of NI Protocol Bill\u2019 (Bonus episode)\n    \n\n            \n                                ",
    "url": "https://www.belfasttelegraph.co.uk/podcasts/the-beltel/the-beltel-ulster-farmers-union-boss-struggling-to-see-benefits-of-ni-protocol-bill-bonus-episode-41860896.html"
  },
  {
    "text": "\n                \n        \n    \n    \n        \n                \n        \n    \n                                            \n\n    \n\n    \n\n                        \n                        \n            \n            \n                            \n    Podcast\n                                \n    \n        \n    \n    \n            ",
    "url": "https://www.belfasttelegraph.co.uk/podcasts/the-beltel/the-beltel-bloody-friday-the-story-of-the-iras-blitz-of-belfast-41854267.html"
  },
  {
    "text": "\n                            \n            The BelTel\n    \n    \n    \n                        \n    Bloody Friday - The story of the IRA\u2019s blitz of Belfast\n    \n\n            \n                                ",
    "url": "https://www.belfasttelegraph.co.uk/podcasts/the-beltel/the-beltel-bloody-friday-the-story-of-the-iras-blitz-of-belfast-41854267.html"
  },
  {
    "text": "War in Ukraine",
    "url": "/topics/ukraine-41380229/"
  },
  {
    "text": "\n                \n        \n    \n    \n        \n                \n        \n    \n                                            \n\n    \n\n    \n\n                        \n                        \n            \n    \n        \n    \n    \n            ",
    "url": "https://www.belfasttelegraph.co.uk/news/uk/johnson-insists-churchills-spirit-walking-with-ukraine-president-zelensky-41869515.html"
  },
  {
    "text": "\n                            \n            UK\n    \n    \n    \n                        \n    Johnson insists Churchill\u2019s \u2018spirit walking with\u2019 Ukraine president Zelensky\n    \n\n            \n                                ",
    "url": "https://www.belfasttelegraph.co.uk/news/uk/johnson-insists-churchills-spirit-walking-with-ukraine-president-zelensky-41869515.html"
  },
  {
    "text": "\n                \n        \n    \n    \n        \n                \n        \n    \n                                            \n\n    \n\n    \n\n                        \n                        \n            \n    \n        \n    \n    \n            ",
    "url": "https://www.belfasttelegraph.co.uk/entertainment/news/eurovision-to-be-held-in-uk-in-2023-with-belfast-still-in-running-to-be-chosen-as-host-city-41865366.html"
  },
  {
    "text": "\n                            \n            News\n    \n    \n    \n                        \n    Eurovision to be held in UK in 2023, with Belfast still in running to be chosen as host city\n    \n\n            \n                                ",
    "url": "https://www.belfasttelegraph.co.uk/entertainment/news/eurovision-to-be-held-in-uk-in-2023-with-belfast-still-in-running-to-be-chosen-as-host-city-41865366.html"
  },
  {
    "text": "\n                \n        \n    \n    \n        \n                \n        \n    \n                                            \n\n    \n\n    \n\n                        \n                        \n            \n    \n        \n    \n    \n            ",
    "url": "https://www.belfasttelegraph.co.uk/news/northern-ireland/ukraine-a-third-world-war-is-a-possibility-says-omagh-man-on-the-ground-in-kyiv-41864057.html"
  },
  {
    "text": "\n                            \n            Northern Ireland\n    \n             \n\n    Premium  \n\n    \n    \n                        \n    Ukraine: A third world war is a possibility, says Omagh man on the ground in Kyiv\n    \n\n            \n                                ",
    "url": "https://www.belfasttelegraph.co.uk/news/northern-ireland/ukraine-a-third-world-war-is-a-possibility-says-omagh-man-on-the-ground-in-kyiv-41864057.html"
  },
  {
    "text": "\n                \n        \n    \n    \n        \n                \n        \n    \n                                            \n\n    \n\n    \n\n                        \n                        \n            \n    \n        \n    \n    \n            ",
    "url": "https://www.belfasttelegraph.co.uk/news/northern-ireland/ukrainians-have-called-for-continued-support-for-their-country-in-a-rally-41863660.html"
  },
  {
    "text": "\n                            \n            Northern Ireland\n    \n    \n    \n                        \n    Ukrainians in NI call for continued support for their country in a rally at Belfast City Hall\n    \n\n            \n                                ",
    "url": "https://www.belfasttelegraph.co.uk/news/northern-ireland/ukrainians-have-called-for-continued-support-for-their-country-in-a-rally-41863660.html"
  },
  {
    "text": "Videos of the day",
    "url": "video-news/"
  },
  {
    "text": "\n                \n        \n    \n    \n        \n                \n        \n    \n                                                        \n\n    \n\n    \n\n                        \n                        \n            \n            \n                            \n    Play\n                                \n    \n        \n    \n    \n            ",
    "url": "https://www.belfasttelegraph.co.uk/video-news/declan-donnelly-bids-emotional-farewell-to-brother-41877410.html"
  },
  {
    "text": "\n                        \n    Declan Donnelly bids emotional farewell to brother\n    \n\n            \n                                ",
    "url": "https://www.belfasttelegraph.co.uk/video-news/declan-donnelly-bids-emotional-farewell-to-brother-41877410.html"
  },
  {
    "text": "\n                \n        \n    \n    \n        \n                \n        \n    \n                                \n\n    \n\n    \n\n                        \n                        \n            \n            \n                            \n    Play\n                                \n    \n        \n    \n    \n            ",
    "url": "https://www.belfasttelegraph.co.uk/video-news/rebekah-vardy-loses-wagatha-christie-libel-case-against-coleen-rooney-41877093.html"
  },
  {
    "text": "\n                        \n    Rebekah Vardy loses \u2018Wagatha Christie\u2019 libel case against Coleen Rooney\n    \n\n            \n                                ",
    "url": "https://www.belfasttelegraph.co.uk/video-news/rebekah-vardy-loses-wagatha-christie-libel-case-against-coleen-rooney-41877093.html"
  },
  {
    "text": "\n                \n        \n    \n    \n        \n                \n        \n    \n                                \n\n    \n\n    \n\n                        \n                        \n            \n            \n                            \n    Play\n                                \n    \n        \n    \n    \n            ",
    "url": "https://www.belfasttelegraph.co.uk/video-news/video-police-at-the-scene-of-sudden-death-in-ballymena-41872150.html"
  },
  {
    "text": "\n                        \n    Video: Police at the scene of sudden death in Ballymena \n    \n\n            \n                                ",
    "url": "https://www.belfasttelegraph.co.uk/video-news/video-police-at-the-scene-of-sudden-death-in-ballymena-41872150.html"
  },
  {
    "text": "\n                \n        \n    \n    \n        \n                \n        \n    \n                                \n\n    \n\n    \n\n                        \n                        \n            \n            \n                            \n    Play\n                                \n    \n        \n    \n    \n            ",
    "url": "https://www.belfasttelegraph.co.uk/video-news/funeral-of-sir-william-wright-takes-place-in-ballymena-41871995.html"
  },
  {
    "text": "\n                        \n    Funeral of Sir William Wright takes place in Ballymena\n    \n\n            \n                                ",
    "url": "https://www.belfasttelegraph.co.uk/video-news/funeral-of-sir-william-wright-takes-place-in-ballymena-41871995.html"
  },
  {
    "text": "\n                \n        \n    \n    \n        \n                \n        \n    \n                                \n\n    \n\n    \n\n                        \n                        \n            \n            \n                            \n    Play\n                                \n    \n        \n    \n    \n            ",
    "url": "https://www.belfasttelegraph.co.uk/video-news/video-ni-man-robert-lynn-recalls-wife-being-shot-and-killed-in-south-africa-41866168.html"
  },
  {
    "text": "\n                        \n    Video: NI Man Robert Lynn  recalls wife being shot and killed in South Africa\n    \n\n            \n                                ",
    "url": "https://www.belfasttelegraph.co.uk/video-news/video-ni-man-robert-lynn-recalls-wife-being-shot-and-killed-in-south-africa-41866168.html"
  },
  {
    "text": "Sunday Life",
    "url": "/sunday-life/"
  },
  {
    "text": "\n                \n        \n    \n    \n        \n                \n        \n    \n                                                        \n\n    \n\n    \n\n                        \n                        \n            \n    \n        \n    \n    \n            ",
    "url": "https://www.belfasttelegraph.co.uk/sunday-life/news/stephen-nolan-bbc-radio-star-to-sue-businesswoman-over-alleged-online-slur-41862715.html"
  },
  {
    "text": "\n                            exclusive\n    \n            News\n    \n             \n\n    Premium  \n\n    \n    \n                        \n                    Gallery        Stephen Nolan: BBC radio star to sue businesswoman over alleged online slur\n    \n\n            \n                                ",
    "url": "https://www.belfasttelegraph.co.uk/sunday-life/news/stephen-nolan-bbc-radio-star-to-sue-businesswoman-over-alleged-online-slur-41862715.html"
  },
  {
    "text": "\n                \n        \n    \n    \n        \n                \n        \n    \n                                            \n\n    \n\n    \n\n                        \n                        \n            \n            \n                            \n    Gallery\n                                \n    \n        \n    \n    \n            ",
    "url": "https://www.belfasttelegraph.co.uk/sunday-life/news/time-for-the-ira-to-come-clean-on-claudy-atrocity-brother-of-nine-year-old-victim-speaks-out-41862646.html"
  },
  {
    "text": "\n                            \n    \n             \n\n    Premium  \n\n    \n    \n                        \n    \u2018Time for the IRA to come clean on Claudy atrocity\u2019: Brother of nine-year-old victim speaks out\n    \n\n            \n                                ",
    "url": "https://www.belfasttelegraph.co.uk/sunday-life/news/time-for-the-ira-to-come-clean-on-claudy-atrocity-brother-of-nine-year-old-victim-speaks-out-41862646.html"
  },
  {
    "text": "\n                \n        \n    \n    \n        \n                \n        \n    \n                                            \n\n    \n\n    \n\n                        \n                        \n            \n            \n                            \n    Gallery\n                                \n    \n        \n    \n    \n            ",
    "url": "https://www.belfasttelegraph.co.uk/sunday-life/news/revealed-recent-45m-bid-to-reboot-george-best-hotel-in-belfast-city-centre-failed-41862664.html"
  },
  {
    "text": "\n                        \n    Revealed: Recent \u00a34.5m bid to reboot George Best hotel in Belfast city centre failed\n    \n\n            \n                                ",
    "url": "https://www.belfasttelegraph.co.uk/sunday-life/news/revealed-recent-45m-bid-to-reboot-george-best-hotel-in-belfast-city-centre-failed-41862664.html"
  },
  {
    "text": "\n                \n        \n    \n    \n        \n                \n        \n    \n                                            \n\n    \n\n    \n\n                        \n                        \n            \n            \n                            \n    Play\n                                \n    \n        \n    \n    \n            ",
    "url": "https://www.belfasttelegraph.co.uk/sunday-life/news/watch-parent-confronted-marty-heaney-four-years-before-his-downfall-41862673.html"
  },
  {
    "text": "\n                        \n    Watch: Parent confronted Marty Heaney four years before his downfall\n    \n\n            \n                                ",
    "url": "https://www.belfasttelegraph.co.uk/sunday-life/news/watch-parent-confronted-marty-heaney-four-years-before-his-downfall-41862673.html"
  },
  {
    "text": "\n                \n        \n    \n    \n        \n                \n        \n    \n                                            \n\n    \n\n    \n\n                        \n                        \n            \n            \n                            \n    Gallery\n                                \n    \n        \n    \n    \n            ",
    "url": "https://www.belfasttelegraph.co.uk/sunday-life/news/drug-dealers-behind-pipe-bomb-attack-on-grans-home-in-south-belfast-41862695.html"
  },
  {
    "text": "\n                            \n    \n             \n\n    Premium  \n\n    \n    \n                        \n    Drug dealers behind pipe-bomb attack on gran\u2019s home in south Belfast\n    \n\n            \n                                ",
    "url": "https://www.belfasttelegraph.co.uk/sunday-life/news/drug-dealers-behind-pipe-bomb-attack-on-grans-home-in-south-belfast-41862695.html"
  },
  {
    "text": "\n\n",
    "url": "https://www.nijobfinder.co.uk/?utm_source=Referral%20Bel%20Tel&utm_medium=Bel%20Tel%20Tile&utm_campaign=Jan2021"
  },
  {
    "text": "Belfasttelegraph",
    "url": "https://www.belfasttelegraph.co.uk/"
  },
  {
    "text": "News",
    "url": "https://www.belfasttelegraph.co.uk/news/"
  },
  {
    "text": "Northern Ireland",
    "url": "https://www.belfasttelegraph.co.uk/news/northern-ireland/"
  },
  {
    "text": "UK",
    "url": "https://www.belfasttelegraph.co.uk/news/uk/"
  },
  {
    "text": "Republic of Ireland",
    "url": "https://www.belfasttelegraph.co.uk/news/republic-of-ireland/"
  },
  {
    "text": "World",
    "url": "https://www.belfasttelegraph.co.uk/news/world-news/"
  },
  {
    "text": "Politics",
    "url": "https://www.belfasttelegraph.co.uk/news/politics/"
  },
  {
    "text": "Brexit",
    "url": "https://www.belfasttelegraph.co.uk/news/brexit/"
  },
  {
    "text": "Health",
    "url": "https://www.belfasttelegraph.co.uk/news/health/"
  },
  {
    "text": "Education",
    "url": "https://www.belfasttelegraph.co.uk/news/education/"
  },
  {
    "text": "Courts",
    "url": "https://www.belfasttelegraph.co.uk/news/courts/"
  },
  {
    "text": "Obituaries",
    "url": "https://www.belfasttelegraph.co.uk/news/obituaries/"
  },
  {
    "text": "Archive",
    "url": "https://www.belfasttelegraph.co.uk/archive/"
  },
  {
    "text": "Opinion",
    "url": "https://www.belfasttelegraph.co.uk/opinion/"
  },
  {
    "text": "Analysis",
    "url": "https://www.belfasttelegraph.co.uk/opinion/news-analysis/"
  },
  {
    "text": "Comment",
    "url": "https://www.belfasttelegraph.co.uk/opinion/comment/"
  },
  {
    "text": "Columnists",
    "url": "https://www.belfasttelegraph.co.uk/opinion/columnists/"
  },
  {
    "text": "Viewpoint",
    "url": "https://www.belfasttelegraph.co.uk/opinion/viewpoint/"
  },
  {
    "text": "Journalists",
    "url": "https://www.belfasttelegraph.co.uk/opinion/belfasttelegraph-journalists/"
  },
  {
    "text": "Business",
    "url": "https://www.belfasttelegraph.co.uk/business/"
  },
  {
    "text": "Northern Ireland",
    "url": "https://www.belfasttelegraph.co.uk/business/northern-ireland/"
  },
  {
    "text": "Food, Drink and Hospitality",
    "url": "https://www.belfasttelegraph.co.uk/business/food-drink-hospitality/"
  },
  {
    "text": "UK and World",
    "url": "https://www.belfasttelegraph.co.uk/business/uk-world/"
  },
  {
    "text": "Jobs",
    "url": "https://www.belfasttelegraph.co.uk/business/jobs/"
  },
  {
    "text": "Agri",
    "url": "https://www.belfasttelegraph.co.uk/business/agri/"
  },
  {
    "text": "Technology",
    "url": "https://www.belfasttelegraph.co.uk/business/technology/"
  },
  {
    "text": "Analysis",
    "url": "https://www.belfasttelegraph.co.uk/business/analysis/"
  },
  {
    "text": "Ulster Business",
    "url": "https://www.belfasttelegraph.co.uk/business/ulsterbusiness/"
  },
  {
    "text": "Ulster Grocer",
    "url": "https://www.belfasttelegraph.co.uk/business/ulstergrocer/"
  },
  {
    "text": "Top 100",
    "url": "https://www.belfasttelegraph.co.uk/business/top-100-companies/"
  },
  {
    "text": "Sport",
    "url": "https://www.belfasttelegraph.co.uk/sport/"
  },
  {
    "text": "Olympics",
    "url": "https://www.belfasttelegraph.co.uk/sport/olympics/"
  },
  {
    "text": "Football",
    "url": "https://www.belfasttelegraph.co.uk/sport/football/"
  },
  {
    "text": "Rugby",
    "url": "https://www.belfasttelegraph.co.uk/sport/rugby/"
  },
  {
    "text": "GAA",
    "url": "https://www.belfasttelegraph.co.uk/sport/gaa/"
  },
  {
    "text": "Golf",
    "url": "https://www.belfasttelegraph.co.uk/sport/golf/"
  },
  {
    "text": "Motorcycling",
    "url": "https://www.belfasttelegraph.co.uk/sport/motorcycling/"
  },
  {
    "text": "Boxing",
    "url": "https://www.belfasttelegraph.co.uk/sport/boxing/"
  },
  {
    "text": "Belfast Giants",
    "url": "https://www.belfasttelegraph.co.uk/sport/ice-hockey/"
  },
  {
    "text": "Other Sports",
    "url": "https://www.belfasttelegraph.co.uk/sport/othersports/"
  },
  {
    "text": "Columnists",
    "url": "https://www.belfasttelegraph.co.uk/sport/columnists/"
  },
  {
    "text": "Life",
    "url": "https://www.belfasttelegraph.co.uk/life/"
  },
  {
    "text": "Restaurant Reviews",
    "url": "https://www.belfasttelegraph.co.uk/life/food-drink/restaurant-reviews/"
  },
  {
    "text": "Features",
    "url": "https://www.belfasttelegraph.co.uk/life/features/"
  },
  {
    "text": "Fashion & Beauty",
    "url": "https://www.belfasttelegraph.co.uk/life/fashion-beauty/"
  },
  {
    "text": "Health & Wellbeing",
    "url": "https://www.belfasttelegraph.co.uk/life/health/"
  },
  {
    "text": "House & Home",
    "url": "https://www.belfasttelegraph.co.uk/life/house-home/"
  },
  {
    "text": "Food and Drink",
    "url": "https://www.belfasttelegraph.co.uk/life/food-drink/"
  },
  {
    "text": "Weekend",
    "url": "https://www.belfasttelegraph.co.uk/life/weekend/"
  },
  {
    "text": "Books",
    "url": "https://www.belfasttelegraph.co.uk/life/books/"
  },
  {
    "text": "Puzzles",
    "url": "https://www.belfasttelegraph.co.uk/entertainment/puzzles/"
  },
  {
    "text": "Motoring",
    "url": "https://www.belfasttelegraph.co.uk/life/motoring/"
  },
  {
    "text": "Horoscopes",
    "url": "https://www.belfasttelegraph.co.uk/horoscopes/"
  },
  {
    "text": "Entertainment",
    "url": "https://www.belfasttelegraph.co.uk/entertainment/"
  },
  {
    "text": "News",
    "url": "https://www.belfasttelegraph.co.uk/entertainment/news/"
  },
  {
    "text": "Film and TV",
    "url": "https://www.belfasttelegraph.co.uk/entertainment/film-tv/"
  },
  {
    "text": "Music and Gigs",
    "url": "https://www.belfasttelegraph.co.uk/entertainment/music/"
  },
  {
    "text": "Theatre and Arts",
    "url": "https://www.belfasttelegraph.co.uk/entertainment/theatre-arts/"
  },
  {
    "text": "Nightlife",
    "url": "https://www.belfasttelegraph.co.uk/galleries/nightlife/"
  },
  {
    "text": "Puzzles",
    "url": "https://www.belfasttelegraph.co.uk/entertainment/puzzles/"
  },
  {
    "text": "Weekend",
    "url": "https://www.belfasttelegraph.co.uk/life/weekend/"
  },
  {
    "text": "Competitions",
    "url": "https://www.belfasttelegraph.co.uk/entertainment/competitions/"
  },
  {
    "text": "Sunday Life",
    "url": "https://www.belfasttelegraph.co.uk/sunday-life/"
  },
  {
    "text": "News",
    "url": "https://www.belfasttelegraph.co.uk/sunday-life/news/"
  },
  {
    "text": "Sport",
    "url": "https://www.belfasttelegraph.co.uk/sunday-life/sport/"
  },
  {
    "text": "Features",
    "url": "https://www.belfasttelegraph.co.uk/sunday-life/features/"
  },
  {
    "text": "Entertainment",
    "url": "https://www.belfasttelegraph.co.uk/sunday-life/entertainment/"
  },
  {
    "text": "Events",
    "url": "/events/"
  },
  {
    "text": "Electric Ireland Game Changer",
    "url": "https://www.belfasttelegraph.co.uk/events/electric-ireland-game-changer/"
  },
  {
    "text": "Ulster Grocer Marketing Awards",
    "url": "https://www.belfasttelegraph.co.uk/business/ulstergrocer/awards/"
  },
  {
    "text": "Sports Awards",
    "url": "https://www.belfasttelegraph.co.uk/events/sports-awards/"
  },
  {
    "text": "Business Awards",
    "url": "https://www.belfasttelegraph.co.uk/events/business-awards/"
  },
  {
    "text": "Spirit of N. Ireland Awards",
    "url": "https://www.belfasttelegraph.co.uk/events/spirit-northern-ireland-awards/"
  },
  {
    "text": "IT Awards",
    "url": "https://www.belfasttelegraph.co.uk/events/it-awards/"
  },
  {
    "text": "Property Awards",
    "url": "https://www.belfasttelegraph.co.uk/events/property-awards/"
  },
  {
    "text": "Pet Expo",
    "url": "https://www.belfasttelegraph.co.uk/events/pet-expo/"
  },
  {
    "text": "More",
    "url": ""
  },
  {
    "text": "Video News",
    "url": "https://www.belfasttelegraph.co.uk/video-news/"
  },
  {
    "text": "Newsletters",
    "url": "https://member.belfasttelegraph.co.uk/newsletter"
  },
  {
    "text": "Competitions",
    "url": "https://www.belfasttelegraph.co.uk/entertainment/competitions/"
  },
  {
    "text": "Home Delivery",
    "url": "https://subscribe.belfasttelegraph.co.uk/"
  },
  {
    "text": "ePaper edition",
    "url": "https://belfasttelegraphnewsstand.e-pages.pub/titles"
  },
  {
    "text": "Editorial Code of Practice",
    "url": "https://www.belfasttelegraph.co.uk/editorial/web/cop/code-of-practice.pdf"
  },
  {
    "text": "\n                                Facebook                            ",
    "url": "https://www.facebook.com/belfasttelegraph"
  },
  {
    "text": "\n                                Twitter                            ",
    "url": "https://twitter.com/beltel/"
  },
  {
    "text": "\n                                Email                            ",
    "url": "mailto:customersupport@belfasttelegraph.co.uk?body=BelfastTelegraph.co.uk&subject=BelfastTelegraph.co.uk"
  },
  {
    "text": "\n                The Belfast Telegraph is a member of IPSO and subscribes to its Editors' Code of Practice\n                Ipso\n            ",
    "url": "https://www.ipso.co.uk/editors-code-of-practice/"
  },
  {
    "text": "Sitemap",
    "url": "https://www.belfasttelegraph.co.uk/service/sitemap"
  },
  {
    "text": "Archive",
    "url": "/html-sitemap-article-index/"
  },
  {
    "text": "Contact Us",
    "url": "https://www.belfasttelegraph.co.uk/service/contact-us-29050595.html"
  },
  {
    "text": "Terms & Conditions",
    "url": "https://www.mediahuis.ie/terms-and-conditions/"
  },
  {
    "text": "Privacy Statement",
    "url": "https://www.mediahuis.ie/privacystatement/"
  },
  {
    "text": "Cookie Policy",
    "url": "https://www.mediahuis.ie/cookiepolicy/"
  },
  {
    "text": "Group Websites",
    "url": "https://www.belfasttelegraph.co.uk/service/group-websites"
  },
  {
    "text": "Advertise with Us",
    "url": "https://www.mediahuis.ie/advertising-solutions/"
  },
  {
    "text": "Contributor T&C",
    "url": "https://www.belfasttelegraph.co.uk/editorial/contributor/contributorstsandcs.pdf"
  },
  {
    "text": "\n            A Mediahuis  Website\n            \u00a9 BelfastTelegraph.co.uk\n        ",
    "url": "https://mediahuis.co.uk/"
  },
  {
    "text": "\n     Privacy\n  ",
    "url": "#"
  }
]