[
  {
    "text": "About Us",
    "url": "https://birminghamwatch.org/about-us/"
  },
  {
    "text": "Education",
    "url": "https://birminghamwatch.org/category/education/"
  },
  {
    "text": "Government",
    "url": "https://birminghamwatch.org/category/government/"
  },
  {
    "text": "Economy",
    "url": "https://birminghamwatch.org/category/the-economy/"
  },
  {
    "text": "Environment",
    "url": "https://birminghamwatch.org/category/the-environment/"
  },
  {
    "text": "Contact Us",
    "url": "https://birminghamwatch.org/contact-us/"
  },
  {
    "text": "\n            Become a BW Member\n            Donate Now\n        ",
    "url": "https://birminghamwatch.org/donations/donate-to-birminghamwatch/"
  },
  {
    "text": " Subscribe",
    "url": "/subscribe-to-birminghamwatch/"
  },
  {
    "text": "\n                            \n                        ",
    "url": "https://www.facebook.com/bhamwatch"
  },
  {
    "text": "\n                            \n                        ",
    "url": "https://twitter.com/bhamwatch"
  },
  {
    "text": "\n                            \n                        ",
    "url": "/feed/"
  },
  {
    "text": "BirminghamWatch",
    "url": "https://birminghamwatch.org/"
  },
  {
    "text": "\n                        Become a BW Member\n                        Donate Now\n                ",
    "url": "/donations/donate-to-birminghamwatch/"
  },
  {
    "text": " Subscribe",
    "url": "/subscribe-to-birminghamwatch/"
  },
  {
    "text": "\n                                        \n                                    ",
    "url": "https://www.facebook.com/bhamwatch"
  },
  {
    "text": "\n                                        \n                                    ",
    "url": "https://twitter.com/bhamwatch"
  },
  {
    "text": "\n                                        \n                                    ",
    "url": "/feed/"
  },
  {
    "text": "Education",
    "url": "https://birminghamwatch.org/category/education/"
  },
  {
    "text": "Government",
    "url": "https://birminghamwatch.org/category/government/"
  },
  {
    "text": "Economy",
    "url": "https://birminghamwatch.org/category/the-economy/"
  },
  {
    "text": "Environment",
    "url": "https://birminghamwatch.org/category/the-environment/"
  },
  {
    "text": "About Us",
    "url": "https://birminghamwatch.org/about-us/"
  },
  {
    "text": "Contact Us",
    "url": "https://birminghamwatch.org/contact-us/"
  },
  {
    "text": "coronavirus",
    "url": "https://birminghamwatch.org/tag/coronavirus/"
  },
  {
    "text": "Birmingham City Council",
    "url": "https://birminghamwatch.org/tag/birmingham-city-council/"
  },
  {
    "text": "Jefferson County Commission",
    "url": "https://birminghamwatch.org/tag/jefferson-county-commission/"
  },
  {
    "text": "About News",
    "url": "https://birminghamwatch.org/tag/about-news/"
  },
  {
    "text": "Jefferson County Commission",
    "url": "https://birminghamwatch.org/category/government/jefferson-county-commission/"
  },
  {
    "text": "Move to Up Anti-Bingo Efforts in JeffCo Squelched as Questions About Proposal Still Unanswered",
    "url": "https://birminghamwatch.org/move-to-up-anti-bingo-efforts-in-jeffco-squelched-as-questions-about-proposal-still-left-unanswered/"
  },
  {
    "text": " Read more.",
    "url": "https://birminghamwatch.org/move-to-up-anti-bingo-efforts-in-jeffco-squelched-as-questions-about-proposal-still-left-unanswered/"
  },
  {
    "text": "July 28, 2022",
    "url": "https://birminghamwatch.org/move-to-up-anti-bingo-efforts-in-jeffco-squelched-as-questions-about-proposal-still-left-unanswered/"
  },
  {
    "text": "Jefferson County Commission",
    "url": "https://birminghamwatch.org/category/government/jefferson-county-commission/"
  },
  {
    "text": "Tyson Says JeffCo Not Getting \u2018Most Bang for Its Buck\u2019 for TWG 2022; Knight Expects Budget Shortfall",
    "url": "https://birminghamwatch.org/tyson-says-jeffco-not-getting-most-bang-for-its-buck-for-twg-2022-knight-expects-budget-shortfall/"
  },
  {
    "text": " Read more.",
    "url": "https://birminghamwatch.org/tyson-says-jeffco-not-getting-most-bang-for-its-buck-for-twg-2022-knight-expects-budget-shortfall/"
  },
  {
    "text": "July 14, 2022",
    "url": "https://birminghamwatch.org/tyson-says-jeffco-not-getting-most-bang-for-its-buck-for-twg-2022-knight-expects-budget-shortfall/"
  },
  {
    "text": "Jefferson County Commission",
    "url": "https://birminghamwatch.org/category/government/jefferson-county-commission/"
  },
  {
    "text": "JeffCo Commission Indicates It Will Look for Alternate Absentee Voting Space After Clerk Alleges Voter Suppression",
    "url": "https://birminghamwatch.org/jeffco-commission-indicates-it-will-look-for-alternate-absentee-voting-space-after-clerk-alleges-voter-suppression/"
  },
  {
    "text": " Read more.",
    "url": "https://birminghamwatch.org/jeffco-commission-indicates-it-will-look-for-alternate-absentee-voting-space-after-clerk-alleges-voter-suppression/"
  },
  {
    "text": "July 12, 2022",
    "url": "https://birminghamwatch.org/jeffco-commission-indicates-it-will-look-for-alternate-absentee-voting-space-after-clerk-alleges-voter-suppression/"
  },
  {
    "text": "The World Games",
    "url": "https://birminghamwatch.org/category/the-world-games/"
  },
  {
    "text": "World Games Kicks Off in Birmingham",
    "url": "https://birminghamwatch.org/its-here-world-games-kicks-off-in-birmingham/"
  },
  {
    "text": " Read more.",
    "url": "https://birminghamwatch.org/its-here-world-games-kicks-off-in-birmingham/"
  },
  {
    "text": "Virginia Martin",
    "url": "https://birminghamwatch.org/author/virginia/"
  },
  {
    "text": "July 7, 2022",
    "url": "https://birminghamwatch.org/its-here-world-games-kicks-off-in-birmingham/"
  },
  {
    "text": "Economy",
    "url": "https://birminghamwatch.org/category/the-economy/"
  },
  {
    "text": "Buttigieg Announces Funding Aimed at Reconnecting Communities Divided by Road Projects",
    "url": "https://birminghamwatch.org/buttigieg-announces-funding-aimed-at-reconnecting-communities-divided-by-road-projects/"
  },
  {
    "text": " Read more.",
    "url": "https://birminghamwatch.org/buttigieg-announces-funding-aimed-at-reconnecting-communities-divided-by-road-projects/"
  },
  {
    "text": "July 1, 2022",
    "url": "https://birminghamwatch.org/buttigieg-announces-funding-aimed-at-reconnecting-communities-divided-by-road-projects/"
  },
  {
    "text": "Birmingham City Council",
    "url": "https://birminghamwatch.org/category/government/birmingham-city-council/"
  },
  {
    "text": "Birmingham Council Passes Woodfin\u2019s Budget Untouched; Police, Public Works, Youth Programs Biggest Winners",
    "url": "https://birminghamwatch.org/birmingham-council-passes-woodfins-budget-untouched-police-public-works-and-youth-programs-biggest-winners/"
  },
  {
    "text": " Read more.",
    "url": "https://birminghamwatch.org/birmingham-council-passes-woodfins-budget-untouched-police-public-works-and-youth-programs-biggest-winners/"
  },
  {
    "text": "June 28, 2022",
    "url": "https://birminghamwatch.org/birmingham-council-passes-woodfins-budget-untouched-police-public-works-and-youth-programs-biggest-winners/"
  },
  {
    "text": "Abortion",
    "url": "https://birminghamwatch.org/category/abortion/"
  },
  {
    "text": "Roe Overturned: What You Need to Know About the Supreme Court Abortion Decision",
    "url": "https://birminghamwatch.org/roe-overturned-what-you-need-to-know-about-the-supreme-court-abortion-decision/"
  },
  {
    "text": " Read more.",
    "url": "https://birminghamwatch.org/roe-overturned-what-you-need-to-know-about-the-supreme-court-abortion-decision/"
  },
  {
    "text": "June 24, 2022",
    "url": "https://birminghamwatch.org/roe-overturned-what-you-need-to-know-about-the-supreme-court-abortion-decision/"
  },
  {
    "text": "2022 Elections",
    "url": "https://birminghamwatch.org/category/government/2022-elections/"
  },
  {
    "text": "Britt Gets GOP Nod for US Senate, Nominees for More Offices Selected in Voting Tuesday",
    "url": "https://birminghamwatch.org/britt-gets-gop-nod-for-us-senate-nominees-for-more-offices-selected-in-voting-tuesday/"
  },
  {
    "text": " Read more.",
    "url": "https://birminghamwatch.org/britt-gets-gop-nod-for-us-senate-nominees-for-more-offices-selected-in-voting-tuesday/"
  },
  {
    "text": " Republican primary runoff results",
    "url": " https://birminghamwatch.org/republican-primary-runoff-results/"
  },
  {
    "text": " Democratic primary runoff results",
    "url": "https://birminghamwatch.org/democratic-primary-runoff-results/"
  },
  {
    "text": "Secretary of State\u2019s statewide results",
    "url": "https://www2.alabamavotes.gov/electionNight/statewideResultsByContest.aspx?ecode=1001155"
  },
  {
    "text": "June 21, 2022",
    "url": "https://birminghamwatch.org/britt-gets-gop-nod-for-us-senate-nominees-for-more-offices-selected-in-voting-tuesday/"
  },
  {
    "text": "Environment",
    "url": "https://birminghamwatch.org/category/the-environment/"
  },
  {
    "text": "Residents in SuperFund Site Seek City\u2019s Help to Move",
    "url": "https://birminghamwatch.org/residents-in-superfund-site-seek-citys-help-to-move/"
  },
  {
    "text": " Read more.",
    "url": "https://birminghamwatch.org/residents-in-superfund-site-seek-citys-help-to-move/"
  },
  {
    "text": "June 14, 2022",
    "url": "https://birminghamwatch.org/residents-in-superfund-site-seek-citys-help-to-move/"
  },
  {
    "text": "City of Birmingham",
    "url": "https://birminghamwatch.org/category/government/city-of-birmingham/"
  },
  {
    "text": "These 3 Black Moms Receive a \u2018Guaranteed Income.\u2019 Here\u2019s What They\u2019re Doing With It.",
    "url": "https://birminghamwatch.org/these-3-black-moms-receive-a-guaranteed-income-heres-what-theyre-doing-with-it/"
  },
  {
    "text": " Read more.",
    "url": "https://birminghamwatch.org/these-3-black-moms-receive-a-guaranteed-income-heres-what-theyre-doing-with-it/"
  },
  {
    "text": "July 27, 2022",
    "url": "https://birminghamwatch.org/these-3-black-moms-receive-a-guaranteed-income-heres-what-theyre-doing-with-it/"
  },
  {
    "text": "Coronavirus",
    "url": "https://birminghamwatch.org/category/coronavirus/"
  },
  {
    "text": "Masks Up, Health Department Advises as COVID Continues to Climb Again",
    "url": "https://birminghamwatch.org/masks-up-health-department-advises-as-covid-continues-to-climb-again/"
  },
  {
    "text": " Read more.",
    "url": "https://birminghamwatch.org/masks-up-health-department-advises-as-covid-continues-to-climb-again/"
  },
  {
    "text": "Virginia Martin",
    "url": "https://birminghamwatch.org/author/virginia/"
  },
  {
    "text": "July 24, 2022",
    "url": "https://birminghamwatch.org/masks-up-health-department-advises-as-covid-continues-to-climb-again/"
  },
  {
    "text": "Government",
    "url": "https://birminghamwatch.org/category/government/"
  },
  {
    "text": "Citing Population Loss, Old Facilities, Alabama Counties Continue to Cut Voting Precincts",
    "url": "https://birminghamwatch.org/citing-population-loss-old-facilities-alabama-counties-continue-to-cut-voting-precincts/"
  },
  {
    "text": " Read more.",
    "url": "https://birminghamwatch.org/citing-population-loss-old-facilities-alabama-counties-continue-to-cut-voting-precincts/"
  },
  {
    "text": "July 21, 2022",
    "url": "https://birminghamwatch.org/citing-population-loss-old-facilities-alabama-counties-continue-to-cut-voting-precincts/"
  },
  {
    "text": "Birmingham City Council",
    "url": "https://birminghamwatch.org/category/government/birmingham-city-council/"
  },
  {
    "text": "Staff Shortages Delay Trash and Brush Pickup in Birmingham",
    "url": "https://birminghamwatch.org/staff-shortages-delay-trash-pickup-in-birmingham/"
  },
  {
    "text": " Read more.",
    "url": "https://birminghamwatch.org/staff-shortages-delay-trash-pickup-in-birmingham/"
  },
  {
    "text": "July 19, 2022",
    "url": "https://birminghamwatch.org/staff-shortages-delay-trash-pickup-in-birmingham/"
  },
  {
    "text": "The World Games",
    "url": "https://birminghamwatch.org/category/the-world-games/"
  },
  {
    "text": "World Games Human Exploitation Task Force Announces Arrests",
    "url": "https://birminghamwatch.org/world-games-human-exploitation-task-force-announces-arrests/"
  },
  {
    "text": " Read more.",
    "url": "https://birminghamwatch.org/world-games-human-exploitation-task-force-announces-arrests/"
  },
  {
    "text": "July 18, 2022",
    "url": "https://birminghamwatch.org/world-games-human-exploitation-task-force-announces-arrests/"
  },
  {
    "text": "Alabama Prisons",
    "url": "https://birminghamwatch.org/category/government/alabama-prisons/"
  },
  {
    "text": "Lawsuit Aims to Block Alabama From Using COVID Relief Funds on Prison Project",
    "url": "https://birminghamwatch.org/lawsuit-aims-to-block-alabama-from-using-covid-relief-funds-on-prison-project/"
  },
  {
    "text": " Read more.",
    "url": "https://birminghamwatch.org/lawsuit-aims-to-block-alabama-from-using-covid-relief-funds-on-prison-project/"
  },
  {
    "text": "July 13, 2022",
    "url": "https://birminghamwatch.org/lawsuit-aims-to-block-alabama-from-using-covid-relief-funds-on-prison-project/"
  },
  {
    "text": "About News",
    "url": "https://birminghamwatch.org/category/birminghamwatch/about-news/"
  },
  {
    "text": "Sick and Tired of All the Bad News? You\u2019re Not Alone",
    "url": "https://birminghamwatch.org/sick-and-tired-of-all-the-bad-news-youre-not-alone/"
  },
  {
    "text": " Read more.",
    "url": "https://birminghamwatch.org/sick-and-tired-of-all-the-bad-news-youre-not-alone/"
  },
  {
    "text": "July 8, 2022",
    "url": "https://birminghamwatch.org/sick-and-tired-of-all-the-bad-news-youre-not-alone/"
  },
  {
    "text": "Jefferson County Commission",
    "url": "https://birminghamwatch.org/category/government/jefferson-county-commission/"
  },
  {
    "text": "County Election Official Contends Moving Office Is Voter Suppression",
    "url": "https://birminghamwatch.org/county-election-official-contends-moving-office-is-voter-suppression/"
  },
  {
    "text": " Read more.",
    "url": "https://birminghamwatch.org/county-election-official-contends-moving-office-is-voter-suppression/"
  },
  {
    "text": "July 6, 2022",
    "url": "https://birminghamwatch.org/county-election-official-contends-moving-office-is-voter-suppression/"
  },
  {
    "text": "Birmingham City Council",
    "url": "https://birminghamwatch.org/category/government/birmingham-city-council/"
  },
  {
    "text": "Birmingham Directs COVID Funds to Public Safety, Public Works and Councilors\u2019 Projects",
    "url": "https://birminghamwatch.org/birmingham-directs-covid-funds-to-public-safety-public-works-and-councilors-projects/"
  },
  {
    "text": " Read more.",
    "url": "https://birminghamwatch.org/birmingham-directs-covid-funds-to-public-safety-public-works-and-councilors-projects/"
  },
  {
    "text": "July 5, 2022",
    "url": "https://birminghamwatch.org/birmingham-directs-covid-funds-to-public-safety-public-works-and-councilors-projects/"
  },
  {
    "text": "Abortion",
    "url": "https://birminghamwatch.org/category/abortion/"
  },
  {
    "text": "\u201cExpect us,\u201d Reproductive Rights Supporters Rally Across Alabama After Federal Abortion Ruling",
    "url": "https://birminghamwatch.org/expect-us-reproductive-rights-supporters-rally-across-alabama-after-federal-abortion-ruling/"
  },
  {
    "text": " Read more.",
    "url": "https://birminghamwatch.org/expect-us-reproductive-rights-supporters-rally-across-alabama-after-federal-abortion-ruling/"
  },
  {
    "text": "June 27, 2022",
    "url": "https://birminghamwatch.org/expect-us-reproductive-rights-supporters-rally-across-alabama-after-federal-abortion-ruling/"
  },
  {
    "text": "Government",
    "url": "https://birminghamwatch.org/category/government/"
  },
  {
    "text": "Cities Pinched by Rising Garbage Pickup Costs",
    "url": "https://birminghamwatch.org/cities-pinched-by-rising-garbage-pickup-costs/"
  },
  {
    "text": " Read more.",
    "url": "https://birminghamwatch.org/cities-pinched-by-rising-garbage-pickup-costs/"
  },
  {
    "text": "June 16, 2022",
    "url": "https://birminghamwatch.org/cities-pinched-by-rising-garbage-pickup-costs/"
  },
  {
    "text": "founders of Alabama Initiative for Independent Journalism",
    "url": "https://birminghamwatch.org/about-us/founders/"
  },
  {
    "text": "strong leadership",
    "url": "https://birminghamwatch.org/about-us/board/"
  },
  {
    "text": "give online",
    "url": "https://birminghamwatch.org/donations/foundersfund/"
  },
  {
    "text": "E-mail us",
    "url": "mailto:info@birminghamwatch.org"
  },
  {
    "text": "\n\t\t\t\t\t        \t\tDemolition Underway at Former Carraway Site; Rebirth Begins in North Birmingham (Birmingham Times)\n\t\t\t\t\t        \t",
    "url": "http://www.birminghamtimes.com/2022/07/demolition-underway-at-former-carraway-site-rebirth-begins-in-north-birmingham/"
  },
  {
    "text": "\n\t\t\t\t\t        \t\tAlabama Says Delay in Execution Caused by IV Line Issue (Associated Press)\n\t\t\t\t\t        \t",
    "url": "https://apnews.com/article/alabama-executions-government-and-politics-b07f771292d84f77e60550f40bab9d80"
  },
  {
    "text": "\n\t\t\t\t\t        \t\tAlabama Mayors Support \u2018Aniah\u2019s Law\u2019 on Nov. 8 Ballot (Alabama Daily News)\n\t\t\t\t\t        \t",
    "url": "https://www.aldailynews.com/alabama-mayors-support-aniahs-law-on-nov-8-ballot/"
  },
  {
    "text": "\n\t\t\t\t\t        \t\tFamily: 2 Americans Captured in Ukraine Sent to Prison (Associated Press)\n\t\t\t\t\t        \t",
    "url": "https://apnews.com/article/russia-ukraine-alabama-e4015c4e8289dc6ba511c27a80e43dd0"
  },
  {
    "text": "\n\t\t\t\t\t        \t\tMonkeypox Spreading Across Alabama as Case Count Grows; Health Officials Getting Calls From People Seeking Vaccine (WBRC)\n\t\t\t\t\t        \t",
    "url": "https://www.wbrc.com/2022/07/30/monkeypox-spreading-across-alabama-case-count-grows-health-officials-getting-calls-people-seeking-vaccine/"
  },
  {
    "text": "County Election Official Contends Moving Office Is Voter Suppression",
    "url": "https://birminghamwatch.org/county-election-official-contends-moving-office-is-voter-suppression/"
  },
  {
    "text": "July 6, 2022",
    "url": "https://birminghamwatch.org/county-election-official-contends-moving-office-is-voter-suppression/"
  },
  {
    "text": " Read more.",
    "url": "https://birminghamwatch.org/county-election-official-contends-moving-office-is-voter-suppression/"
  },
  {
    "text": "Jefferson County Health Providers \u2018Well Equipped\u2019 for The World Games",
    "url": "https://birminghamwatch.org/jefferson-count-health-providers-well-equipped-for-the-world-games/"
  },
  {
    "text": "June 29, 2022",
    "url": "https://birminghamwatch.org/jefferson-count-health-providers-well-equipped-for-the-world-games/"
  },
  {
    "text": "World Games\u2019 High-Risk Rating by Homeland Security Will Mean Extensive Federal Security Assistance, CEO Tells Jefferson County Commission",
    "url": "https://birminghamwatch.org/world-games-high-risk-rating-by-homeland-security-will-mean-extensive-federal-security-assistance-ceo-tells-jefferson-county-commission/"
  },
  {
    "text": "April 7, 2022",
    "url": "https://birminghamwatch.org/world-games-high-risk-rating-by-homeland-security-will-mean-extensive-federal-security-assistance-ceo-tells-jefferson-county-commission/"
  },
  {
    "text": "Jefferson County Commission Unsure About Allotting Extra Money for Expanded World Games Security",
    "url": "https://birminghamwatch.org/jefferson-county-commission-unsure-about-allotting-extra-money-for-expanded-world-games-security/"
  },
  {
    "text": "June 23, 2022",
    "url": "https://birminghamwatch.org/jefferson-county-commission-unsure-about-allotting-extra-money-for-expanded-world-games-security/"
  },
  {
    "text": "How to Prepare for Human Trafficking During the World Games",
    "url": "https://birminghamwatch.org/how-to-prepare-for-human-trafficking-during-the-world-games/"
  },
  {
    "text": "April 4, 2022",
    "url": "https://birminghamwatch.org/how-to-prepare-for-human-trafficking-during-the-world-games/"
  },
  {
    "text": "The World Games were delayed for a year, but did it help with preparedness?",
    "url": "https://birminghamwatch.org/the-world-games-were-delayed-for-a-year-but-did-it-help-with-preparedness/"
  },
  {
    "text": "March 30, 2022",
    "url": "https://birminghamwatch.org/the-world-games-were-delayed-for-a-year-but-did-it-help-with-preparedness/"
  },
  {
    "text": "World Games Officials Aim for Full Venues Amid Pandemic Uncertainty",
    "url": "https://birminghamwatch.org/world-games-officials-aim-for-full-venues-amid-pandemic-uncertainty/"
  },
  {
    "text": "March 29, 2022",
    "url": "https://birminghamwatch.org/world-games-officials-aim-for-full-venues-amid-pandemic-uncertainty/"
  },
  {
    "text": "Abortion-Rights Group Navigates \u2018Unprecedented\u2019 Legal Territory in Alabama",
    "url": "https://birminghamwatch.org/abortion-rights-group-navigates-unprecedented-legal-territory-in-alabama/"
  },
  {
    "text": "July 7, 2022",
    "url": "https://birminghamwatch.org/abortion-rights-group-navigates-unprecedented-legal-territory-in-alabama/"
  },
  {
    "text": " Read more.",
    "url": "https://birminghamwatch.org/abortion-rights-group-navigates-unprecedented-legal-territory-in-alabama/"
  },
  {
    "text": "The Supreme Court\u2019s EPA Decision Could Hamper Regulators\u2019 Ability to Protect the Public",
    "url": "https://birminghamwatch.org/the-supreme-courts-epa-decision-could-hamper-regulators-ability-to-protect-the-public/"
  },
  {
    "text": "July 5, 2022",
    "url": "https://birminghamwatch.org/the-supreme-courts-epa-decision-could-hamper-regulators-ability-to-protect-the-public/"
  },
  {
    "text": " Read more.",
    "url": "https://birminghamwatch.org/the-supreme-courts-epa-decision-could-hamper-regulators-ability-to-protect-the-public/"
  },
  {
    "text": "The Historic A.G. Gaston Motel Comes Back to Life With a Coffee Shop and Exhibit",
    "url": "https://birminghamwatch.org/the-historic-a-g-gaston-motel-comes-back-to-life-with-a-coffee-shop-and-exhibit/"
  },
  {
    "text": "July 1, 2022",
    "url": "https://birminghamwatch.org/the-historic-a-g-gaston-motel-comes-back-to-life-with-a-coffee-shop-and-exhibit/"
  },
  {
    "text": " Read more.",
    "url": "https://birminghamwatch.org/the-historic-a-g-gaston-motel-comes-back-to-life-with-a-coffee-shop-and-exhibit/"
  },
  {
    "text": "Emotions of Abortion Debate Put Newswriters in a Language Jungle",
    "url": "https://birminghamwatch.org/emotions-of-abortion-debate-put-newswriters-in-a-language-jungle/"
  },
  {
    "text": "June 29, 2022",
    "url": "https://birminghamwatch.org/emotions-of-abortion-debate-put-newswriters-in-a-language-jungle/"
  },
  {
    "text": " Read more.",
    "url": "https://birminghamwatch.org/emotions-of-abortion-debate-put-newswriters-in-a-language-jungle/"
  },
  {
    "text": "Birmingham Area at High Risk of COVID Transmission",
    "url": "https://birminghamwatch.org/birmingham-area-at-high-risk-of-covid-transmission/"
  },
  {
    "text": "June 24, 2022",
    "url": "https://birminghamwatch.org/birmingham-area-at-high-risk-of-covid-transmission/"
  },
  {
    "text": "Water Board Asks to Oversee Housing Construction Near the Cahaba, Despite Its Fight for the Ability to Lighten Water Protection Rules",
    "url": "https://birminghamwatch.org/water-board-asks-to-oversee-housing-construction-near-the-cahaba-despite-its-fight-for-the-ability-to-lighten-water-protection-rules/"
  },
  {
    "text": "April 26, 2022",
    "url": "https://birminghamwatch.org/water-board-asks-to-oversee-housing-construction-near-the-cahaba-despite-its-fight-for-the-ability-to-lighten-water-protection-rules/"
  },
  {
    "text": " Read more.",
    "url": "https://birminghamwatch.org/water-board-asks-to-oversee-housing-construction-near-the-cahaba-despite-its-fight-for-the-ability-to-lighten-water-protection-rules/"
  },
  {
    "text": "Foundations, Individuals Support Public Service Journalism",
    "url": "https://birminghamwatch.org/foundations-individuals-support-public-service-journalism/"
  },
  {
    "text": "June 21, 2022",
    "url": "https://birminghamwatch.org/foundations-individuals-support-public-service-journalism/"
  },
  {
    "text": "Vestiges of the Past Carry Ingrained Racism Into the Modern Age",
    "url": "https://birminghamwatch.org/vestiges-past-carry-ingrained-racism-modern-age/"
  },
  {
    "text": "September 1, 2020",
    "url": "https://birminghamwatch.org/vestiges-past-carry-ingrained-racism-modern-age/"
  },
  {
    "text": " Read stories in The Legacy of Race series.",
    "url": "https://birminghamwatch.org/tag/the-legacy-of-race/"
  },
  {
    "text": "The WeeklyWatch will be delivered to your inbox each Friday morning.",
    "url": "https://birminghamwatch.org/subscribe-to-birminghamwatch/"
  },
  {
    "text": "\n\t\t\t\t\t\t\n\t\t\t\t\t",
    "url": "https://birminghamwatch.org/donations/donate-to-birminghamwatch/"
  },
  {
    "text": "About Us",
    "url": "https://birminghamwatch.org/about-us/"
  },
  {
    "text": "Education",
    "url": "https://birminghamwatch.org/category/education/"
  },
  {
    "text": "Government",
    "url": "https://birminghamwatch.org/category/government/"
  },
  {
    "text": "Economy",
    "url": "https://birminghamwatch.org/category/the-economy/"
  },
  {
    "text": "Environment",
    "url": "https://birminghamwatch.org/category/the-environment/"
  },
  {
    "text": "Contact Us",
    "url": "https://birminghamwatch.org/contact-us/"
  },
  {
    "text": "\n                                        \n                                    ",
    "url": "https://www.facebook.com/bhamwatch"
  },
  {
    "text": "\n                                        \n                                    ",
    "url": "https://twitter.com/bhamwatch"
  },
  {
    "text": "\n                                        \n                                    ",
    "url": "/feed/"
  },
  {
    "text": "Institute for Nonprofit News",
    "url": "https://inn.org/"
  },
  {
    "text": "BirminghamWatch",
    "url": "https://birminghamwatch.org"
  },
  {
    "text": "Infomedia",
    "url": "http://infomedia.com"
  }
]