[
  {
    "text": " Skip to content",
    "url": "#breakthrough-page-title"
  },
  {
    "text": "",
    "url": "https://binjonline.com/"
  },
  {
    "text": "",
    "url": "https://www.facebook.com/binjnetwork"
  },
  {
    "text": "",
    "url": "https://twitter.com/binjreports"
  },
  {
    "text": "",
    "url": "https://www.instagram.com/binjmobile/"
  },
  {
    "text": "Donate",
    "url": "https://binjonline.org/give-to-binj/"
  },
  {
    "text": "HOW CAN I GET INVOLVED",
    "url": "https://binjonline.com/#involved"
  },
  {
    "text": "Reporting Partnerships",
    "url": "https://binjonline.com/investigative-partnerships/"
  },
  {
    "text": "\n                                                            \n                                                                        \n                                                            \n                                                        ",
    "url": "https://www.baystatebanner.com/2021/08/26/state-wont-disclose-names-on-ai-task-force/"
  },
  {
    "text": "\n                                                            \n                                                                        \n                                                            \n                                                        ",
    "url": "https://patch.com/massachusetts/boston/flood-mass-has-runoff-problem-whats-being-done"
  },
  {
    "text": "\n                                                            \n                                                                        \n                                                            \n                                                        ",
    "url": "https://digboston.com/draining-swampscott-the-prosecution-of-a-progressive-black-protester/"
  },
  {
    "text": "\n                                                            \n                                                                        \n                                                            \n                                                        ",
    "url": "https://www.greylockglass.com/2021/06/23/deliberate-indifference-covid-19-in-massachusetts-prisons/"
  },
  {
    "text": "",
    "url": "https://binjonline.com/2022/07/18/crisis-pregnancy-center-crisis/"
  },
  {
    "text": "CRISIS PREGNANCY CENTER CRISIS",
    "url": "https://binjonline.com/2022/07/18/crisis-pregnancy-center-crisis/"
  },
  {
    "text": "OLIVIA DENG",
    "url": "https://binjonline.com/author/olivia-deng/"
  },
  {
    "text": "",
    "url": "https://binjonline.com/2022/07/11/centra-intelligence/"
  },
  {
    "text": "CENTRA INTELLIGENCE",
    "url": "https://binjonline.com/2022/07/11/centra-intelligence/"
  },
  {
    "text": "DAN ATKINSON",
    "url": "https://binjonline.com/author/dan-atkinson/"
  },
  {
    "text": "",
    "url": "https://binjonline.com/2022/06/28/hacks-facts-contracts/"
  },
  {
    "text": "HACKS, FACTS & CONTRACTS",
    "url": "https://binjonline.com/2022/06/28/hacks-facts-contracts/"
  },
  {
    "text": "DAN ATKINSON",
    "url": "https://binjonline.com/author/dan-atkinson/"
  },
  {
    "text": "",
    "url": "https://binjonline.com/2022/06/20/high-drama/"
  },
  {
    "text": "HIGH DRAMA",
    "url": "https://binjonline.com/2022/06/20/high-drama/"
  },
  {
    "text": "JEAN TROUNSTINE",
    "url": "https://binjonline.com/author/jean-trounstine/"
  },
  {
    "text": "",
    "url": "https://binjonline.com/2022/05/25/dream-fellowship-deferred/"
  },
  {
    "text": "DREAM FELLOWSHIP DEFERRED",
    "url": "https://binjonline.com/2022/05/25/dream-fellowship-deferred/"
  },
  {
    "text": "SARAH BETANCOURT",
    "url": "https://binjonline.com/author/sarah-betancourt/"
  },
  {
    "text": "",
    "url": "https://binjonline.com/2022/05/23/morale-violation/"
  },
  {
    "text": "MORALE VIOLATION",
    "url": "https://binjonline.com/2022/05/23/morale-violation/"
  },
  {
    "text": "JEAN TROUNSTINE",
    "url": "https://binjonline.com/author/jean-trounstine/"
  },
  {
    "text": "",
    "url": "https://binjonline.com/2022/05/05/sacred-spaces-special-mosque-edition/"
  },
  {
    "text": "SACRED SPACES: SPECIAL MOSQUE EDITION",
    "url": "https://binjonline.com/2022/05/05/sacred-spaces-special-mosque-edition/"
  },
  {
    "text": "CLAIRE SADAR AND ALYSSA MALDONADO-ESTRADA",
    "url": "https://binjonline.com/author/claire-sadar-and-alyssa-maldonado-estrada/"
  },
  {
    "text": "",
    "url": "https://binjonline.com/2022/05/02/public-records-crisis-deepens/"
  },
  {
    "text": "PUBLIC RECORDS CRISIS DEEPENS",
    "url": "https://binjonline.com/2022/05/02/public-records-crisis-deepens/"
  },
  {
    "text": "MAYA SHAFFER",
    "url": "https://binjonline.com/author/maya-shaffer/"
  },
  {
    "text": "",
    "url": "https://binjonline.com/2022/04/14/where-candidates-for-governor-stand-on-the-environment/"
  },
  {
    "text": "WHERE CANDIDATES FOR GOVERNOR STAND ON THE ENVIRONMENT",
    "url": "https://binjonline.com/2022/04/14/where-candidates-for-governor-stand-on-the-environment/"
  },
  {
    "text": "JON LAMSON",
    "url": "https://binjonline.com/author/jon-lamson/"
  },
  {
    "text": "",
    "url": "https://binjonline.com/2022/04/11/phone-check/"
  },
  {
    "text": "PHONE CHECK",
    "url": "https://binjonline.com/2022/04/11/phone-check/"
  },
  {
    "text": "ASHLEY PETTUS",
    "url": "https://binjonline.com/author/ashley-pettus/"
  },
  {
    "text": "",
    "url": "https://binjonline.com/2022/02/08/a-win-for-transparency-and-police-accountability-in-mass/"
  },
  {
    "text": "A WIN FOR TRANSPARENCY AND POLICE ACCOUNTABILITY IN MASS",
    "url": "https://binjonline.com/2022/02/08/a-win-for-transparency-and-police-accountability-in-mass/"
  },
  {
    "text": "ANDREW QUEMERE",
    "url": "https://binjonline.com/author/andrew-quemere/"
  },
  {
    "text": "",
    "url": "https://binjonline.com/2022/02/01/a-new-american-project/"
  },
  {
    "text": "A NEW AMERICAN PROJECT",
    "url": "https://binjonline.com/2022/02/01/a-new-american-project/"
  },
  {
    "text": "CHRIS FARAONE",
    "url": "https://binjonline.com/author/cfaraone/"
  },
  {
    "text": "",
    "url": "https://binjonline.com/2022/01/31/pandemic-housing-relief-end-of-an-era/"
  },
  {
    "text": "PANDEMIC HOUSING RELIEF: END OF AN ERA",
    "url": "https://binjonline.com/2022/01/31/pandemic-housing-relief-end-of-an-era/"
  },
  {
    "text": "DAN ATKINSON",
    "url": "https://binjonline.com/author/dan-atkinson/"
  },
  {
    "text": "",
    "url": "https://binjonline.com/2022/01/27/governors-council-signals-landmark-commutation-looms/"
  },
  {
    "text": "GOVERNOR\u2019S COUNCIL SIGNALS LANDMARK COMMUTATION LOOMS",
    "url": "https://binjonline.com/2022/01/27/governors-council-signals-landmark-commutation-looms/"
  },
  {
    "text": "JEAN TROUNSTINE",
    "url": "https://binjonline.com/author/jean-trounstine/"
  },
  {
    "text": "",
    "url": "https://binjonline.com/2022/01/06/special-sequel-desacralized/"
  },
  {
    "text": "SPECIAL SEQUEL: DESACRALIZED\u00a0",
    "url": "https://binjonline.com/2022/01/06/special-sequel-desacralized/"
  },
  {
    "text": "CLAIRE SADAR AND ALYSSA MALDONADO-ESTRADA",
    "url": "https://binjonline.com/author/claire-sadar-and-alyssa-maldonado-estrada/"
  },
  {
    "text": "",
    "url": "https://binjonline.com/2021/12/20/the-mass-parole-board-has-a-transparency-problem/"
  },
  {
    "text": "THE MASS PAROLE BOARD HAS A TRANSPARENCY PROBLEM",
    "url": "https://binjonline.com/2021/12/20/the-mass-parole-board-has-a-transparency-problem/"
  },
  {
    "text": "JEAN TROUNSTINE",
    "url": "https://binjonline.com/author/jean-trounstine/"
  },
  {
    "text": "",
    "url": "https://binjonline.com/2021/12/16/battle-sgars/"
  },
  {
    "text": "BATTLE: SGARS",
    "url": "https://binjonline.com/2021/12/16/battle-sgars/"
  },
  {
    "text": "LAURA KIESEL",
    "url": "https://binjonline.com/author/laura-kiesel/"
  },
  {
    "text": "",
    "url": "https://binjonline.com/2021/12/13/how-the-commonwealth-continues-drift-away-from-transparency/"
  },
  {
    "text": "HOW THE COMMONWEALTH CONTINUES DRIFT AWAY FROM TRANSPARENCY",
    "url": "https://binjonline.com/2021/12/13/how-the-commonwealth-continues-drift-away-from-transparency/"
  },
  {
    "text": "MAYA SHAFFER",
    "url": "https://binjonline.com/author/maya-shaffer/"
  },
  {
    "text": "",
    "url": "https://binjonline.com/2021/11/23/more-tickets-more-tows-more-fees/"
  },
  {
    "text": "MORE TICKETS, MORE TOWS, MORE FEES",
    "url": "https://binjonline.com/2021/11/23/more-tickets-more-tows-more-fees/"
  },
  {
    "text": "DAN ATKINSON",
    "url": "https://binjonline.com/author/dan-atkinson/"
  },
  {
    "text": "",
    "url": "https://binjonline.com/2021/11/17/chain-reaction/"
  },
  {
    "text": "CHAIN REACTION",
    "url": "https://binjonline.com/2021/11/17/chain-reaction/"
  },
  {
    "text": "CHRIS HUES",
    "url": "https://binjonline.com/author/chris-hues/"
  },
  {
    "text": "",
    "url": "https://binjonline.com/2021/11/17/native-americans-quincy-extend-olive-branch-to-boston/"
  },
  {
    "text": "NATIVE AMERICANS, QUINCY EXTEND \u201cOLIVE BRANCH\u201d TO BOSTON",
    "url": "https://binjonline.com/2021/11/17/native-americans-quincy-extend-olive-branch-to-boston/"
  },
  {
    "text": "DYLAN J. HEARN",
    "url": "https://binjonline.com/author/dylan-j-hearn/"
  },
  {
    "text": "",
    "url": "https://binjonline.com/2021/11/10/feature-followup-revisiting-recycling/"
  },
  {
    "text": "FEATURE FOLLOWUP: REVISITING RECYCLING",
    "url": "https://binjonline.com/2021/11/10/feature-followup-revisiting-recycling/"
  },
  {
    "text": "COLE ROSENGREN",
    "url": "https://binjonline.com/author/cole-rosengren/"
  },
  {
    "text": "",
    "url": "https://binjonline.com/2021/10/18/mass-corrections-officers-anti-vaxx-lawsuit-fails/"
  },
  {
    "text": "MASS CORRECTIONS OFFICERS\u2019 ANTI-VAXX LAWSUIT FAILS",
    "url": "https://binjonline.com/2021/10/18/mass-corrections-officers-anti-vaxx-lawsuit-fails/"
  },
  {
    "text": "JEAN TROUNSTINE",
    "url": "https://binjonline.com/author/jean-trounstine/"
  },
  {
    "text": "",
    "url": "https://binjonline.com/2021/10/07/day-long-hearing-on-corrections-sees-pleas-for-free-calls-and-an-end-to-life-w-out-parole/"
  },
  {
    "text": "DAY-LONG HEARING ON CORRECTIONS SEES PLEAS FOR FREE CALLS AND AN END TO LIFE W/OUT PAROLE",
    "url": "https://binjonline.com/2021/10/07/day-long-hearing-on-corrections-sees-pleas-for-free-calls-and-an-end-to-life-w-out-parole/"
  },
  {
    "text": "JEAN TROUNSTINE",
    "url": "https://binjonline.com/author/jean-trounstine/"
  },
  {
    "text": "",
    "url": "https://binjonline.com/2021/10/01/special-feature-greater-bostons-church-to-condo-pipeline/"
  },
  {
    "text": "SPECIAL FEATURE: GREATER BOSTON\u2019S CHURCH TO CONDO PIPELINE",
    "url": "https://binjonline.com/2021/10/01/special-feature-greater-bostons-church-to-condo-pipeline/"
  },
  {
    "text": "CLAIRE SADAR AND ALYSSA MALDONADO-ESTRADA",
    "url": "https://binjonline.com/author/claire-sadar-and-alyssa-maldonado-estrada/"
  },
  {
    "text": "",
    "url": "https://binjonline.com/2021/08/31/inner-city-weightlifting-creates-community-for-people-who-society-has-otherwise-denied-the-opportunity/"
  },
  {
    "text": "INNER CITY WEIGHTLIFTING CREATES COMMUNITY FOR PEOPLE WHO SOCIETY HAS OTHERWISE DENIED THE OPPORTUNI\u2026",
    "url": "https://binjonline.com/2021/08/31/inner-city-weightlifting-creates-community-for-people-who-society-has-otherwise-denied-the-opportunity/"
  },
  {
    "text": "JEAN TROUNSTINE",
    "url": "https://binjonline.com/author/jean-trounstine/"
  },
  {
    "text": "Pitch a story or send us a tip",
    "url": "mailto:info@binjonline.org"
  },
  {
    "text": "donate",
    "url": "http://givetobinj.org/"
  },
  {
    "text": "share our articles on social media",
    "url": "/masswire/"
  },
  {
    "text": "talk to us",
    "url": "mailto:info@binjonline.org"
  },
  {
    "text": "Log in",
    "url": "https://binjonline.com/wp-login.php"
  },
  {
    "text": "\t\t\t\t\t\t\t\n\t\t\t\t\t",
    "url": "https://binjonline.com"
  },
  {
    "text": "Donate",
    "url": "https://binjonline.org/give-to-binj/"
  },
  {
    "text": "Mission",
    "url": "https://binjonline.com/binj-mission/"
  },
  {
    "text": "Team Bios",
    "url": "https://binjonline.com/team-bios/"
  },
  {
    "text": "Reporters",
    "url": "https://binjonline.com/binj-writers/"
  },
  {
    "text": "BINJ Network",
    "url": "https://binjonline.com/binj-network/"
  },
  {
    "text": "Transparency",
    "url": "https://binjonline.com/about-us/transparency/"
  },
  {
    "text": "Press Room",
    "url": "https://binjonline.com/press-room/"
  },
  {
    "text": "Contact Us",
    "url": "https://binjonline.com/contact-us/"
  },
  {
    "text": "Major Features & Investigations",
    "url": "https://binjonline.com/major-features-investigations/"
  },
  {
    "text": "MassWire",
    "url": "https://binjonline.com/masswire/"
  },
  {
    "text": "Somerville Wire",
    "url": "https://binjonline.com/somerville-wire/"
  },
  {
    "text": "Somerville News Garden",
    "url": "https://binjonline.com/somerville-news-garden/"
  },
  {
    "text": "Pandemic Democracy Project",
    "url": "https://binjonline.com/pandemic-democracy-project/"
  },
  {
    "text": "Pop-Up Newsrooms",
    "url": "https://binjonline.com/popup-newsrooms/"
  },
  {
    "text": "Community Journalism 101 Workshops",
    "url": "https://binjonline.com/community-journalism-101-workshop/"
  },
  {
    "text": "Investigative Reporting Workshop",
    "url": "https://binjonline.com/investigative-reporting-workshop/"
  },
  {
    "text": "Journalism Research Methods Workshop",
    "url": "https://binjonline.com/journalism-research-methods/"
  },
  {
    "text": "Neighborhood Media School",
    "url": "https://binjonline.com/media-school/"
  },
  {
    "text": "BINJ in a Box",
    "url": "http://binjbox.org"
  },
  {
    "text": "",
    "url": "https://www.facebook.com/binjnetwork"
  },
  {
    "text": "",
    "url": "https://twitter.com/binjreports"
  },
  {
    "text": "",
    "url": "https://www.instagram.com/binjmobile/"
  }
]