[
  {
    "text": "Donate",
    "url": "/donate"
  },
  {
    "text": "About Black by God",
    "url": "/about"
  },
  {
    "text": "Civics",
    "url": "/categories/civics-politics"
  },
  {
    "text": "Coin \ud83d\udcb0",
    "url": "/categories/coin-"
  },
  {
    "text": "Community",
    "url": "/categories/community"
  },
  {
    "text": "Cartoons ",
    "url": "/categories/cartoons"
  },
  {
    "text": "Culture ",
    "url": "/categories/coin-business-tech-blackculture"
  },
  {
    "text": "READ OUR BBG PRINTS ",
    "url": "/static/read-our-bbg-prints"
  },
  {
    "text": "Civics",
    "url": "/categories/civics-politics"
  },
  {
    "text": "West Virginia Education Officials fail to address unfair Black suspension rate, \u201cschool to prison\u201d pipeline continues unabated. ",
    "url": "/articles/civics-politics/west-virginia-education-officials-fail-to-address-unfair-black-suspension-rate-school-to-prison-pipeline-continues-unabated"
  },
  {
    "text": "Civics",
    "url": "/categories/civics-politics"
  },
  {
    "text": "Black students in WV are suspended twice as often as their white peers. ",
    "url": "/articles/civics-politics/black-students-in-wv-are-suspended-twice-as-often-as-their-white-peers"
  },
  {
    "text": "Community",
    "url": "/categories/community"
  },
  {
    "text": "The Healing House Takes Holistic Approach To Trauma Recovery  ",
    "url": "/articles/community/the-healing-house-takes-holistic-approach-to-trauma-recovery"
  },
  {
    "text": "Contact ",
    "url": "/about"
  },
  {
    "text": "Donate",
    "url": "/donate"
  },
  {
    "text": "Culture ",
    "url": "/categories/coin-business-tech-blackculture"
  },
  {
    "text": "Black in the Newsroom",
    "url": "/articles/coin-business-tech-blackculture/black-in-the-newsroom"
  },
  {
    "text": "",
    "url": "/articles/coin-business-tech-blackculture/black-in-the-newsroom"
  },
  {
    "text": "Community",
    "url": "/categories/community"
  },
  {
    "text": "White People Don\u2019t Always Know I\u2019m Black",
    "url": "/articles/community/white-people-dont-always-know-im-black"
  },
  {
    "text": "",
    "url": "/articles/community/white-people-dont-always-know-im-black"
  },
  {
    "text": "Civics",
    "url": "/categories/civics-politics"
  },
  {
    "text": "BEFORE THERE WAS CRT\u2026 ",
    "url": "/articles/civics-politics/before-there-was-crt"
  },
  {
    "text": "",
    "url": "/articles/civics-politics/before-there-was-crt"
  },
  {
    "text": "Community",
    "url": "/categories/community"
  },
  {
    "text": "The Gospel of Rest",
    "url": "/articles/community/the-gospel-of-rest"
  },
  {
    "text": "",
    "url": "/articles/community/the-gospel-of-rest"
  },
  {
    "text": "Civics",
    "url": "/categories/civics-politics"
  },
  {
    "text": "The United States Is Under Attack",
    "url": "/articles/civics-politics/the-united-states-is-under-attack"
  },
  {
    "text": "",
    "url": "/articles/civics-politics/the-united-states-is-under-attack"
  },
  {
    "text": "Community",
    "url": "/categories/community"
  },
  {
    "text": "\u201cCap\u201d Ferguson:  A Black Trailblazer",
    "url": "/articles/community/cap-ferguson-a-black-trailblazer"
  },
  {
    "text": "",
    "url": "/articles/community/cap-ferguson-a-black-trailblazer"
  },
  {
    "text": "Community",
    "url": "/categories/community"
  },
  {
    "text": "Removing Stigmas And Helping People Succeed",
    "url": "/articles/community/removing-stigmas-and-helping-people-succeed"
  },
  {
    "text": "",
    "url": "/articles/community/removing-stigmas-and-helping-people-succeed"
  },
  {
    "text": "Community",
    "url": "/categories/community"
  },
  {
    "text": "Instagram Account \u2018The Feels\u2019 Centers the Joys of Black Womanhood in West Virginia",
    "url": "/articles/community/the-feels-centers-the-joys-of-black-womanhood-in-west-virginia"
  },
  {
    "text": "",
    "url": "/articles/community/the-feels-centers-the-joys-of-black-womanhood-in-west-virginia"
  },
  {
    "text": "Civics",
    "url": "/categories/civics-politics"
  },
  {
    "text": "Del. Danielle Walker reflects on Juneteenth as City of Morgantown issues proclamation recognizing day of commemoration",
    "url": "/articles/civics-politics/del-danielle-walker-reflects-on-juneteenth-as-city-of-morgantown-issues-proclamation-recognizing-day-of-commemoration"
  },
  {
    "text": "",
    "url": "/articles/civics-politics/del-danielle-walker-reflects-on-juneteenth-as-city-of-morgantown-issues-proclamation-recognizing-day-of-commemoration"
  },
  {
    "text": "Community",
    "url": "/categories/community"
  },
  {
    "text": "WEST BBG\u2019S VIRGINIA\u2019S FIRST LADY OF THE BLUES CROSSES THE RIVER INTO OHIO",
    "url": "/articles/community/west-bbgs-virginias-first-lady-of-the-blues-crosses-the-river-into-ohio"
  },
  {
    "text": "",
    "url": "/articles/community/west-bbgs-virginias-first-lady-of-the-blues-crosses-the-river-into-ohio"
  },
  {
    "text": "Read past editions",
    "url": "/newsletters"
  },
  {
    "text": "All stories \u2192",
    "url": "/articles/archive/1"
  },
  {
    "text": "",
    "url": "https://twitter.com/blackbygodwv"
  },
  {
    "text": "",
    "url": "https://www.instagram.com/blackbygodwv/"
  },
  {
    "text": "Tiny News Collective",
    "url": "https://tinynewsco.org"
  },
  {
    "text": "privacy policy",
    "url": "https://tinynewsco.org/member-privacy"
  },
  {
    "text": "DMCA policy",
    "url": "https://tinynewsco.org/dmca"
  }
]