[
  {
    "text": "",
    "url": "/?_pxhc=1659177201358"
  },
  {
    "text": "Skip to content",
    "url": "#that-jump-content--default"
  },
  {
    "text": "Bloomberg the Company & Its Products",
    "url": "http://www.bloomberg.com/company/?utm_source=bloomberg-menu&utm_medium=bnanews"
  },
  {
    "text": "Bloomberg Anywhere Remote LoginBloomberg Anywhere Login",
    "url": "https://bba.bloomberg.net/?utm_source=bloomberg-menu&utm_medium=bnanews"
  },
  {
    "text": "Bloomberg Terminal Demo Request",
    "url": "http://www.bloomberg.com/professional/contact-menu/?utm_source=bloomberg-menu&utm_medium=bnanews&bbgsum=DG-WS-PROF-DEMO-bbgmenu"
  },
  {
    "text": "Bloomberg Anywhere Remote Login",
    "url": "https://bba.bloomberg.net/?utm_source=bloomberg-menu&utm_medium=bnanews"
  },
  {
    "text": "Software Updates",
    "url": "http://www.bloomberg.com/professional/downloads/?utm_source=bloomberg-menu&utm_medium=bnanews"
  },
  {
    "text": "Manage Products and Account Information",
    "url": "http://service.bloomberg.com/portal/sessions/new?utm_source=bloomberg-menu&utm_medium=bnanews"
  },
  {
    "text": "Bloomberg London",
    "url": "http://www.bloomberg.com/company/london/?utm_source=bloomberg-menu&utm_medium=bnanews"
  },
  {
    "text": "About",
    "url": "https://www.bloomberg.com/company/?utm_source=bloomberg-menu&utm_medium=bnanews"
  },
  {
    "text": "Careers",
    "url": "http://www.bloomberg.com/careers/?utm_source=bloomberg-menu&utm_medium=bnanews"
  },
  {
    "text": "Diversity and Inclusion",
    "url": "http://www.bloomberg.com/diversity-inclusion/?utm_source=bloomberg-menu&utm_medium=bnanews"
  },
  {
    "text": "Gender-Equality Index",
    "url": "https://www.bloomberg.com/gei?utm_source=bloomberg-menu&utm_medium=bnanews"
  },
  {
    "text": "Philanthropy and Engagement",
    "url": "http://www.bloomberg.com/philanthropy/?utm_source=bloomberg-menu&utm_medium=bnanews"
  },
  {
    "text": "Sustainability",
    "url": "https://www.bloomberg.com/impact/?utm_source=bloomberg-menu&utm_medium=bnanews"
  },
  {
    "text": "Tech",
    "url": "http://www.techatbloomberg.com?utm_source=bloomberg-menu&utm_medium=bnanews"
  },
  {
    "text": "Bloomberg Beta",
    "url": "https://www.bloomberg.com/company/beta/?utm_source=bloomberg-menu&utm_medium=bnanews"
  },
  {
    "text": "Press Announcements",
    "url": "http://www.bloomberg.com/company/announcements/?utm_source=bloomberg-menu&utm_medium=bnanews"
  },
  {
    "text": "Press Contacts",
    "url": "http://www.bloomberg.com/company/press-contacts/?utm_source=bloomberg-menu&utm_medium=bnanews"
  },
  {
    "text": "Facebook",
    "url": "http://www.facebook.com/Bloomberglp"
  },
  {
    "text": "Twitter",
    "url": "https://twitter.com/bloomberg"
  },
  {
    "text": "LinkedIn",
    "url": "https://www.linkedin.com/company/2494"
  },
  {
    "text": "Instagram",
    "url": "https://www.instagram.com/bloomberg/"
  },
  {
    "text": "Bloomberg Terminal",
    "url": "http://www.bloomberg.com/professional/solution/bloomberg-terminal/?utm_source=bloomberg-menu&utm_medium=bnanews&bbgsum=DG-WS-PROF-SOLU-TERMINAL-bbgmenu"
  },
  {
    "text": "Execution and Order Management",
    "url": "https://www.bloomberg.com/professional/solution/execution-order-management/?utm_source=bloomberg-menu&utm_medium=bnanews&bbgsum=DG-WS-PROF-SOLU-EXORDMGMT-bbgmenu"
  },
  {
    "text": "Data and Content",
    "url": "https://www.bloomberg.com/professional/solution/data-and-content/?utm_source=bloomberg-menu&utm_medium=bnanews&bbgsum=DG-WS-PROF-SOLU-DATACONT-bbgmenu"
  },
  {
    "text": "Financial Data Management",
    "url": "https://www.bloomberg.com/professional/solution/financial-data-management/?utm_source=bloomberg-menu&utm_medium=bnanews&bbgsum=DG-WS-PROF-SOLU-FINDATA-bbgmenu"
  },
  {
    "text": "Integration and Distribution",
    "url": "https://www.bloomberg.com/professional/solution/integration-and-distribution/?utm_source=bloomberg-menu&utm_medium=bnanews&bbgsum=DG-WS-PROF-SOLU-INTEGDIST-bbgmenu"
  },
  {
    "text": "Bloomberg Tradebook",
    "url": "https://www.bloomberg.com/professional/solution/tradebook/?utm_source=bloomberg-menu&utm_medium=bnanews&bbgsum=DG-WS-PROF-SOLU-TBOOK-bbgmenu"
  },
  {
    "text": "Bloomberg Law",
    "url": "https://pro.bloomberglaw.com/?utm_source=bloomberg-menu&utm_medium=bnanews"
  },
  {
    "text": "Bloomberg Tax",
    "url": "https://www.bna.com/tax?utm_source=bloomberg-menu&utm_medium=bnanews"
  },
  {
    "text": "Bloomberg Government",
    "url": "http://about.bgov.com/?utm_source=bloomberg-menu&utm_medium=bnanews"
  },
  {
    "text": "Bloomberg Environment",
    "url": "https://pro.bloombergenvironment.com/?utm_source=bloomberg-menu&utm_medium=bnanews"
  },
  {
    "text": "Bloomberg New Energy Finance",
    "url": "http://about.bnef.com/?utm_source=bloomberg-menu&utm_medium=bnanews"
  },
  {
    "text": "Bloomberg Markets",
    "url": "https://www.bloomberg.com/markets/?utm_source=bloomberg-menu&utm_medium=bnanews"
  },
  {
    "text": "Bloomberg Technology",
    "url": "https://www.bloomberg.com/technology/?utm_source=bloomberg-menu&utm_medium=bnanews"
  },
  {
    "text": "Bloomberg Pursuits",
    "url": "https://www.bloomberg.com/pursuits/?utm_source=bloomberg-menu&utm_medium=bnanews"
  },
  {
    "text": "Bloomberg Politics",
    "url": "http://www.bloomberg.com/politics/?utm_source=bloomberg-menu&utm_medium=bnanews"
  },
  {
    "text": "Bloomberg Opinion",
    "url": "https://www.bloomberg.com/opinion/?utm_source=bloomberg-menu&utm_medium=bnanews"
  },
  {
    "text": "Bloomberg Businessweek",
    "url": "https://www.bloomberg.com/businessweek/?utm_source=bloomberg-menu&utm_medium=bnanews"
  },
  {
    "text": "Bloomberg Live Conferences",
    "url": "http://www.bloomberglive.com/?utm_source=bloomberg-menu&utm_medium=bnanews"
  },
  {
    "text": "Bloomberg Apps",
    "url": "https://www.bloombergapps.com/?utm_source=bloomberg-menu&utm_medium=bnanews"
  },
  {
    "text": "Bloomberg Radio",
    "url": "https://www.bloombergradio.com/?utm_source=bloomberg-menu&utm_medium=bnanews"
  },
  {
    "text": "Bloomberg Television",
    "url": "http://www.bloomberg.com/live?utm_source=bloomberg-menu&utm_medium=bnanews"
  },
  {
    "text": "News Bureaus",
    "url": "http://www.bloomberg.com/company/news-bureaus/?utm_source=bloomberg-menu&utm_medium=bnanews"
  },
  {
    "text": "Bloomberg Media Distribution",
    "url": "http://www.bloomberg.com/distribution?utm_source=bloomberg-menu&utm_medium=bnanews"
  },
  {
    "text": "Advertising",
    "url": "http://www.bloombergmedia.com/?utm_source=bloomberg-menu&utm_medium=bnanews"
  },
  {
    "text": "Bloomberg London",
    "url": "http://www.bloomberg.com/company/london/?utm_source=bloomberg-menu&utm_medium=bnanews"
  },
  {
    "text": "About",
    "url": "https://www.bloomberg.com/company/?utm_source=bloomberg-menu&utm_medium=bnanews"
  },
  {
    "text": "Careers",
    "url": "http://www.bloomberg.com/careers/?utm_source=bloomberg-menu&utm_medium=bnanews"
  },
  {
    "text": "Diversity and Inclusion",
    "url": "http://www.bloomberg.com/diversity-inclusion/?utm_source=bloomberg-menu&utm_medium=bnanews"
  },
  {
    "text": "Gender-Equality Index",
    "url": "https://www.bloomberg.com/gei?utm_source=bloomberg-menu&utm_medium=bnanews"
  },
  {
    "text": "Philanthropy and Engagement",
    "url": "http://www.bloomberg.com/philanthropy/?utm_source=bloomberg-menu&utm_medium=bnanews"
  },
  {
    "text": "Sustainability",
    "url": "https://www.bloomberg.com/impact/?utm_source=bloomberg-menu&utm_medium=bnanews"
  },
  {
    "text": "Tech",
    "url": "http://www.techatbloomberg.com?utm_source=bloomberg-menu&utm_medium=bnanews"
  },
  {
    "text": "Bloomberg Beta",
    "url": "https://www.bloomberg.com/company/beta/?utm_source=bloomberg-menu&utm_medium=bnanews"
  },
  {
    "text": "Press Announcements",
    "url": "http://www.bloomberg.com/company/announcements/?utm_source=bloomberg-menu&utm_medium=bnanews"
  },
  {
    "text": "Press Contacts",
    "url": "http://www.bloomberg.com/company/press-contacts/?utm_source=bloomberg-menu&utm_medium=bnanews"
  },
  {
    "text": "Facebook",
    "url": "http://www.facebook.com/Bloomberglp"
  },
  {
    "text": "Twitter",
    "url": "https://twitter.com/bloomberg"
  },
  {
    "text": "LinkedIn",
    "url": "https://www.linkedin.com/company/2494"
  },
  {
    "text": "Instagram",
    "url": "https://www.instagram.com/bloomberg/"
  },
  {
    "text": "Bloomberg Terminal",
    "url": "http://www.bloomberg.com/professional/solution/bloomberg-terminal/?utm_source=bloomberg-menu&utm_medium=bnanews&bbgsum=DG-WS-PROF-SOLU-TERMINAL-bbgmenu"
  },
  {
    "text": "Execution and\n                    Order Management",
    "url": "https://www.bloomberg.com/professional/solution/execution-order-management/?utm_source=bloomberg-menu&utm_medium=bnanews&bbgsum=DG-WS-PROF-SOLU-EXORDMGMT-bbgmenu"
  },
  {
    "text": "Data and Content",
    "url": "https://www.bloomberg.com/professional/solution/data-and-content/?utm_source=bloomberg-menu&utm_medium=bnanews&bbgsum=DG-WS-PROF-SOLU-DATACONT-bbgmenu"
  },
  {
    "text": "Financial Data\n                    Management",
    "url": "https://www.bloomberg.com/professional/solution/financial-data-management/?utm_source=bloomberg-menu&utm_medium=bnanews&bbgsum=DG-WS-PROF-SOLU-FINDATA-bbgmenu"
  },
  {
    "text": "Integration and\n                    Distribution",
    "url": "https://www.bloomberg.com/professional/solution/integration-and-distribution/?utm_source=bloomberg-menu&utm_medium=bnanews&bbgsum=DG-WS-PROF-SOLU-INTEGDIST-bbgmenu"
  },
  {
    "text": "Bloomberg\n                    Tradebook",
    "url": "https://www.bloomberg.com/professional/solution/tradebook/?utm_source=bloomberg-menu&utm_medium=bnanews&bbgsum=DG-WS-PROF-SOLU-TBOOK-bbgmenu"
  },
  {
    "text": "Bloomberg Law",
    "url": "https://pro.bloomberglaw.com/?utm_source=bloomberg-menu&utm_medium=bnanews"
  },
  {
    "text": "Bloomberg Tax",
    "url": "https://www.bna.com/tax?utm_source=bloomberg-menu&utm_medium=bnanews"
  },
  {
    "text": "Bloomberg Government",
    "url": "http://about.bgov.com/?utm_source=bloomberg-menu&utm_medium=bnanews"
  },
  {
    "text": "Bloomberg Environment",
    "url": "https://pro.bloombergenvironment.com/?utm_source=bloomberg-menu&utm_medium=bnanews"
  },
  {
    "text": "Bloomberg New Energy Finance",
    "url": "http://about.bnef.com/?utm_source=bloomberg-menu&utm_medium=bnanews"
  },
  {
    "text": "Bloomberg Markets",
    "url": "https://www.bloomberg.com/markets/?utm_source=bloomberg-menu&utm_medium=bnanews"
  },
  {
    "text": "Bloomberg\n                    Technology",
    "url": "https://www.bloomberg.com/technology/?utm_source=bloomberg-menu&utm_medium=bnanews"
  },
  {
    "text": "Bloomberg Pursuits",
    "url": "https://www.bloomberg.com/pursuits/?utm_source=bloomberg-menu&utm_medium=bnanews"
  },
  {
    "text": "Bloomberg Politics",
    "url": "http://www.bloomberg.com/politics/?utm_source=bloomberg-menu&utm_medium=bnanews"
  },
  {
    "text": "Bloomberg Opinion",
    "url": "https://www.bloomberg.com/opinion/?utm_source=bloomberg-menu&utm_medium=bnanews"
  },
  {
    "text": "Bloomberg\n                    Businessweek",
    "url": "https://www.bloomberg.com/businessweek/?utm_source=bloomberg-menu&utm_medium=bnanews"
  },
  {
    "text": "Bloomberg Live Conferences",
    "url": "http://www.bloomberglive.com/?utm_source=bloomberg-menu&utm_medium=bnanews"
  },
  {
    "text": "Bloomberg Apps",
    "url": "https://www.bloombergapps.com/?utm_source=bloomberg-menu&utm_medium=bnanews"
  },
  {
    "text": "Bloomberg Radio",
    "url": "https://www.bloombergradio.com/?utm_source=bloomberg-menu&utm_medium=bnanews"
  },
  {
    "text": "Bloomberg Television",
    "url": "http://www.bloomberg.com/live?utm_source=bloomberg-menu&utm_medium=bnanews"
  },
  {
    "text": "News Bureaus",
    "url": "http://www.bloomberg.com/company/news-bureaus/?utm_source=bloomberg-menu&utm_medium=bnanews"
  },
  {
    "text": "Bloomberg Media Distribution",
    "url": "http://www.bloomberg.com/distribution?utm_source=bloomberg-menu&utm_medium=bnanews"
  },
  {
    "text": "Advertising",
    "url": "http://www.bloombergmedia.com/?utm_source=bloomberg-menu&utm_medium=bnanews"
  },
  {
    "text": "Bloomberg Anywhere Remote Login",
    "url": "https://bba.bloomberg.net/?utm_source=bloomberg-menu&utm_medium=bnanews"
  },
  {
    "text": "Software Updates",
    "url": "http://www.bloomberg.com/professional/downloads/?utm_source=bloomberg-menu&utm_medium=bnanews"
  },
  {
    "text": "Manage Contracts and Orders",
    "url": "http://service.bloomberg.com/portal/sessions/new?utm_source=bloomberg-menu&utm_medium=bnanews"
  },
  {
    "text": " Home ",
    "url": "/"
  },
  {
    "text": " Bloomberg Law Analysis ",
    "url": "https://news.bloomberglaw.com/bloomberg-law-analysis/"
  },
  {
    "text": " Podcasts ",
    "url": "/podcasts/"
  },
  {
    "text": " Submit a News Tip \n  icons_32_pt2\n  \n    \n    \n    \n    \n    \n    \n    \n    \n    \n    \n    \n  \n\n",
    "url": "https://news.bloomberglaw.com/tips"
  },
  {
    "text": " Subscription Information ",
    "url": "https://www.bloombergindustry.com/product-pricing-inquiry/?trackingcode=BBNA196414&utm_medium=referral&utm_source=n2-menu"
  },
  {
    "text": "",
    "url": "/"
  },
  {
    "text": " Request a Free Demo ",
    "url": "https://pro.bloomberglaw.com/request-a-demo/?trackingcode=BLAW194399&utm_medium=referral&utm_source=n2-loginhome"
  },
  {
    "text": "\n  [icons_24_pt1]\n  \n    \n  \n\n Register Academic Account ",
    "url": "https://profile.bna.com/bloomberglaw-activate/"
  },
  {
    "text": " Forgot Username/Password? ",
    "url": "https://profile.bna.com/profile/forgotpw"
  },
  {
    "text": "Block\u2019s Mystery Payout Deepens With Lawsuit Outing Him",
    "url": "/securities-law/lawsuit-sheds-light-on-secret-sec-payment-to-shortseller-block"
  },
  {
    "text": "Rape Exception Divides Indiana Republicans in Abortion Debate",
    "url": "/health-law-and-business/rape-exception-divides-indiana-republicans-in-abortion-debate"
  },
  {
    "text": "",
    "url": "/business-and-practice/theyve-got-next-the-40-under-40-meet-our-honorees-1"
  },
  {
    "text": "They\u2019ve Got Next: The 40 Under 40\u2014Meet Our 2022 Honorees",
    "url": "/business-and-practice/theyve-got-next-the-40-under-40-meet-our-honorees-1"
  },
  {
    "text": "",
    "url": "/securities-law/sec-enriches-fraudsters-lawyers-as-secrecy-shrouds-tips-program"
  },
  {
    "text": "SEC Enriches Fraudsters, Lawyers as Secrecy Shrouds Tips Program",
    "url": "/securities-law/sec-enriches-fraudsters-lawyers-as-secrecy-shrouds-tips-program"
  },
  {
    "text": "",
    "url": "/business-and-practice/josh-hawley-has-a-masculinity-problem"
  },
  {
    "text": "Josh Hawley Has a Masculinity Problem",
    "url": "/business-and-practice/josh-hawley-has-a-masculinity-problem"
  },
  {
    "text": "",
    "url": "/financial-accounting/reconciliation-deal-pulls-accounting-rulemaker-into-tax-politics"
  },
  {
    "text": "Reconciliation Deal Pulls Accounting Rulemaker Into Tax Politics",
    "url": "/financial-accounting/reconciliation-deal-pulls-accounting-rulemaker-into-tax-politics"
  },
  {
    "text": "",
    "url": "/health-law-and-business/ftc-caught-in-balancing-act-with-pharmacy-benefit-manager-probe"
  },
  {
    "text": "FTC Caught in Balancing Act With Pharmacy Benefit Manager Probe",
    "url": "/health-law-and-business/ftc-caught-in-balancing-act-with-pharmacy-benefit-manager-probe"
  },
  {
    "text": "",
    "url": "/ip-law/an-inventors-court-win-over-microsoft-took-years-at-what-cost"
  },
  {
    "text": "An Inventor\u2019s Win Over Microsoft Took Years\u2014at What Cost?",
    "url": "/ip-law/an-inventors-court-win-over-microsoft-took-years-at-what-cost"
  },
  {
    "text": "",
    "url": "https://pro.bloomberglaw.com/research-solutions/?trackingcode=BLAW22107317&utm_medium=referral&utm_source=n2-housead"
  },
  {
    "text": "Where We Work Can Redefine Company Culture and Its People",
    "url": "/tax-insights-and-commentary/where-we-work-can-redefine-company-culture-and-its-people"
  },
  {
    "text": "Is the SEC\u2019s In-House Court System in Jeopardy?",
    "url": "/securities-law/is-the-secs-in-house-court-system-in-jeopardy"
  },
  {
    "text": "Mitigating PFAS, Plastics-Related Litigation Costs With Insurance",
    "url": "/environment-and-energy/mitigating-pfas-plastics-related-litigation-costs-with-insurance"
  },
  {
    "text": "View More",
    "url": "/search?type=INSIGHT"
  },
  {
    "text": "View More\n  [icons_24_pt1]\n  \n    \n  \n\n",
    "url": "/podcasts"
  },
  {
    "text": "",
    "url": "/interactive/black-families-leave-cities-for-suburbs-as-barriers-erode"
  },
  {
    "text": "",
    "url": "/interactive/can-anyone-slow-down-the-joint-strike-fighter"
  },
  {
    "text": "",
    "url": "/interactive/banking-on-bankruptcy"
  },
  {
    "text": "View More\n  [icons_24_pt1]\n  \n    \n  \n\n",
    "url": "/daily-labor-report/"
  },
  {
    "text": "Left Out of Manchin Deal, Paid Leave Backers Look to Future",
    "url": "/daily-labor-report/left-out-of-manchin-deal-paid-leave-backers-look-to-future"
  },
  {
    "text": "Labor Department Challenges Test Limits of West Virginia v. EPA",
    "url": "/daily-labor-report/labor-department-challenges-test-limits-of-west-virginia-v-epa"
  },
  {
    "text": "Hospitality Wage Growth Reignites Tipped Minimum Wage Battle",
    "url": "/daily-labor-report/hospitality-wage-growth-reignites-tipped-minimum-wage-battle"
  },
  {
    "text": "View More\n  [icons_24_pt1]\n  \n    \n  \n\n",
    "url": "/us-law-week/"
  },
  {
    "text": "Biden Taps Abortion Lawyer From Dobbs Case for First Circuit",
    "url": "/us-law-week/biden-taps-abortion-lawyer-from-dobbs-case-for-first-circuit"
  },
  {
    "text": "White House Nominates Three for Tennessee US Attorney Spots",
    "url": "/us-law-week/white-house-nominates-three-for-tennessee-us-attorney-spots"
  },
  {
    "text": "Alito Mocks Foreign Leaders Who Attacked His Abortion Opinion",
    "url": "/us-law-week/alito-abortion-opinion-author-decries-hostility-to-religion"
  },
  {
    "text": "View More\n  [icons_24_pt1]\n  \n    \n  \n\n",
    "url": "/business-and-practice/"
  },
  {
    "text": "Big Law Lobbyists\u2019 Chips Bill Work Brings Cash, Delivers Victory",
    "url": "/business-and-practice/big-law-lobbyists-chips-bill-work-brings-cash-delivers-victory"
  },
  {
    "text": "Private Equity\u2019s Top Lawyers Enjoy Prized Access to Buyout Funds",
    "url": "/mergers-and-acquisitions/private-equitys-top-lawyers-enjoy-prized-access-to-buyout-funds"
  },
  {
    "text": "JetBlue\u2019s Spirit Deal Is a Win for Shearman & Sterling Firm",
    "url": "/business-and-practice/jetblues-spirit-deal-is-a-win-for-shearman-sterling-lawyers"
  },
  {
    "text": "View More\n  [icons_24_pt1]\n  \n    \n  \n\n",
    "url": "/health-law-and-business/"
  },
  {
    "text": "US Pandemic Revamp Raises Worry of \u2018More Cooks in the Kitchen\u2019",
    "url": "/health-law-and-business/us-pandemic-revamp-raises-worry-of-more-cooks-in-the-kitchen"
  },
  {
    "text": "Michigan Judge, With Abortion-Rights Links, Rejects Recusal",
    "url": "/health-law-and-business/michigan-judge-with-abortion-rights-links-rejects-recusal"
  },
  {
    "text": "Nursing Home Infections Spur Call for HHS Action on Prevention",
    "url": "/health-law-and-business/nursing-home-infections-spur-call-for-hhs-action-on-prevention"
  },
  {
    "text": "View More\n  [icons_24_pt1]\n  \n    \n  \n\n",
    "url": "/daily-tax-report/"
  },
  {
    "text": "Excess Business Loss Limitation Needs More Clarity, Tax Pros Say",
    "url": "/daily-tax-report/excess-business-loss-limitation-needs-more-clarity-tax-pros-say"
  },
  {
    "text": "GoFundMe Scam Offers Good Lessons for Charitable Donors",
    "url": "/tax-insights-and-commentary/gofundme-scam-offers-good-lessons-for-charitable-donors"
  },
  {
    "text": "States Eye Reforms Aimed at Shell Corporation Secrecy (Podcast)",
    "url": "/daily-tax-report-state/states-eye-reforms-aimed-at-shell-corporation-secrecy-podcast"
  },
  {
    "text": "View More\n  [icons_24_pt1]\n  \n    \n  \n\n",
    "url": "/environment-and-energy/"
  },
  {
    "text": "Post-Climate Bill Permit Plan Aims to Fix \u2018Hindering\u2019 Process",
    "url": "/environment-and-energy/post-climate-bill-permit-plan-aims-to-fix-hindering-process"
  },
  {
    "text": "PFAS Exposure Can Warrant Medical Care: Top Science Adviser",
    "url": "/environment-and-energy/high-pfas-exposure-needs-medical-care-top-science-adviser-says"
  },
  {
    "text": "Chemical Recycling Bills Gain Momentum and Opposition in States",
    "url": "/environment-and-energy/chemical-recycling-bills-gain-momentum-and-opposition-in-states"
  },
  {
    "text": "View More\n  [icons_24_pt1]\n  \n    \n  \n\n",
    "url": "/esg/"
  },
  {
    "text": "Musk Files Defense Under Seal as Twitter Trial Set for Oct. 17",
    "url": "/mergers-and-acquisitions/musk-twitter-trial-will-start-oct-17-delaware-judge-rules"
  },
  {
    "text": "Chamber Sues SEC to Reinstate Trump Proxy Firm Restrictions",
    "url": "/securities-law/chamber-sues-sec-to-reinstate-trump-proxy-firm-restrictions"
  },
  {
    "text": "BlackRock, JPMorgan Barred From West Virginia Banking Contracts",
    "url": "/banking-law/blackrock-jpmorgan-barred-from-west-virginia-banking-contracts"
  },
  {
    "text": "View More\n  [icons_24_pt1]\n  \n    \n  \n\n",
    "url": "/social-justice/"
  },
  {
    "text": "Disability Representation on Boards Is Up, Yet Inclusion Lags",
    "url": "/daily-labor-report/disability-representation-on-boards-is-up-yet-inclusion-lags"
  },
  {
    "text": "Berkshire\u2019s Trident to Pay Over $20 Million on Redlining Claims",
    "url": "/banking-law/berkshires-trident-to-pay-over-20-million-on-redlining-claims"
  },
  {
    "text": "Ditch LGBTQ Health Bias Rule Suit From Boston, HHS Asks Court",
    "url": "/health-law-and-business/hhs-asks-court-to-ditch-boston-suit-over-lgbtq-health-bias-rule"
  },
  {
    "text": "View More\n  [icons_24_pt1]\n  \n    \n  \n\n",
    "url": "/privacy-and-data-security/"
  },
  {
    "text": "Unlocking Consumer Bank Data Stokes \u2018Underworld\u2019 Fears",
    "url": "/privacy-and-data-security/unlocking-consumer-bank-data-stokes-chopras-underworld-fears"
  },
  {
    "text": "US Investigating \u2018Significant\u2019 Breach of American Court System",
    "url": "/us-law-week/us-investigating-significant-breach-of-american-court-system"
  },
  {
    "text": "Meta Repeats Why It May Be Forced to Pull Facebook From EU",
    "url": "/tech-and-telecom-law/meta-repeats-threat-it-may-pull-facebook-instagram-from-europe"
  },
  {
    "text": "Do Not Sell My Info (CA)",
    "url": "https://www.bloombergindustry.com/ad-preference-update-options/"
  },
  {
    "text": "About Us",
    "url": "https://www.bloombergindustry.com/about-us/"
  },
  {
    "text": "Contact Us",
    "url": "https://www.bloombergindustry.com/contact-us/"
  },
  {
    "text": "pro.bloomberglaw.com",
    "url": "https://pro.bloomberglaw.com/"
  },
  {
    "text": "",
    "url": "/"
  },
  {
    "text": "\n  \n    \n      .mf-twitter-icon {\n        fill-rule: evenodd;\n      }\n    \n  \n  [icons_24_pt1]\n  \n    \n  \n\n",
    "url": "https://twitter.com/blaw"
  },
  {
    "text": "\n  \n    \n      .mf-linkedin-icon {\n        fill-rule: evenodd;\n      }\n    \n  \n  [icons_24_pt1]\n  \n    \n  \n\n",
    "url": "https://www.linkedin.com/company/bloomberg-law"
  },
  {
    "text": "\n  \n    \n      .mf-facebook-icon {\n        fill-rule: evenodd;\n      }\n    \n  \n  [icons_24_pt1]\n  \n    \n  \n\n",
    "url": "https://www.facebook.com/bloomberglaw1/"
  },
  {
    "text": "\n  \n    \n      .mf-youtube-icon {\n        fill-rule: evenodd;\n      }\n    \n  \n  [icons_24_pt1]\n  \n    \n  \n\n",
    "url": "https://www.youtube.com/user/bloomberglaw"
  },
  {
    "text": "help@bloomberglaw.com",
    "url": "mailto:help@bloomberglaw.com"
  },
  {
    "text": "Terms of Service",
    "url": "http://www.bloombergindustry.com/terms-of-service-subscription-products"
  },
  {
    "text": "Privacy Policy",
    "url": "https://www.bloombergindustry.com/privacy-policy"
  },
  {
    "text": "Copyright",
    "url": "https://www.bloombergindustry.com/copyright-and-usage-guidelines-copyright/"
  },
  {
    "text": "Accessibility",
    "url": "http://www.bloombergindustry.com/accessibility/"
  }
]