[
  {
    "text": "Bleacher Report Logo",
    "url": "/"
  },
  {
    "text": "NBA",
    "url": "/nba"
  },
  {
    "text": "NFL",
    "url": "/nfl"
  },
  {
    "text": "MLB",
    "url": "/mlb"
  },
  {
    "text": "NHL",
    "url": "/nhl"
  },
  {
    "text": "Videos",
    "url": "/videos"
  },
  {
    "text": "B/R Kicks",
    "url": "/kicks"
  },
  {
    "text": "B/R Gaming",
    "url": "/gaming"
  },
  {
    "text": "B/R Gridiron",
    "url": "https://www.instagram.com/brgridiron/"
  },
  {
    "text": "Get the App",
    "url": "https://br.app.link/kvlitRF9Dqb"
  },
  {
    "text": "B/R Shop",
    "url": "https://bleacherreportshop.com/?utm_source=Bleacher%20Report&utm_medium=referral&utm_campaign=Bleacher%20Report%20Website%20Menu"
  },
  {
    "text": "Sign Up",
    "url": "/sign_up"
  },
  {
    "text": "Login",
    "url": "/sign_in"
  },
  {
    "text": "Get Help",
    "url": "https://support.bleacherreport.com/"
  },
  {
    "text": "",
    "url": "/us"
  },
  {
    "text": "",
    "url": "/uk"
  },
  {
    "text": "AP Photo/Aaron Gash",
    "url": "https://bleacherreport.com/articles/10043667-reassessing-jimmy-gs-landing-spots-as-trey-lance-takes-over-nfl-training-camps-open"
  },
  {
    "text": "Updated Jimmy G Landing Spots",
    "url": "https://bleacherreport.com/articles/10043667-reassessing-jimmy-gs-landing-spots-as-trey-lance-takes-over-nfl-training-camps-open"
  },
  {
    "text": "Who could trade for the veteran QB as training camp opens \u27a1\ufe0f",
    "url": "https://bleacherreport.com/articles/10043667-reassessing-jimmy-gs-landing-spots-as-trey-lance-takes-over-nfl-training-camps-open"
  },
  {
    "text": "Mariners Acquire Luis Castillo",
    "url": "https://bleacherreport.com/articles/10015304-luis-castillo-reportedly-traded-to-mariners-reds-get-noelvi-marte-more-prospects"
  },
  {
    "text": "76ers Under NBA Investigation",
    "url": "https://bleacherreport.com/articles/10043790-nba-investigating-76ers-potentially-tampering-with-james-harden-free-agent-class"
  },
  {
    "text": "'80% Chance' of Soto Deal \ud83d\udc40",
    "url": "https://bleacherreport.com/articles/10043789-jeff-passan-80-percent-chance-juan-soto-traded-before-deadline"
  },
  {
    "text": "WWE SmackDown Results: Winners, Grades, Reaction and Highlights from July 29",
    "url": "https://bleacherreport.com/articles/10043710-wwe-smackdown-results-winners-grades-reaction-and-highlights-from-july-29"
  },
  {
    "text": "Luis Castillo Traded to Mariners; Reds Get Noelvi Marte, More Prospects",
    "url": "https://bleacherreport.com/articles/10015304-luis-castillo-traded-to-mariners-reds-get-noelvi-marte-more-prospects"
  },
  {
    "text": "Reassessing Jimmy G\u2019s Landing Spots as Trey Lance Takes Over, NFL Training Camps Open",
    "url": "https://bleacherreport.com/articles/10043667-reassessing-jimmy-gs-landing-spots-as-trey-lance-takes-over-nfl-training-camps-open"
  },
  {
    "text": "Juan Soto Trade Rumors: 4 Teams Left in Hunt for Star; Padres, Cardinals Lead",
    "url": "https://bleacherreport.com/articles/10043796-juan-soto-trade-rumors-4-teams-left-in-hunt-for-star-padres-cardinals-lead"
  },
  {
    "text": "NBA Investigating 76ers Potentially Tampering with James Harden, Free-Agent Class",
    "url": "https://bleacherreport.com/articles/10043790-nba-investigating-76ers-potentially-tampering-with-james-harden-free-agent-class"
  },
  {
    "text": "AEW Rampage Results: Winners, Grades, Reaction and Highlights from July 29",
    "url": "https://bleacherreport.com/articles/10043737-aew-rampage-results-winners-grades-reaction-and-highlights-from-july-29"
  },
  {
    "text": "Patrick Mahomes Calls Out 'Weird' Criticism of Black QBs After 'Streetball' Comment",
    "url": "https://bleacherreport.com/articles/10043766-patrick-mahomes-calls-out-weird-criticism-of-black-qbs-after-streetball-comment"
  },
  {
    "text": "Jeff Passan: 80 Percent Chance Juan Soto Traded Before Deadline",
    "url": "https://bleacherreport.com/articles/10043789-jeff-passan-80-percent-chance-juan-soto-traded-before-deadline"
  },
  {
    "text": "LeBron James Rumors: Chance to Play with Son Bronny Only Reason He'd Leave Lakers",
    "url": "https://bleacherreport.com/articles/10043755-lebron-james-rumors-chance-to-play-with-son-bronny-only-reason-hed-leave-lakers"
  },
  {
    "text": "The Best NFL Free Agents Still Available Ahead of Preseason",
    "url": "https://bleacherreport.com/articles/10043482-the-best-nfl-free-agents-still-available-ahead-of-preseason"
  },
  {
    "text": "Francisco Alvarez (Ronald Martinez/Getty Images)",
    "url": "https://bleacherreport.com/articles/10043529-updated-top-100-prospects-after-2022-mlb-draft"
  },
  {
    "text": "B/R\u2019s Top 100 MLB Prospects",
    "url": "https://bleacherreport.com/articles/10043529-updated-top-100-prospects-after-2022-mlb-draft"
  },
  {
    "text": "New prospect rankings now that the MLB draft is complete",
    "url": "https://bleacherreport.com/articles/10043529-updated-top-100-prospects-after-2022-mlb-draft"
  },
  {
    "text": "Jayne Kamin-Oncea/Getty Images",
    "url": "https://bleacherreport.com/articles/10043494-br-mlb-roundtable-answering-biggest-questions-of-the-2022-trade-deadline"
  },
  {
    "text": "Trade Deadline Questions",
    "url": "https://bleacherreport.com/articles/10043494-br-mlb-roundtable-answering-biggest-questions-of-the-2022-trade-deadline"
  },
  {
    "text": "Our staff discusses the biggest questions of the 2022 MLB trade deadline \u27a1\ufe0f",
    "url": "https://bleacherreport.com/articles/10043494-br-mlb-roundtable-answering-biggest-questions-of-the-2022-trade-deadline"
  },
  {
    "text": "Video Play Button",
    "url": "https://bleacherreport.com/videos/244594-lebron-vs-young-shaq"
  },
  {
    "text": "LEBRON VS. YOUNG SHAQ \ud83c\udf00",
    "url": "https://bleacherreport.com/videos/244594-lebron-vs-young-shaq"
  },
  {
    "text": "Video Play Button",
    "url": "https://bleacherreport.com/videos/243804-prime-dray-vs-prime-rodman"
  },
  {
    "text": "PRIME DRAY VS. PRIME RODMAN \ud83c\udf00",
    "url": "https://bleacherreport.com/videos/243804-prime-dray-vs-prime-rodman"
  },
  {
    "text": "Video Play Button",
    "url": "https://bleacherreport.com/videos/242487-prime-luka-vs-prime-magic"
  },
  {
    "text": "PRIME LUKA VS. PRIME MAGIC \ud83c\udf00",
    "url": "https://bleacherreport.com/videos/242487-prime-luka-vs-prime-magic"
  },
  {
    "text": "Video Play Button",
    "url": "https://bleacherreport.com/videos/176868-kd-vs-bird-in-the-portal"
  },
  {
    "text": "PRIME KD VS. PRIME LARRY BIRD \ud83c\udf00",
    "url": "https://bleacherreport.com/videos/176868-kd-vs-bird-in-the-portal"
  },
  {
    "text": "Video Play Button",
    "url": "https://bleacherreport.com/videos/182694-the-portal-episode-2"
  },
  {
    "text": "PRIME GIANNIS VS. PRIME WILT \ud83c\udf00",
    "url": "https://bleacherreport.com/videos/182694-the-portal-episode-2"
  },
  {
    "text": "Video Play Button",
    "url": "https://bleacherreport.com/videos/195384-the-portal-episode-3"
  },
  {
    "text": "PRIME EMBIID VS. PRIME CHUCK \ud83c\udf00",
    "url": "https://bleacherreport.com/videos/195384-the-portal-episode-3"
  },
  {
    "text": "Video Play Button",
    "url": "https://bleacherreport.com/videos/202926-the-portal-episode-4"
  },
  {
    "text": "PRIME KYRIE VS. PRIME IVERSON \ud83c\udf00",
    "url": "https://bleacherreport.com/videos/202926-the-portal-episode-4"
  },
  {
    "text": "Video Play Button",
    "url": "https://bleacherreport.com/videos/205990-best-moments-from-the-portalso-far"
  },
  {
    "text": "Best Moments from 'The Portal'...So Far",
    "url": "https://bleacherreport.com/videos/205990-best-moments-from-the-portalso-far"
  },
  {
    "text": "Video Play Button",
    "url": "https://bleacherreport.com/videos/244201-the-champions-season-6-episode-3"
  },
  {
    "text": "\u2b50 'The Champions' Season Finale \u2b50",
    "url": "https://bleacherreport.com/videos/244201-the-champions-season-6-episode-3"
  },
  {
    "text": "Ronaldo gets help from an alternate-universe Messi to escape a world with no football",
    "url": "https://bleacherreport.com/videos/244201-the-champions-season-6-episode-3"
  },
  {
    "text": "Scott Winters/Icon Sportswire via Getty Images",
    "url": "https://bleacherreport.com/articles/10043330-buying-or-selling-latest-buzz-on-2022-nfl-rookies"
  },
  {
    "text": "Buy or Sell NFL Rookie Buzz \ud83e\udd14",
    "url": "https://bleacherreport.com/articles/10043330-buying-or-selling-latest-buzz-on-2022-nfl-rookies"
  },
  {
    "text": "Our writer's take on latest rumors",
    "url": "https://bleacherreport.com/articles/10043330-buying-or-selling-latest-buzz-on-2022-nfl-rookies"
  },
  {
    "text": "Ronald Martinez/Getty Images",
    "url": "https://bleacherreport.com/articles/10043482-the-best-nfl-free-agents-still-available-ahead-of-preseason"
  },
  {
    "text": "Top NFL Free Agents Left \ud83d\udd0d",
    "url": "https://bleacherreport.com/articles/10043482-the-best-nfl-free-agents-still-available-ahead-of-preseason"
  },
  {
    "text": "We rank the top players still available as training camp gets underway \ud83d\udcf2",
    "url": "https://bleacherreport.com/articles/10043482-the-best-nfl-free-agents-still-available-ahead-of-preseason"
  },
  {
    "text": "Video Play Button",
    "url": "https://bleacherreport.com/videos/244657-ryan-fitzpatrick-gridiron-heights-supercut"
  },
  {
    "text": "Best of Fitzmagic on GH \ud83d\udd25",
    "url": "https://bleacherreport.com/videos/244657-ryan-fitzpatrick-gridiron-heights-supercut"
  },
  {
    "text": "Video Play Button",
    "url": "https://bleacherreport.com/videos/241172-real-reason-for-nfl-trades"
  },
  {
    "text": "Real Reason for NFL Trades \ud83e\udd23",
    "url": "https://bleacherreport.com/videos/241172-real-reason-for-nfl-trades"
  },
  {
    "text": "Video Play Button",
    "url": "https://bleacherreport.com/videos/215338-gridiron-heights-finale"
  },
  {
    "text": "'Gridiron Heights' Finale \u2757",
    "url": "https://bleacherreport.com/videos/215338-gridiron-heights-finale"
  },
  {
    "text": "Video Play Button",
    "url": "https://bleacherreport.com/videos/212633-super-bowl-gridiron-heights"
  },
  {
    "text": "Super Bowl 'Gridiron Heights' \ud83c\udfc6",
    "url": "https://bleacherreport.com/videos/212633-super-bowl-gridiron-heights"
  },
  {
    "text": "Video Play Button",
    "url": "https://bleacherreport.com/videos/210709-gridiron-heights-wft-episode"
  },
  {
    "text": "\u2018Gridiron Heights\u2019 WFT Episode \ud83d\ude02",
    "url": "https://bleacherreport.com/videos/210709-gridiron-heights-wft-episode"
  },
  {
    "text": "Video Play Button",
    "url": "https://bleacherreport.com/videos/210285-gridiron-heights-best-of-tom-brady"
  },
  {
    "text": "'Gridiron Heights' Best of Tom Brady \ud83d\ude02",
    "url": "https://bleacherreport.com/videos/210285-gridiron-heights-best-of-tom-brady"
  },
  {
    "text": "Video Play Button",
    "url": "https://bleacherreport.com/videos/207474-divisionalround-gridiron-heights"
  },
  {
    "text": "Divisional-Round 'Gridiron Heights' \ud83e\udd23",
    "url": "https://bleacherreport.com/videos/207474-divisionalround-gridiron-heights"
  },
  {
    "text": "",
    "url": "https://bleacherreport.com/season-6-of-gridiron-heights"
  },
  {
    "text": "Binge Season 6 of 'Gridiron Heights' Right Here",
    "url": "https://bleacherreport.com/season-6-of-gridiron-heights"
  },
  {
    "text": "Video Play Button",
    "url": "https://bleacherreport.com/videos/204955-new-gridiron-heights"
  },
  {
    "text": "\ud83c\udfb0 Latest 'Gridiron Heights'",
    "url": "https://bleacherreport.com/videos/204955-new-gridiron-heights"
  },
  {
    "text": "Video Play Button",
    "url": "https://bleacherreport.com/videos/202236-gridiron-heights-western"
  },
  {
    "text": "New \u2018Gridiron Heights\u2019 Western \ud83e\udd20",
    "url": "https://bleacherreport.com/videos/202236-gridiron-heights-western"
  },
  {
    "text": "Video Play Button",
    "url": "https://bleacherreport.com/videos/244886-taylor-rooks-x-bradley-beal"
  },
  {
    "text": "Live Bradley Beal Interview \ud83d\udc40",
    "url": "https://bleacherreport.com/videos/244886-taylor-rooks-x-bradley-beal"
  },
  {
    "text": "Trade rumors. Future with the Wizards. Beal was live with Taylor Rooks. Watch the full exclusive interview \u2935",
    "url": "https://bleacherreport.com/videos/244886-taylor-rooks-x-bradley-beal"
  },
  {
    "text": "Join Newsletter",
    "url": "https://bleacherreport.wyng.com/manage-inbox?page=page_3857924938674"
  },
  {
    "text": "Join Newsletter",
    "url": "https://bleacherreport.wyng.com/manage-inbox?page=page_3857924938674"
  },
  {
    "text": "Facebook Logo",
    "url": "https://facebook.com/bleacherreport/"
  },
  {
    "text": "Twitter Logo",
    "url": "https://twitter.com/bleacherreport/"
  },
  {
    "text": "Instagram Logo",
    "url": "https://instagram.com/bleacherreport/"
  },
  {
    "text": "About",
    "url": "/pages/about"
  },
  {
    "text": "Advertise",
    "url": "/pages/advertise"
  },
  {
    "text": "Contact Us",
    "url": "/pages/contact"
  },
  {
    "text": "Get Help",
    "url": "https://support.bleacherreport.com/"
  },
  {
    "text": "Careers",
    "url": "https://careers.bleacherreport.com/"
  },
  {
    "text": "Community Guidelines",
    "url": "/pages/comguidelines"
  },
  {
    "text": "Privacy",
    "url": "https://www.warnermediaprivacy.com/policycenter/b2c/WMNS/"
  },
  {
    "text": "Do Not Sell My Personal Information",
    "url": "#"
  },
  {
    "text": "Terms Of Use",
    "url": "/pages/terms"
  },
  {
    "text": "AdChoices\u00a0",
    "url": "https://www.warnermediaprivacy.com/opt-out/"
  },
  {
    "text": "AdChoices\u00a0",
    "url": "https://www.warnermediaprivacy.com/opt-out/"
  },
  {
    "text": "Privacy Center",
    "url": "https://www.warnermediaprivacy.com/do-not-sell/"
  },
  {
    "text": "",
    "url": "https://www.onetrust.com/products/cookie-consent/"
  }
]