[
  {
    "text": "Skip to contents",
    "url": "#content"
  },
  {
    "text": "Block Club Chicago",
    "url": "/"
  },
  {
    "text": "Become a memberLearn more",
    "url": ""
  },
  {
    "text": "Become a memberLearn more",
    "url": ""
  },
  {
    "text": "Neighborhoods",
    "url": "https://blockclubchicago.org/neighborhoods/"
  },
  {
    "text": "Latest Stories",
    "url": "https://blockclubchicago.org/all/"
  },
  {
    "text": "COVID-19",
    "url": "https://blockclubchicago.org/tag/coronavirus/"
  },
  {
    "text": "'On The Block'",
    "url": "https://blockclubchicago.org/2022/05/04/watch-on-the-block-block-club-chicagos-weekly-tv-show-on-the-u-and-cw26/"
  },
  {
    "text": "Send News Tips",
    "url": "https://blockclubchicago.org/send-tips/"
  },
  {
    "text": "Newsletter",
    "url": "https://pico.link/blockclubchicago/login/enter-email?id=LoginWizard_blockclubchicago&short_code=kvrky26d"
  },
  {
    "text": "Shop",
    "url": "https://blockclubchi.weebly.com/"
  },
  {
    "text": "Subscribe",
    "url": "https://pico.link/blockclubchicago?short_code=vej768zv"
  },
  {
    "text": "Donate",
    "url": "https://www.givegab.com/donations/new?campaign_id=129151&group_id=460334"
  },
  {
    "text": "Home",
    "url": "https://blockclubchicago.org"
  },
  {
    "text": "Neighborhoods",
    "url": "https://blockclubchicago.org/neighborhoods/"
  },
  {
    "text": "Latest Stories",
    "url": "https://blockclubchicago.org/all/"
  },
  {
    "text": "COVID-19",
    "url": "https://blockclubchicago.org/tag/coronavirus/"
  },
  {
    "text": "'On The Block'",
    "url": "https://blockclubchicago.org/2022/05/04/watch-on-the-block-block-club-chicagos-weekly-tv-show-on-the-u-and-cw26/"
  },
  {
    "text": "Send News Tips",
    "url": "https://blockclubchicago.org/send-tips/"
  },
  {
    "text": "Newsletter",
    "url": "https://pico.link/blockclubchicago/login/enter-email?id=LoginWizard_blockclubchicago&short_code=kvrky26d"
  },
  {
    "text": "Shop",
    "url": "https://blockclubchi.weebly.com/"
  },
  {
    "text": "Subscribe",
    "url": "https://pico.link/blockclubchicago?short_code=vej768zv"
  },
  {
    "text": "Donate",
    "url": "https://www.givegab.com/donations/new?campaign_id=129151&group_id=460334"
  },
  {
    "text": "Our Mission",
    "url": "https://blockclubchicago.org/about-us/"
  },
  {
    "text": "Our Team",
    "url": "https://blockclubchicago.org/our-team/"
  },
  {
    "text": "Board of Directors",
    "url": "https://blockclubchicago.org/our-board/"
  },
  {
    "text": "Contact Us",
    "url": "https://blockclubchicago.org/contact-us/"
  },
  {
    "text": "twitter",
    "url": "https://twitter.com/BlockClubCHI"
  },
  {
    "text": "facebook",
    "url": "https://www.facebook.com/blockclubchi"
  },
  {
    "text": "10 Things To Do Around Chicago This Weekend, From Street Markets to Lollapalooza",
    "url": "https://blockclubchicago.org/2022/07/28/10-things-to-do-around-chicago-this-weekend-from-street-markets-to-lollapalooza/"
  },
  {
    "text": "Citywide",
    "url": "https://blockclubchicago.org/category/chicago/"
  },
  {
    "text": "Leen Yassine",
    "url": "https://blockclubchicago.org/author/leen-yassine/"
  },
  {
    "text": "",
    "url": "https://blockclubchicago.org/2022/07/28/10-things-to-do-around-chicago-this-weekend-from-street-markets-to-lollapalooza/"
  },
  {
    "text": "Here\u2019s Where You Can Get Vaccinated Against Monkeypox In Chicago",
    "url": "https://blockclubchicago.org/2022/07/29/heres-where-you-can-get-vaccinated-against-monkeypox-in-chicago/"
  },
  {
    "text": "Citywide",
    "url": "https://blockclubchicago.org/category/chicago/"
  },
  {
    "text": "Kelly Bauer",
    "url": "https://blockclubchicago.org/author/kelly-bauer/"
  },
  {
    "text": "",
    "url": "https://blockclubchicago.org/2022/07/29/heres-where-you-can-get-vaccinated-against-monkeypox-in-chicago/"
  },
  {
    "text": "Power Couple At Byron\u2019s Hot Dogs Are Neighborhood Stars After Nearly 30 Years Behind The Counter Together",
    "url": "https://blockclubchicago.org/2022/07/29/power-couple-at-byrons-hot-dogs-are-neighborhood-stars-after-nearly-30-years-behind-the-counter-together/"
  },
  {
    "text": "Lakeview, Wrigleyville, Northalsted",
    "url": "https://blockclubchicago.org/category/lakeview-wrigleyville/"
  },
  {
    "text": "Kayleigh Padar",
    "url": "https://blockclubchicago.org/author/kayleigh-padar/"
  },
  {
    "text": "",
    "url": "https://blockclubchicago.org/2022/07/29/power-couple-at-byrons-hot-dogs-are-neighborhood-stars-after-nearly-30-years-behind-the-counter-together/"
  },
  {
    "text": "Food Truck Plaza Opening In Logan Square This Weekend After Years Of Community Planning",
    "url": "https://blockclubchicago.org/2022/07/29/food-truck-plaza-opening-in-logan-square-this-weekend-after-years-of-community-planning/"
  },
  {
    "text": "Logan Square, Humboldt Park, Avondale",
    "url": "https://blockclubchicago.org/category/logan-square-humboldt-park-avondale/"
  },
  {
    "text": "Mina Bloom",
    "url": "https://blockclubchicago.org/author/mina-bloom/"
  },
  {
    "text": "Inflation Is Driving Up Demand At Food Pantries \u2014 But Rising Costs Also Make It Harder For Pantries To Help",
    "url": "https://blockclubchicago.org/2022/07/28/inflation-is-driving-up-demand-at-food-pantries-but-rising-costs-also-make-it-harder-for-pantries-to-help/"
  },
  {
    "text": "Uptown, Edgewater, Rogers Park",
    "url": "https://blockclubchicago.org/category/uptown-edgewater-rogers-park/"
  },
  {
    "text": "Joe Ward",
    "url": "https://blockclubchicago.org/author/joe-ward/"
  },
  {
    "text": "The Hot Dog Box\u2019s Signature Steak Dog Will Be Available In 4-Packs Online, In Stores And To Go",
    "url": "https://blockclubchicago.org/2022/07/29/the-hot-dog-boxs-signature-steak-dog-will-be-available-in-4-packs-online-in-stores-and-to-go/"
  },
  {
    "text": "Jefferson Park, Portage Park, Norwood Park",
    "url": "https://blockclubchicago.org/category/jefferson-park-portage-park/"
  },
  {
    "text": "Ariel Parrella-Aureli",
    "url": "https://blockclubchicago.org/author/ariel-parrella-aureli/"
  },
  {
    "text": "Pedicab Crackdown Would Limit Rides At Navy Pier, But Drivers Say It Would Be \u2018Devastating\u2019 For Business",
    "url": "https://blockclubchicago.org/2022/07/29/downtown-alderman-wants-to-limit-pedicabs-near-navy-pier-but-drivers-say-it-would-be-devastating-for-business/"
  },
  {
    "text": "Near North Side, River North",
    "url": "https://blockclubchicago.org/category/downtown/near-north-side-river-north/"
  },
  {
    "text": "Melody Mercado",
    "url": "https://blockclubchicago.org/author/melody-mercado/"
  },
  {
    "text": "More top stories",
    "url": "https://blockclubchicago.org/all/"
  },
  {
    "text": "Chicago NASCAR Race Will Take Over Most Of Grant Park For Two Weeks, Report Says",
    "url": "/2022/07/29/chicago-nascar-race-will-take-over-most-of-grant-park-for-two-weeks-report-says/"
  },
  {
    "text": "Melody Mercado",
    "url": "/author/melody-mercado/"
  },
  {
    "text": "",
    "url": "/2022/07/29/chicago-nascar-race-will-take-over-most-of-grant-park-for-two-weeks-report-says/"
  },
  {
    "text": "Award-Winning Bronzeville Incubator Looking For Community Day Volunteers",
    "url": "/2022/07/29/award-winning-bronzeville-incubator-looking-for-community-day-volunteers/"
  },
  {
    "text": "Jamie Nesbitt Golden",
    "url": "/author/jamie-nesbitt-golden/"
  },
  {
    "text": "",
    "url": "/2022/07/29/award-winning-bronzeville-incubator-looking-for-community-day-volunteers/"
  },
  {
    "text": "Logan Square Chocolate Shop Katherine Anne Confections Will Open 2nd Location In Irving Park Next Year",
    "url": "/2022/07/29/logan-square-chocolate-shop-katherine-anne-confections-will-open-2nd-location-in-irving-park-next-year/"
  },
  {
    "text": "Alex V. Hernandez",
    "url": "/author/alex-v-hernandez/"
  },
  {
    "text": "",
    "url": "/2022/07/29/logan-square-chocolate-shop-katherine-anne-confections-will-open-2nd-location-in-irving-park-next-year/"
  },
  {
    "text": "Through COVID And Gentrification, Diana Sol\u00eds Captures Pilsen\u2019s Resilience",
    "url": "/2022/07/29/through-covid-and-gentrification-diana-solis-captures-pilsens-resilience/"
  },
  {
    "text": "Michelle Kanaar, Borderless",
    "url": "/author/michelle-kanaar-borderless/"
  },
  {
    "text": "",
    "url": "/2022/07/29/through-covid-and-gentrification-diana-solis-captures-pilsens-resilience/"
  },
  {
    "text": "A Podcast About Chicago's Good NewsListen To Our PodcastHosted by Jon Hansen, it's all about the people who make Chicago great.Listen here",
    "url": "https://podcasts.apple.com/us/podcast/its-all-good-a-block-club-chicago-podcast/id1561056830"
  },
  {
    "text": "Austin, Garfield Park, North Lawndale",
    "url": "https://blockclubchicago.org/category/austin-garfield-park/"
  },
  {
    "text": "Bronzeville, Near South Side",
    "url": "https://blockclubchicago.org/category/bronzeville-south-loop-oakland-grand-boulevard/"
  },
  {
    "text": "Downtown",
    "url": "https://blockclubchicago.org/category/downtown/"
  },
  {
    "text": "Englewood, Chatham, Auburn Gresham",
    "url": "https://blockclubchicago.org/category/englewood-chatham/"
  },
  {
    "text": "Hyde Park, Woodlawn, South Shore",
    "url": "https://blockclubchicago.org/category/hyde-park-woodlawn-south-shore/"
  },
  {
    "text": "Jefferson Park, Portage Park, Norwood Park",
    "url": "https://blockclubchicago.org/category/jefferson-park-portage-park/"
  },
  {
    "text": "Lakeview, Wrigleyville, Northalsted",
    "url": "https://blockclubchicago.org/category/lakeview-wrigleyville/"
  },
  {
    "text": "Lincoln Park, Old Town",
    "url": "https://blockclubchicago.org/category/lincoln-park-old-town/"
  },
  {
    "text": "Lincoln Square, North Center, Irving Park",
    "url": "https://blockclubchicago.org/category/lincoln-square-north-center-irving-park/"
  },
  {
    "text": "Logan Square, Humboldt Park, Avondale",
    "url": "https://blockclubchicago.org/category/logan-square-humboldt-park-avondale/"
  },
  {
    "text": "Pilsen, Little Village, West Loop",
    "url": "https://blockclubchicago.org/category/pilsen-little-village-west-loop/"
  },
  {
    "text": "Uptown, Edgewater, Rogers Park",
    "url": "https://blockclubchicago.org/category/uptown-edgewater-rogers-park/"
  },
  {
    "text": "Wicker Park, Bucktown, West Town",
    "url": "https://blockclubchicago.org/category/wicker-park-bucktown-west-town/"
  },
  {
    "text": "As Lollapalooza Opens, Activists Threaten Federal Lawsuit Over Chicago\u2019s Youth Curfew",
    "url": "/2022/07/28/as-lollapalooza-opens-activists-threaten-federal-lawsuit-over-chicagos-youth-curfew/"
  },
  {
    "text": "Melody Mercado",
    "url": "/author/melody-mercado/"
  },
  {
    "text": "",
    "url": "/2022/07/28/as-lollapalooza-opens-activists-threaten-federal-lawsuit-over-chicagos-youth-curfew/"
  },
  {
    "text": "City Agencies Can\u2019t Help Other States Investigate People Who Come To Chicago For Abortions, Lightfoot Says",
    "url": "/2022/07/28/city-agencies-cant-help-other-states-investigate-people-who-come-to-chicago-for-abortions-lightfoot-says/"
  },
  {
    "text": "Kelly Bauer",
    "url": "/author/kelly-bauer/"
  },
  {
    "text": "",
    "url": "/2022/07/28/city-agencies-cant-help-other-states-investigate-people-who-come-to-chicago-for-abortions-lightfoot-says/"
  },
  {
    "text": "City\u2019s Concrete-Protected Bike Lanes Delayed, But Still Happening, Officials Say. But Advocates Ask: Is It Enough?",
    "url": "/2022/07/28/citys-concrete-protected-bike-lanes-delayed-but-still-happening-officials-say-but-advocates-ask-is-it-enough/"
  },
  {
    "text": "Izzy Stroobandt",
    "url": "/author/izzy-stroobandt/"
  },
  {
    "text": "",
    "url": "/2022/07/28/citys-concrete-protected-bike-lanes-delayed-but-still-happening-officials-say-but-advocates-ask-is-it-enough/"
  },
  {
    "text": "Black Architect \u2018Extraordinaire\u2019 William E. Brazley\u2019s Collection Is Up For Sale \u2014 And The Estate Goddess Is On It",
    "url": "/2022/07/28/black-architect-extraordinaire-william-e-brazleys-estate-is-up-for-sale/"
  },
  {
    "text": "Atavia Reed",
    "url": "/author/atavia-reed/"
  },
  {
    "text": "",
    "url": "/2022/07/28/black-architect-extraordinaire-william-e-brazleys-estate-is-up-for-sale/"
  },
  {
    "text": "Logan square, Humboldt Park & Avondale",
    "url": "https://blockclubchicago.org/category/logan-square-humboldt-park-avondale/"
  },
  {
    "text": "Logan Square\u2019s Darwin Elementary Getting $15 Million In \u2018Sorely Needed\u2019 Building Repairs",
    "url": "/2022/07/29/logan-squares-darwin-elementary-getting-15-million-in-sorely-needed-building-repairs/"
  },
  {
    "text": "Mina Bloom",
    "url": "/author/mina-bloom/"
  },
  {
    "text": "",
    "url": "/2022/07/29/logan-squares-darwin-elementary-getting-15-million-in-sorely-needed-building-repairs/"
  },
  {
    "text": "This Couple Bought An Affordable Home Near The Bloomingdale Trail Thanks To Logan Square\u2019s New Community Land Trust",
    "url": "/2022/07/28/this-couple-bought-an-affordable-home-near-the-bloomingdale-trail-thanks-to-logan-squares-new-community-land-trust/"
  },
  {
    "text": "Mina Bloom",
    "url": "/author/mina-bloom/"
  },
  {
    "text": "",
    "url": "/2022/07/28/this-couple-bought-an-affordable-home-near-the-bloomingdale-trail-thanks-to-logan-squares-new-community-land-trust/"
  },
  {
    "text": "Residents Of Avondale Homeless Encampment Matched With Housing: \u2018God Blessed Me With People \u2026 To Make This Happen For Me\u2019",
    "url": "/2022/07/27/residents-of-avondale-homeless-encampment-matched-with-housing-god-blessed-me-with-people-to-make-this-happen-for-me/"
  },
  {
    "text": "Mina Bloom",
    "url": "/author/mina-bloom/"
  },
  {
    "text": "",
    "url": "/2022/07/27/residents-of-avondale-homeless-encampment-matched-with-housing-god-blessed-me-with-people-to-make-this-happen-for-me/"
  },
  {
    "text": "Artist Behind Petalpushr Dried Flower Arrangements Expanding, Offering Workshops In Logan Square",
    "url": "/2022/07/27/artist-behind-petalpushr-dried-flower-arrangements-expanding-offering-workshops-in-logan-square/"
  },
  {
    "text": "Leen Yassine",
    "url": "/author/leen-yassine/"
  },
  {
    "text": "",
    "url": "/2022/07/27/artist-behind-petalpushr-dried-flower-arrangements-expanding-offering-workshops-in-logan-square/"
  },
  {
    "text": "Randolph Street Market Is Back With Vintage Art, Jewelry, Decor And More This Weekend",
    "url": "/2022/07/28/randolph-street-market-is-back-with-vintage-art-jewelry-decor-and-more-this-weekend/"
  },
  {
    "text": "Melody Mercado",
    "url": "/author/melody-mercado/"
  },
  {
    "text": "",
    "url": "/2022/07/28/randolph-street-market-is-back-with-vintage-art-jewelry-decor-and-more-this-weekend/"
  },
  {
    "text": "Fiesta Del Sol Returns To Pilsen With Live Music, Local Vendors And More For 50th Anniversary",
    "url": "/2022/07/27/fiesta-del-sol-returns-to-pilsen-with-live-music-local-vendors-and-more-for-50th-anniversary/"
  },
  {
    "text": "Madison Savedra",
    "url": "/author/madison-savedra/"
  },
  {
    "text": "",
    "url": "/2022/07/27/fiesta-del-sol-returns-to-pilsen-with-live-music-local-vendors-and-more-for-50th-anniversary/"
  },
  {
    "text": "Monkeypox Case Reported In Cook County Jail Detainee",
    "url": "/2022/07/26/monkeypox-case-reported-in-cook-county-jail-detainee/"
  },
  {
    "text": "Kelly Bauer",
    "url": "/author/kelly-bauer/"
  },
  {
    "text": "",
    "url": "/2022/07/26/monkeypox-case-reported-in-cook-county-jail-detainee/"
  },
  {
    "text": "Slayed, A New Pilsen Salon, Brings Eyelash Extensions, Facials And Waxing To Racine Avenue",
    "url": "/2022/07/26/slayed-a-new-pilsen-salon-wants-to-be-an-affordable-approachable-introduction-into-beauty-and-self-care/"
  },
  {
    "text": "Madison Savedra",
    "url": "/author/madison-savedra/"
  },
  {
    "text": "",
    "url": "/2022/07/26/slayed-a-new-pilsen-salon-wants-to-be-an-affordable-approachable-introduction-into-beauty-and-self-care/"
  },
  {
    "text": "Here\u2019s How You Can Donate School Supplies To CPS Students",
    "url": "/2022/07/29/heres-how-you-can-donate-school-supplies-to-cps-students/"
  },
  {
    "text": "Mack Liederman",
    "url": "/author/mack-liederman/"
  },
  {
    "text": "",
    "url": "/2022/07/29/heres-how-you-can-donate-school-supplies-to-cps-students/"
  },
  {
    "text": "Rogers Park Couple Get Lifetime Achievement Award For Work Performing And Preserving Centuries-Old Music",
    "url": "/2022/07/28/rogers-park-couple-get-lifetime-achievement-award-for-work-performing-and-preserving-middle-ages-music/"
  },
  {
    "text": "Joe Ward",
    "url": "/author/joe-ward/"
  },
  {
    "text": "",
    "url": "/2022/07/28/rogers-park-couple-get-lifetime-achievement-award-for-work-performing-and-preserving-middle-ages-music/"
  },
  {
    "text": "Girl, 15, Sexually Assaulted In West Ridge Park, Police Say",
    "url": "/2022/07/27/girl-15-sexually-assaulted-in-west-ridge-park/"
  },
  {
    "text": "Joe Ward",
    "url": "/author/joe-ward/"
  },
  {
    "text": "",
    "url": "/2022/07/27/girl-15-sexually-assaulted-in-west-ridge-park/"
  },
  {
    "text": "7th Annual West Ridge Yard Sale Is Happening This Weekend\u00a0",
    "url": "/2022/07/27/7th-annual-west-ridge-yard-sale-is-happening-this-weekend/"
  },
  {
    "text": "Kayleigh Padar",
    "url": "/author/kayleigh-padar/"
  },
  {
    "text": "",
    "url": "/2022/07/27/7th-annual-west-ridge-yard-sale-is-happening-this-weekend/"
  },
  {
    "text": "Lincoln Square, North Center & Irving Park",
    "url": "https://blockclubchicago.org/category/lincoln-square-north-center-irving-park/"
  },
  {
    "text": "Horner Park Dog Park Group Hosting Pints And Pups Fundraiser At Burning Bush Brewery\u00a0",
    "url": "/2022/07/29/horner-park-dog-park-group-hosting-pints-and-pups-fundraiser-at-burning-bush-brewery/"
  },
  {
    "text": "Alex V. Hernandez",
    "url": "/author/alex-v-hernandez/"
  },
  {
    "text": "",
    "url": "/2022/07/29/horner-park-dog-park-group-hosting-pints-and-pups-fundraiser-at-burning-bush-brewery/"
  },
  {
    "text": "Thresholds, A North Center Nonprofit, Gets $1 Million To Renovate Building Providing Mental Health Services For Youth",
    "url": "/2022/07/28/thresholds-a-north-center-nonprofit-gets-1-million-to-renovate-building-providing-mental-health-services-for-youths/"
  },
  {
    "text": "Alex V. Hernandez",
    "url": "/author/alex-v-hernandez/"
  },
  {
    "text": "",
    "url": "/2022/07/28/thresholds-a-north-center-nonprofit-gets-1-million-to-renovate-building-providing-mental-health-services-for-youths/"
  },
  {
    "text": "Jeri\u2019s Grill Will Continue Its Legacy As A Diner, As Alexander\u2019s Eyes September Opening In North Center",
    "url": "/2022/07/27/jeris-grill-will-continue-its-legacy-as-a-diner-as-alexanders-restaurant-eyes-september-opening-in-north-center/"
  },
  {
    "text": "Alex V. Hernandez",
    "url": "/author/alex-v-hernandez/"
  },
  {
    "text": "",
    "url": "/2022/07/27/jeris-grill-will-continue-its-legacy-as-a-diner-as-alexanders-restaurant-eyes-september-opening-in-north-center/"
  },
  {
    "text": "There\u2019s Still Time To Sign Up For The Irving Park Garage Sale",
    "url": "/2022/07/27/theres-still-time-to-sign-up-for-the-irving-park-garage-sale/"
  },
  {
    "text": "Alex V. Hernandez",
    "url": "/author/alex-v-hernandez/"
  },
  {
    "text": "",
    "url": "/2022/07/27/theres-still-time-to-sign-up-for-the-irving-park-garage-sale/"
  },
  {
    "text": "Hyde Park, Woodlawn & South Shore",
    "url": "https://blockclubchicago.org/category/hyde-park-woodlawn-south-shore/"
  },
  {
    "text": "Bruce Sagan, Hyde Park Herald\u2019s Owner Since 1953, Retires After 7 Decades Of \u2018Thoughtful,\u2019 \u2018Potent\u2019 Journalism",
    "url": "/2022/07/28/bruce-sagan-hyde-park-heralds-owner-since-1953-retires-after-7-decades-of-thoughtful-potent-journalism/"
  },
  {
    "text": "Maxwell Evans",
    "url": "/author/maxwell-evans/"
  },
  {
    "text": "",
    "url": "/2022/07/28/bruce-sagan-hyde-park-heralds-owner-since-1953-retires-after-7-decades-of-thoughtful-potent-journalism/"
  },
  {
    "text": "Hannah Hayes \u2014 South Side Writer, Organizer, Educator \u2014 Killed In Hit-And-Run: \u2018Everything She Touched Was At Least A Little Bit Better\u2019",
    "url": "/2022/07/25/hannah-hayes-south-side-writer-organizer-educator-killed-in-hit-and-run-everything-she-touched-was-at-least-a-little-bit-better/"
  },
  {
    "text": "Maxwell Evans",
    "url": "/author/maxwell-evans/"
  },
  {
    "text": "",
    "url": "/2022/07/25/hannah-hayes-south-side-writer-organizer-educator-killed-in-hit-and-run-everything-she-touched-was-at-least-a-little-bit-better/"
  },
  {
    "text": "South Shore Back-To-School Event In August Needs Volunteers, Donations",
    "url": "/2022/07/25/south-shore-back-to-school-event-in-august-needs-volunteers-donations/"
  },
  {
    "text": "Maia McDonald",
    "url": "/author/maia-mcdonald/"
  },
  {
    "text": "",
    "url": "/2022/07/25/south-shore-back-to-school-event-in-august-needs-volunteers-donations/"
  },
  {
    "text": "Cosmic Alley Jazz Jam Returns To Mamie Till-Mobley Park This Weekend",
    "url": "/2022/07/22/cosmic-alley-jazz-jam-returns-to-mamie-till-mobley-park-this-weekend/"
  },
  {
    "text": "Maxwell Evans",
    "url": "/author/maxwell-evans/"
  },
  {
    "text": "",
    "url": "/2022/07/22/cosmic-alley-jazz-jam-returns-to-mamie-till-mobley-park-this-weekend/"
  },
  {
    "text": "Austin, Garfield Park & North Lawndale",
    "url": "https://blockclubchicago.org/category/austin-garfield-park/"
  },
  {
    "text": "Knute Rockne Stadium Won\u2019t Be Ready For Fall Sports After Renovation Delayed By Work Stoppage At Illinois Quarries",
    "url": "/2022/07/27/knute-rockne-stadium-wont-be-ready-for-fall-sports-after-renovation-delayed-by-work-stoppage-at-illinois-quarries/"
  },
  {
    "text": "Pascal Sabino",
    "url": "/author/pascal-sabino/"
  },
  {
    "text": "",
    "url": "/2022/07/27/knute-rockne-stadium-wont-be-ready-for-fall-sports-after-renovation-delayed-by-work-stoppage-at-illinois-quarries/"
  },
  {
    "text": "Meet Chicago\u2019s Footworking Barbecue Grill Master: \u2018In My Heart, I\u2019m An Entertainer\u2019",
    "url": "/2022/07/26/meet-chicagos-footworking-barbecue-grill-master-in-my-heart-im-an-entertainer/"
  },
  {
    "text": "Atavia Reed",
    "url": "/author/atavia-reed/"
  },
  {
    "text": "",
    "url": "/2022/07/26/meet-chicagos-footworking-barbecue-grill-master-in-my-heart-im-an-entertainer/"
  },
  {
    "text": "Gunfire Erupts During Shakespeare In The Park Performance On The West Side",
    "url": "/2022/07/22/gunfire-erupts-during-shakespeare-in-the-park-performance-on-the-west-side/"
  },
  {
    "text": "Pascal Sabino",
    "url": "/author/pascal-sabino/"
  },
  {
    "text": "",
    "url": "/2022/07/22/gunfire-erupts-during-shakespeare-in-the-park-performance-on-the-west-side/"
  },
  {
    "text": "10 Things To Do In Chicago This Weekend",
    "url": "/2022/07/22/10-things-to-do-in-chicago-this-weekend/"
  },
  {
    "text": "Leen Yassine",
    "url": "/author/leen-yassine/"
  },
  {
    "text": "",
    "url": "/2022/07/22/10-things-to-do-in-chicago-this-weekend/"
  },
  {
    "text": "Wicker Park, Bucktown & West Town",
    "url": "https://blockclubchicago.org/category/wicker-park-bucktown-west-town/"
  },
  {
    "text": "The Salt Shed, Chicago\u2019s Newest Music Venue, Opens Next Week At Morton Salt Site Along North Branch",
    "url": "/2022/07/28/the-salt-shed-chicagos-newest-music-venue-opens-next-week-at-morton-salt-site-along-north-branch/"
  },
  {
    "text": "Quinn Myers",
    "url": "/author/quinn-myers/"
  },
  {
    "text": "",
    "url": "/2022/07/28/the-salt-shed-chicagos-newest-music-venue-opens-next-week-at-morton-salt-site-along-north-branch/"
  },
  {
    "text": "Graveface Records And Curiosities Opens This Weekend, Bringing The Weird, Eclectic And Sometimes Shocking To Bucktown",
    "url": "/2022/07/28/graveface-records-and-curiosities-opens-this-weekend-bringing-the-weird-eclectic-and-sometimes-shocking-to-bucktown/"
  },
  {
    "text": "Quinn Myers",
    "url": "/author/quinn-myers/"
  },
  {
    "text": "",
    "url": "/2022/07/28/graveface-records-and-curiosities-opens-this-weekend-bringing-the-weird-eclectic-and-sometimes-shocking-to-bucktown/"
  },
  {
    "text": "Wicker Park\u2019s The Point Must Stay Closed Until August \u2014 But Report Shows Bar Had Little To Do With Shootings That Forced Its Closure",
    "url": "/2022/07/26/wicker-parks-the-point-must-stay-closed-until-august-but-city-report-shows-bar-had-little-to-do-with-shootings-that-forced-its-closure/"
  },
  {
    "text": "Quinn Myers",
    "url": "/author/quinn-myers/"
  },
  {
    "text": "",
    "url": "/2022/07/26/wicker-parks-the-point-must-stay-closed-until-august-but-city-report-shows-bar-had-little-to-do-with-shootings-that-forced-its-closure/"
  },
  {
    "text": "Mexican Vegetarian Restaurant Quesadilla La Reina Del Sur Opens In Pilsen As New Bucktown Location Is Delayed",
    "url": "/2022/07/26/mexican-vegetarian-restaurant-quesadilla-la-reina-del-sur-expands-to-pilsen-as-new-bucktown-is-delayed/"
  },
  {
    "text": "Quinn Myers",
    "url": "/author/quinn-myers/"
  },
  {
    "text": "",
    "url": "/2022/07/26/mexican-vegetarian-restaurant-quesadilla-la-reina-del-sur-expands-to-pilsen-as-new-bucktown-is-delayed/"
  },
  {
    "text": "Englewood, Chatham & Auburn Gresham",
    "url": "https://blockclubchicago.org/category/englewood-chatham/"
  },
  {
    "text": "Police Team Will Hoop With Neighborhood Kids At South Side Basketball Tournament Saturday",
    "url": "/2022/07/26/police-team-will-hoop-with-neighborhood-kids-at-south-side-basketball-tournament-saturday/"
  },
  {
    "text": "Mack Liederman",
    "url": "/author/mack-liederman/"
  },
  {
    "text": "",
    "url": "/2022/07/26/police-team-will-hoop-with-neighborhood-kids-at-south-side-basketball-tournament-saturday/"
  },
  {
    "text": "We Are Jane: South Side Activist Revives Jane Collective To Help People Access Safe Abortions \u2014 Here\u2019s How To Join",
    "url": "/2022/07/25/the-jane-collective-is-coming-back-with-help-from-a-south-side-activist-we-have-to-take-the-risk/"
  },
  {
    "text": "Jamie Nesbitt Golden",
    "url": "/author/jamie-nesbitt-golden/"
  },
  {
    "text": "",
    "url": "/2022/07/25/the-jane-collective-is-coming-back-with-help-from-a-south-side-activist-we-have-to-take-the-risk/"
  },
  {
    "text": "Find A Home In Englewood At This Weekend\u2019s Neighborhood Housing Fair",
    "url": "/2022/07/25/find-a-home-in-englewood-at-this-weekends-neighborhood-housing-fair/"
  },
  {
    "text": "Kayleigh Padar",
    "url": "/author/kayleigh-padar/"
  },
  {
    "text": "",
    "url": "/2022/07/25/find-a-home-in-englewood-at-this-weekends-neighborhood-housing-fair/"
  },
  {
    "text": "Man Who Shot Cop In Englewood Fired 5 Times As Officers Tried To Make Traffic Stop, Prosecutors Say",
    "url": "/2022/07/25/man-who-shot-cop-in-englewood-fired-5-times-as-officers-tried-to-make-traffic-stop-prosecutors-say/"
  },
  {
    "text": "Noah Asimow",
    "url": "/author/noah-asimow/"
  },
  {
    "text": "",
    "url": "/2022/07/25/man-who-shot-cop-in-englewood-fired-5-times-as-officers-tried-to-make-traffic-stop-prosecutors-say/"
  },
  {
    "text": "Lincoln Park & Old Town",
    "url": "https://blockclubchicago.org/category/lincoln-park-old-town/"
  },
  {
    "text": "Lincoln Park Exhibition Tells Story Of Renowned Bangladeshi Photographer, Activist Shahidul Alam",
    "url": "/2022/07/28/lincoln-park-exhibition-tells-story-of-renowned-bangladeshi-photographer-activist-shahidul-alam/"
  },
  {
    "text": "Jake Wittich",
    "url": "/author/jake-wittich/"
  },
  {
    "text": "",
    "url": "/2022/07/28/lincoln-park-exhibition-tells-story-of-renowned-bangladeshi-photographer-activist-shahidul-alam/"
  },
  {
    "text": "Brooklyn Boulders Lincoln Park Closing At End Of July, Citing $1 Million In COVID-19 Losses",
    "url": "/2022/07/27/brooklyn-boulders-lincoln-park-closing-at-end-of-july-citing-1-million-in-covid-19-losses/"
  },
  {
    "text": "Mack Liederman",
    "url": "/author/mack-liederman/"
  },
  {
    "text": "",
    "url": "/2022/07/27/brooklyn-boulders-lincoln-park-closing-at-end-of-july-citing-1-million-in-covid-19-losses/"
  },
  {
    "text": "Lincoln Park\u2019s Dinner And A Movie Loses License; Owner Says Neighborhood \u2018Targeted\u2019 The Popular Spot For Black Dining",
    "url": "/2022/07/27/lincoln-parks-dinner-and-a-movie-loses-license-owner-says-neighborhood-targeted-the-popular-spot-for-black-dining/"
  },
  {
    "text": "Mack Liederman",
    "url": "/author/mack-liederman/"
  },
  {
    "text": "",
    "url": "/2022/07/27/lincoln-parks-dinner-and-a-movie-loses-license-owner-says-neighborhood-targeted-the-popular-spot-for-black-dining/"
  },
  {
    "text": "Cycle Smithy Will Close Beloved Lincoln Park Bike Shop In September After 49 Years",
    "url": "/2022/07/27/cycle-smithy-will-close-beloved-lincoln-park-bike-shop-in-september-after-49-years/"
  },
  {
    "text": "Mack Liederman",
    "url": "/author/mack-liederman/"
  },
  {
    "text": "",
    "url": "/2022/07/27/cycle-smithy-will-close-beloved-lincoln-park-bike-shop-in-september-after-49-years/"
  },
  {
    "text": "Our Team",
    "url": "https://blockclubchicago.org/our-team/"
  },
  {
    "text": "Board of Directors",
    "url": "https://blockclubchicago.org/our-board/"
  },
  {
    "text": "Our Supporters",
    "url": "https://blockclubchicago.org/founding-members/"
  },
  {
    "text": "Block Club On WGN-AM",
    "url": "https://blockclubchicago.org/2021/08/06/extremely-local-news-block-club-chicago-on-wgn-ams-the-bob-sirott-show/"
  },
  {
    "text": "Free COVID-19 Hotline",
    "url": "https://blockclubchicago.org/2020/10/20/have-coronavirus-questions-call-text-or-email-our-free-hotline/"
  },
  {
    "text": "Free Text Alerts",
    "url": "https://joinsubtext.com/blockclubchi"
  },
  {
    "text": "Jobs",
    "url": "https://blockclubchicago.org/jobs/"
  },
  {
    "text": "Donate To Block Club Chicago",
    "url": "https://blockclubchicago.org/donate-to-block-club-chicago/"
  },
  {
    "text": "Newsletter Signup",
    "url": "https://trypico.com/blockclubchicago?short_code=kvrky26d"
  },
  {
    "text": "Group Subscriptions",
    "url": "https://blockclubchicago.org/2021/03/23/group-subscriptions-for-block-club-now-available-for-your-company-school-team-heres-how-to-start/"
  },
  {
    "text": "Press",
    "url": "https://blockclubchicago.org/press-page/"
  },
  {
    "text": "Advertise",
    "url": "https://blockclubchicago.org/advertise-with-block-club/"
  },
  {
    "text": "FAQ",
    "url": "https://blockclubchicago.org/2019/04/01/faqs-for-block-club-chicago/"
  },
  {
    "text": "Got a story tip? Email Newsroom@BlockClubChi.org.",
    "url": "mailto:newsroom@blockclubchi.org"
  },
  {
    "text": "Block Club Chicago",
    "url": "/"
  },
  {
    "text": "twitter",
    "url": "https://twitter.com/BlockClubCHI"
  },
  {
    "text": "facebook",
    "url": "https://www.facebook.com/blockclubchi"
  },
  {
    "text": "Lede",
    "url": "https://joinlede.com/"
  }
]