[
  {
    "text": "Skip to main content",
    "url": "#content"
  },
  {
    "text": "Beaumont Enterprise Homepage",
    "url": "/"
  },
  {
    "text": "Subscribe",
    "url": "https://subscription.hearstmediatx.com/checkout/701/1489/?offerid=701&origin=button&siteID=BE_BE&variant=endofjuly_2022&returnUrl=https://www.beaumontenterprise.com/"
  },
  {
    "text": "\n \n \n  SAVE BIG NOW: \n  6 months for 99\u00a2\n \n",
    "url": "https://subscription.hearstmediatx.com/checkout/701/1489/?offerid=701&origin=button&siteID=BE_BE&variant=endofjuly_2022&returnUrl=https://www.beaumontenterprise.com/"
  },
  {
    "text": "e-Edition",
    "url": "/e-edition"
  },
  {
    "text": "Home",
    "url": "/"
  },
  {
    "text": "Subscribe",
    "url": "https://subscription.hearstmediatx.com/checkout/701/1489/?offerid=701&origin=hamburger&ipid=wcm&siteID=BE_BE"
  },
  {
    "text": "Subscriber Services",
    "url": "https://subscription.hearstmediatx.com/?siteID=BE_BE"
  },
  {
    "text": "e-Edition",
    "url": "https://subscription.hearstmediatx.com/eEdition?siteID=BE_BE"
  },
  {
    "text": "Newsletters",
    "url": "https://link.beaumontenterprise.com/join/signup-bmt"
  },
  {
    "text": "Business Directory",
    "url": "http://local.beaumontenterprise.com/search/en-US/"
  },
  {
    "text": "Submit News",
    "url": "/services/submit/"
  },
  {
    "text": "About Us",
    "url": "https://www.hearst.com/newspapers/beaumont-enterprise"
  },
  {
    "text": "Advertising",
    "url": "https://hearstcommunitymedia.com/beaumont-tx/"
  },
  {
    "text": "Our Partners",
    "url": "/otherpubs/"
  },
  {
    "text": "Archives",
    "url": "https://beaumontenterprise.newsbank.com/"
  },
  {
    "text": "Careers",
    "url": "https://eevd.fa.us6.oraclecloud.com/hcmUI/CandidateExperience/en/sites/CX_1"
  },
  {
    "text": "Local",
    "url": "/news/"
  },
  {
    "text": "Were you 'Seen'?",
    "url": "/entertainment/seen/"
  },
  {
    "text": "Crime",
    "url": "/news/crime/"
  },
  {
    "text": "Weather",
    "url": "/news/weather/"
  },
  {
    "text": "Communities",
    "url": "/news/communities/"
  },
  {
    "text": "US & World",
    "url": "/news/nation/"
  },
  {
    "text": "Nation",
    "url": "/news/nation/"
  },
  {
    "text": "World",
    "url": "/news/world/"
  },
  {
    "text": "Louisiana",
    "url": "/news/louisiana/"
  },
  {
    "text": "Texas",
    "url": "/news/texas/"
  },
  {
    "text": "A&E",
    "url": "/z-archived-entertainment/"
  },
  {
    "text": "Games",
    "url": "/entertainment/games/"
  },
  {
    "text": "Photo",
    "url": "/photos/"
  },
  {
    "text": "Sponsored Articles",
    "url": "/sponsoredarticles/lifestyle"
  },
  {
    "text": "Comics",
    "url": "/comics/"
  },
  {
    "text": "Puzzles",
    "url": "/puzzles/"
  },
  {
    "text": "Sports",
    "url": "/sports/"
  },
  {
    "text": "High School",
    "url": "/sports/hs/"
  },
  {
    "text": "Lamar",
    "url": "/sports/lamar/"
  },
  {
    "text": "Baseball",
    "url": "/sports/baseball/"
  },
  {
    "text": "Golf",
    "url": "/sports/golf/"
  },
  {
    "text": "Basketball",
    "url": "/sports/basketball/"
  },
  {
    "text": "Houston Astros",
    "url": "/sports/astros/"
  },
  {
    "text": "Houston Rockets",
    "url": "/sports/rockets/"
  },
  {
    "text": "Houston Texans",
    "url": "/sports/texans/"
  },
  {
    "text": "Other sports",
    "url": "/sports/other/"
  },
  {
    "text": "Business",
    "url": "/business/"
  },
  {
    "text": "Business Directory",
    "url": "http://local.beaumontenterprise.com/search/en-US/"
  },
  {
    "text": "Technology",
    "url": "/business/technology/"
  },
  {
    "text": "Texas Business",
    "url": "/business/texas/"
  },
  {
    "text": "Nation & World",
    "url": "/business/nation/"
  },
  {
    "text": "Fuel Fix",
    "url": "/business/energy/"
  },
  {
    "text": "Sponsored Content",
    "url": "/sponsoredarticles/business/"
  },
  {
    "text": "Obits",
    "url": "https://www.legacy.com/obituaries/beaumontenterprise/"
  },
  {
    "text": "Opinion",
    "url": "/opinions/"
  },
  {
    "text": "Editorials",
    "url": "/opinions/editorials/"
  },
  {
    "text": "Letters",
    "url": "/opinions/letters/"
  },
  {
    "text": "Submit a Letter",
    "url": "/opinions/letters/submit/"
  },
  {
    "text": "Columns",
    "url": "/opinions/columns/"
  },
  {
    "text": "Cartoons",
    "url": "/opinions/cartoons"
  },
  {
    "text": "Cars",
    "url": "https://www.southeasttexas.com/autos/"
  },
  {
    "text": "Jobs",
    "url": "/jobs"
  },
  {
    "text": "Homes",
    "url": "/homes/"
  },
  {
    "text": "Home D\u00e9cor",
    "url": "/home-decor/"
  },
  {
    "text": "SETX Real Estate",
    "url": "/homes/"
  },
  {
    "text": "Outdoors",
    "url": "/txoutdoors/"
  },
  {
    "text": "Home",
    "url": "/"
  },
  {
    "text": "Subscribe",
    "url": "https://subscription.hearstmediatx.com/checkout/701/1489/?offerid=701&origin=hamburger&ipid=wcm&siteID=BE_BE"
  },
  {
    "text": "Subscriber Services",
    "url": "https://subscription.hearstmediatx.com/?siteID=BE_BE"
  },
  {
    "text": "e-Edition",
    "url": "https://subscription.hearstmediatx.com/eEdition?siteID=BE_BE"
  },
  {
    "text": "Newsletters",
    "url": "https://link.beaumontenterprise.com/join/signup-bmt"
  },
  {
    "text": "Business Directory",
    "url": "http://local.beaumontenterprise.com/search/en-US/"
  },
  {
    "text": "Submit News",
    "url": "/services/submit/"
  },
  {
    "text": "About Us",
    "url": "https://www.hearst.com/newspapers/beaumont-enterprise"
  },
  {
    "text": "Advertising",
    "url": "https://hearstcommunitymedia.com/beaumont-tx/"
  },
  {
    "text": "Our Partners",
    "url": "/otherpubs/"
  },
  {
    "text": "Archives",
    "url": "https://beaumontenterprise.newsbank.com/"
  },
  {
    "text": "Careers",
    "url": "https://eevd.fa.us6.oraclecloud.com/hcmUI/CandidateExperience/en/sites/CX_1"
  },
  {
    "text": "Obits",
    "url": "https://www.legacy.com/obituaries/beaumontenterprise/"
  },
  {
    "text": "Cars",
    "url": "https://www.southeasttexas.com/autos/"
  },
  {
    "text": "Sports",
    "url": "/sports/"
  },
  {
    "text": "High School",
    "url": "/sports/hs/"
  },
  {
    "text": "Lamar",
    "url": "/sports/lamar/"
  },
  {
    "text": "Baseball",
    "url": "/sports/baseball/"
  },
  {
    "text": "Golf",
    "url": "/sports/golf/"
  },
  {
    "text": "Basketball",
    "url": "/sports/basketball/"
  },
  {
    "text": "Houston Astros",
    "url": "/sports/astros/"
  },
  {
    "text": "Houston Rockets",
    "url": "/sports/rockets/"
  },
  {
    "text": "Houston Texans",
    "url": "/sports/texans/"
  },
  {
    "text": "Other sports",
    "url": "/sports/other/"
  },
  {
    "text": "Homes",
    "url": "/homes/"
  },
  {
    "text": "Home D\u00e9cor",
    "url": "/home-decor/"
  },
  {
    "text": "SETX Real Estate",
    "url": "/homes/"
  },
  {
    "text": "Jobs",
    "url": "/jobs"
  },
  {
    "text": "Business",
    "url": "/business/"
  },
  {
    "text": "Business Directory",
    "url": "http://local.beaumontenterprise.com/search/en-US/"
  },
  {
    "text": "Technology",
    "url": "/business/technology/"
  },
  {
    "text": "Texas Business",
    "url": "/business/texas/"
  },
  {
    "text": "Nation & World",
    "url": "/business/nation/"
  },
  {
    "text": "Fuel Fix",
    "url": "/business/energy/"
  },
  {
    "text": "Sponsored Content",
    "url": "/sponsoredarticles/business/"
  },
  {
    "text": "A&E",
    "url": "/z-archived-entertainment/"
  },
  {
    "text": "Games",
    "url": "/entertainment/games/"
  },
  {
    "text": "Photo",
    "url": "/photos/"
  },
  {
    "text": "Sponsored Articles",
    "url": "/sponsoredarticles/lifestyle"
  },
  {
    "text": "Comics",
    "url": "/comics/"
  },
  {
    "text": "Puzzles",
    "url": "/puzzles/"
  },
  {
    "text": "Outdoors",
    "url": "/txoutdoors/"
  },
  {
    "text": "Opinion",
    "url": "/opinions/"
  },
  {
    "text": "Editorials",
    "url": "/opinions/editorials/"
  },
  {
    "text": "Letters",
    "url": "/opinions/letters/"
  },
  {
    "text": "Submit a Letter",
    "url": "/opinions/letters/submit/"
  },
  {
    "text": "Columns",
    "url": "/opinions/columns/"
  },
  {
    "text": "Cartoons",
    "url": "/opinions/cartoons"
  },
  {
    "text": "Local",
    "url": "/news/"
  },
  {
    "text": "Were you 'Seen'?",
    "url": "/entertainment/seen/"
  },
  {
    "text": "Crime",
    "url": "/news/crime/"
  },
  {
    "text": "Weather",
    "url": "/news/weather/"
  },
  {
    "text": "Communities",
    "url": "/news/communities/"
  },
  {
    "text": "US & World",
    "url": "/news/nation/"
  },
  {
    "text": "Nation",
    "url": "/news/nation/"
  },
  {
    "text": "World",
    "url": "/news/world/"
  },
  {
    "text": "Louisiana",
    "url": "/news/louisiana/"
  },
  {
    "text": "Texas",
    "url": "/news/texas/"
  },
  {
    "text": "Home",
    "url": "/"
  },
  {
    "text": "Subscribe",
    "url": "https://subscription.hearstmediatx.com/checkout/701/1489/?offerid=701&origin=hamburger&ipid=wcm&siteID=BE_BE"
  },
  {
    "text": "Subscriber Services",
    "url": "https://subscription.hearstmediatx.com/?siteID=BE_BE"
  },
  {
    "text": "e-Edition",
    "url": "https://subscription.hearstmediatx.com/eEdition?siteID=BE_BE"
  },
  {
    "text": "Newsletters",
    "url": "https://link.beaumontenterprise.com/join/signup-bmt"
  },
  {
    "text": "Business Directory",
    "url": "http://local.beaumontenterprise.com/search/en-US/"
  },
  {
    "text": "Submit News",
    "url": "/services/submit/"
  },
  {
    "text": "About Us",
    "url": "https://www.hearst.com/newspapers/beaumont-enterprise"
  },
  {
    "text": "Advertising",
    "url": "https://hearstcommunitymedia.com/beaumont-tx/"
  },
  {
    "text": "Our Partners",
    "url": "/otherpubs/"
  },
  {
    "text": "Archives",
    "url": "https://beaumontenterprise.newsbank.com/"
  },
  {
    "text": "Careers",
    "url": "https://eevd.fa.us6.oraclecloud.com/hcmUI/CandidateExperience/en/sites/CX_1"
  },
  {
    "text": "Sports",
    "url": "/sports/"
  },
  {
    "text": "High School",
    "url": "/sports/hs/"
  },
  {
    "text": "Lamar",
    "url": "/sports/lamar/"
  },
  {
    "text": "Baseball",
    "url": "/sports/baseball/"
  },
  {
    "text": "Golf",
    "url": "/sports/golf/"
  },
  {
    "text": "Basketball",
    "url": "/sports/basketball/"
  },
  {
    "text": "Houston Astros",
    "url": "/sports/astros/"
  },
  {
    "text": "Houston Rockets",
    "url": "/sports/rockets/"
  },
  {
    "text": "Houston Texans",
    "url": "/sports/texans/"
  },
  {
    "text": "Other sports",
    "url": "/sports/other/"
  },
  {
    "text": "Obits",
    "url": "https://www.legacy.com/obituaries/beaumontenterprise/"
  },
  {
    "text": "Jobs",
    "url": "/jobs"
  },
  {
    "text": "Business",
    "url": "/business/"
  },
  {
    "text": "Business Directory",
    "url": "http://local.beaumontenterprise.com/search/en-US/"
  },
  {
    "text": "Technology",
    "url": "/business/technology/"
  },
  {
    "text": "Texas Business",
    "url": "/business/texas/"
  },
  {
    "text": "Nation & World",
    "url": "/business/nation/"
  },
  {
    "text": "Fuel Fix",
    "url": "/business/energy/"
  },
  {
    "text": "Sponsored Content",
    "url": "/sponsoredarticles/business/"
  },
  {
    "text": "Homes",
    "url": "/homes/"
  },
  {
    "text": "Home D\u00e9cor",
    "url": "/home-decor/"
  },
  {
    "text": "SETX Real Estate",
    "url": "/homes/"
  },
  {
    "text": "Cars",
    "url": "https://www.southeasttexas.com/autos/"
  },
  {
    "text": "Outdoors",
    "url": "/txoutdoors/"
  },
  {
    "text": "A&E",
    "url": "/z-archived-entertainment/"
  },
  {
    "text": "Games",
    "url": "/entertainment/games/"
  },
  {
    "text": "Photo",
    "url": "/photos/"
  },
  {
    "text": "Sponsored Articles",
    "url": "/sponsoredarticles/lifestyle"
  },
  {
    "text": "Comics",
    "url": "/comics/"
  },
  {
    "text": "Puzzles",
    "url": "/puzzles/"
  },
  {
    "text": "Local",
    "url": "/news/"
  },
  {
    "text": "Were you 'Seen'?",
    "url": "/entertainment/seen/"
  },
  {
    "text": "Crime",
    "url": "/news/crime/"
  },
  {
    "text": "Weather",
    "url": "/news/weather/"
  },
  {
    "text": "Communities",
    "url": "/news/communities/"
  },
  {
    "text": "Opinion",
    "url": "/opinions/"
  },
  {
    "text": "Editorials",
    "url": "/opinions/editorials/"
  },
  {
    "text": "Letters",
    "url": "/opinions/letters/"
  },
  {
    "text": "Submit a Letter",
    "url": "/opinions/letters/submit/"
  },
  {
    "text": "Columns",
    "url": "/opinions/columns/"
  },
  {
    "text": "Cartoons",
    "url": "/opinions/cartoons"
  },
  {
    "text": "US & World",
    "url": "/news/nation/"
  },
  {
    "text": "Nation",
    "url": "/news/nation/"
  },
  {
    "text": "World",
    "url": "/news/world/"
  },
  {
    "text": "Louisiana",
    "url": "/news/louisiana/"
  },
  {
    "text": "Texas",
    "url": "/news/texas/"
  },
  {
    "text": "Home",
    "url": "/"
  },
  {
    "text": "Subscribe",
    "url": "https://subscription.hearstmediatx.com/checkout/701/1489/?offerid=701&origin=hamburger&ipid=wcm&siteID=BE_BE"
  },
  {
    "text": "Subscriber Services",
    "url": "https://subscription.hearstmediatx.com/?siteID=BE_BE"
  },
  {
    "text": "e-Edition",
    "url": "https://subscription.hearstmediatx.com/eEdition?siteID=BE_BE"
  },
  {
    "text": "Newsletters",
    "url": "https://link.beaumontenterprise.com/join/signup-bmt"
  },
  {
    "text": "Business Directory",
    "url": "http://local.beaumontenterprise.com/search/en-US/"
  },
  {
    "text": "Submit News",
    "url": "/services/submit/"
  },
  {
    "text": "About Us",
    "url": "https://www.hearst.com/newspapers/beaumont-enterprise"
  },
  {
    "text": "Advertising",
    "url": "https://hearstcommunitymedia.com/beaumont-tx/"
  },
  {
    "text": "Our Partners",
    "url": "/otherpubs/"
  },
  {
    "text": "Archives",
    "url": "https://beaumontenterprise.newsbank.com/"
  },
  {
    "text": "Careers",
    "url": "https://eevd.fa.us6.oraclecloud.com/hcmUI/CandidateExperience/en/sites/CX_1"
  },
  {
    "text": "Sports",
    "url": "/sports/"
  },
  {
    "text": "High School",
    "url": "/sports/hs/"
  },
  {
    "text": "Lamar",
    "url": "/sports/lamar/"
  },
  {
    "text": "Baseball",
    "url": "/sports/baseball/"
  },
  {
    "text": "Golf",
    "url": "/sports/golf/"
  },
  {
    "text": "Basketball",
    "url": "/sports/basketball/"
  },
  {
    "text": "Houston Astros",
    "url": "/sports/astros/"
  },
  {
    "text": "Houston Rockets",
    "url": "/sports/rockets/"
  },
  {
    "text": "Houston Texans",
    "url": "/sports/texans/"
  },
  {
    "text": "Other sports",
    "url": "/sports/other/"
  },
  {
    "text": "Business",
    "url": "/business/"
  },
  {
    "text": "Business Directory",
    "url": "http://local.beaumontenterprise.com/search/en-US/"
  },
  {
    "text": "Technology",
    "url": "/business/technology/"
  },
  {
    "text": "Texas Business",
    "url": "/business/texas/"
  },
  {
    "text": "Nation & World",
    "url": "/business/nation/"
  },
  {
    "text": "Fuel Fix",
    "url": "/business/energy/"
  },
  {
    "text": "Sponsored Content",
    "url": "/sponsoredarticles/business/"
  },
  {
    "text": "Obits",
    "url": "https://www.legacy.com/obituaries/beaumontenterprise/"
  },
  {
    "text": "A&E",
    "url": "/z-archived-entertainment/"
  },
  {
    "text": "Games",
    "url": "/entertainment/games/"
  },
  {
    "text": "Photo",
    "url": "/photos/"
  },
  {
    "text": "Sponsored Articles",
    "url": "/sponsoredarticles/lifestyle"
  },
  {
    "text": "Comics",
    "url": "/comics/"
  },
  {
    "text": "Puzzles",
    "url": "/puzzles/"
  },
  {
    "text": "Homes",
    "url": "/homes/"
  },
  {
    "text": "Home D\u00e9cor",
    "url": "/home-decor/"
  },
  {
    "text": "SETX Real Estate",
    "url": "/homes/"
  },
  {
    "text": "Opinion",
    "url": "/opinions/"
  },
  {
    "text": "Editorials",
    "url": "/opinions/editorials/"
  },
  {
    "text": "Letters",
    "url": "/opinions/letters/"
  },
  {
    "text": "Submit a Letter",
    "url": "/opinions/letters/submit/"
  },
  {
    "text": "Columns",
    "url": "/opinions/columns/"
  },
  {
    "text": "Cartoons",
    "url": "/opinions/cartoons"
  },
  {
    "text": "Cars",
    "url": "https://www.southeasttexas.com/autos/"
  },
  {
    "text": "Outdoors",
    "url": "/txoutdoors/"
  },
  {
    "text": "Local",
    "url": "/news/"
  },
  {
    "text": "Were you 'Seen'?",
    "url": "/entertainment/seen/"
  },
  {
    "text": "Crime",
    "url": "/news/crime/"
  },
  {
    "text": "Weather",
    "url": "/news/weather/"
  },
  {
    "text": "Communities",
    "url": "/news/communities/"
  },
  {
    "text": "Jobs",
    "url": "/jobs"
  },
  {
    "text": "US & World",
    "url": "/news/nation/"
  },
  {
    "text": "Nation",
    "url": "/news/nation/"
  },
  {
    "text": "World",
    "url": "/news/world/"
  },
  {
    "text": "Louisiana",
    "url": "/news/louisiana/"
  },
  {
    "text": "Texas",
    "url": "/news/texas/"
  },
  {
    "text": "\n        SAVE BIG NOW: 6 Months for 99\u00a26 MONTHS FOR 99\u00a2 ACT NOW\n        ",
    "url": "https://subscription.hearstmediatx.com/checkout/701/1489/?offerid=701&origin=header&ipid=banner&siteID=BE_BE&variant=endofjuly_2022"
  },
  {
    "text": "News",
    "url": "/news/"
  },
  {
    "text": "Top Lawyers",
    "url": "/top-lawyers/"
  },
  {
    "text": "Entertainment",
    "url": "/entertainment/"
  },
  {
    "text": "Calendar",
    "url": "https://events.beaumontenterprise.com/home"
  },
  {
    "text": "Sports",
    "url": "/sports/"
  },
  {
    "text": "Business",
    "url": "/business/"
  },
  {
    "text": "Opinions",
    "url": "/opinions/"
  },
  {
    "text": "Jasper Newsboy",
    "url": "/jasper/"
  },
  {
    "text": "Obituaries",
    "url": "http://www.legacy.com/obituaries/beaumontenterprise/"
  },
  {
    "text": "Homes",
    "url": "/homes/"
  },
  {
    "text": "Cars",
    "url": "https://www.southeasttexas.com/autos/"
  },
  {
    "text": "Jobs",
    "url": "/jobs/"
  },
  {
    "text": "Puzzles",
    "url": "/puzzles/"
  },
  {
    "text": "",
    "url": "/news/article/Local-football-players-involved-in-car-crash-on-17332328.php"
  },
  {
    "text": "Football coach gives update on students' injuries after crash",
    "url": "/news/article/Local-football-players-involved-in-car-crash-on-17332328.php"
  },
  {
    "text": "",
    "url": "/news/article/Police-seek-help-finding-missing-Groves-girl-who-17333608.php"
  },
  {
    "text": "Missing Groves girl has been found",
    "url": "/news/article/Police-seek-help-finding-missing-Groves-girl-who-17333608.php"
  },
  {
    "text": "\n                                                                                                            \n                                            \n                                            \n                                            \n                                        \n                                                                                                ",
    "url": "/news/article/The-Beaumont-Children-s-Museum-needs-your-help-in-17332775.php"
  },
  {
    "text": "Vote for Beaumont Children's Museum through Target Circle program",
    "url": "/news/article/The-Beaumont-Children-s-Museum-needs-your-help-in-17332775.php"
  },
  {
    "text": "\n                                                                                                            \n                                            \n                                            \n                                            \n                                        \n                                                                                                ",
    "url": "/sports/article/Local-catcher-starts-World-Cup-event-with-USA-17339135.php"
  },
  {
    "text": "Local catcher starts World Cup event with USA Baseball",
    "url": "/sports/article/Local-catcher-starts-World-Cup-event-with-USA-17339135.php"
  },
  {
    "text": "\n                                                                                                            \n                                            \n                                            \n                                            \n                                        \n                                                                                                ",
    "url": "/news/article/East-Chambers-earns-school-board-of-the-year-title-17338855.php"
  },
  {
    "text": "East Chambers earns school board of the year title",
    "url": "/news/article/East-Chambers-earns-school-board-of-the-year-title-17338855.php"
  },
  {
    "text": "\n                                                                                                            \n                                            \n                                            \n                                            \n                                        \n                                                                                                ",
    "url": "/news/article/Mega-Millions-jackpot-buy-with-money-time-drawing-17338903.php"
  },
  {
    "text": "Here's what you could buy with the $1.28B Mega Million jackpot",
    "url": "/news/article/Mega-Millions-jackpot-buy-with-money-time-drawing-17338903.php"
  },
  {
    "text": "",
    "url": "/news/article/Here-s-your-chance-to-adopt-a-cute-pup-on-Saturday-17338680.php"
  },
  {
    "text": "News",
    "url": "/news/"
  },
  {
    "text": "Here's your chance to bring home a furry friend",
    "url": "/news/article/Here-s-your-chance-to-adopt-a-cute-pup-on-Saturday-17338680.php"
  },
  {
    "text": "The shelter is reducing its adoption fee during with an excess of animals.\u00a0",
    "url": "/news/article/Here-s-your-chance-to-adopt-a-cute-pup-on-Saturday-17338680.php"
  },
  {
    "text": "",
    "url": "/news/article/Don-t-let-the-rain-fool-you-drought-conditions-17335785.php"
  },
  {
    "text": "News",
    "url": "/news/"
  },
  {
    "text": "This Southeast Texas county's drought is worse than others",
    "url": "/news/article/Don-t-let-the-rain-fool-you-drought-conditions-17335785.php"
  },
  {
    "text": "",
    "url": "/news/article/Report-Elon-Musk-to-build-private-airport-Austin-17338012.php"
  },
  {
    "text": "News",
    "url": "/news/"
  },
  {
    "text": "Report: Elon Musk to build private airport outside Austin",
    "url": "/news/article/Report-Elon-Musk-to-build-private-airport-Austin-17338012.php"
  },
  {
    "text": "",
    "url": "/sports/hs/article/Photos-The-kickoff-of-football-season-is-near-17335969.php"
  },
  {
    "text": "High School Sports",
    "url": "/sports/hs/"
  },
  {
    "text": "Here's a first look at this year's high school football teams",
    "url": "/sports/hs/article/Photos-The-kickoff-of-football-season-is-near-17335969.php"
  },
  {
    "text": "",
    "url": "/sports/article/Beaumont-Track-Club-medals-at-12U-championships-17332683.php"
  },
  {
    "text": "Sports",
    "url": "/sports/"
  },
  {
    "text": "Beaumont Track Club girls medal at TAAF championships",
    "url": "/sports/article/Beaumont-Track-Club-medals-at-12U-championships-17332683.php"
  },
  {
    "text": "",
    "url": "/business/article/Natural-disasters-are-intensifying-Is-your-17336717.php"
  },
  {
    "text": "Business",
    "url": "/business/"
  },
  {
    "text": "Natural disasters are intensifying. Is your insurance policy sufficient?",
    "url": "/business/article/Natural-disasters-are-intensifying-Is-your-17336717.php"
  },
  {
    "text": "",
    "url": "/news/article/Senate-deal-could-be-most-significant-climate-17336710.php"
  },
  {
    "text": "News",
    "url": "/news/"
  },
  {
    "text": "Senate deal could be most significant climate bill yet",
    "url": "/news/article/Senate-deal-could-be-most-significant-climate-17336710.php"
  },
  {
    "text": "\n                                                                                                            \n                                            \n                                            \n                                            \n                                            \n                                            \n                                        \n                                                                                                ",
    "url": "/sports/hs/article/New-Kelly-coach-brings-offensive-background-17254118.php"
  },
  {
    "text": "New Kelly coach brings offensive background, big-name assistant",
    "url": "/sports/hs/article/New-Kelly-coach-brings-offensive-background-17254118.php"
  },
  {
    "text": "\n                                                                                                            \n                                            \n                                            \n                                            \n                                            \n                                            \n                                        \n                                                                                                ",
    "url": "/news/article/Port-Arthur-native-Lamar-University-alumnus-17246090.php"
  },
  {
    "text": "Lamar University alumnus named Texas Legal Legend",
    "url": "/news/article/Port-Arthur-native-Lamar-University-alumnus-17246090.php"
  },
  {
    "text": "\n                                                                                                            \n                                            \n                                            \n                                            \n                                            \n                                            \n                                        \n                                                                                                ",
    "url": "/news/article/Orange-police-seek-alleged-robbers-who-struck-17255270.php"
  },
  {
    "text": "Orange police seek alleged robbers who struck store clerk",
    "url": "/news/article/Orange-police-seek-alleged-robbers-who-struck-17255270.php"
  },
  {
    "text": "\n                                                                                                            \n                                            \n                                            \n                                            \n                                            \n                                            \n                                        \n                                                                                                ",
    "url": "/entertainment/article/Wilting-Southeast-Texas-Tomato-Plant-Leaves-17249264.php"
  },
  {
    "text": "Wilting Southeast Texas Tomato Plant Leaves: Blight or Wilt?",
    "url": "/entertainment/article/Wilting-Southeast-Texas-Tomato-Plant-Leaves-17249264.php"
  },
  {
    "text": "Magnified sunlight sets off off 500-acre Texas trash fire",
    "url": "/news/article/Magnified-sunlight-Texas-wildfire-Possum-Kingdom-17338230.php"
  },
  {
    "text": "Nothing to do in Southeast Texas? I wish",
    "url": "/opinions/columns/article/Nothing-to-do-in-Southeast-Texas-I-wish-17333659.php"
  },
  {
    "text": "Trailer: WTX film 'Vengenace' hits the big screen Friday",
    "url": "/news/article/Trailer-Vengenace-film-BJ-Novak-Texas-Whataburger-17337328.php"
  },
  {
    "text": "New Texas roadrunner license plate launches to support wildlife",
    "url": "/news/article/New-Texas-wildlife-themed-license-plate-roadrunner-17332621.php"
  },
  {
    "text": "Climate Migration: Honduran couple flee amid storms, threats",
    "url": "/news/article/Climate-Migration-Honduran-couple-flee-amid-17336691.php"
  },
  {
    "text": "National Chicken Wing Day: Where to get free wings on Friday",
    "url": "/news/article/National-Chicken-Wing-Day-where-to-get-free-wings-17335626.php"
  },
  {
    "text": "Christus Health improves digital options to simplify care",
    "url": "/news/article/Christus-Health-improves-digital-options-to-17335484.php"
  },
  {
    "text": "Ike Dike could get next push from Congress",
    "url": "/news/article/Texas-could-see-a-Coastal-Barrier-Protection-17333398.php"
  },
  {
    "text": "\n\t\n\t\t\n\t\t\t\n\t\t\t\tNewsletter\n\t\t\t\n\t\t\n\t\t\n\t\t\tNews to Use\n\t\t\n\t\t\n\t\t\tSign up to have the top stories delivered to your inbox\n\t\t\n\t\t\n\t\t\t\n\t\t\t\tSign Up\n\t\t\t\n\t\t\n\t\n\t",
    "url": "https://www.beaumontenterprise.com/newsletters"
  },
  {
    "text": "Sports",
    "url": "https://www.beaumontenterprise.com/sports/"
  },
  {
    "text": "",
    "url": "/sports/article/Local-catcher-starts-World-Cup-event-with-USA-17339135.php"
  },
  {
    "text": "Local catcher starts World Cup event with USA Baseball",
    "url": "/sports/article/Local-catcher-starts-World-Cup-event-with-USA-17339135.php"
  },
  {
    "text": "",
    "url": "/sports/article/Beaumont-Track-Club-medals-at-12U-championships-17332683.php"
  },
  {
    "text": "Beaumont Track Club girls medal at TAAF championships",
    "url": "/sports/article/Beaumont-Track-Club-medals-at-12U-championships-17332683.php"
  },
  {
    "text": "",
    "url": "/sports/article/Ex-NFL-player-Kevin-Ware-charged-girlfriend-murder-17336334.php"
  },
  {
    "text": "Ex-NFL player charged in girlfriend's Houston murder",
    "url": "/sports/article/Ex-NFL-player-Kevin-Ware-charged-girlfriend-murder-17336334.php"
  },
  {
    "text": "",
    "url": "/sports/article/Davis-Melancon-join-new-PBR-Team-Series-17322769.php"
  },
  {
    "text": "Local bull riders drafted to national teams",
    "url": "/sports/article/Davis-Melancon-join-new-PBR-Team-Series-17322769.php"
  },
  {
    "text": "",
    "url": "/sports/lamar/article/Lamar-soccer-to-start-season-with-4-game-home-17333568.php"
  },
  {
    "text": "Lamar soccer starts season with 4-game home stretch",
    "url": "/sports/lamar/article/Lamar-soccer-to-start-season-with-4-game-home-17333568.php"
  },
  {
    "text": "National Chicken Wing Day: Where to get free wings on Friday",
    "url": "/news/article/National-Chicken-Wing-Day-Where-to-get-free-17335626.php"
  },
  {
    "text": "Lamar Tech breaks new ground with hire",
    "url": "/news/article/Jamarcus-Corks-takes-on-new-role-at-LIT-17308588.php"
  },
  {
    "text": "Top Texas, Southern sayings about heat: 'Hotter than a stolen tamale'",
    "url": "/news/article/Southern-sayings-about-heat-hotter-than-idioms-17332235.php"
  },
  {
    "text": "Local catcher starts World Cup event with USA Baseball in Taiwan",
    "url": "/sports/article/Local-catcher-starts-World-Cup-event-with-USA-17339135.php"
  },
  {
    "text": "CDC: \u2018Rare and serious\u2019 disease-causing bacterium found in Gulf Coast",
    "url": "/news/article/CDC-Rare-and-serious-disease-causing-17335180.php"
  },
  {
    "text": "Report: Elon Musk to build private airport outside Austin",
    "url": "/news/article/Austonia-Elon-Musk-to-build-private-airport-17338012.php"
  },
  {
    "text": "Photos: The kickoff of football season is near",
    "url": "/sports/hs/article/Photos-The-kickoff-of-football-season-is-near-17335969.php"
  },
  {
    "text": "Lifestyles",
    "url": "https://www.beaumontenterprise.com/cat5/"
  },
  {
    "text": "",
    "url": "/culture/article/Selena-Quintanilla-s-posthumous-album-is-17338198.php"
  },
  {
    "text": "Selena's estate announces release date for posthumous album",
    "url": "/culture/article/Selena-Quintanilla-s-posthumous-album-is-17338198.php"
  },
  {
    "text": "",
    "url": "/culture/article/Beyonce-accused-of-theft-by-singer-Kelis-over-17336574.php"
  },
  {
    "text": "Beyonce accused of theft by singer over new album",
    "url": "/culture/article/Beyonce-accused-of-theft-by-singer-Kelis-over-17336574.php"
  },
  {
    "text": "",
    "url": "/culture/article/Houston-anime-convention-date-guest-panels-tickets-17336246.php"
  },
  {
    "text": "You can voice your own anime at second annual Anime Houston",
    "url": "/culture/article/Houston-anime-convention-date-guest-panels-tickets-17336246.php"
  },
  {
    "text": "",
    "url": "/culture/tv/article/Latham-Urban-Cowboy-screenwriter-pasadena-houston-17334703.php"
  },
  {
    "text": "Screenwriter of Pasadena-based 'Urban Cowboy' dies at 78",
    "url": "/culture/tv/article/Latham-Urban-Cowboy-screenwriter-pasadena-houston-17334703.php"
  },
  {
    "text": "",
    "url": "/entertainment/article/Amelia-Bedelia-artist-reflects-on-illustrations-17320899.php"
  },
  {
    "text": "Amelia Bedelia artist reflects on illustrations",
    "url": "/entertainment/article/Amelia-Bedelia-artist-reflects-on-illustrations-17320899.php"
  },
  {
    "text": "Coronavirus",
    "url": "https://www.beaumontenterprise.com/coronavirus/"
  },
  {
    "text": "News",
    "url": "/news/"
  },
  {
    "text": "Experts expect uptick in COVID-19 cases due to new variant",
    "url": "/news/article/More-infectious-omicron-subvariant-expected-to-17020582.php"
  },
  {
    "text": "\n                                \n                                                                            \n                                        \n                                        \n                                                                    \n                            ",
    "url": "/news/article/More-infectious-omicron-subvariant-expected-to-17020582.php"
  },
  {
    "text": "News",
    "url": "/news/"
  },
  {
    "text": "Local health departments make monkeypox plan as cases rise",
    "url": "/news/article/State-and-local-health-departments-make-monkeypox-17328227.php"
  },
  {
    "text": "\n                                \n                                                                            \n                                        \n                                        \n                                                                    \n                            ",
    "url": "/news/article/State-and-local-health-departments-make-monkeypox-17328227.php"
  },
  {
    "text": "Sports",
    "url": "/sports/"
  },
  {
    "text": "3 TX cities to host XFL teams, one with former Cowboys coach",
    "url": "/sports/article/XFL-teams-2023-Texas-cities-17326890.php"
  },
  {
    "text": "\n                                \n                                                                            \n                                        \n                                        \n                                                                    \n                            ",
    "url": "/sports/article/XFL-teams-2023-Texas-cities-17326890.php"
  },
  {
    "text": "News",
    "url": "/news/"
  },
  {
    "text": "Check out how your child's Beaumont school was rated",
    "url": "/news/article/Preliminary-state-ratings-show-Beaumont-schools-17322519.php"
  },
  {
    "text": "\n                                \n                                                                            \n                                        \n                                        \n                                                                    \n                            ",
    "url": "/news/article/Preliminary-state-ratings-show-Beaumont-schools-17322519.php"
  },
  {
    "text": "News",
    "url": "/news/"
  },
  {
    "text": "Enterprise welcomes new assistant editor",
    "url": "/news/article/Enterprise-welcomes-new-assistant-editor-17318063.php"
  },
  {
    "text": "\n                                \n                                                                            \n                                        \n                                        \n                                                                    \n                            ",
    "url": "/news/article/Enterprise-welcomes-new-assistant-editor-17318063.php"
  },
  {
    "text": "Hurricane Central",
    "url": "/hurricane"
  },
  {
    "text": "\n                                                                                                            \n                                            \n                                            \n                                            \n                                            \n                                            \n                                        \n                                                                                                ",
    "url": "/business/article/Natural-disasters-are-intensifying-Is-your-17336717.php"
  },
  {
    "text": "Natural disasters are intensifying. Is your insurance policy...",
    "url": "/business/article/Natural-disasters-are-intensifying-Is-your-17336717.php"
  },
  {
    "text": "\n                                                                                                            \n                                            \n                                            \n                                            \n                                            \n                                            \n                                        \n                                                                                                ",
    "url": "/news/article/Senate-deal-could-be-most-significant-climate-17336710.php"
  },
  {
    "text": "Senate deal could be most significant climate bill yet",
    "url": "/news/article/Senate-deal-could-be-most-significant-climate-17336710.php"
  },
  {
    "text": "\n                                                                                                            \n                                            \n                                            \n                                            \n                                            \n                                            \n                                        \n                                                                                                ",
    "url": "/news/article/Climate-Migration-Honduran-couple-flee-amid-17336691.php"
  },
  {
    "text": "Climate Migration: Honduran couple flee amid storms, threats",
    "url": "/news/article/Climate-Migration-Honduran-couple-flee-amid-17336691.php"
  },
  {
    "text": "\n                                                                    \n                                                                                    \n                                                                            \n                                                            ",
    "url": "/news/article/Tropical-Storm-Estelle-forms-in-Pacific-off-17309483.php"
  },
  {
    "text": "Tropical Storm Estelle forms in Pacific off southern Mexico",
    "url": "/news/article/Tropical-Storm-Estelle-forms-in-Pacific-off-17309483.php"
  },
  {
    "text": "",
    "url": "/shopping/article/Le-Creuset-cookware-on-sale-macys-17338312.php"
  },
  {
    "text": "Macy\u2019s is having a huge sale on Le Creuset cookware",
    "url": "/shopping/article/Le-Creuset-cookware-on-sale-macys-17338312.php"
  },
  {
    "text": "",
    "url": "/shopping/article/Wateraft-floating-mat-sale-at-Woot-17338409.php"
  },
  {
    "text": "Have fun in the sun this summer with a new Wateraft Floating Mat",
    "url": "/shopping/article/Wateraft-floating-mat-sale-at-Woot-17338409.php"
  },
  {
    "text": "",
    "url": "/shopping/article/health-benefits-of-mushrooms-17338378.php"
  },
  {
    "text": "The health benefits of mushrooms, according to dietitians",
    "url": "/shopping/article/health-benefits-of-mushrooms-17338378.php"
  },
  {
    "text": "",
    "url": "/shopping/article/Igloo-SpongeBob-cooler-Walmart-sale-17338333.php"
  },
  {
    "text": "Get rid of your old boring cooler and replace it with a new Igloo",
    "url": "/shopping/article/Igloo-SpongeBob-cooler-Walmart-sale-17338333.php"
  },
  {
    "text": "",
    "url": "/shopping/article/best-deals-on-Amazon-today-17144871.php"
  },
  {
    "text": "These are the best deals on Amazon today",
    "url": "/shopping/article/best-deals-on-Amazon-today-17144871.php"
  },
  {
    "text": "\n                                                                                                            \n                                            \n                                            \n                                            \n                                            \n                                            \n                                        \n                                                                                                ",
    "url": "/shopping/article/Spirit-Airlines-carry-on-size-limit-17338682.php"
  },
  {
    "text": "What size carry-on can you fly on Spirit Airlines with?",
    "url": "/shopping/article/Spirit-Airlines-carry-on-size-limit-17338682.php"
  },
  {
    "text": "\n                                                                                                            \n                                            \n                                            \n                                            \n                                            \n                                            \n                                        \n                                                                                                ",
    "url": "/shopping/article/Nordstrom-Anniversary-sale-last-chance-17338240.php"
  },
  {
    "text": "This is your last chance to shop the Nordstrom Anniversary Sale",
    "url": "/shopping/article/Nordstrom-Anniversary-sale-last-chance-17338240.php"
  },
  {
    "text": "\n                                                                                                            \n                                            \n                                            \n                                            \n                                            \n                                            \n                                        \n                                                                                                ",
    "url": "/shopping/article/Hostess-crypto-twinkie-twinkcoin-17338390.php"
  },
  {
    "text": "Of course Hostess dropped a crypto-themed, coin-shaped Twinkie",
    "url": "/shopping/article/Hostess-crypto-twinkie-twinkcoin-17338390.php"
  },
  {
    "text": "\n                                                                                                            \n                                            \n                                            \n                                            \n                                            \n                                            \n                                        \n                                                                                                ",
    "url": "/shopping/article/health-benefits-of-cinnamon-17338542.php"
  },
  {
    "text": "The health benefits of cinnamon, according to a dietitian",
    "url": "/shopping/article/health-benefits-of-cinnamon-17338542.php"
  },
  {
    "text": "",
    "url": "https://www.beaumontenterprise.com/top-lawyers/"
  },
  {
    "text": "Business",
    "url": "https://www.beaumontenterprise.com/business/"
  },
  {
    "text": "",
    "url": "/business/article/Natural-disasters-are-intensifying-Is-your-17336717.php"
  },
  {
    "text": "Natural disasters are intensifying. Is your insurance policy sufficient?",
    "url": "/business/article/Natural-disasters-are-intensifying-Is-your-17336717.php"
  },
  {
    "text": "",
    "url": "/business/article/Your-boss-might-be-reading-your-work-messages-17330472.php"
  },
  {
    "text": "Your boss might be reading your work messages. Here's what to do.",
    "url": "/business/article/Your-boss-might-be-reading-your-work-messages-17330472.php"
  },
  {
    "text": "",
    "url": "/business/article/Senior-primary-care-facility-to-be-unveiled-in-17327770.php"
  },
  {
    "text": "Primary care facility for older adults to be unveiled in Beaumont",
    "url": "/business/article/Senior-primary-care-facility-to-be-unveiled-in-17327770.php"
  },
  {
    "text": "",
    "url": "/business/article/Port-Neches-gets-second-Dollar-General-store-17327844.php"
  },
  {
    "text": "Port Neches gets second Dollar General store",
    "url": "/business/article/Port-Neches-gets-second-Dollar-General-store-17327844.php"
  },
  {
    "text": "",
    "url": "/business/energy/article/Texas-what-if-home-could-power-itself-17325489.php"
  },
  {
    "text": "What if your Texas home could power itself?",
    "url": "/business/energy/article/Texas-what-if-home-could-power-itself-17325489.php"
  },
  {
    "text": "by Taboola",
    "url": "https://popup.taboola.com/en/?template=colorbox&utm_source=hearstlocalnews-beaumontenterprise&utm_medium=referral&utm_content=thumbnails-d:Mid Content Thumbnails - Redesign:"
  },
  {
    "text": "by Taboola",
    "url": "https://popup.taboola.com/en/?template=colorbox&utm_source=hearstlocalnews-beaumontenterprise&utm_medium=referral&utm_content=thumbnails-d:Mid Content Thumbnails - Redesign:"
  },
  {
    "text": "Sponsored Links",
    "url": "https://popup.taboola.com/en/?template=colorbox&utm_source=hearstlocalnews-beaumontenterprise&utm_medium=referral&utm_content=thumbnails-d:Mid Content Thumbnails - Redesign:"
  },
  {
    "text": "Sponsored Links",
    "url": "https://popup.taboola.com/en/?template=colorbox&utm_source=hearstlocalnews-beaumontenterprise&utm_medium=referral&utm_content=thumbnails-d:Mid Content Thumbnails - Redesign:"
  },
  {
    "text": "Promoted Links",
    "url": "https://popup.taboola.com/en/?template=colorbox&utm_source=hearstlocalnews-beaumontenterprise&utm_medium=referral&utm_content=thumbnails-d:Mid Content Thumbnails - Redesign:"
  },
  {
    "text": "Promoted Links",
    "url": "https://popup.taboola.com/en/?template=colorbox&utm_source=hearstlocalnews-beaumontenterprise&utm_medium=referral&utm_content=thumbnails-d:Mid Content Thumbnails - Redesign:"
  },
  {
    "text": "OMGIFacts",
    "url": "https://omgifacts.com/10-proven-exercises-for-a-flat-stomach/?utm_source=taboola&utm_medium=Desktop+USA+%2F+OMGIFacts+%2F+adv+8+%2F+account+1+%2F+10+Proven+Exercises+For+a+Flat+Stomach&utm_campaign=1117757#tblciGiC5w9jZUM975COXZHGgifgqHVatKa3dp4RyWJjKWboN7CC521AovqrjyoO4lIJN"
  },
  {
    "text": "9 Proven Exercises For a Flat Stomach.OMGIFacts",
    "url": "https://omgifacts.com/10-proven-exercises-for-a-flat-stomach/?utm_source=taboola&utm_medium=Desktop+USA+%2F+OMGIFacts+%2F+adv+8+%2F+account+1+%2F+10+Proven+Exercises+For+a+Flat+Stomach&utm_campaign=1117757#tblciGiC5w9jZUM975COXZHGgifgqHVatKa3dp4RyWJjKWboN7CC521AovqrjyoO4lIJN"
  },
  {
    "text": "Articles Vally",
    "url": "https://rfvtgb.articlesvally.com/worldwide/jets-ta?utm_medium=taboola&utm_source=taboola&utm_campaign=ta-av-jets-bc3-des-0w-rl-20042d&utm_term=hearstlocalnews-beaumontenterprise&utm_bid=XRsR3mx0hmDyYNKF7SfPo1079AnqRZisKskoJL_mP24=&utmk=GiC5w9jZUM975COXZHGgifgqHVatKa3dp4RyWJjKWboN7CDa10Yovc6H0OHD543tAQ"
  },
  {
    "text": "These U.S. Jets Were Out Patrolling When This HappenedArticles Vally",
    "url": "https://rfvtgb.articlesvally.com/worldwide/jets-ta?utm_medium=taboola&utm_source=taboola&utm_campaign=ta-av-jets-bc3-des-0w-rl-20042d&utm_term=hearstlocalnews-beaumontenterprise&utm_bid=XRsR3mx0hmDyYNKF7SfPo1079AnqRZisKskoJL_mP24=&utmk=GiC5w9jZUM975COXZHGgifgqHVatKa3dp4RyWJjKWboN7CDa10Yovc6H0OHD543tAQ"
  },
  {
    "text": "LoveMyFamilyMag.com",
    "url": "https://lovemyfamilymag.com/10-reasons-to-eat-ginger-every-day/?utm_source=taboola_5607578&utm_term=hearstlocalnews-beaumontenterprise_1117757&utm_content=2916176730&utm_medium=GiC5w9jZUM975COXZHGgifgqHVatKa3dp4RyWJjKWboN7CDNmlAo-v2oiYmcpIvvAQ&utm_campaign=GingerEveryDay2-T2-A-TB-LMF#tblciGiC5w9jZUM975COXZHGgifgqHVatKa3dp4RyWJjKWboN7CDNmlAo-v2oiYmcpIvvAQ"
  },
  {
    "text": "What Happens if You Eat Ginger Every Day May Surprise YouLoveMyFamilyMag.com",
    "url": "https://lovemyfamilymag.com/10-reasons-to-eat-ginger-every-day/?utm_source=taboola_5607578&utm_term=hearstlocalnews-beaumontenterprise_1117757&utm_content=2916176730&utm_medium=GiC5w9jZUM975COXZHGgifgqHVatKa3dp4RyWJjKWboN7CDNmlAo-v2oiYmcpIvvAQ&utm_campaign=GingerEveryDay2-T2-A-TB-LMF#tblciGiC5w9jZUM975COXZHGgifgqHVatKa3dp4RyWJjKWboN7CDNmlAo-v2oiYmcpIvvAQ"
  },
  {
    "text": "Texas News",
    "url": "https://www.beaumontenterprise.com/news/texas/"
  },
  {
    "text": "News",
    "url": "/news/"
  },
  {
    "text": "Ruling leaves questions about Boy Scouts bankruptcy plan",
    "url": "/news/article/Ruling-leaves-questions-about-Boy-Scouts-17339181.php"
  },
  {
    "text": "\n                                \n                                                                            \n                                        \n                                        \n                                                                    \n                            ",
    "url": "/news/article/Ruling-leaves-questions-about-Boy-Scouts-17339181.php"
  },
  {
    "text": "News",
    "url": "/news/"
  },
  {
    "text": "EXPLAINER: One weather system floods St. Louis and Kentucky",
    "url": "/news/article/EXPLAINER-One-weather-system-floods-St-Louis-17339674.php"
  },
  {
    "text": "\n                                \n                                                                            \n                                        \n                                        \n                                                                    \n                            ",
    "url": "/news/article/EXPLAINER-One-weather-system-floods-St-Louis-17339674.php"
  },
  {
    "text": "News",
    "url": "/news/"
  },
  {
    "text": "Abbott spent hours at fundraiser after Uvalde shooting",
    "url": "/news/article/Abbott-spent-hours-at-fundraiser-after-Uvalde-17339272.php"
  },
  {
    "text": "\n                                \n                                                                            \n                                        \n                                        \n                                                                    \n                            ",
    "url": "/news/article/Abbott-spent-hours-at-fundraiser-after-Uvalde-17339272.php"
  },
  {
    "text": "News",
    "url": "/news/"
  },
  {
    "text": "Alex Jones' media company files for bankruptcy amid trial",
    "url": "/news/article/Alex-Jones-media-company-files-for-bankruptcy-17339405.php"
  },
  {
    "text": "\n                                \n                                                                            \n                                        \n                                        \n                                                                    \n                            ",
    "url": "/news/article/Alex-Jones-media-company-files-for-bankruptcy-17339405.php"
  },
  {
    "text": "News",
    "url": "/news/"
  },
  {
    "text": "Raid seizes contraband thought headed to Oklahoma prisons",
    "url": "/news/article/Raid-seizes-contraband-thought-headed-to-Oklahoma-17338260.php"
  },
  {
    "text": "\n                                \n                                                                            \n                                        \n                                        \n                                                                    \n                            ",
    "url": "/news/article/Raid-seizes-contraband-thought-headed-to-Oklahoma-17338260.php"
  },
  {
    "text": "News",
    "url": "/news/"
  },
  {
    "text": "States hope for revenue boost with Mega Millions craze",
    "url": "/news/article/States-hope-for-revenue-boost-with-Mega-Millions-17338287.php"
  },
  {
    "text": "\n                                \n                                                                            \n                                        \n                                        \n                                                                    \n                            ",
    "url": "/news/article/States-hope-for-revenue-boost-with-Mega-Millions-17338287.php"
  },
  {
    "text": "News",
    "url": "/news/"
  },
  {
    "text": "Some Republicans see good politics in same-sex marriage bill",
    "url": "/news/article/Some-Republicans-see-good-politics-in-same-sex-17338439.php"
  },
  {
    "text": "\n                                \n                                                                            \n                                        \n                                        \n                                                                    \n                            ",
    "url": "/news/article/Some-Republicans-see-good-politics-in-same-sex-17338439.php"
  },
  {
    "text": "Opinions",
    "url": "https://www.beaumontenterprise.com/opinions/"
  },
  {
    "text": "",
    "url": "/opinions/columns/article/Nothing-to-do-in-Southeast-Texas-I-wish-17333659.php"
  },
  {
    "text": "Nothing to do in Southeast Texas? I wish",
    "url": "/opinions/columns/article/Nothing-to-do-in-Southeast-Texas-I-wish-17333659.php"
  },
  {
    "text": "",
    "url": "/opinions/columns/article/HEROD-Make-time-for-God-17320858.php"
  },
  {
    "text": "HEROD: Make time for God",
    "url": "/opinions/columns/article/HEROD-Make-time-for-God-17320858.php"
  },
  {
    "text": "",
    "url": "/opinions/columns/article/Now-it-s-Dems-turn-to-back-away-17308658.php"
  },
  {
    "text": "Now it\u2019s Dems' turn to back away",
    "url": "/opinions/columns/article/Now-it-s-Dems-turn-to-back-away-17308658.php"
  },
  {
    "text": "",
    "url": "/opinions/columns/article/Have-a-bird-friendly-beach-visit-17308793.php"
  },
  {
    "text": "Have a bird-friendly beach visit",
    "url": "/opinions/columns/article/Have-a-bird-friendly-beach-visit-17308793.php"
  },
  {
    "text": "",
    "url": "/opinions/letters/article/Weber-was-right-about-energy-independence-17313430.php"
  },
  {
    "text": "LETTER: Weber was right about energy independence",
    "url": "/opinions/letters/article/Weber-was-right-about-energy-independence-17313430.php"
  },
  {
    "text": "Entertainment",
    "url": "/entertainment/"
  },
  {
    "text": "Mary Alice, Actress in \u2018A Different World\u2019 and \u2018Sparkle,\u2019...",
    "url": "/entertainment/article/Mary-Alice-Actress-in-A-Different-World-17336073.php"
  },
  {
    "text": "\n                                \n                                                                            \n                                        \n                                        \n                                                                    \n                            ",
    "url": "/entertainment/article/Mary-Alice-Actress-in-A-Different-World-17336073.php"
  },
  {
    "text": "Entertainment",
    "url": "/entertainment/"
  },
  {
    "text": "\u2018Doctor Who\u2019 Star and \u2018Wombles\u2019 Narrator Bernard Cribbins...",
    "url": "/entertainment/article/Doctor-Who-Star-and-Wombles-Narrator-17334440.php"
  },
  {
    "text": "\n                                \n                                                                            \n                                        \n                                        \n                                                                    \n                            ",
    "url": "/entertainment/article/Doctor-Who-Star-and-Wombles-Narrator-17334440.php"
  },
  {
    "text": "Entertainment",
    "url": "/entertainment/"
  },
  {
    "text": "Sandy Roberton, 1970s British Record Producer Who...",
    "url": "/entertainment/article/Sandy-Pemberton-1970s-British-Record-Producer-17332969.php"
  },
  {
    "text": "\n                                \n                                                                            \n                                        \n                                        \n                                                                    \n                            ",
    "url": "/entertainment/article/Sandy-Pemberton-1970s-British-Record-Producer-17332969.php"
  },
  {
    "text": "Entertainment",
    "url": "/entertainment/"
  },
  {
    "text": "\u2018Top Chef\u2019 Contestant and Restaurateur Howard Kleinberg...",
    "url": "/entertainment/article/Top-Chef-Contestant-and-Restaurateur-Howard-17332292.php"
  },
  {
    "text": "\n                                \n                                                                            \n                                        \n                                        \n                                                                    \n                            ",
    "url": "/entertainment/article/Top-Chef-Contestant-and-Restaurateur-Howard-17332292.php"
  },
  {
    "text": "Entertainment",
    "url": "/entertainment/"
  },
  {
    "text": "Shimada Yoko, Golden Globe-Winning Japanese Actor in...",
    "url": "/entertainment/article/Shimada-Yoko-Golden-Globe-Winning-Japanese-Actor-17328885.php"
  },
  {
    "text": "\n                                \n                                                                            \n                                        \n                                        \n                                                                    \n                            ",
    "url": "/entertainment/article/Shimada-Yoko-Golden-Globe-Winning-Japanese-Actor-17328885.php"
  },
  {
    "text": "\n                    \n                ",
    "url": "/"
  },
  {
    "text": "",
    "url": "https://www.facebook.com/bmtenterprise"
  },
  {
    "text": "",
    "url": "https://twitter.com/bmtenterprise"
  },
  {
    "text": "Return to Top",
    "url": "#content"
  },
  {
    "text": "Privacy Notice",
    "url": "/services/privacy/"
  },
  {
    "text": "Your California Privacy Rights",
    "url": "/services/privacy/#additionalinformationforcaliforniaresidents"
  },
  {
    "text": "Interest Based Ads",
    "url": "/services/privacy/#interestbasedads"
  },
  {
    "text": "Terms of Use",
    "url": "/services/terms/"
  },
  {
    "text": "Advertising",
    "url": "https://hearstcommunitymedia.com/beaumont-tx/"
  },
  {
    "text": "Careers",
    "url": "https://eevd.fa.us6.oraclecloud.com/hcmUI/CandidateExperience/en/sites/CX_10004"
  },
  {
    "text": "FAQ",
    "url": "/services/faq/"
  },
  {
    "text": "Contact Us",
    "url": "/services/contact/"
  },
  {
    "text": "Facebook",
    "url": "https://www.facebook.com/bmtenterprise"
  },
  {
    "text": "Twitter",
    "url": "https://twitter.com/bmtenterprise"
  },
  {
    "text": "Instagram",
    "url": "https://www.instagram.com/bmtenterprise/"
  },
  {
    "text": "e-Edition",
    "url": "https://subscription.hearstmediatx.com/eEdition?siteID=BE_BE"
  },
  {
    "text": "Become A Subscriber",
    "url": "https://subscription.hearstmediatx.com/checkout/701/1489/?offerid=701&origin=footer&siteID=BE_BE"
  },
  {
    "text": "Manage Account: Subscriber Services",
    "url": "https://subscription.hearstmediatx.com/?siteID=BE_BE"
  },
  {
    "text": "Profile SettingsSign up for newsletters, change password and more",
    "url": "#"
  },
  {
    "text": "Subscription & BillingPlace a vacation hold, make a payment and more",
    "url": "https://subscription.hearstmediatx.com/?siteID=BE_BE"
  },
  {
    "text": "Sign Out",
    "url": "#"
  },
  {
    "text": "Sign In",
    "url": "javascript:void(0)"
  },
  {
    "text": " ",
    "url": "javascript:void(0)"
  },
  {
    "text": " ",
    "url": "javascript:;"
  },
  {
    "text": "",
    "url": "javascript:;"
  }
]