[
  {
    "text": "\n                        \n                    ",
    "url": "https://boingboing.net"
  },
  {
    "text": "\n\t\t\t\t\t\tSEARCH                    ",
    "url": "https://boingboing.net/search"
  },
  {
    "text": "\n\t\t\t\t\t\tSTORE                    ",
    "url": "https://store.boingboing.net"
  },
  {
    "text": "\n\t\t\t\t\t\t\tSEARCH                        ",
    "url": "https://boingboing.net/search"
  },
  {
    "text": "\n\t\t\t\t\t\t\tSTORE                        ",
    "url": "https://store.boingboing.net"
  },
  {
    "text": "\n\t\t\t\t\t\t\tBlog                        ",
    "url": "https://boingboing.net/blog"
  },
  {
    "text": "Forums",
    "url": "https://bbs.boingboing.net"
  },
  {
    "text": "rules",
    "url": "https://bbs.boingboing.net/faq"
  },
  {
    "text": "Store",
    "url": "https://store.boingboing.net"
  },
  {
    "text": "(Contact Support)",
    "url": "https://bit.ly/boingboingdealssupport"
  },
  {
    "text": "About Us",
    "url": "https://boingboing.net/about"
  },
  {
    "text": "Contact Us",
    "url": "https://boingboing.net/contact"
  },
  {
    "text": "Advertise",
    "url": "https://ads.boingboing.net"
  },
  {
    "text": "Privacy Policy",
    "url": "https://boingboing.net/privacy"
  },
  {
    "text": "TOS",
    "url": "https://boingboing.net/tos"
  },
  {
    "text": "\n\t\t\t\t\t\t        \n\t                    ",
    "url": "https://boingboing.net/2022/07/29/happy-meat-day.html"
  },
  {
    "text": "29th",
    "url": " https://boingboing.net/tag/29th"
  },
  {
    "text": "Happy Meat Day",
    "url": "https://boingboing.net/2022/07/29/happy-meat-day.html"
  },
  {
    "text": "\n\tAndrew Yi",
    "url": "https://boingboing.net/author/andrewyi"
  },
  {
    "text": "\n\t\t\t\t\t\t        \n\t                    ",
    "url": "https://boingboing.net/2022/07/28/mountain-dew-and-fresca-banned-in-eu-and-japan-because-they-contain-an-ingredient-that-can-lead-to-memory-loss.html"
  },
  {
    "text": "poison additives",
    "url": " https://boingboing.net/tag/poison-additives"
  },
  {
    "text": "Mountain Dew and Fresca banned in EU and Japan because they contain an ingredient that can lead to memory loss",
    "url": "https://boingboing.net/2022/07/28/mountain-dew-and-fresca-banned-in-eu-and-japan-because-they-contain-an-ingredient-that-can-lead-to-memory-loss.html"
  },
  {
    "text": "\n\tMark Frauenfelder",
    "url": "https://boingboing.net/author/mark_frauenfelder_1"
  },
  {
    "text": "\n\t\t\t\t\t\t        \n\t                    ",
    "url": "https://boingboing.net/2022/07/29/how-to-better-answer-so-what-do-you-do.html"
  },
  {
    "text": "Clay Hebert",
    "url": " https://boingboing.net/tag/clay-hebert"
  },
  {
    "text": "How to better answer \"So, what do you do?\"",
    "url": "https://boingboing.net/2022/07/29/how-to-better-answer-so-what-do-you-do.html"
  },
  {
    "text": "\n\tRusty Blazenhoff",
    "url": "https://boingboing.net/author/blazenhoff_1"
  },
  {
    "text": "\n\t\t\t\t\t\t        \n\t                    ",
    "url": "https://boingboing.net/2022/07/29/marjorie-taylor-greene-schools-maga-folk-on-how-you-catch-monkeypox-gay-sex-orgies.html"
  },
  {
    "text": "Qongress quack",
    "url": " https://boingboing.net/tag/qongress-quack"
  },
  {
    "text": "Marjorie Taylor Greene's lesson on how to get monkeypox \u2014 \"gay sex orgies\" \u2014 will surely backfire",
    "url": "https://boingboing.net/2022/07/29/marjorie-taylor-greene-schools-maga-folk-on-how-you-catch-monkeypox-gay-sex-orgies.html"
  },
  {
    "text": "\n\tCarla Sinclair",
    "url": "https://boingboing.net/author/carlasinclair"
  },
  {
    "text": "BOING BOING STORE",
    "url": "https://store.boingboing.net"
  },
  {
    "text": "\n\t\t\t\t\t\t\t        \n\t                        ",
    "url": "https://boingboing.net/2022/07/29/give-your-brain-the-workout-it-craves-with-this-monthly-puzzle-subscription.html"
  },
  {
    "text": "Give your brain the workout it craves with this monthly puzzle subscription",
    "url": "https://boingboing.net/2022/07/29/give-your-brain-the-workout-it-craves-with-this-monthly-puzzle-subscription.html"
  },
  {
    "text": "\n\t\t\t\t\t\t        \n\t                    ",
    "url": "https://boingboing.net/2022/07/29/vitas-is-a-latvian-singer-who-has-an-undeniable-talent-for-tongue-clucking.html"
  },
  {
    "text": "talented tongues",
    "url": " https://boingboing.net/tag/talented-tongues"
  },
  {
    "text": "Vitas is a Latvian singer who has an undeniable talent for tongue-clucking",
    "url": "https://boingboing.net/2022/07/29/vitas-is-a-latvian-singer-who-has-an-undeniable-talent-for-tongue-clucking.html"
  },
  {
    "text": "\n\tPopkin",
    "url": "https://boingboing.net/author/popkin"
  },
  {
    "text": "\n\t\t\t\t\t\t        \n\t                    ",
    "url": "https://boingboing.net/2022/07/29/andy-thurlow-was-an-incredible-inventor-who-made-hundreds-of-original-musical-instruments.html"
  },
  {
    "text": "Musical instruments",
    "url": " https://boingboing.net/tag/musical-instruments"
  },
  {
    "text": "Andy Thurlow was an incredible inventor who made hundreds of original musical instruments",
    "url": "https://boingboing.net/2022/07/29/andy-thurlow-was-an-incredible-inventor-who-made-hundreds-of-original-musical-instruments.html"
  },
  {
    "text": "\n\tPopkin",
    "url": "https://boingboing.net/author/popkin"
  },
  {
    "text": "\n\t\t\t\t\t\t        \n\t                    ",
    "url": "https://boingboing.net/2022/07/29/the-music-video-for-1-800-by-dog-police-1985-is-a-delightfully-weird-gem.html"
  },
  {
    "text": "new wave",
    "url": " https://boingboing.net/tag/new-wave"
  },
  {
    "text": "The music video for 1-800  by Dog Police (1985) is a delightfully weird gem",
    "url": "https://boingboing.net/2022/07/29/the-music-video-for-1-800-by-dog-police-1985-is-a-delightfully-weird-gem.html"
  },
  {
    "text": "\n\tPopkin",
    "url": "https://boingboing.net/author/popkin"
  },
  {
    "text": "\n\t\t\t\t\t\t        \n\t                    ",
    "url": "https://boingboing.net/2022/07/29/alex-and-allyson-greys-magnificent-infinitizer-installation-at-meow-wolf.html"
  },
  {
    "text": "Meow Wolf",
    "url": " https://boingboing.net/tag/meow-wolf"
  },
  {
    "text": "Alex and Allyson Grey's magnificent Infinitizer installation at Meow Wolf",
    "url": "https://boingboing.net/2022/07/29/alex-and-allyson-greys-magnificent-infinitizer-installation-at-meow-wolf.html"
  },
  {
    "text": "\n\tPopkin",
    "url": "https://boingboing.net/author/popkin"
  },
  {
    "text": "\n\t\t\t\t\t\t        \n\t                    ",
    "url": "https://boingboing.net/2022/07/29/906063.html"
  },
  {
    "text": "max headroom",
    "url": " https://boingboing.net/tag/max-headroom"
  },
  {
    "text": "Max Headroom reboot in development",
    "url": "https://boingboing.net/2022/07/29/906063.html"
  },
  {
    "text": "\n\tDavid Pescovitz",
    "url": "https://boingboing.net/author/david_pescovitz"
  },
  {
    "text": "\n\t\t\t\t\t\t        \n\t                    ",
    "url": "https://boingboing.net/2022/07/29/perhaps-cloud-seeding-really-works-very-unusual-heavy-rain-causes-major-flooding-in-the-uae-video.html"
  },
  {
    "text": "rain seeds",
    "url": " https://boingboing.net/tag/rain-seeds"
  },
  {
    "text": "Perhaps cloud seeding really works: \"Very unusual heavy rain\" causes major flooding in the UAE (video)",
    "url": "https://boingboing.net/2022/07/29/perhaps-cloud-seeding-really-works-very-unusual-heavy-rain-causes-major-flooding-in-the-uae-video.html"
  },
  {
    "text": "\n\tCarla Sinclair",
    "url": "https://boingboing.net/author/carlasinclair"
  },
  {
    "text": "\n\t\t\t\t\t\t        \n\t                    ",
    "url": "https://boingboing.net/2022/07/29/strikingly-strange-sheet-music.html"
  },
  {
    "text": "music",
    "url": " https://boingboing.net/tag/music"
  },
  {
    "text": "Strikingly strange sheet music",
    "url": "https://boingboing.net/2022/07/29/strikingly-strange-sheet-music.html"
  },
  {
    "text": "\n\tDavid Pescovitz",
    "url": "https://boingboing.net/author/david_pescovitz"
  },
  {
    "text": "\n\t\t\t\t\t\t        \n\t                    ",
    "url": "https://boingboing.net/2022/07/29/a-sultry-tango-set-to-eminems-lose-yourself.html"
  },
  {
    "text": "SarayIvan",
    "url": " https://boingboing.net/tag/sarayivan"
  },
  {
    "text": "A sultry tango set to Eminem's 'Lose Yourself'",
    "url": "https://boingboing.net/2022/07/29/a-sultry-tango-set-to-eminems-lose-yourself.html"
  },
  {
    "text": "\n\tRusty Blazenhoff",
    "url": "https://boingboing.net/author/blazenhoff_1"
  },
  {
    "text": "\n\t\t\t\t\t\t        \n\t                    ",
    "url": "https://boingboing.net/2022/07/29/las-vegas-says-it-only-has-50-days-of-clean-water-before-it-runs-out-also-the-city-is-flooded.html"
  },
  {
    "text": "everything is fine",
    "url": " https://boingboing.net/tag/everything-is-fine"
  },
  {
    "text": "Las Vegas, NM says it only has 50 days of clean water before it runs out. Meanwhile Las Vegas, NV is flooded",
    "url": "https://boingboing.net/2022/07/29/las-vegas-says-it-only-has-50-days-of-clean-water-before-it-runs-out-also-the-city-is-flooded.html"
  },
  {
    "text": "\n\tMark Frauenfelder",
    "url": "https://boingboing.net/author/mark_frauenfelder_1"
  },
  {
    "text": "\n\t\t\t\t\t\t        \n\t                    ",
    "url": "https://boingboing.net/2022/07/29/will-smith-finally-apologizes-to-chris-rock-im-trying-not-to-think-of-myself-as-a-piece-of-sht-video.html"
  },
  {
    "text": "delayed reactions",
    "url": " https://boingboing.net/tag/delayed-reactions"
  },
  {
    "text": "Will Smith finally apologizes to Chris Rock: \"I'm trying not to think of myself as a piece of sh*t\" (video)",
    "url": "https://boingboing.net/2022/07/29/will-smith-finally-apologizes-to-chris-rock-im-trying-not-to-think-of-myself-as-a-piece-of-sht-video.html"
  },
  {
    "text": "\n\tCarla Sinclair",
    "url": "https://boingboing.net/author/carlasinclair"
  },
  {
    "text": "\n\t\t\t\t\t\t        \n\t                    ",
    "url": "https://boingboing.net/2022/07/29/dillards-employee-who-called-a-black-child-the-n-word-was-fired.html"
  },
  {
    "text": "racism",
    "url": " https://boingboing.net/tag/racism"
  },
  {
    "text": "Dillard's employee who called a Black child the N-word was fired",
    "url": "https://boingboing.net/2022/07/29/dillards-employee-who-called-a-black-child-the-n-word-was-fired.html"
  },
  {
    "text": "\n\tMark Frauenfelder",
    "url": "https://boingboing.net/author/mark_frauenfelder_1"
  },
  {
    "text": "\n\t\t\t\t\t\t        \n\t                    ",
    "url": "https://boingboing.net/2022/07/29/happy-meat-day.html"
  },
  {
    "text": "29th",
    "url": " https://boingboing.net/tag/29th"
  },
  {
    "text": "Happy Meat Day",
    "url": "https://boingboing.net/2022/07/29/happy-meat-day.html"
  },
  {
    "text": "\n\tAndrew Yi",
    "url": "https://boingboing.net/author/andrewyi"
  },
  {
    "text": "\n\t\t\t\t\t\t        \n\t                    ",
    "url": "https://boingboing.net/2022/07/29/entire-police-department-quits-after-black-woman-hired-as-city-manager-in-north-carolina.html"
  },
  {
    "text": "race relations",
    "url": " https://boingboing.net/tag/race-relations"
  },
  {
    "text": "Entire police department quits after Black woman hired as city manager in North Carolina",
    "url": "https://boingboing.net/2022/07/29/entire-police-department-quits-after-black-woman-hired-as-city-manager-in-north-carolina.html"
  },
  {
    "text": "\n\tCarla Sinclair",
    "url": "https://boingboing.net/author/carlasinclair"
  },
  {
    "text": "\n\t\t\t\t\t\t        \n\t                    ",
    "url": "https://boingboing.net/2022/07/29/watch-cnns-10-minute-explainer-of-the-proud-boys.html"
  },
  {
    "text": "J6",
    "url": " https://boingboing.net/tag/j6"
  },
  {
    "text": "Watch: CNN's 10-minute explainer of the Proud Boys",
    "url": "https://boingboing.net/2022/07/29/watch-cnns-10-minute-explainer-of-the-proud-boys.html"
  },
  {
    "text": "\n\tMark Frauenfelder",
    "url": "https://boingboing.net/author/mark_frauenfelder_1"
  },
  {
    "text": "\n\t\t\t\t\t\t        \n\t                    ",
    "url": "https://boingboing.net/2022/07/29/nicole-shanahan-was-not-horsing-around-with-elon-musk.html"
  },
  {
    "text": "no one can talk to a horse of course",
    "url": " https://boingboing.net/tag/no-one-can-talk-to-a-horse-of-course"
  },
  {
    "text": "Nicole Shanahan was not horsing around with Elon Musk",
    "url": "https://boingboing.net/2022/07/29/nicole-shanahan-was-not-horsing-around-with-elon-musk.html"
  },
  {
    "text": "\n\tJason Weisberger",
    "url": "https://boingboing.net/author/jason"
  },
  {
    "text": "\n\t\t\t\t\t\t        \n\t                    ",
    "url": "https://boingboing.net/2022/07/29/pot-kills-elderly-woman-murdered-with-marijuana-plant.html"
  },
  {
    "text": "killer weed",
    "url": " https://boingboing.net/tag/killer-weed"
  },
  {
    "text": "Pot kills: Elderly woman murdered with marijuana plant",
    "url": "https://boingboing.net/2022/07/29/pot-kills-elderly-woman-murdered-with-marijuana-plant.html"
  },
  {
    "text": "\n\tDavid Pescovitz",
    "url": "https://boingboing.net/author/david_pescovitz"
  },
  {
    "text": "\n\t\t\t\t\t\t        \n\t                    ",
    "url": "https://boingboing.net/2022/07/29/cat-owner-sets-up-increasingly-challenging-obstacle-courses-for-their-pet-to-go-through.html"
  },
  {
    "text": "Delightful Creatures",
    "url": " https://boingboing.net/tag/delightful_creatures"
  },
  {
    "text": "Cat owner sets up increasingly challenging obstacle courses for their pet to go through",
    "url": "https://boingboing.net/2022/07/29/cat-owner-sets-up-increasingly-challenging-obstacle-courses-for-their-pet-to-go-through.html"
  },
  {
    "text": "\n\tMark Frauenfelder",
    "url": "https://boingboing.net/author/mark_frauenfelder_1"
  },
  {
    "text": "\n\t\t\t\t\t\t        \n\t                    ",
    "url": "https://boingboing.net/2022/07/29/family-grants-grandmothers-final-wish-a-cock-and-balls-monument-on-her-grave.html"
  },
  {
    "text": "rest in power",
    "url": " https://boingboing.net/tag/rest-in-power"
  },
  {
    "text": "Family grants Grandmother's final wish, a cock-and-balls monument on her grave",
    "url": "https://boingboing.net/2022/07/29/family-grants-grandmothers-final-wish-a-cock-and-balls-monument-on-her-grave.html"
  },
  {
    "text": "\n\tJason Weisberger",
    "url": "https://boingboing.net/author/jason"
  },
  {
    "text": "\n\t\t\t\t\t\t        \n\t                    ",
    "url": "https://boingboing.net/2022/07/29/man-tries-to-storm-cockpit-twice-then-smokes-cigarette-on-plane-when-his-efforts-fail.html"
  },
  {
    "text": "flying the frenzied skies",
    "url": " https://boingboing.net/tag/flying-the-frenzied-skies"
  },
  {
    "text": "Man tries to storm cockpit, twice, then smokes cigarette on plane when his efforts fail",
    "url": "https://boingboing.net/2022/07/29/man-tries-to-storm-cockpit-twice-then-smokes-cigarette-on-plane-when-his-efforts-fail.html"
  },
  {
    "text": "\n\tCarla Sinclair",
    "url": "https://boingboing.net/author/carlasinclair"
  },
  {
    "text": "\n\t\t\t\t\t\t\t        \n\t                        ",
    "url": "https://boingboing.net/2022/07/29/kevin-mccarthy-suffers-from-severe-memory-loss-regarding-his-j6-phone-call-to-cassidy-hutchinson.html"
  },
  {
    "text": "terrible liars",
    "url": " https://boingboing.net/tag/terrible-liars"
  },
  {
    "text": "Kevin McCarthy suffers from severe memory loss regarding his J6 phone call to Cassidy Hutchinson",
    "url": "https://boingboing.net/2022/07/29/kevin-mccarthy-suffers-from-severe-memory-loss-regarding-his-j6-phone-call-to-cassidy-hutchinson.html"
  },
  {
    "text": "\n\tMark Frauenfelder",
    "url": "https://boingboing.net/author/mark_frauenfelder_1"
  },
  {
    "text": "\n\t\t\t\t\t\t\t        \n\t                        ",
    "url": "https://boingboing.net/2022/07/29/start-growing-your-email-list-with-over-180-off-this-two-hour-mailchimp-course.html"
  },
  {
    "text": "Boing Boing Gadgets",
    "url": " https://boingboing.net/tag/gadgets"
  },
  {
    "text": "Start growing your email list with over $180 off this two-hour Mailchimp course",
    "url": "https://boingboing.net/2022/07/29/start-growing-your-email-list-with-over-180-off-this-two-hour-mailchimp-course.html"
  },
  {
    "text": "\n\tBoing Boing's Shop",
    "url": "https://boingboing.net/author/boingboingstore"
  },
  {
    "text": "\n\t\t\t\t\t\t\t        \n\t                        ",
    "url": "https://boingboing.net/2022/07/29/self-proclaimed-red-bull-addict-and-accomplice-allegedly-stole-dozens-of-cases-of-the-drink-led-vegas-police-on-high-speed-chase.html"
  },
  {
    "text": "beverage bandits",
    "url": " https://boingboing.net/tag/beverage-bandits"
  },
  {
    "text": "Self-proclaimed Red Bull addict and accomplice allegedly stole dozens of cases of the drink, led Vegas police on high-speed chase",
    "url": "https://boingboing.net/2022/07/29/self-proclaimed-red-bull-addict-and-accomplice-allegedly-stole-dozens-of-cases-of-the-drink-led-vegas-police-on-high-speed-chase.html"
  },
  {
    "text": "\n\tDavid Pescovitz",
    "url": "https://boingboing.net/author/david_pescovitz"
  },
  {
    "text": "\n\t\t\t\t\t\t\t        \n\t                        ",
    "url": "https://boingboing.net/2022/07/29/weather-channel-apologizes-for-tv-graphic-stating-this-is-your-weather-my-niers.html"
  },
  {
    "text": "cable TV",
    "url": " https://boingboing.net/tag/cable-tv"
  },
  {
    "text": "Weather Channel apologizes for TV graphic stating: \"This is your weather my Ni**ers.\"",
    "url": "https://boingboing.net/2022/07/29/weather-channel-apologizes-for-tv-graphic-stating-this-is-your-weather-my-niers.html"
  },
  {
    "text": "\n\tDavid Pescovitz",
    "url": "https://boingboing.net/author/david_pescovitz"
  },
  {
    "text": "\n\t\t\t\t\t\t\t        \n\t                        ",
    "url": "https://boingboing.net/2022/07/29/soccer-wife-loses-uk-libel-case-against-other-soccer-wife-who-sleuthed-her-as-tabloid-leaker-and-told-the-world.html"
  },
  {
    "text": "wagatha christie",
    "url": " https://boingboing.net/tag/wagatha-christie"
  },
  {
    "text": "Soccer wife loses UK libel case against other soccer wife who sleuthed her as tabloid leaker and told the world",
    "url": "https://boingboing.net/2022/07/29/soccer-wife-loses-uk-libel-case-against-other-soccer-wife-who-sleuthed-her-as-tabloid-leaker-and-told-the-world.html"
  },
  {
    "text": "\n\tRob Beschizza",
    "url": "https://boingboing.net/author/rob_beschizza"
  },
  {
    "text": "\n\t\t\t\t\t\t\t        \n\t                        ",
    "url": "https://boingboing.net/2022/07/29/how-the-tom-ford-fragrance-fucking-fabulous-was-named.html"
  },
  {
    "text": "F-word",
    "url": " https://boingboing.net/tag/f-word"
  },
  {
    "text": "How the Tom Ford fragrance \"Fucking Fabulous\" was named",
    "url": "https://boingboing.net/2022/07/29/how-the-tom-ford-fragrance-fucking-fabulous-was-named.html"
  },
  {
    "text": "\n\tRusty Blazenhoff",
    "url": "https://boingboing.net/author/blazenhoff_1"
  },
  {
    "text": "\n\t\t\t\t\t\t\t        \n\t                        ",
    "url": "https://boingboing.net/2022/07/29/watch-the-making-of-daft-punks-around-the-world-music-video.html"
  },
  {
    "text": "making of",
    "url": " https://boingboing.net/tag/making-of"
  },
  {
    "text": "Watch the making of Daft Punk's \"Around The World\" music video",
    "url": "https://boingboing.net/2022/07/29/watch-the-making-of-daft-punks-around-the-world-music-video.html"
  },
  {
    "text": "\n\tAndrew Yi",
    "url": "https://boingboing.net/author/andrewyi"
  },
  {
    "text": "\n\t\t\t\t\t\t\t        \n\t                        ",
    "url": "https://boingboing.net/2022/07/29/how-to-better-answer-so-what-do-you-do.html"
  },
  {
    "text": "Clay Hebert",
    "url": " https://boingboing.net/tag/clay-hebert"
  },
  {
    "text": "How to better answer \"So, what do you do?\"",
    "url": "https://boingboing.net/2022/07/29/how-to-better-answer-so-what-do-you-do.html"
  },
  {
    "text": "\n\tRusty Blazenhoff",
    "url": "https://boingboing.net/author/blazenhoff_1"
  },
  {
    "text": "\n\t\t\t\t\t\t\t        \n\t                        ",
    "url": "https://boingboing.net/2022/07/29/florida-man-uses-stolen-truck-while-warning-space-force-about-a-war-between-aliens-and-chinese-dragons.html"
  },
  {
    "text": "space force",
    "url": " https://boingboing.net/tag/space-force"
  },
  {
    "text": "Florida man uses stolen truck while warning Space Force about a war between aliens and Chinese dragons",
    "url": "https://boingboing.net/2022/07/29/florida-man-uses-stolen-truck-while-warning-space-force-about-a-war-between-aliens-and-chinese-dragons.html"
  },
  {
    "text": "\n\tDevin Nealy",
    "url": "https://boingboing.net/author/dnealy"
  },
  {
    "text": "Next",
    "url": "https://boingboing.net/page/2"
  },
  {
    "text": "POST FOR FREE, GET FEATURED HERE",
    "url": "https://sellwild.com/?p=boingboing&utm_source=boingboing&utm_content=widget-header"
  },
  {
    "text": "  $16,000  1966 Ed Roth Trike  ",
    "url": "https://sellwild.com/itemDetail/104297439/?p=boingboing&utm_source=boingboing"
  },
  {
    "text": "  $50  (Set of 6) Natural Sardonyx Quartz Crystal Decorative Mushro...  ",
    "url": "https://sellwild.com/itemDetail/104296421/?p=boingboing&utm_source=boingboing"
  },
  {
    "text": "  $3,500  Bomber Bass Boat  ",
    "url": "https://sellwild.com/itemDetail/104297435/?p=boingboing&utm_source=boingboing"
  },
  {
    "text": "  $500  iPhone 12pro max  ",
    "url": "https://sellwild.com/itemDetail/104297251/?p=boingboing&utm_source=boingboing"
  },
  {
    "text": "",
    "url": "https://sellwild.com/post?p=boingboing&utm_source=boingboing&utm_content=watermark"
  },
  {
    "text": "These for sale listings + lightweight ads are from the Sellwild Marketplace.  Click to sell your own items for FREE (featured here & on other top sites with millions of daily users).",
    "url": "https://sellwild.com/post?p=boingboing&utm_source=boingboing&utm_content=watermark-popover"
  },
  {
    "text": "Terms\n                            of\n                            Service",
    "url": "https://boingboing.net/tos"
  },
  {
    "text": "Privacy Policy",
    "url": "https://boingboing.net/privacy"
  },
  {
    "text": "Community Guidelines",
    "url": "https://bbs.boingboing.net/faq"
  },
  {
    "text": "a Creative Commons\n                            license",
    "url": "https://creativecommons.org/licenses/by-nc-sa/3.0/deed.en_US"
  },
  {
    "text": "Mark Frauenfelder",
    "url": "https://twitter.com/frauenfelder"
  },
  {
    "text": "David Pescovitz",
    "url": "https://twitter.com/pesco"
  },
  {
    "text": "Rob Beschizza",
    "url": "https://twitter.com/beschizza"
  },
  {
    "text": "Carla Sinclair",
    "url": "https://twitter.com/carla_sinclair"
  },
  {
    "text": "Jason Weisberger",
    "url": "https://twitter.com/jlw"
  },
  {
    "text": "Ken Snider",
    "url": "https://twitter.com/orenwolf"
  },
  {
    "text": "About Us",
    "url": "https://boingboing.net/about"
  },
  {
    "text": "Contact Us",
    "url": "https://boingboing.net/contact"
  },
  {
    "text": "Advertise",
    "url": "https://boingboing.net/advertise"
  },
  {
    "text": "Forums",
    "url": "https://bbs.boingboing.net"
  },
  {
    "text": "Shop",
    "url": "https://store.boingboing.net"
  },
  {
    "text": "Report a Bad Ad",
    "url": "https://freestar.com/bad-ads/"
  },
  {
    "text": "Shop Support",
    "url": "https://bit.ly/boingboingdealssupport"
  }
]