[
  {
    "text": "",
    "url": "#dat-menu"
  },
  {
    "text": "",
    "url": "#"
  },
  {
    "text": "",
    "url": "https://breckenridgetexan.com"
  },
  {
    "text": "",
    "url": "https://www.breckenridgetexan.com"
  },
  {
    "text": "\u00a0Sponsored Advert\u00a0",
    "url": "https://breckenridgetexan.com/contact-us/"
  },
  {
    "text": "Home",
    "url": "https://breckenridgetexan.com/"
  },
  {
    "text": "News",
    "url": "https://breckenridgetexan.com/news/"
  },
  {
    "text": "Lifestyles",
    "url": "https://breckenridgetexan.com/lifestyles/"
  },
  {
    "text": "Sports",
    "url": "https://breckenridgetexan.com/sports/"
  },
  {
    "text": "Obituaries",
    "url": "https://breckenridgetexan.com/obituaries/"
  },
  {
    "text": "About Us\u00a0",
    "url": "https://breckenridgetexan.com/about-us/"
  },
  {
    "text": "About Us",
    "url": "https://breckenridgetexan.com/about-us/"
  },
  {
    "text": "Contact Us",
    "url": "https://breckenridgetexan.com/contact-us/"
  },
  {
    "text": "Coronavirus News",
    "url": "https://breckenridgetexan.com/coronavirus-news/"
  },
  {
    "text": "Photo galleries",
    "url": "https://breckenridgetexan.com/breckenridge-in-pictures/"
  },
  {
    "text": "Email Newsletter",
    "url": "https://breckenridgetexan.com/email-newsletter/"
  },
  {
    "text": "Home",
    "url": "https://breckenridgetexan.com/"
  },
  {
    "text": "News",
    "url": "https://breckenridgetexan.com/news/"
  },
  {
    "text": "Lifestyles",
    "url": "https://breckenridgetexan.com/lifestyles/"
  },
  {
    "text": "Sports",
    "url": "https://breckenridgetexan.com/sports/"
  },
  {
    "text": "Obituaries",
    "url": "https://breckenridgetexan.com/obituaries/"
  },
  {
    "text": "About Us\u00a0",
    "url": "https://breckenridgetexan.com/about-us/"
  },
  {
    "text": "About Us",
    "url": "https://breckenridgetexan.com/about-us/"
  },
  {
    "text": "Contact Us",
    "url": "https://breckenridgetexan.com/contact-us/"
  },
  {
    "text": "Coronavirus News",
    "url": "https://breckenridgetexan.com/coronavirus-news/"
  },
  {
    "text": "Photo galleries",
    "url": "https://breckenridgetexan.com/breckenridge-in-pictures/"
  },
  {
    "text": "Email Newsletter",
    "url": "https://breckenridgetexan.com/email-newsletter/"
  },
  {
    "text": "\u2630",
    "url": "#dat-menu"
  },
  {
    "text": "\n\t\t\t\t\t\t\tIt\u2019s hot, but how does 2022 compare to past years?\n\t\t\t\t\t\t\t\n\t\t\t\t\t\t",
    "url": "https://breckenridgetexan.com/2022/07/10/its-hot-but-how-does-2022-compare-to-past-years/"
  },
  {
    "text": "\n\t\t\t\t\t\t\tVolunteers decorate veterans\u2019 graves for Memorial Day; annual ceremony scheduled for Monday morning at courthouse\n\t\t\t\t\t\t\t\n\t\t\t\t\t\t",
    "url": "https://breckenridgetexan.com/2022/05/29/volunteers-decorate-veterans-graves-for-memorial-day-annual-ceremony-scheduled-for-monday-morning-at-courthouse/"
  },
  {
    "text": "\n\t\t\t\t\t\t\tEighth graders compete for Big Brain trophy\n\t\t\t\t\t\t\t\n\t\t\t\t\t\t",
    "url": "https://breckenridgetexan.com/2022/05/27/eighth-graders-compete-for-big-brain-trophy/"
  },
  {
    "text": "\n\t\t\t\t\t\t\tJunior high art exhibit on display at Breckenridge Fine Arts Center\n\t\t\t\t\t\t\t\n\t\t\t\t\t\t",
    "url": "https://breckenridgetexan.com/2022/05/19/junior-high-art-exhibit-on-display-at-breckenridge-fine-arts-center/"
  },
  {
    "text": "\n\t\t\t\t\t\t\tCandlelight vigil honors Stephens County foster children\n\t\t\t\t\t\t\t\n\t\t\t\t\t\t",
    "url": "https://breckenridgetexan.com/2022/05/01/candlelight-vigil-honors-stephens-county-foster-children/"
  },
  {
    "text": "\n\t\t\t\t\t\t\tPicketville Chapter of Daughters of the Republic of Texas celebrates 10th anniversary\n\t\t\t\t\t\t\t\n\t\t\t\t\t\t",
    "url": "https://breckenridgetexan.com/2022/04/18/picketville-chapter-of-daughters-of-the-republic-of-texas-celebrates-10th-anniversary/"
  },
  {
    "text": "0",
    "url": "#"
  },
  {
    "text": "1",
    "url": "#"
  },
  {
    "text": "2",
    "url": "#"
  },
  {
    "text": "3",
    "url": "#"
  },
  {
    "text": "4",
    "url": "#"
  },
  {
    "text": "5",
    "url": "#"
  },
  {
    "text": "Back To Homepage",
    "url": "https://breckenridgetexan.com"
  },
  {
    "text": "Hamburger cookout this weekend to benefit United Fund",
    "url": "https://breckenridgetexan.com/2022/07/29/hamburger-cookout-this-weekend-to-benefit-united-fund/"
  },
  {
    "text": "\u00a0",
    "url": "https://breckenridgetexan.com/wp-content/uploads/2022/07/UnitedFundraiser.jpg"
  },
  {
    "text": "\u00a0",
    "url": "https://breckenridgetexan.com/2022/07/29/hamburger-cookout-this-weekend-to-benefit-united-fund/"
  },
  {
    "text": "Read Full Article",
    "url": "https://breckenridgetexan.com/2022/07/29/hamburger-cookout-this-weekend-to-benefit-united-fund/"
  },
  {
    "text": "TSTC accepting Vocational Nursing applications through September",
    "url": "https://breckenridgetexan.com/2022/07/27/tstc-accepting-vocational-nursing-applications-through-september/"
  },
  {
    "text": "\u00a0",
    "url": "https://breckenridgetexan.com/wp-content/uploads/2022/03/drew-young3425tstcstudent-cropped.jpg"
  },
  {
    "text": "\u00a0",
    "url": "https://breckenridgetexan.com/2022/07/27/tstc-accepting-vocational-nursing-applications-through-september/"
  },
  {
    "text": "Read Full Article",
    "url": "https://breckenridgetexan.com/2022/07/27/tstc-accepting-vocational-nursing-applications-through-september/"
  },
  {
    "text": "Fire destroys Breckenridge family\u2019s home; donations being accepted",
    "url": "https://breckenridgetexan.com/2022/07/26/fire-destroys-breckenridge-familys-home-donations-being-accepted/"
  },
  {
    "text": "\u00a0",
    "url": "https://breckenridgetexan.com/wp-content/uploads/2022/07/Fire-Photo-1-edit.jpg"
  },
  {
    "text": "\u00a0",
    "url": "https://breckenridgetexan.com/2022/07/26/fire-destroys-breckenridge-familys-home-donations-being-accepted/"
  },
  {
    "text": "Read Full Article",
    "url": "https://breckenridgetexan.com/2022/07/26/fire-destroys-breckenridge-familys-home-donations-being-accepted/"
  },
  {
    "text": "Breckenridge, Hubbard Creek fire departments fighting house fire on North Harvey",
    "url": "https://breckenridgetexan.com/2022/07/25/breckenridge-hubbard-creek-fire-departments-fighting-house-fire-on-north-harvey/"
  },
  {
    "text": "\u00a0",
    "url": "https://breckenridgetexan.com/2022/07/25/breckenridge-hubbard-creek-fire-departments-fighting-house-fire-on-north-harvey/"
  },
  {
    "text": "Read Full Article",
    "url": "https://breckenridgetexan.com/2022/07/25/breckenridge-hubbard-creek-fire-departments-fighting-house-fire-on-north-harvey/"
  },
  {
    "text": "Local firefighters battle weekend blazes; county judge raises funds for VFDs",
    "url": "https://breckenridgetexan.com/2022/07/25/local-firefighters-battle-weekend-blazes-county-judge-raises-funds-for-vfds/"
  },
  {
    "text": "\u00a0",
    "url": "https://breckenridgetexan.com/2022/07/25/local-firefighters-battle-weekend-blazes-county-judge-raises-funds-for-vfds/"
  },
  {
    "text": "Read Full Article",
    "url": "https://breckenridgetexan.com/2022/07/25/local-firefighters-battle-weekend-blazes-county-judge-raises-funds-for-vfds/"
  },
  {
    "text": "BISD to offer free summer meals to kids through Aug. 8",
    "url": "https://breckenridgetexan.com/2022/07/24/bisd-to-offer-free-summer-meals-to-kids-through-aug-8/"
  },
  {
    "text": "\u00a0",
    "url": "https://breckenridgetexan.com/2022/07/24/bisd-to-offer-free-summer-meals-to-kids-through-aug-8/"
  },
  {
    "text": "Read Full Article",
    "url": "https://breckenridgetexan.com/2022/07/24/bisd-to-offer-free-summer-meals-to-kids-through-aug-8/"
  },
  {
    "text": "Breckenridge Buckaroos\u2019 annual Watermelon Scrimmage & Media Day to kick off football season on Aug. 6",
    "url": "https://breckenridgetexan.com/2022/07/24/breckenridge-buckaroos-annual-watermelon-scrimmage-media-day-to-kick-off-football-season-on-aug-6/"
  },
  {
    "text": "\u00a0",
    "url": "https://breckenridgetexan.com/2022/07/24/breckenridge-buckaroos-annual-watermelon-scrimmage-media-day-to-kick-off-football-season-on-aug-6/"
  },
  {
    "text": "Read Full Article",
    "url": "https://breckenridgetexan.com/2022/07/24/breckenridge-buckaroos-annual-watermelon-scrimmage-media-day-to-kick-off-football-season-on-aug-6/"
  },
  {
    "text": "TSTC to provide OSHA training in Breckenridge and other West Texas campuses",
    "url": "https://breckenridgetexan.com/2022/07/23/tstc-to-provide-osha-training-in-breckenridge-and-other-west-texas-campuses/"
  },
  {
    "text": "\u00a0",
    "url": "https://breckenridgetexan.com/2022/07/23/tstc-to-provide-osha-training-in-breckenridge-and-other-west-texas-campuses/"
  },
  {
    "text": "Read Full Article",
    "url": "https://breckenridgetexan.com/2022/07/23/tstc-to-provide-osha-training-in-breckenridge-and-other-west-texas-campuses/"
  },
  {
    "text": "Annual Juried Art Show to open at BFAC on Saturday, July 23",
    "url": "https://breckenridgetexan.com/2022/07/22/annual-juried-art-show-to-open-at-bfac-on-saturday-july-23/"
  },
  {
    "text": "\u00a0",
    "url": "https://breckenridgetexan.com/2022/07/22/annual-juried-art-show-to-open-at-bfac-on-saturday-july-23/"
  },
  {
    "text": "Read Full Article",
    "url": "https://breckenridgetexan.com/2022/07/22/annual-juried-art-show-to-open-at-bfac-on-saturday-july-23/"
  },
  {
    "text": "View More Articles",
    "url": "https://breckenridgetexan.com/category/obituaries/"
  },
  {
    "text": "\u00a0",
    "url": "https://breckenridgetexan.com/wp-content/uploads/2022/07/JuneWillingham.jpg"
  },
  {
    "text": "\u00a0",
    "url": "https://breckenridgetexan.com/2022/07/28/june-willingham/"
  },
  {
    "text": "June Willingham",
    "url": "https://breckenridgetexan.com/2022/07/28/june-willingham/"
  },
  {
    "text": "Read Full Article",
    "url": "https://breckenridgetexan.com/2022/07/28/june-willingham/"
  },
  {
    "text": "Joann Dabbs",
    "url": "https://breckenridgetexan.com/2022/07/25/joann-dabbs/"
  },
  {
    "text": "Heath Alan Mosley",
    "url": "https://breckenridgetexan.com/2022/07/24/heath-alan-mosley/"
  },
  {
    "text": "Dale Thurman Deaton, Sr.",
    "url": "https://breckenridgetexan.com/2022/07/18/dale-deaton-sr/"
  },
  {
    "text": "Carter A. Fore",
    "url": "https://breckenridgetexan.com/2022/07/06/carter-a-fore/"
  },
  {
    "text": "Lacy Roop",
    "url": "https://breckenridgetexan.com/2022/07/05/lacy-roop/"
  },
  {
    "text": "Waylon James Wilson",
    "url": "https://breckenridgetexan.com/2022/07/05/waylon-james-wilson/"
  },
  {
    "text": "Jennifer Renae Horton",
    "url": "https://breckenridgetexan.com/2022/06/30/jennifer-renae-horton/"
  },
  {
    "text": "Josephine A. Garcia",
    "url": "https://breckenridgetexan.com/2022/06/27/josephine-a-garcia/"
  },
  {
    "text": "View More Articles",
    "url": "https://breckenridgetexan.com/category/lifestyles/"
  },
  {
    "text": "\u00a0",
    "url": "https://breckenridgetexan.com/wp-content/uploads/2022/07/APC_0044.jpg"
  },
  {
    "text": "\u00a0",
    "url": "https://breckenridgetexan.com/2022/07/22/annual-juried-art-show-to-open-at-bfac-on-saturday-july-23/"
  },
  {
    "text": "Annual Juried Art Show to open at BFAC on Saturday, July 23",
    "url": "https://breckenridgetexan.com/2022/07/22/annual-juried-art-show-to-open-at-bfac-on-saturday-july-23/"
  },
  {
    "text": "Read Full Article",
    "url": "https://breckenridgetexan.com/2022/07/22/annual-juried-art-show-to-open-at-bfac-on-saturday-july-23/"
  },
  {
    "text": "Garage sale to benefit Swenson Memorial Museum",
    "url": "https://breckenridgetexan.com/2022/06/28/garage-sale-to-benefit-swenson-memorial-museum/"
  },
  {
    "text": "Breckenridge\u2019s summer theater camp presents \u2018The Frog Prince\u2019 at Bailey Auditorium",
    "url": "https://breckenridgetexan.com/2022/06/21/breckenridges-summer-theater-camp-presents-the-frog-prince-at-bailey-auditorium/"
  },
  {
    "text": "Summer theater camp to present \u2018The Frog Prince\u2019 on Saturday, June 18, in Bailey Auditorium",
    "url": "https://breckenridgetexan.com/2022/06/17/summer-theater-camp-to-present-the-frog-prince-on-saturday-june-18-in-bailey-auditorium/"
  },
  {
    "text": "Juneteenth celebration scheduled for June 18 in Breckenridge\u2019s Booker T. Washington Park",
    "url": "https://breckenridgetexan.com/2022/06/15/juneteenth-celebration-scheduled-for-june-18-in-breckenridges-booker-t-washington-park/"
  },
  {
    "text": "Local AgriLife Extension Office to offer summer classes for kids in grades 3-12",
    "url": "https://breckenridgetexan.com/2022/06/06/local-agrilife-extension-office-to-offer-summer-classes-for-kids-in-grades-3-12/"
  },
  {
    "text": "Local children, adults enthralled with exotic animals at Breckenridge Fine Arts Center, Library program",
    "url": "https://breckenridgetexan.com/2022/06/03/local-children-adults-enthralled-with-exotic-animals-at-breckenridge-fine-arts-center-library-program/"
  },
  {
    "text": "Junior high art exhibit on display at Breckenridge Fine Arts Center",
    "url": "https://breckenridgetexan.com/2022/05/19/junior-high-art-exhibit-on-display-at-breckenridge-fine-arts-center/"
  },
  {
    "text": "Breckenridge Fine Arts Center accepting entries for annual juried show, competition",
    "url": "https://breckenridgetexan.com/2022/04/24/breckenridge-fine-arts-center-accepting-entries-for-annual-juried-show-competition/"
  },
  {
    "text": "View More Articles",
    "url": "https://breckenridgetexan.com/category/sports/"
  },
  {
    "text": "\u00a0",
    "url": "https://breckenridgetexan.com/wp-content/uploads/2021/08/bucks-watermelon-scrimmage-5882.jpg"
  },
  {
    "text": "\u00a0",
    "url": "https://breckenridgetexan.com/2022/07/24/breckenridge-buckaroos-annual-watermelon-scrimmage-media-day-to-kick-off-football-season-on-aug-6/"
  },
  {
    "text": "Breckenridge Buckaroos\u2019 annual Watermelon Scrimmage & Media Day to kick off football season on Aug. 6",
    "url": "https://breckenridgetexan.com/2022/07/24/breckenridge-buckaroos-annual-watermelon-scrimmage-media-day-to-kick-off-football-season-on-aug-6/"
  },
  {
    "text": "Read Full Article",
    "url": "https://breckenridgetexan.com/2022/07/24/breckenridge-buckaroos-annual-watermelon-scrimmage-media-day-to-kick-off-football-season-on-aug-6/"
  },
  {
    "text": "Breckenridge-Albany Little League team to play in Texas West State Tournament on Wednesday",
    "url": "https://breckenridgetexan.com/2022/07/11/breckenridge-albany-little-league-team-to-play-in-texas-west-state-tournament-on-wednesday/"
  },
  {
    "text": "Stamford\u2019s Coach Cyndi Herrera to lead Lady Bucks softball next year",
    "url": "https://breckenridgetexan.com/2022/06/16/stamfords-coach-cyndi-herrera-to-lead-lady-bucks-softball-next-year/"
  },
  {
    "text": "Breckenridge\u2019s Lehr wins gold medal at State Track Meet; Buckaroo team places second overall",
    "url": "https://breckenridgetexan.com/2022/05/13/breckenridges-lehr-wins-gold-medal-at-state-track-meet-buckaroo-team-places-second-overall/"
  },
  {
    "text": "Breckenridge community cheers Buckaroos as they leave for State track meet",
    "url": "https://breckenridgetexan.com/2022/05/11/breckenridge-community-cheers-buckaroos-as-they-leave-for-state-track-meet/"
  },
  {
    "text": "Buckaroos to compete at State track meet on Thursday; send-off planned for Wednesday morning",
    "url": "https://breckenridgetexan.com/2022/05/10/buckaroos-to-compete-at-state-track-meet-on-thursday-send-off-planned-for-wednesday-morning/"
  },
  {
    "text": "McPhail brothers named KTXS Student Athletes of the Week",
    "url": "https://breckenridgetexan.com/2022/04/25/mcphail-brothers-named-ktxs-student-athletes-of-the-week/"
  },
  {
    "text": "Breckenridge places first in Buckaroo and Bulldog Relays; Lehr breaks school record",
    "url": "https://breckenridgetexan.com/2022/04/03/breckenridge-places-first-in-buckaroo-and-bulldog-relays-lehr-breaks-school-record/"
  },
  {
    "text": "Buckaroo Booster Club to host Texas Hold \u2018Em fundraiser",
    "url": "https://breckenridgetexan.com/2022/02/21/buckaroo-booster-club-to-host-texas-hold-em-fundraiser/"
  },
  {
    "text": "Pearce says Buckaroos will prepare for tough new district opponents",
    "url": "https://breckenridgetexan.com/2022/02/06/pearce-says-buckaroos-will-prepare-for-tough-new-district-opponents/"
  },
  {
    "text": "View More Articles",
    "url": "https://breckenridgetexan.com/category/texasnews/"
  },
  {
    "text": "\u00a0",
    "url": "https://breckenridgetexan.com/wp-content/uploads/2020/01/pumping-gas-cropped.jpg"
  },
  {
    "text": "\u00a0",
    "url": "https://breckenridgetexan.com/2022/07/25/national-gas-prices-drop-for-sixth-straight-week-as-texas-has-lowest-average-price/"
  },
  {
    "text": "National gas prices drop for sixth straight week as Texas has lowest average price",
    "url": "https://breckenridgetexan.com/2022/07/25/national-gas-prices-drop-for-sixth-straight-week-as-texas-has-lowest-average-price/"
  },
  {
    "text": "Read Full Article",
    "url": "https://breckenridgetexan.com/2022/07/25/national-gas-prices-drop-for-sixth-straight-week-as-texas-has-lowest-average-price/"
  },
  {
    "text": "Falling gas prices trend continues for fifth week",
    "url": "https://breckenridgetexan.com/2022/07/18/falling-gas-prices-trend-continues-for-fifth-week/"
  },
  {
    "text": "Gas prices continue to decrease, but risk of spike remains, according to GasBuddy",
    "url": "https://breckenridgetexan.com/2022/07/11/gas-prices-continue-to-decrease-but-risk-of-spike-remains-according-to-gasbuddy/"
  },
  {
    "text": "Average gas prices drop for third straight week, but trend could reverse, according to fuel experts",
    "url": "https://breckenridgetexan.com/2022/07/05/34227/"
  },
  {
    "text": "Drop in oil prices ushers in lower prices at the pump",
    "url": "https://breckenridgetexan.com/2022/06/27/drop-in-oil-prices-ushers-in-lower-prices-at-the-pump/"
  },
  {
    "text": "Average gas prices drop for the first time in nine weeks, according to GasBuddy",
    "url": "https://breckenridgetexan.com/2022/06/21/average-gas-prices-drop-for-the-first-time-in-nine-weeks-according-to-gasbuddy/"
  },
  {
    "text": "Texas gas prices continue to increase, but remain lower than national average",
    "url": "https://breckenridgetexan.com/2022/06/13/texas-gas-prices-continue-to-increase-but-remain-lower-than-national-average/"
  },
  {
    "text": "Average gas prices in Texas jumped almost 34 cents per gallon last week, according to GasBuddy",
    "url": "https://breckenridgetexan.com/2022/06/06/average-gas-prices-in-texas-jumped-almost-34-cents-per-gallon-last-week-according-to-gasbuddy/"
  },
  {
    "text": "Petroleum analyst predicts national average for gas will reach $5/gallon",
    "url": "https://breckenridgetexan.com/2022/06/01/petroleum-analyst-predicts-national-average-for-gas-will-reach-5-gallon/"
  },
  {
    "text": "Gas prices will be at highest Memorial Day level ever, according to expert",
    "url": "https://breckenridgetexan.com/2022/05/23/gas-prices-will-be-at-highest-memorial-day-level-ever-according-to-expert/"
  },
  {
    "text": "View More Articles",
    "url": "https://breckenridgetexan.com/category/letters/"
  },
  {
    "text": "\u00a0",
    "url": "https://breckenridgetexan.com/wp-content/uploads/2020/05/swimming-pool-1.jpg"
  },
  {
    "text": "\u00a0",
    "url": "https://breckenridgetexan.com/2022/06/12/letter-to-the-editor-reader-expresses-disappointment-about-city-pool-being-closed-on-saturdays/"
  },
  {
    "text": "Letter to the Editor: Reader expresses disappointment about City Pool being closed on Saturdays",
    "url": "https://breckenridgetexan.com/2022/06/12/letter-to-the-editor-reader-expresses-disappointment-about-city-pool-being-closed-on-saturdays/"
  },
  {
    "text": "Read Full Article",
    "url": "https://breckenridgetexan.com/2022/06/12/letter-to-the-editor-reader-expresses-disappointment-about-city-pool-being-closed-on-saturdays/"
  },
  {
    "text": "Letter to the Editor: Reader encourages Stephens County residents to vote for Rogers",
    "url": "https://breckenridgetexan.com/2022/05/16/letter-to-the-editor-reader-encourages-stephens-county-residents-to-vote-for-rogers/"
  },
  {
    "text": "Letter to the Editor: Reader commends Breckenridge Texan coverage of animal shelter situation",
    "url": "https://breckenridgetexan.com/2022/02/21/letter-to-the-editor-reader-commends-breckenridge-texan-coverage-of-animal-shelter-situation/"
  },
  {
    "text": "Letter to the Editor: Endorsement for D\u2019Jean Thompson",
    "url": "https://breckenridgetexan.com/2022/02/16/letter-to-the-editor-endorsement-for-djean-thompson/"
  },
  {
    "text": "Letter to Editor: Reader supports Glenn Rogers in 2022 election",
    "url": "https://breckenridgetexan.com/2022/02/16/letter-to-editor-reader-supports-glenn-rogers-in-2022-election/"
  },
  {
    "text": "Letter to the Editor: Sheriff Will Holt responds to recent allegations",
    "url": "https://breckenridgetexan.com/2020/11/01/letter-to-the-editor-sheriff-will-holt-responds-to-recent-allegations/"
  },
  {
    "text": "Letter to the Editor: Candidate for Sheriff addresses allegations by opponent",
    "url": "https://breckenridgetexan.com/2020/10/30/letter-to-the-editor-candidate-for-sheriff-addresses-allegations-by-opponent/"
  },
  {
    "text": "Letter to the Editor: Wayland VFD says thank you to Breckenridge Elks Lodge #1480",
    "url": "https://breckenridgetexan.com/2020/10/28/letter-to-the-editor-wayland-vfd-says-thank-you-to-elks-lodge-1480/"
  },
  {
    "text": "Letter: Glenn Rogers stands in support with Breckenridge Texan",
    "url": "https://breckenridgetexan.com/2020/07/26/letter-glenn-rogers-stands-in-support-with-breckenridge-texan/"
  },
  {
    "text": "Letter to the Editor: Local Tax Office to stop processing watercraft registrations",
    "url": "https://breckenridgetexan.com/2020/06/29/letter-to-the-editor-local-tax-office-to-stop-processing-watercraft-registrations/"
  },
  {
    "text": "View More Articles",
    "url": "https://breckenridgetexan.com/category/celebrations/"
  },
  {
    "text": "\u00a0",
    "url": "https://breckenridgetexan.com/wp-content/uploads/2019/01/Anniversary-Kitchens3.jpg"
  },
  {
    "text": "\u00a0",
    "url": "https://breckenridgetexan.com/2019/01/18/sharon-and-lance-kitchens-to-celebrate-50th-anniversary/"
  },
  {
    "text": "Sharon and Lance Kitchens to celebrate 50th anniversary",
    "url": "https://breckenridgetexan.com/2019/01/18/sharon-and-lance-kitchens-to-celebrate-50th-anniversary/"
  },
  {
    "text": "Read Full Article",
    "url": "https://breckenridgetexan.com/2019/01/18/sharon-and-lance-kitchens-to-celebrate-50th-anniversary/"
  },
  {
    "text": "",
    "url": "https://www.breckenridgetexan.com"
  },
  {
    "text": "\n\t\t\t\t\t\t\t\t\u00a0Sponsored Advert\u00a0\n\t\t\t\t\t\t\t",
    "url": "https://breckenridgetexan.com/contact-us/"
  },
  {
    "text": "",
    "url": ""
  },
  {
    "text": "",
    "url": "http://www.fnbab.com"
  },
  {
    "text": "",
    "url": ""
  },
  {
    "text": "",
    "url": "http://www.fnbab.com"
  },
  {
    "text": "",
    "url": ""
  },
  {
    "text": "",
    "url": "http://www.fnbab.com"
  },
  {
    "text": "",
    "url": "http://www.877500tips.com"
  },
  {
    "text": "",
    "url": "http://www.877500tips.com"
  },
  {
    "text": "",
    "url": "http://www.877500tips.com"
  },
  {
    "text": "",
    "url": "http://www.877500tips.com"
  },
  {
    "text": "",
    "url": "http://www.877500tips.com"
  },
  {
    "text": "BISD FIRST DAY OF SCHOOL The first day of classes for the 2022-23 school year for all BISD campuses will be on Wednesday, Aug. 17.",
    "url": "#"
  },
  {
    "text": "BUCKAROO WATERMELON SCRIMMAGE The annual Buckaroo Watermelon Football Scrimmage and Media Day will be held Saturday, Aug. 6 at Buckaroo Stadium. The event will start with photos at 9 a.m. Following the photo sessions, the junior varsity will scrimmage, and then the varsity Buckaroos will take the field for their scrimmage. Watermelon will be served after the game. The scrimmage will be free and open to the public.",
    "url": "https://breckenridgetexan.com/2022/07/24/breckenridge-buckaroos-annual-watermelon-scrimmage-media-day-to-kick-off-football-season-on-aug-6/"
  },
  {
    "text": "More Articles",
    "url": "https://breckenridgetexan.com/category/calendar/"
  },
  {
    "text": "Calendar of Events",
    "url": "https://breckenridgetexan.com/2021/01/24/calendar-of-events-2-15-2020/"
  },
  {
    "text": "Read Full Article",
    "url": "https://breckenridgetexan.com/2021/01/24/calendar-of-events-2-15-2020/"
  },
  {
    "text": "all galleries",
    "url": "https://breckenridgetexan.com/breckenridge-in-pictures/"
  },
  {
    "text": "",
    "url": "#"
  },
  {
    "text": "",
    "url": "#"
  },
  {
    "text": "\n\t\t\t\t\t\t\t\t\t\t\t\t\t\t\n\t\t\t\t\t\t\t\t\t\t\t\t\t",
    "url": "javascript:void(0);"
  },
  {
    "text": "\n\t\t\t\t\t\t\t\t\t\t\t\t\t\t\n\t\t\t\t\t\t\t\t\t\t\t\t\t",
    "url": "javascript:void(0);"
  },
  {
    "text": "\n\t\t\t\t\t\t\t\t\t\t\t\t\t\t\n\t\t\t\t\t\t\t\t\t\t\t\t\t",
    "url": "javascript:void(0);"
  },
  {
    "text": "\n\t\t\t\t\t\t\t\t\t\t\t\t\t\t\n\t\t\t\t\t\t\t\t\t\t\t\t\t",
    "url": "javascript:void(0);"
  },
  {
    "text": "\n\t\t\t\t\t\t\t\t\t\t\t\t\t\t\n\t\t\t\t\t\t\t\t\t\t\t\t\t",
    "url": "javascript:void(0);"
  },
  {
    "text": "\n\t\t\t\t\t\t\t\t\t\t\t\t\t\t\n\t\t\t\t\t\t\t\t\t\t\t\t\t",
    "url": "javascript:void(0);"
  },
  {
    "text": "\n\t\t\t\t\t\t\t\t\t\t\t\t\t\t\n\t\t\t\t\t\t\t\t\t\t\t\t\t",
    "url": "javascript:void(0);"
  },
  {
    "text": "\n\t\t\t\t\t\t\t\t\t\t\t\t\t\t\n\t\t\t\t\t\t\t\t\t\t\t\t\t",
    "url": "javascript:void(0);"
  },
  {
    "text": "\n\t\t\t\t\t\t\t\t\t\t\t\t\t\t\n\t\t\t\t\t\t\t\t\t\t\t\t\t",
    "url": "javascript:void(0);"
  },
  {
    "text": "\n\t\t\t\t\t\t\t\t\t\t\t\t\t\t\n\t\t\t\t\t\t\t\t\t\t\t\t\t",
    "url": "javascript:void(0);"
  },
  {
    "text": "\n\t\t\t\t\t\t\t\t\t\t\t\t\t\t\n\t\t\t\t\t\t\t\t\t\t\t\t\t",
    "url": "javascript:void(0);"
  },
  {
    "text": "\n\t\t\t\t\t\t\t\t\t\t\t\t\t\t\n\t\t\t\t\t\t\t\t\t\t\t\t\t",
    "url": "javascript:void(0);"
  },
  {
    "text": "\n\t\t\t\t\t\t\t\t\t\t\t\t\t\t\n\t\t\t\t\t\t\t\t\t\t\t\t\t",
    "url": "javascript:void(0);"
  },
  {
    "text": "\n\t\t\t\t\t\t\t\t\t\t\t\t\t\t\n\t\t\t\t\t\t\t\t\t\t\t\t\t",
    "url": "javascript:void(0);"
  },
  {
    "text": "\n\t\t\t\t\t\t\t\t\t\t\t\t\t\t\n\t\t\t\t\t\t\t\t\t\t\t\t\t",
    "url": "javascript:void(0);"
  },
  {
    "text": "\n\t\t\t\t\t\t\t\t\t\t\t\t\t\t\n\t\t\t\t\t\t\t\t\t\t\t\t\t",
    "url": "javascript:void(0);"
  },
  {
    "text": "\n\t\t\t\t\t\t\t\t\t\t\t\t\t\t\n\t\t\t\t\t\t\t\t\t\t\t\t\t",
    "url": "javascript:void(0);"
  },
  {
    "text": "\n\t\t\t\t\t\t\t\t\t\t\t\t\t\t\n\t\t\t\t\t\t\t\t\t\t\t\t\t",
    "url": "javascript:void(0);"
  },
  {
    "text": "\n\t\t\t\t\t\t\t\t\t\t\t\t\t\t\n\t\t\t\t\t\t\t\t\t\t\t\t\t",
    "url": "javascript:void(0);"
  },
  {
    "text": "\n\t\t\t\t\t\t\t\t\t\t\t\t\t\t\n\t\t\t\t\t\t\t\t\t\t\t\t\t",
    "url": "javascript:void(0);"
  },
  {
    "text": "\n\t\t\t\t\t\t\t\t\t\t\t\t\t\t\n\t\t\t\t\t\t\t\t\t\t\t\t\t",
    "url": "javascript:void(0);"
  },
  {
    "text": "\n\t\t\t\t\t\t\t\t\t\t\t\t\t\t\n\t\t\t\t\t\t\t\t\t\t\t\t\t",
    "url": "javascript:void(0);"
  },
  {
    "text": "\n\t\t\t\t\t\t\t\t\t\t\t\t\t\t\n\t\t\t\t\t\t\t\t\t\t\t\t\t",
    "url": "javascript:void(0);"
  },
  {
    "text": "\n\t\t\t\t\t\t\t\t\t\t\t\t\t\t\n\t\t\t\t\t\t\t\t\t\t\t\t\t",
    "url": "javascript:void(0);"
  },
  {
    "text": "\n\t\t\t\t\t\t\t\t\t\t\t\t\t\t\n\t\t\t\t\t\t\t\t\t\t\t\t\t",
    "url": "javascript:void(0);"
  },
  {
    "text": "\n\t\t\t\t\t\t\t\t\t\t\t\t\t\t\n\t\t\t\t\t\t\t\t\t\t\t\t\t",
    "url": "javascript:void(0);"
  },
  {
    "text": "\n\t\t\t\t\t\t\t\t\t\t\t\t\t\t\n\t\t\t\t\t\t\t\t\t\t\t\t\t",
    "url": "javascript:void(0);"
  },
  {
    "text": "\n\t\t\t\t\t\t\t\t\t\t\t\t\t\t\n\t\t\t\t\t\t\t\t\t\t\t\t\t",
    "url": "javascript:void(0);"
  },
  {
    "text": "\n\t\t\t\t\t\t\t\t\t\t\t\t\t\t\n\t\t\t\t\t\t\t\t\t\t\t\t\t",
    "url": "javascript:void(0);"
  },
  {
    "text": "\n\t\t\t\t\t\t\t\t\t\t\t\t\t\t\n\t\t\t\t\t\t\t\t\t\t\t\t\t",
    "url": "javascript:void(0);"
  },
  {
    "text": "\n\t\t\t\t\t\t\t\t\t\t\t\t\t\t\n\t\t\t\t\t\t\t\t\t\t\t\t\t",
    "url": "javascript:void(0);"
  },
  {
    "text": "\n\t\t\t\t\t\t\t\t\t\t\t\t\t\t\n\t\t\t\t\t\t\t\t\t\t\t\t\t",
    "url": "javascript:void(0);"
  },
  {
    "text": "\n\t\t\t\t\t\t\t\t\t\t\t\t\t\t\n\t\t\t\t\t\t\t\t\t\t\t\t\t",
    "url": "javascript:void(0);"
  },
  {
    "text": "\n\t\t\t\t\t\t\t\t\t\t\t\t\t\t\n\t\t\t\t\t\t\t\t\t\t\t\t\t",
    "url": "javascript:void(0);"
  },
  {
    "text": "\u2018The Frog Prince\u2019 summer theater camp at Bailey Auditorium in photos by Nathalie Wilhite",
    "url": "https://breckenridgetexan.com/gallery/the-frog-prince-summer-theater-camp-at-bailey-auditorium-in-photos-by-nathalie-wilhite/"
  },
  {
    "text": "",
    "url": "#"
  },
  {
    "text": "",
    "url": "#"
  },
  {
    "text": "\n\t\t\t\t\t\t\t\t\t\t\t\t\t\t\n\t\t\t\t\t\t\t\t\t\t\t\t\t",
    "url": "javascript:void(0);"
  },
  {
    "text": "\n\t\t\t\t\t\t\t\t\t\t\t\t\t\t\n\t\t\t\t\t\t\t\t\t\t\t\t\t",
    "url": "javascript:void(0);"
  },
  {
    "text": "\n\t\t\t\t\t\t\t\t\t\t\t\t\t\t\n\t\t\t\t\t\t\t\t\t\t\t\t\t",
    "url": "javascript:void(0);"
  },
  {
    "text": "\n\t\t\t\t\t\t\t\t\t\t\t\t\t\t\n\t\t\t\t\t\t\t\t\t\t\t\t\t",
    "url": "javascript:void(0);"
  },
  {
    "text": "\n\t\t\t\t\t\t\t\t\t\t\t\t\t\t\n\t\t\t\t\t\t\t\t\t\t\t\t\t",
    "url": "javascript:void(0);"
  },
  {
    "text": "\n\t\t\t\t\t\t\t\t\t\t\t\t\t\t\n\t\t\t\t\t\t\t\t\t\t\t\t\t",
    "url": "javascript:void(0);"
  },
  {
    "text": "\n\t\t\t\t\t\t\t\t\t\t\t\t\t\t\n\t\t\t\t\t\t\t\t\t\t\t\t\t",
    "url": "javascript:void(0);"
  },
  {
    "text": "\n\t\t\t\t\t\t\t\t\t\t\t\t\t\t\n\t\t\t\t\t\t\t\t\t\t\t\t\t",
    "url": "javascript:void(0);"
  },
  {
    "text": "\n\t\t\t\t\t\t\t\t\t\t\t\t\t\t\n\t\t\t\t\t\t\t\t\t\t\t\t\t",
    "url": "javascript:void(0);"
  },
  {
    "text": "\n\t\t\t\t\t\t\t\t\t\t\t\t\t\t\n\t\t\t\t\t\t\t\t\t\t\t\t\t",
    "url": "javascript:void(0);"
  },
  {
    "text": "\n\t\t\t\t\t\t\t\t\t\t\t\t\t\t\n\t\t\t\t\t\t\t\t\t\t\t\t\t",
    "url": "javascript:void(0);"
  },
  {
    "text": "\n\t\t\t\t\t\t\t\t\t\t\t\t\t\t\n\t\t\t\t\t\t\t\t\t\t\t\t\t",
    "url": "javascript:void(0);"
  },
  {
    "text": "\n\t\t\t\t\t\t\t\t\t\t\t\t\t\t\n\t\t\t\t\t\t\t\t\t\t\t\t\t",
    "url": "javascript:void(0);"
  },
  {
    "text": "\n\t\t\t\t\t\t\t\t\t\t\t\t\t\t\n\t\t\t\t\t\t\t\t\t\t\t\t\t",
    "url": "javascript:void(0);"
  },
  {
    "text": "\n\t\t\t\t\t\t\t\t\t\t\t\t\t\t\n\t\t\t\t\t\t\t\t\t\t\t\t\t",
    "url": "javascript:void(0);"
  },
  {
    "text": "\n\t\t\t\t\t\t\t\t\t\t\t\t\t\t\n\t\t\t\t\t\t\t\t\t\t\t\t\t",
    "url": "javascript:void(0);"
  },
  {
    "text": "\n\t\t\t\t\t\t\t\t\t\t\t\t\t\t\n\t\t\t\t\t\t\t\t\t\t\t\t\t",
    "url": "javascript:void(0);"
  },
  {
    "text": "\n\t\t\t\t\t\t\t\t\t\t\t\t\t\t\n\t\t\t\t\t\t\t\t\t\t\t\t\t",
    "url": "javascript:void(0);"
  },
  {
    "text": "\n\t\t\t\t\t\t\t\t\t\t\t\t\t\t\n\t\t\t\t\t\t\t\t\t\t\t\t\t",
    "url": "javascript:void(0);"
  },
  {
    "text": "\u2018Welcome to the Real World\u2019 program at BHS",
    "url": "https://breckenridgetexan.com/gallery/welcome-to-the-real-world-program-at-bhs/"
  },
  {
    "text": "",
    "url": "#"
  },
  {
    "text": "",
    "url": "#"
  },
  {
    "text": "\n\t\t\t\t\t\t\t\t\t\t\t\t\t\t\n\t\t\t\t\t\t\t\t\t\t\t\t\t",
    "url": "javascript:void(0);"
  },
  {
    "text": "\n\t\t\t\t\t\t\t\t\t\t\t\t\t\t\n\t\t\t\t\t\t\t\t\t\t\t\t\t",
    "url": "javascript:void(0);"
  },
  {
    "text": "\n\t\t\t\t\t\t\t\t\t\t\t\t\t\t\n\t\t\t\t\t\t\t\t\t\t\t\t\t",
    "url": "javascript:void(0);"
  },
  {
    "text": "\n\t\t\t\t\t\t\t\t\t\t\t\t\t\t\n\t\t\t\t\t\t\t\t\t\t\t\t\t",
    "url": "javascript:void(0);"
  },
  {
    "text": "\n\t\t\t\t\t\t\t\t\t\t\t\t\t\t\n\t\t\t\t\t\t\t\t\t\t\t\t\t",
    "url": "javascript:void(0);"
  },
  {
    "text": "\n\t\t\t\t\t\t\t\t\t\t\t\t\t\t\n\t\t\t\t\t\t\t\t\t\t\t\t\t",
    "url": "javascript:void(0);"
  },
  {
    "text": "\n\t\t\t\t\t\t\t\t\t\t\t\t\t\t\n\t\t\t\t\t\t\t\t\t\t\t\t\t",
    "url": "javascript:void(0);"
  },
  {
    "text": "\n\t\t\t\t\t\t\t\t\t\t\t\t\t\t\n\t\t\t\t\t\t\t\t\t\t\t\t\t",
    "url": "javascript:void(0);"
  },
  {
    "text": "\n\t\t\t\t\t\t\t\t\t\t\t\t\t\t\n\t\t\t\t\t\t\t\t\t\t\t\t\t",
    "url": "javascript:void(0);"
  },
  {
    "text": "\n\t\t\t\t\t\t\t\t\t\t\t\t\t\t\n\t\t\t\t\t\t\t\t\t\t\t\t\t",
    "url": "javascript:void(0);"
  },
  {
    "text": "\n\t\t\t\t\t\t\t\t\t\t\t\t\t\t\n\t\t\t\t\t\t\t\t\t\t\t\t\t",
    "url": "javascript:void(0);"
  },
  {
    "text": "\n\t\t\t\t\t\t\t\t\t\t\t\t\t\t\n\t\t\t\t\t\t\t\t\t\t\t\t\t",
    "url": "javascript:void(0);"
  },
  {
    "text": "\n\t\t\t\t\t\t\t\t\t\t\t\t\t\t\n\t\t\t\t\t\t\t\t\t\t\t\t\t",
    "url": "javascript:void(0);"
  },
  {
    "text": "\n\t\t\t\t\t\t\t\t\t\t\t\t\t\t\n\t\t\t\t\t\t\t\t\t\t\t\t\t",
    "url": "javascript:void(0);"
  },
  {
    "text": "\n\t\t\t\t\t\t\t\t\t\t\t\t\t\t\n\t\t\t\t\t\t\t\t\t\t\t\t\t",
    "url": "javascript:void(0);"
  },
  {
    "text": "\n\t\t\t\t\t\t\t\t\t\t\t\t\t\t\n\t\t\t\t\t\t\t\t\t\t\t\t\t",
    "url": "javascript:void(0);"
  },
  {
    "text": "\n\t\t\t\t\t\t\t\t\t\t\t\t\t\t\n\t\t\t\t\t\t\t\t\t\t\t\t\t",
    "url": "javascript:void(0);"
  },
  {
    "text": "\n\t\t\t\t\t\t\t\t\t\t\t\t\t\t\n\t\t\t\t\t\t\t\t\t\t\t\t\t",
    "url": "javascript:void(0);"
  },
  {
    "text": "\n\t\t\t\t\t\t\t\t\t\t\t\t\t\t\n\t\t\t\t\t\t\t\t\t\t\t\t\t",
    "url": "javascript:void(0);"
  },
  {
    "text": "\n\t\t\t\t\t\t\t\t\t\t\t\t\t\t\n\t\t\t\t\t\t\t\t\t\t\t\t\t",
    "url": "javascript:void(0);"
  },
  {
    "text": "\n\t\t\t\t\t\t\t\t\t\t\t\t\t\t\n\t\t\t\t\t\t\t\t\t\t\t\t\t",
    "url": "javascript:void(0);"
  },
  {
    "text": "\n\t\t\t\t\t\t\t\t\t\t\t\t\t\t\n\t\t\t\t\t\t\t\t\t\t\t\t\t",
    "url": "javascript:void(0);"
  },
  {
    "text": "\n\t\t\t\t\t\t\t\t\t\t\t\t\t\t\n\t\t\t\t\t\t\t\t\t\t\t\t\t",
    "url": "javascript:void(0);"
  },
  {
    "text": "\n\t\t\t\t\t\t\t\t\t\t\t\t\t\t\n\t\t\t\t\t\t\t\t\t\t\t\t\t",
    "url": "javascript:void(0);"
  },
  {
    "text": "\n\t\t\t\t\t\t\t\t\t\t\t\t\t\t\n\t\t\t\t\t\t\t\t\t\t\t\t\t",
    "url": "javascript:void(0);"
  },
  {
    "text": "\n\t\t\t\t\t\t\t\t\t\t\t\t\t\t\n\t\t\t\t\t\t\t\t\t\t\t\t\t",
    "url": "javascript:void(0);"
  },
  {
    "text": "\n\t\t\t\t\t\t\t\t\t\t\t\t\t\t\n\t\t\t\t\t\t\t\t\t\t\t\t\t",
    "url": "javascript:void(0);"
  },
  {
    "text": "\n\t\t\t\t\t\t\t\t\t\t\t\t\t\t\n\t\t\t\t\t\t\t\t\t\t\t\t\t",
    "url": "javascript:void(0);"
  },
  {
    "text": "\n\t\t\t\t\t\t\t\t\t\t\t\t\t\t\n\t\t\t\t\t\t\t\t\t\t\t\t\t",
    "url": "javascript:void(0);"
  },
  {
    "text": "\n\t\t\t\t\t\t\t\t\t\t\t\t\t\t\n\t\t\t\t\t\t\t\t\t\t\t\t\t",
    "url": "javascript:void(0);"
  },
  {
    "text": "\n\t\t\t\t\t\t\t\t\t\t\t\t\t\t\n\t\t\t\t\t\t\t\t\t\t\t\t\t",
    "url": "javascript:void(0);"
  },
  {
    "text": "\n\t\t\t\t\t\t\t\t\t\t\t\t\t\t\n\t\t\t\t\t\t\t\t\t\t\t\t\t",
    "url": "javascript:void(0);"
  },
  {
    "text": "\n\t\t\t\t\t\t\t\t\t\t\t\t\t\t\n\t\t\t\t\t\t\t\t\t\t\t\t\t",
    "url": "javascript:void(0);"
  },
  {
    "text": "\n\t\t\t\t\t\t\t\t\t\t\t\t\t\t\n\t\t\t\t\t\t\t\t\t\t\t\t\t",
    "url": "javascript:void(0);"
  },
  {
    "text": "\n\t\t\t\t\t\t\t\t\t\t\t\t\t\t\n\t\t\t\t\t\t\t\t\t\t\t\t\t",
    "url": "javascript:void(0);"
  },
  {
    "text": "\n\t\t\t\t\t\t\t\t\t\t\t\t\t\t\n\t\t\t\t\t\t\t\t\t\t\t\t\t",
    "url": "javascript:void(0);"
  },
  {
    "text": "\n\t\t\t\t\t\t\t\t\t\t\t\t\t\t\n\t\t\t\t\t\t\t\t\t\t\t\t\t",
    "url": "javascript:void(0);"
  },
  {
    "text": "\n\t\t\t\t\t\t\t\t\t\t\t\t\t\t\n\t\t\t\t\t\t\t\t\t\t\t\t\t",
    "url": "javascript:void(0);"
  },
  {
    "text": "\n\t\t\t\t\t\t\t\t\t\t\t\t\t\t\n\t\t\t\t\t\t\t\t\t\t\t\t\t",
    "url": "javascript:void(0);"
  },
  {
    "text": "\n\t\t\t\t\t\t\t\t\t\t\t\t\t\t\n\t\t\t\t\t\t\t\t\t\t\t\t\t",
    "url": "javascript:void(0);"
  },
  {
    "text": "\n\t\t\t\t\t\t\t\t\t\t\t\t\t\t\n\t\t\t\t\t\t\t\t\t\t\t\t\t",
    "url": "javascript:void(0);"
  },
  {
    "text": "\n\t\t\t\t\t\t\t\t\t\t\t\t\t\t\n\t\t\t\t\t\t\t\t\t\t\t\t\t",
    "url": "javascript:void(0);"
  },
  {
    "text": "\n\t\t\t\t\t\t\t\t\t\t\t\t\t\t\n\t\t\t\t\t\t\t\t\t\t\t\t\t",
    "url": "javascript:void(0);"
  },
  {
    "text": "\n\t\t\t\t\t\t\t\t\t\t\t\t\t\t\n\t\t\t\t\t\t\t\t\t\t\t\t\t",
    "url": "javascript:void(0);"
  },
  {
    "text": "\n\t\t\t\t\t\t\t\t\t\t\t\t\t\t\n\t\t\t\t\t\t\t\t\t\t\t\t\t",
    "url": "javascript:void(0);"
  },
  {
    "text": "\n\t\t\t\t\t\t\t\t\t\t\t\t\t\t\n\t\t\t\t\t\t\t\t\t\t\t\t\t",
    "url": "javascript:void(0);"
  },
  {
    "text": "\n\t\t\t\t\t\t\t\t\t\t\t\t\t\t\n\t\t\t\t\t\t\t\t\t\t\t\t\t",
    "url": "javascript:void(0);"
  },
  {
    "text": "\n\t\t\t\t\t\t\t\t\t\t\t\t\t\t\n\t\t\t\t\t\t\t\t\t\t\t\t\t",
    "url": "javascript:void(0);"
  },
  {
    "text": "\n\t\t\t\t\t\t\t\t\t\t\t\t\t\t\n\t\t\t\t\t\t\t\t\t\t\t\t\t",
    "url": "javascript:void(0);"
  },
  {
    "text": "\n\t\t\t\t\t\t\t\t\t\t\t\t\t\t\n\t\t\t\t\t\t\t\t\t\t\t\t\t",
    "url": "javascript:void(0);"
  },
  {
    "text": "\n\t\t\t\t\t\t\t\t\t\t\t\t\t\t\n\t\t\t\t\t\t\t\t\t\t\t\t\t",
    "url": "javascript:void(0);"
  },
  {
    "text": "\n\t\t\t\t\t\t\t\t\t\t\t\t\t\t\n\t\t\t\t\t\t\t\t\t\t\t\t\t",
    "url": "javascript:void(0);"
  },
  {
    "text": "\n\t\t\t\t\t\t\t\t\t\t\t\t\t\t\n\t\t\t\t\t\t\t\t\t\t\t\t\t",
    "url": "javascript:void(0);"
  },
  {
    "text": "\n\t\t\t\t\t\t\t\t\t\t\t\t\t\t\n\t\t\t\t\t\t\t\t\t\t\t\t\t",
    "url": "javascript:void(0);"
  },
  {
    "text": "\n\t\t\t\t\t\t\t\t\t\t\t\t\t\t\n\t\t\t\t\t\t\t\t\t\t\t\t\t",
    "url": "javascript:void(0);"
  },
  {
    "text": "\n\t\t\t\t\t\t\t\t\t\t\t\t\t\t\n\t\t\t\t\t\t\t\t\t\t\t\t\t",
    "url": "javascript:void(0);"
  },
  {
    "text": "\n\t\t\t\t\t\t\t\t\t\t\t\t\t\t\n\t\t\t\t\t\t\t\t\t\t\t\t\t",
    "url": "javascript:void(0);"
  },
  {
    "text": "\n\t\t\t\t\t\t\t\t\t\t\t\t\t\t\n\t\t\t\t\t\t\t\t\t\t\t\t\t",
    "url": "javascript:void(0);"
  },
  {
    "text": "\n\t\t\t\t\t\t\t\t\t\t\t\t\t\t\n\t\t\t\t\t\t\t\t\t\t\t\t\t",
    "url": "javascript:void(0);"
  },
  {
    "text": "\n\t\t\t\t\t\t\t\t\t\t\t\t\t\t\n\t\t\t\t\t\t\t\t\t\t\t\t\t",
    "url": "javascript:void(0);"
  },
  {
    "text": "\n\t\t\t\t\t\t\t\t\t\t\t\t\t\t\n\t\t\t\t\t\t\t\t\t\t\t\t\t",
    "url": "javascript:void(0);"
  },
  {
    "text": "\n\t\t\t\t\t\t\t\t\t\t\t\t\t\t\n\t\t\t\t\t\t\t\t\t\t\t\t\t",
    "url": "javascript:void(0);"
  },
  {
    "text": "\n\t\t\t\t\t\t\t\t\t\t\t\t\t\t\n\t\t\t\t\t\t\t\t\t\t\t\t\t",
    "url": "javascript:void(0);"
  },
  {
    "text": "\n\t\t\t\t\t\t\t\t\t\t\t\t\t\t\n\t\t\t\t\t\t\t\t\t\t\t\t\t",
    "url": "javascript:void(0);"
  },
  {
    "text": "\n\t\t\t\t\t\t\t\t\t\t\t\t\t\t\n\t\t\t\t\t\t\t\t\t\t\t\t\t",
    "url": "javascript:void(0);"
  },
  {
    "text": "\n\t\t\t\t\t\t\t\t\t\t\t\t\t\t\n\t\t\t\t\t\t\t\t\t\t\t\t\t",
    "url": "javascript:void(0);"
  },
  {
    "text": "\n\t\t\t\t\t\t\t\t\t\t\t\t\t\t\n\t\t\t\t\t\t\t\t\t\t\t\t\t",
    "url": "javascript:void(0);"
  },
  {
    "text": "\n\t\t\t\t\t\t\t\t\t\t\t\t\t\t\n\t\t\t\t\t\t\t\t\t\t\t\t\t",
    "url": "javascript:void(0);"
  },
  {
    "text": "\n\t\t\t\t\t\t\t\t\t\t\t\t\t\t\n\t\t\t\t\t\t\t\t\t\t\t\t\t",
    "url": "javascript:void(0);"
  },
  {
    "text": "\n\t\t\t\t\t\t\t\t\t\t\t\t\t\t\n\t\t\t\t\t\t\t\t\t\t\t\t\t",
    "url": "javascript:void(0);"
  },
  {
    "text": "\n\t\t\t\t\t\t\t\t\t\t\t\t\t\t\n\t\t\t\t\t\t\t\t\t\t\t\t\t",
    "url": "javascript:void(0);"
  },
  {
    "text": "\n\t\t\t\t\t\t\t\t\t\t\t\t\t\t\n\t\t\t\t\t\t\t\t\t\t\t\t\t",
    "url": "javascript:void(0);"
  },
  {
    "text": "\n\t\t\t\t\t\t\t\t\t\t\t\t\t\t\n\t\t\t\t\t\t\t\t\t\t\t\t\t",
    "url": "javascript:void(0);"
  },
  {
    "text": "\n\t\t\t\t\t\t\t\t\t\t\t\t\t\t\n\t\t\t\t\t\t\t\t\t\t\t\t\t",
    "url": "javascript:void(0);"
  },
  {
    "text": "\n\t\t\t\t\t\t\t\t\t\t\t\t\t\t\n\t\t\t\t\t\t\t\t\t\t\t\t\t",
    "url": "javascript:void(0);"
  },
  {
    "text": "\n\t\t\t\t\t\t\t\t\t\t\t\t\t\t\n\t\t\t\t\t\t\t\t\t\t\t\t\t",
    "url": "javascript:void(0);"
  },
  {
    "text": "\n\t\t\t\t\t\t\t\t\t\t\t\t\t\t\n\t\t\t\t\t\t\t\t\t\t\t\t\t",
    "url": "javascript:void(0);"
  },
  {
    "text": "\n\t\t\t\t\t\t\t\t\t\t\t\t\t\t\n\t\t\t\t\t\t\t\t\t\t\t\t\t",
    "url": "javascript:void(0);"
  },
  {
    "text": "\n\t\t\t\t\t\t\t\t\t\t\t\t\t\t\n\t\t\t\t\t\t\t\t\t\t\t\t\t",
    "url": "javascript:void(0);"
  },
  {
    "text": "\n\t\t\t\t\t\t\t\t\t\t\t\t\t\t\n\t\t\t\t\t\t\t\t\t\t\t\t\t",
    "url": "javascript:void(0);"
  },
  {
    "text": "\n\t\t\t\t\t\t\t\t\t\t\t\t\t\t\n\t\t\t\t\t\t\t\t\t\t\t\t\t",
    "url": "javascript:void(0);"
  },
  {
    "text": "\n\t\t\t\t\t\t\t\t\t\t\t\t\t\t\n\t\t\t\t\t\t\t\t\t\t\t\t\t",
    "url": "javascript:void(0);"
  },
  {
    "text": "\n\t\t\t\t\t\t\t\t\t\t\t\t\t\t\n\t\t\t\t\t\t\t\t\t\t\t\t\t",
    "url": "javascript:void(0);"
  },
  {
    "text": "\n\t\t\t\t\t\t\t\t\t\t\t\t\t\t\n\t\t\t\t\t\t\t\t\t\t\t\t\t",
    "url": "javascript:void(0);"
  },
  {
    "text": "\n\t\t\t\t\t\t\t\t\t\t\t\t\t\t\n\t\t\t\t\t\t\t\t\t\t\t\t\t",
    "url": "javascript:void(0);"
  },
  {
    "text": "\n\t\t\t\t\t\t\t\t\t\t\t\t\t\t\n\t\t\t\t\t\t\t\t\t\t\t\t\t",
    "url": "javascript:void(0);"
  },
  {
    "text": "\n\t\t\t\t\t\t\t\t\t\t\t\t\t\t\n\t\t\t\t\t\t\t\t\t\t\t\t\t",
    "url": "javascript:void(0);"
  },
  {
    "text": "\n\t\t\t\t\t\t\t\t\t\t\t\t\t\t\n\t\t\t\t\t\t\t\t\t\t\t\t\t",
    "url": "javascript:void(0);"
  },
  {
    "text": "\n\t\t\t\t\t\t\t\t\t\t\t\t\t\t\n\t\t\t\t\t\t\t\t\t\t\t\t\t",
    "url": "javascript:void(0);"
  },
  {
    "text": "\n\t\t\t\t\t\t\t\t\t\t\t\t\t\t\n\t\t\t\t\t\t\t\t\t\t\t\t\t",
    "url": "javascript:void(0);"
  },
  {
    "text": "\n\t\t\t\t\t\t\t\t\t\t\t\t\t\t\n\t\t\t\t\t\t\t\t\t\t\t\t\t",
    "url": "javascript:void(0);"
  },
  {
    "text": "\n\t\t\t\t\t\t\t\t\t\t\t\t\t\t\n\t\t\t\t\t\t\t\t\t\t\t\t\t",
    "url": "javascript:void(0);"
  },
  {
    "text": "\n\t\t\t\t\t\t\t\t\t\t\t\t\t\t\n\t\t\t\t\t\t\t\t\t\t\t\t\t",
    "url": "javascript:void(0);"
  },
  {
    "text": "\n\t\t\t\t\t\t\t\t\t\t\t\t\t\t\n\t\t\t\t\t\t\t\t\t\t\t\t\t",
    "url": "javascript:void(0);"
  },
  {
    "text": "\n\t\t\t\t\t\t\t\t\t\t\t\t\t\t\n\t\t\t\t\t\t\t\t\t\t\t\t\t",
    "url": "javascript:void(0);"
  },
  {
    "text": "\n\t\t\t\t\t\t\t\t\t\t\t\t\t\t\n\t\t\t\t\t\t\t\t\t\t\t\t\t",
    "url": "javascript:void(0);"
  },
  {
    "text": "\n\t\t\t\t\t\t\t\t\t\t\t\t\t\t\n\t\t\t\t\t\t\t\t\t\t\t\t\t",
    "url": "javascript:void(0);"
  },
  {
    "text": "\n\t\t\t\t\t\t\t\t\t\t\t\t\t\t\n\t\t\t\t\t\t\t\t\t\t\t\t\t",
    "url": "javascript:void(0);"
  },
  {
    "text": "\n\t\t\t\t\t\t\t\t\t\t\t\t\t\t\n\t\t\t\t\t\t\t\t\t\t\t\t\t",
    "url": "javascript:void(0);"
  },
  {
    "text": "\n\t\t\t\t\t\t\t\t\t\t\t\t\t\t\n\t\t\t\t\t\t\t\t\t\t\t\t\t",
    "url": "javascript:void(0);"
  },
  {
    "text": "Breckenridge High School 2022 Graduation in Pictures",
    "url": "https://breckenridgetexan.com/gallery/breckenridge-high-school-2022-graduation-in-pictures/"
  },
  {
    "text": "2020 March Primary",
    "url": "https://breckenridgetexan.com/2020-march-primary/"
  },
  {
    "text": "About Us",
    "url": "https://breckenridgetexan.com/about-us/"
  },
  {
    "text": "Breckenridge In Pictures",
    "url": "https://breckenridgetexan.com/breckenridge-in-pictures/"
  },
  {
    "text": "Contact Us",
    "url": "https://breckenridgetexan.com/contact-us/"
  },
  {
    "text": "Coronavirus News",
    "url": "https://breckenridgetexan.com/coronavirus-news/"
  },
  {
    "text": "Email Newsletter",
    "url": "https://breckenridgetexan.com/email-newsletter/"
  },
  {
    "text": "Frontier Days 2018",
    "url": "https://breckenridgetexan.com/frontier-days-2018/"
  },
  {
    "text": "Lifestyles",
    "url": "https://breckenridgetexan.com/lifestyles/"
  },
  {
    "text": "Looking back at the 2018 Stephens County Junior Livestock Show",
    "url": "https://breckenridgetexan.com/looking-back-at-the-stockshow/"
  },
  {
    "text": "Looking back at the 2019 Stephens County Junior Livestock Show",
    "url": "https://breckenridgetexan.com/looking-back-at-the-2019-stephens-county-junior-livestock-show/"
  },
  {
    "text": "News",
    "url": "https://breckenridgetexan.com/news/"
  },
  {
    "text": "Obituaries",
    "url": "https://breckenridgetexan.com/obituaries/"
  },
  {
    "text": "Sports",
    "url": "https://breckenridgetexan.com/sports/"
  },
  {
    "text": "Texas News",
    "url": "https://breckenridgetexan.com/texas-news/"
  },
  {
    "text": "Agriculture",
    "url": "https://breckenridgetexan.com/texas-news/agriculture/"
  },
  {
    "text": "Outdoors",
    "url": "https://breckenridgetexan.com/texas-news/outdoors/"
  },
  {
    "text": "Viewpoints",
    "url": "https://breckenridgetexan.com/viewpoints/"
  },
  {
    "text": "Log in",
    "url": "https://breckenridgetexan.com/wp-login.php"
  },
  {
    "text": "Entries feed",
    "url": "https://breckenridgetexan.com/feed/"
  },
  {
    "text": "Comments feed",
    "url": "https://breckenridgetexan.com/comments/feed/"
  },
  {
    "text": "WordPress.org",
    "url": "https://wordpress.org/"
  },
  {
    "text": "Sign up for our  e-newsletter Click Here",
    "url": "https://breckenridgetexan.com/email-newsletter/"
  },
  {
    "text": "Home",
    "url": "https://breckenridgetexan.com/"
  },
  {
    "text": "News",
    "url": "https://breckenridgetexan.com/news/"
  },
  {
    "text": "Lifestyles",
    "url": "https://breckenridgetexan.com/lifestyles/"
  },
  {
    "text": "Sports",
    "url": "https://breckenridgetexan.com/sports/"
  },
  {
    "text": "Obituaries",
    "url": "https://breckenridgetexan.com/obituaries/"
  },
  {
    "text": "About Us",
    "url": "https://breckenridgetexan.com/about-us/"
  },
  {
    "text": "Coronavirus News",
    "url": "https://breckenridgetexan.com/coronavirus-news/"
  },
  {
    "text": "Photo galleries",
    "url": "https://breckenridgetexan.com/breckenridge-in-pictures/"
  },
  {
    "text": "Email Newsletter",
    "url": "https://breckenridgetexan.com/email-newsletter/"
  },
  {
    "text": "",
    "url": "http://orange-themes.com"
  },
  {
    "text": "Close Window",
    "url": "#"
  },
  {
    "text": "",
    "url": "#top"
  },
  {
    "text": "Home",
    "url": "https://breckenridgetexan.com/"
  },
  {
    "text": "News",
    "url": "https://breckenridgetexan.com/news/"
  },
  {
    "text": "Lifestyles",
    "url": "https://breckenridgetexan.com/lifestyles/"
  },
  {
    "text": "Sports",
    "url": "https://breckenridgetexan.com/sports/"
  },
  {
    "text": "Obituaries",
    "url": "https://breckenridgetexan.com/obituaries/"
  },
  {
    "text": "About Us\u00a0",
    "url": "https://breckenridgetexan.com/about-us/"
  },
  {
    "text": "About Us",
    "url": "https://breckenridgetexan.com/about-us/"
  },
  {
    "text": "Contact Us",
    "url": "https://breckenridgetexan.com/contact-us/"
  },
  {
    "text": "Coronavirus News",
    "url": "https://breckenridgetexan.com/coronavirus-news/"
  },
  {
    "text": "Photo galleries",
    "url": "https://breckenridgetexan.com/breckenridge-in-pictures/"
  },
  {
    "text": "Email Newsletter",
    "url": "https://breckenridgetexan.com/email-newsletter/"
  },
  {
    "text": "Home",
    "url": "https://breckenridgetexan.com/"
  },
  {
    "text": "News",
    "url": "https://breckenridgetexan.com/news/"
  },
  {
    "text": "Lifestyles",
    "url": "https://breckenridgetexan.com/lifestyles/"
  },
  {
    "text": "Sports",
    "url": "https://breckenridgetexan.com/sports/"
  },
  {
    "text": "Obituaries",
    "url": "https://breckenridgetexan.com/obituaries/"
  },
  {
    "text": "About Us",
    "url": "https://breckenridgetexan.com/about-us/"
  },
  {
    "text": "Coronavirus News",
    "url": "https://breckenridgetexan.com/coronavirus-news/"
  },
  {
    "text": "Photo galleries",
    "url": "https://breckenridgetexan.com/breckenridge-in-pictures/"
  },
  {
    "text": "Email Newsletter",
    "url": "https://breckenridgetexan.com/email-newsletter/"
  }
]