[
  {
    "text": "Donate",
    "url": "https://checkout.fundjournalism.org/memberform?org_id=calmatters&campaign=7015w000001ImtUAAS"
  },
  {
    "text": "About Us",
    "url": "/about"
  },
  {
    "text": "Facebook",
    "url": "https://www.facebook.com/calmatters/"
  },
  {
    "text": "Instagram",
    "url": "https://www.instagram.com/calmatters/"
  },
  {
    "text": "LinkedIn",
    "url": "https://www.linkedin.com/company/calmatters/"
  },
  {
    "text": "Twitter",
    "url": "https://twitter.com/CalMatters"
  },
  {
    "text": "YouTube",
    "url": "https://www.youtube.com/channel/UCNQv9nDu2_r5zbgtUQungeA"
  },
  {
    "text": "2022 Voter Guide",
    "url": "https://calmatters.org/california-voter-guide-2022/"
  },
  {
    "text": "Politics",
    "url": "https://calmatters.org/category/politics/"
  },
  {
    "text": "California Legislator Tracker",
    "url": "https://calmatters.org/legislator-tracker/home/"
  },
  {
    "text": "Votebeat",
    "url": "https://calmatters.org/category/politics/votebeat/"
  },
  {
    "text": "Inside the Capitol",
    "url": "https://calmatters.org/category/politics/inside-california-capitol/"
  },
  {
    "text": "Justice",
    "url": "https://calmatters.org/category/justice/"
  },
  {
    "text": "California Divide",
    "url": "https://calmatters.org/projects/california-divide/"
  },
  {
    "text": "Housing",
    "url": "https://calmatters.org/category/housing/"
  },
  {
    "text": "Immigration",
    "url": "https://calmatters.org/category/immigration/"
  },
  {
    "text": "Labor",
    "url": "https://calmatters.org/category/economy/labor/"
  },
  {
    "text": "Economy",
    "url": "https://calmatters.org/category/economy/"
  },
  {
    "text": "California\u2019s Pension Crisis",
    "url": "https://calmatters.org/category/economy/california-pension-crisis/"
  },
  {
    "text": "Poverty",
    "url": "https://calmatters.org/category/economy/poverty/"
  },
  {
    "text": "Education",
    "url": "https://calmatters.org/category/education/"
  },
  {
    "text": "College Beat",
    "url": "https://calmatters.org/projects/college-journalism-network/"
  },
  {
    "text": "Disaster Days",
    "url": "https://calmatters.org/category/education/disaster-days-school-closures-california-wildfire-guns-outage-flood/"
  },
  {
    "text": "K-12 Education",
    "url": "https://calmatters.org/category/education/k-12-education/"
  },
  {
    "text": "Higher Education",
    "url": "https://calmatters.org/category/education/higher-education/"
  },
  {
    "text": "Children and Youth",
    "url": "https://calmatters.org/category/children-and-youth/"
  },
  {
    "text": "Environment",
    "url": "https://calmatters.org/category/environment/"
  },
  {
    "text": "Building Efficiency",
    "url": "https://calmatters.org/category/environment/building-efficiency/"
  },
  {
    "text": "California Wildfires",
    "url": "https://calmatters.org/category/environment/california-wildfires/"
  },
  {
    "text": "Climate Change",
    "url": "https://calmatters.org/category/environment/climate-change/"
  },
  {
    "text": "Drought",
    "url": "https://calmatters.org/california-drought-water/"
  },
  {
    "text": "Rising Seas",
    "url": "https://calmatters.org/category/environment/rising-seas/"
  },
  {
    "text": "Water",
    "url": "https://calmatters.org/category/environment/water/"
  },
  {
    "text": "Health",
    "url": "https://calmatters.org/category/health/"
  },
  {
    "text": "Coronavirus",
    "url": "https://calmatters.org/category/health/coronavirus/"
  },
  {
    "text": "Breakdown: Mental Health",
    "url": "https://calmatters.org/category/health/breakdown-mental-health/"
  },
  {
    "text": "Drug Costs",
    "url": "https://calmatters.org/category/health/drug-costs/"
  },
  {
    "text": "Wellness",
    "url": "https://calmatters.org/category/health/wellness/"
  },
  {
    "text": "Commentary",
    "url": "https://calmatters.org/category/commentary/"
  },
  {
    "text": "Dan Walters",
    "url": "https://calmatters.org/category/commentary/dan-walters/"
  },
  {
    "text": "My Turn",
    "url": "https://calmatters.org/category/commentary/my-turn/"
  },
  {
    "text": "Reader Reactions",
    "url": "https://calmatters.org/category/commentary/reader-reactions/"
  },
  {
    "text": "Multimedia",
    "url": "https://calmatters.org/category/multimedia/"
  },
  {
    "text": "Explainers",
    "url": "https://calmatters.org/category/multimedia/explainers/"
  },
  {
    "text": "Data Points",
    "url": "https://calmatters.org/category/multimedia/data-points/"
  },
  {
    "text": "Force of Law",
    "url": "https://calmatters.org/projects/force-of-law-police-shootings-podcast/"
  },
  {
    "text": "Gimme Shelter",
    "url": "https://calmatters.org/category/multimedia/podcasts/gimme-shelter/"
  },
  {
    "text": "Interactives",
    "url": "https://calmatters.org/category/multimedia/interactives/"
  },
  {
    "text": "Video",
    "url": "https://calmatters.org/category/multimedia/video/"
  },
  {
    "text": "Newsletter: WhatMatters",
    "url": "https://calmatters.org/category/newsletters/whatmatters/"
  },
  {
    "text": "Events",
    "url": "https://calmatters.org/category/events/"
  },
  {
    "text": "DONATE",
    "url": "https://checkout.fundjournalism.org/memberform?org_id=calmatters&campaign=701f2000001DCNo"
  },
  {
    "text": "About Us",
    "url": "https://calmatters.org/about/"
  },
  {
    "text": "News and Awards",
    "url": "https://calmatters.org/about/news-and-awards/"
  },
  {
    "text": "Impact",
    "url": "https://calmatters.org/about/impact/"
  },
  {
    "text": "How We\u2019re Funded",
    "url": "https://calmatters.org/about/funding/"
  },
  {
    "text": "Contact Us",
    "url": "https://calmatters.org/about/contact-us/"
  },
  {
    "text": "Policies",
    "url": "https://calmatters.org/about/policies-and-standards/"
  },
  {
    "text": "Our Team",
    "url": "https://calmatters.org/about/team/"
  },
  {
    "text": "Jobs and internships",
    "url": "https://calmatters.org/about/jobs/"
  },
  {
    "text": "Advertise",
    "url": "https://calmatters.org/about/advertise/"
  },
  {
    "text": "2022 Voter Guide",
    "url": "https://calmatters.org/california-voter-guide-2022/"
  },
  {
    "text": "Politics",
    "url": "https://calmatters.org/category/politics/"
  },
  {
    "text": "California Legislator Tracker",
    "url": "https://calmatters.org/legislator-tracker/home/"
  },
  {
    "text": "Votebeat",
    "url": "https://calmatters.org/category/politics/votebeat/"
  },
  {
    "text": "Inside the Capitol",
    "url": "https://calmatters.org/category/politics/inside-california-capitol/"
  },
  {
    "text": "Justice",
    "url": "https://calmatters.org/category/justice/"
  },
  {
    "text": "California Divide",
    "url": "https://calmatters.org/projects/california-divide/"
  },
  {
    "text": "Housing",
    "url": "https://calmatters.org/category/housing/"
  },
  {
    "text": "Immigration",
    "url": "https://calmatters.org/category/immigration/"
  },
  {
    "text": "Labor",
    "url": "https://calmatters.org/category/economy/labor/"
  },
  {
    "text": "Economy",
    "url": "https://calmatters.org/category/economy/"
  },
  {
    "text": "California\u2019s Pension Crisis",
    "url": "https://calmatters.org/category/economy/california-pension-crisis/"
  },
  {
    "text": "Poverty",
    "url": "https://calmatters.org/category/economy/poverty/"
  },
  {
    "text": "Education",
    "url": "https://calmatters.org/category/education/"
  },
  {
    "text": "College Beat",
    "url": "https://calmatters.org/projects/college-journalism-network/"
  },
  {
    "text": "Disaster Days",
    "url": "https://calmatters.org/category/education/disaster-days-school-closures-california-wildfire-guns-outage-flood/"
  },
  {
    "text": "K-12 Education",
    "url": "https://calmatters.org/category/education/k-12-education/"
  },
  {
    "text": "Higher Education",
    "url": "https://calmatters.org/category/education/higher-education/"
  },
  {
    "text": "Children and Youth",
    "url": "https://calmatters.org/category/children-and-youth/"
  },
  {
    "text": "Environment",
    "url": "https://calmatters.org/category/environment/"
  },
  {
    "text": "Building Efficiency",
    "url": "https://calmatters.org/category/environment/building-efficiency/"
  },
  {
    "text": "California Wildfires",
    "url": "https://calmatters.org/category/environment/california-wildfires/"
  },
  {
    "text": "Climate Change",
    "url": "https://calmatters.org/category/environment/climate-change/"
  },
  {
    "text": "Drought",
    "url": "https://calmatters.org/california-drought-water/"
  },
  {
    "text": "Rising Seas",
    "url": "https://calmatters.org/category/environment/rising-seas/"
  },
  {
    "text": "Water",
    "url": "https://calmatters.org/category/environment/water/"
  },
  {
    "text": "Health",
    "url": "https://calmatters.org/category/health/"
  },
  {
    "text": "Coronavirus",
    "url": "https://calmatters.org/category/health/coronavirus/"
  },
  {
    "text": "Breakdown: Mental Health",
    "url": "https://calmatters.org/category/health/breakdown-mental-health/"
  },
  {
    "text": "Drug Costs",
    "url": "https://calmatters.org/category/health/drug-costs/"
  },
  {
    "text": "Wellness",
    "url": "https://calmatters.org/category/health/wellness/"
  },
  {
    "text": "Commentary",
    "url": "https://calmatters.org/category/commentary/"
  },
  {
    "text": "Dan Walters",
    "url": "https://calmatters.org/category/commentary/dan-walters/"
  },
  {
    "text": "My Turn",
    "url": "https://calmatters.org/category/commentary/my-turn/"
  },
  {
    "text": "Reader Reactions",
    "url": "https://calmatters.org/category/commentary/reader-reactions/"
  },
  {
    "text": "Multimedia",
    "url": "https://calmatters.org/category/multimedia/"
  },
  {
    "text": "Explainers",
    "url": "https://calmatters.org/category/multimedia/explainers/"
  },
  {
    "text": "Data Points",
    "url": "https://calmatters.org/category/multimedia/data-points/"
  },
  {
    "text": "Force of Law",
    "url": "https://calmatters.org/projects/force-of-law-police-shootings-podcast/"
  },
  {
    "text": "Gimme Shelter",
    "url": "https://calmatters.org/category/multimedia/podcasts/gimme-shelter/"
  },
  {
    "text": "Interactives",
    "url": "https://calmatters.org/category/multimedia/interactives/"
  },
  {
    "text": "Video",
    "url": "https://calmatters.org/category/multimedia/video/"
  },
  {
    "text": "Newsletter: WhatMatters",
    "url": "https://calmatters.org/category/newsletters/whatmatters/"
  },
  {
    "text": "Events",
    "url": "https://calmatters.org/category/events/"
  },
  {
    "text": "DONATE",
    "url": "https://checkout.fundjournalism.org/memberform?org_id=calmatters&campaign=701f2000001DCNo"
  },
  {
    "text": "About Us",
    "url": "https://calmatters.org/about/"
  },
  {
    "text": "News and Awards",
    "url": "https://calmatters.org/about/news-and-awards/"
  },
  {
    "text": "Impact",
    "url": "https://calmatters.org/about/impact/"
  },
  {
    "text": "How We\u2019re Funded",
    "url": "https://calmatters.org/about/funding/"
  },
  {
    "text": "Contact Us",
    "url": "https://calmatters.org/about/contact-us/"
  },
  {
    "text": "Policies",
    "url": "https://calmatters.org/about/policies-and-standards/"
  },
  {
    "text": "Our Team",
    "url": "https://calmatters.org/about/team/"
  },
  {
    "text": "Jobs and internships",
    "url": "https://calmatters.org/about/jobs/"
  },
  {
    "text": "Advertise",
    "url": "https://calmatters.org/about/advertise/"
  },
  {
    "text": "Skip to content",
    "url": "#main"
  },
  {
    "text": "",
    "url": "https://calmatters.org/"
  },
  {
    "text": "CalMatters",
    "url": "https://calmatters.org/"
  },
  {
    "text": "Donate",
    "url": "https://checkout.fundjournalism.org/memberform?org_id=calmatters&campaign=7015w000001ImtUAAS"
  },
  {
    "text": "About Us",
    "url": "/about"
  },
  {
    "text": "Donate",
    "url": "https://checkout.fundjournalism.org/memberform?org_id=calmatters&theme=anniversary2022&campaign=701Du0000008z4KIAQ"
  },
  {
    "text": "California Legislator Tracker",
    "url": "https://calmatters.org/legislator-tracker/home/"
  },
  {
    "text": "Coronavirus Tracker",
    "url": "https://calmatters.org/health/coronavirus/2020/03/california-coronavirus-by-the-numbers-cases-testing-masks-hospital-beds/"
  },
  {
    "text": "Staying Sheltered",
    "url": "https://calmatters.org/staying-sheltered/"
  },
  {
    "text": "California Drought Crisis",
    "url": "https://calmatters.org/california-drought-water/"
  },
  {
    "text": "\n\t\t\t\t\t\t\t\t\t\t\t\t\t\t\t\t\t",
    "url": "https://calmatters.org/explainers/when-employers-steal-wages-from-workers/"
  },
  {
    "text": "When employers steal wages from workers",
    "url": "https://calmatters.org/explainers/when-employers-steal-wages-from-workers/"
  },
  {
    "text": "Alejandro Lazo",
    "url": "https://calmatters.org/author/alejandro-lazo/"
  },
  {
    "text": "Jeanne Kuang",
    "url": "https://calmatters.org/author/jeanne-kuang/"
  },
  {
    "text": "Lil Kalish",
    "url": "https://calmatters.org/author/lil-kalish/"
  },
  {
    "text": "Agnes Lee",
    "url": "https://calmatters.org/author/agnes-lee/"
  },
  {
    "text": "Erica Yee",
    "url": "https://calmatters.org/author/ericayee/"
  },
  {
    "text": "Who is CalMatters?",
    "url": "https://calmatters.org/about/"
  },
  {
    "text": "\n\t\t\t\t\t\t\t\t\t\t\t\t\t\t\t\t\t",
    "url": "https://calmatters.org/newsletters/whatmatters/2022/07/california-monkeypox-state-of-emergency/"
  },
  {
    "text": "Will California declare monkeypox state of emergency?",
    "url": "https://calmatters.org/newsletters/whatmatters/2022/07/california-monkeypox-state-of-emergency/"
  },
  {
    "text": "Emily Hoeven",
    "url": "https://calmatters.org/author/emilyhoeven/"
  },
  {
    "text": "\n\t\t\t\t\t\t\t\t\t\t\t\t\t\t\t\t\t",
    "url": "https://calmatters.org/election-2022-2/2022/07/california-elections-write-in-candidates/"
  },
  {
    "text": "\n\t\t\t\t\t\tElection 2022\t\t\t\t\t",
    "url": "https://calmatters.org/category/election-2022-2/"
  },
  {
    "text": "Is it too easy for write-in candidates in California elections?",
    "url": "https://calmatters.org/election-2022-2/2022/07/california-elections-write-in-candidates/"
  },
  {
    "text": "Sameea Kamal",
    "url": "https://calmatters.org/author/sameea-kamal/"
  },
  {
    "text": "\n\t\t\t\t\t\t\t\t\t\t\t\t\t\t\t\t\t",
    "url": "https://calmatters.org/environment/2022/07/delta-tunnel-water-report/"
  },
  {
    "text": "\n\t\t\t\t\t\tEnvironment\t\t\t\t\t",
    "url": "https://calmatters.org/category/environment/"
  },
  {
    "text": "Delta tunnel: Salmon at risk from massive water project, state report says",
    "url": "https://calmatters.org/environment/2022/07/delta-tunnel-water-report/"
  },
  {
    "text": "Rachel Becker",
    "url": "https://calmatters.org/author/rachel-becker/"
  },
  {
    "text": "\n\t\t\t\t\t\t\t\t\t\t\t\t\t\t\t\t\t",
    "url": "https://calmatters.org/justice/2022/07/california-police-accountability-laws/"
  },
  {
    "text": "\n\t\t\t\t\t\tJustice\t\t\t\t\t",
    "url": "https://calmatters.org/category/justice/"
  },
  {
    "text": "New police accountability laws up demands on state agencies",
    "url": "https://calmatters.org/justice/2022/07/california-police-accountability-laws/"
  },
  {
    "text": "Nigel Duara",
    "url": "https://calmatters.org/author/nigelduara/"
  },
  {
    "text": "Byrhonda Lyons",
    "url": "https://calmatters.org/author/byrhonda/"
  },
  {
    "text": " ",
    "url": "https://www.michelsonpolicy.org/"
  },
  {
    "text": " ",
    "url": "https://www.dignityhealth.org/"
  },
  {
    "text": " ",
    "url": "https://www.ececonsortium.org/"
  },
  {
    "text": " ",
    "url": "https://www.chcf.org/"
  },
  {
    "text": " ",
    "url": "https://www.csba.org/"
  },
  {
    "text": " ",
    "url": "https://calcattlecouncil.org/"
  },
  {
    "text": " ",
    "url": "https://reviver.com"
  },
  {
    "text": " ",
    "url": "https://calcable.org"
  },
  {
    "text": " ",
    "url": "http://wsjf.org/"
  },
  {
    "text": " ",
    "url": "https://wearerally.com/"
  },
  {
    "text": " ",
    "url": "https://www.irvine.org/"
  },
  {
    "text": " ",
    "url": "http://leafconsult.net/"
  },
  {
    "text": " ",
    "url": "http://stutzmanpa.com/"
  },
  {
    "text": " ",
    "url": "https://www.sce.com/"
  },
  {
    "text": " ",
    "url": "http://sutterhealth.org/news-room"
  },
  {
    "text": " ",
    "url": "http://www.magnusonandcompany.com/"
  },
  {
    "text": " ",
    "url": "http://lucaspublicaffairs.com/"
  },
  {
    "text": " ",
    "url": "http://www.ka-pow.com/"
  },
  {
    "text": " ",
    "url": "http://perrycom.com/"
  },
  {
    "text": " ",
    "url": "https://www.governforcalifornia.org/"
  },
  {
    "text": " ",
    "url": "http://share.kp.org/"
  },
  {
    "text": " ",
    "url": "http://fsbcorestrategies.com/"
  },
  {
    "text": " ",
    "url": "http://iwgroup.agency/"
  },
  {
    "text": " ",
    "url": "https://news.blueshieldca.com/"
  },
  {
    "text": " ",
    "url": "https://www.sadlerstrategic.com/"
  },
  {
    "text": " ",
    "url": "http://socalgas.com/vision"
  },
  {
    "text": " ",
    "url": "http://www.norcalwater.org/"
  },
  {
    "text": " ",
    "url": "https://www.acec-ca.org/"
  },
  {
    "text": " ",
    "url": "https://www.cbia.org/"
  },
  {
    "text": " ",
    "url": "https://bcfpublicaffairs.com/"
  },
  {
    "text": " ",
    "url": "https://www.nrdcactionfund.org/"
  },
  {
    "text": " ",
    "url": "http://https://www.paschalroth.com/"
  },
  {
    "text": " ",
    "url": "https://www.dairycares.com/"
  },
  {
    "text": " ",
    "url": "https://www.californiacasa.org/"
  },
  {
    "text": " ",
    "url": "https://www.vectisdc.com/"
  },
  {
    "text": " ",
    "url": "https://cabiotech.org/"
  },
  {
    "text": " ",
    "url": "http://www.first5la.org/"
  },
  {
    "text": " ",
    "url": "https://www.coastkeeper.org/"
  },
  {
    "text": " ",
    "url": "https://www.nextgenpolicy.org/"
  },
  {
    "text": " ",
    "url": "https://envirovoters.org/"
  },
  {
    "text": " ",
    "url": "https://www.wspa.org/"
  },
  {
    "text": "\n\t\t\t\t\t\t\t\t\t\t\t\t\t\t\t\t\t",
    "url": "https://calmatters.org/california-drought-monitor/"
  },
  {
    "text": "Tracking California\u2019s water in drought",
    "url": "https://calmatters.org/california-drought-monitor/"
  },
  {
    "text": "\n\t\t\t\t\t\t\t\t\t\t\t\t\t\t\t\t\t",
    "url": "https://calmatters.org/environment/2022/06/california-firefighter-trauma-ptsd/"
  },
  {
    "text": "Overworked California firefighters struggle with PTSD, suicide, fatigue, intensifying wildfires",
    "url": "https://calmatters.org/environment/2022/06/california-firefighter-trauma-ptsd/"
  },
  {
    "text": "\n\t\t\t\t\t\t\t\t\t\t\t\t\t\t\t\t\t",
    "url": "https://calmatters.org/explainers/californias-homelessness-crisis-explained/"
  },
  {
    "text": "California\u2019s homelessness crisis \u2014 and possible solutions \u2014 explained",
    "url": "https://calmatters.org/explainers/californias-homelessness-crisis-explained/"
  },
  {
    "text": "donate now",
    "url": "https://checkout.fundjournalism.org/memberform?org_id=calmatters&amount=15&donation_value_once=180&donation_value_once_other=180&installmentPeriod=monthly&donation_value_month=15&donation_value_month_other=15&donation_value_year=180&donation_value_year_other=180&campaign=7015w000001J3MlAAK"
  },
  {
    "text": "CalMatters en Espa\u00f1ol",
    "url": "https://calmatters.org//category/calmatters-en-espanol/"
  },
  {
    "text": "Aprende M\u00e1s",
    "url": "https://calmatters.org/category/calmatters-en-espanol/"
  },
  {
    "text": "JUSTICE",
    "url": "https://calmatters.org/category/justice/"
  },
  {
    "text": "\n\t\t\t\t\t\t\t\t\t\t\t\t\t\t\t\t\t",
    "url": "https://calmatters.org/justice/2021/07/california-gun-law-failing/"
  },
  {
    "text": "Outgunned: Why California\u2019s groundbreaking firearms law is failing",
    "url": "https://calmatters.org/justice/2021/07/california-gun-law-failing/"
  },
  {
    "text": "Robert Lewis",
    "url": "https://calmatters.org/author/robert-lewis/"
  },
  {
    "text": "\n\t\t\t\t\t\t\t\t\t\t\t\t\t\t\t\t\t",
    "url": "https://calmatters.org/justice/2021/03/waiting-for-justice/"
  },
  {
    "text": "Waiting for justice: Defendants locked up for years awaiting trials, sentencing",
    "url": "https://calmatters.org/justice/2021/03/waiting-for-justice/"
  },
  {
    "text": "Robert Lewis",
    "url": "https://calmatters.org/author/robert-lewis/"
  },
  {
    "text": "Commentary",
    "url": "https://calmatters.org/category/commentary/"
  },
  {
    "text": "Unfounded concerns about State Bar\u2019s efforts to close the justice gap",
    "url": "https://calmatters.org/commentary/reader-reactions/2022/03/unfounded-concerns-about-state-bars-efforts-to-close-the-justice-gap/"
  },
  {
    "text": "\n\t\t\t\t\t\t\t\t\t\t\t\t\t\t\t\t\t",
    "url": "https://calmatters.org/justice/2022/07/rage-rooms-hazardous-waste-exposure/"
  },
  {
    "text": "Stress relief or toxic exposure? State cautions \u2018rage rooms\u2019 may deliver unwanted release",
    "url": "https://calmatters.org/justice/2022/07/rage-rooms-hazardous-waste-exposure/"
  },
  {
    "text": "",
    "url": "https://calmatters.org/author/robert-lewis/"
  },
  {
    "text": "Robert Lewis",
    "url": "https://calmatters.org/author/robert-lewis/"
  },
  {
    "text": "Hear more Force of Law episodes",
    "url": "https://calmatters.org/projects/episode-two-split/"
  },
  {
    "text": "Carrots but no stick: Participation in California drug courts has plummeted",
    "url": "https://calmatters.org/justice/2022/07/california-drug-courts-prop-47/"
  },
  {
    "text": "Nigel Duara",
    "url": "https://calmatters.org/author/nigelduara/"
  },
  {
    "text": "California lawmakers reject ballot proposal that aimed to end forced prison labor",
    "url": "https://calmatters.org/justice/2022/06/california-prisoners-work-involuntary-servitude/"
  },
  {
    "text": "Byrhonda Lyons",
    "url": "https://calmatters.org/author/byrhonda/"
  },
  {
    "text": "State\u2019s juvenile prison workers score $50,000 bonuses",
    "url": "https://calmatters.org/justice/2022/06/california-juvenile-prison-worker-bonuses/"
  },
  {
    "text": "Byrhonda Lyons",
    "url": "https://calmatters.org/author/byrhonda/"
  },
  {
    "text": "Prison rehab: Can California learn anything from Norway?",
    "url": "https://calmatters.org/justice/criminal-justice/2022/06/prison-rehabilitation-norway-model/"
  },
  {
    "text": "Nigel Duara",
    "url": "https://calmatters.org/author/nigelduara/"
  },
  {
    "text": "Attorney general candidates divided on new police shootings law",
    "url": "https://calmatters.org/justice/2022/06/police-shootings-unarmed-civilians/"
  },
  {
    "text": "Nigel Duara",
    "url": "https://calmatters.org/author/nigelduara/"
  },
  {
    "text": "Inmate shuffle: How California bounces around its mentally ill prisoners",
    "url": "https://calmatters.org/health/2022/06/mental-health-california-prisons/"
  },
  {
    "text": "Byrhonda Lyons",
    "url": "https://calmatters.org/author/byrhonda/"
  },
  {
    "text": "Jocelyn Wiener",
    "url": "https://calmatters.org/author/jocelyn-wiener/"
  },
  {
    "text": "HEALTH",
    "url": "https://calmatters.org/category/health/"
  },
  {
    "text": "\n\t\t\t\t\t\t\t\t\t\t\t\t\t\t\t\t\t",
    "url": "https://calmatters.org/explainers/abortion-in-california-laws/"
  },
  {
    "text": "How California created the nation\u2019s easiest abortion access \u2014 and why it\u2019s poised to go further",
    "url": "https://calmatters.org/explainers/abortion-in-california-laws/"
  },
  {
    "text": "",
    "url": "https://calmatters.org/author/kristen-hwang/"
  },
  {
    "text": "Kristen Hwang",
    "url": "https://calmatters.org/author/kristen-hwang/"
  },
  {
    "text": "\n\t\t\t\t\t\t\t\t\t\t\t\t\t\t\t\t\t",
    "url": "https://calmatters.org/health/2021/12/california-nursing-homes-fines-lawsuits/"
  },
  {
    "text": "From maggots to sex abuse, nursing homes sue California to overturn citations, fines",
    "url": "https://calmatters.org/health/2021/12/california-nursing-homes-fines-lawsuits/"
  },
  {
    "text": "Barbara Feder Ostrov",
    "url": "https://calmatters.org/author/barbaraostrov/"
  },
  {
    "text": "Covered California insurance rates to increase",
    "url": "https://calmatters.org/health/2022/07/covered-california-rates/"
  },
  {
    "text": "Ana B. Ibarra",
    "url": "https://calmatters.org/author/anaibarra/"
  },
  {
    "text": "Dial 988: State\u2019s new mental health crisis hotline debuts",
    "url": "https://calmatters.org/health/2022/07/california-mental-health-crisis-hotline/"
  },
  {
    "text": "Jocelyn Wiener",
    "url": "https://calmatters.org/author/jocelyn-wiener/"
  },
  {
    "text": "Health care costs keep rising. A new California agency aims to fix that",
    "url": "https://calmatters.org/health/2022/07/rising-health-care-costs/"
  },
  {
    "text": "Kristen Hwang",
    "url": "https://calmatters.org/author/kristen-hwang/"
  },
  {
    "text": "Ana B. Ibarra",
    "url": "https://calmatters.org/author/anaibarra/"
  },
  {
    "text": "CARE Court: Can California counties make it work?",
    "url": "https://calmatters.org/health/2022/07/care-court-california/"
  },
  {
    "text": "Jocelyn Wiener",
    "url": "https://calmatters.org/author/jocelyn-wiener/"
  },
  {
    "text": "Manuela Tobias",
    "url": "https://calmatters.org/author/manuela-tobias/"
  },
  {
    "text": "California will require health facilities to start sharing patient data with each other",
    "url": "https://calmatters.org/health/2022/06/patient-data-california/"
  },
  {
    "text": "Kristen Hwang",
    "url": "https://calmatters.org/author/kristen-hwang/"
  },
  {
    "text": "California fails to collect basic abortion data \u2014 even as it invites an out-of-state influx\u00a0",
    "url": "https://calmatters.org/health/2022/06/abortion-data-california/"
  },
  {
    "text": "Kristen Hwang",
    "url": "https://calmatters.org/author/kristen-hwang/"
  },
  {
    "text": "CHILDREN AND YOUTH",
    "url": "https://calmatters.org/category/children-and-youth/"
  },
  {
    "text": "\n\t\t\t\t\t\t\t\t\t\t\t\t\t\t\t\t\t",
    "url": "https://calmatters.org/education/k-12-education/2022/03/california-teacher-shortage-pre-kindergarten/"
  },
  {
    "text": "Will there be enough teachers for California\u2019s ambitious plans for its youngest students?",
    "url": "https://calmatters.org/education/k-12-education/2022/03/california-teacher-shortage-pre-kindergarten/"
  },
  {
    "text": "Commentary",
    "url": "https://calmatters.org/category/commentary/"
  },
  {
    "text": "We need to rebuild California\u2019s public health workforce",
    "url": "https://calmatters.org/commentary/2022/03/we-need-to-rebuild-californias-public-health-workforce/"
  },
  {
    "text": "CALIFORNIA DIVIDE",
    "url": "https://calmatters.org/projects/california-divide/"
  },
  {
    "text": "Learn more",
    "url": "https://calmatters.org/projects/california-divide/"
  },
  {
    "text": "\n\t\t\t\t\t\t\t\t\t\t\t\t\t\t\t\t\t",
    "url": "https://calmatters.org/explainers/california-unions-explained/"
  },
  {
    "text": "What\u2019s the role of unions in the 21st century?",
    "url": "https://calmatters.org/explainers/california-unions-explained/"
  },
  {
    "text": "\n\t\t\t\t\t\t\t\t\t\t\t\t\t\t\t\t\t",
    "url": "https://calmatters.org/california-divide/2022/07/foster-care-youth-california/"
  },
  {
    "text": "California counties siphon Social Security benefits from some foster kids",
    "url": "https://calmatters.org/california-divide/2022/07/foster-care-youth-california/"
  },
  {
    "text": "COVID pulls down Latino, Black, Asian life expectancy more than whites, study says",
    "url": "https://calmatters.org/california-divide/2022/07/california-life-expectancy/"
  },
  {
    "text": "Jeanne Kuang",
    "url": "https://calmatters.org/author/jeanne-kuang/"
  },
  {
    "text": "Study says California employers fail to keep food, farm workers safe from COVID",
    "url": "https://calmatters.org/california-divide/ca-divide-workplace/2022/07/food-farm-workers-covid/"
  },
  {
    "text": "Lil Kalish",
    "url": "https://calmatters.org/author/lil-kalish/"
  },
  {
    "text": "Proposal to boost state minimum wage to $18 won\u2019t go on ballot\u00a0",
    "url": "https://calmatters.org/california-divide/2022/07/minimum-wage/"
  },
  {
    "text": "Jeanne Kuang",
    "url": "https://calmatters.org/author/jeanne-kuang/"
  },
  {
    "text": "California workers found better paying jobs, but experts warn recession puts them at risk",
    "url": "https://calmatters.org/california-divide/2022/06/california-workers/"
  },
  {
    "text": "Lil Kalish",
    "url": "https://calmatters.org/author/lil-kalish/"
  },
  {
    "text": "ECONOMY",
    "url": "https://calmatters.org/category/economy/"
  },
  {
    "text": "\n\t\t\t\t\t\t\t\t\t\t\t\t\t\t\t\t\t",
    "url": "https://calmatters.org/election-2022-2/2022/07/california-minimum-wage-november-ballot/"
  },
  {
    "text": "Want to vote on raising California\u2019s minimum wage? Judge says not until 2024",
    "url": "https://calmatters.org/election-2022-2/2022/07/california-minimum-wage-november-ballot/"
  },
  {
    "text": "",
    "url": "https://calmatters.org/author/jeanne-kuang/"
  },
  {
    "text": "Jeanne Kuang",
    "url": "https://calmatters.org/author/jeanne-kuang/"
  },
  {
    "text": "Small business grants overshadow loan program in COVID-19 response",
    "url": "https://calmatters.org/economy/2022/07/california-small-business-grants/"
  },
  {
    "text": "Grace Gedye",
    "url": "https://calmatters.org/author/grace-gedye/"
  },
  {
    "text": "Some seniors and disabled people will miss out on new California state payments",
    "url": "https://calmatters.org/economy/2022/07/california-gas-rebate-2/"
  },
  {
    "text": "Grace Gedye",
    "url": "https://calmatters.org/author/grace-gedye/"
  },
  {
    "text": "California tax relief: What\u2019s in the deal",
    "url": "https://calmatters.org/politics/2022/06/california-tax-relief-deal/"
  },
  {
    "text": "Alexei Koseff",
    "url": "https://calmatters.org/author/alexei-koseff/"
  },
  {
    "text": "What happens if Californians pass two sports betting initiatives?",
    "url": "https://calmatters.org/economy/2022/06/sports-betting-california/"
  },
  {
    "text": "Grace Gedye",
    "url": "https://calmatters.org/author/grace-gedye/"
  },
  {
    "text": "",
    "url": "https://youtu.be/ZvzTgvkqr6U"
  },
  {
    "text": "Explainers",
    "url": "https://calmatters.org/category/multimedia/explainers/"
  },
  {
    "text": "\n\t\t\t\t\t\t\t\t\t\t\t\t\t\t\t\t\t",
    "url": "https://calmatters.org/explainers/california-edd-unemployment-crisis-explained/"
  },
  {
    "text": "California\u2019s unemployment crisis, explained",
    "url": "https://calmatters.org/explainers/california-edd-unemployment-crisis-explained/"
  },
  {
    "text": "Commentary",
    "url": "https://calmatters.org/category/commentary/"
  },
  {
    "text": "Newsom\u2019s gas rebate would stymie state\u2019s climate goals",
    "url": "https://calmatters.org/commentary/2022/04/newsoms-gas-rebate-would-stymie-states-climate-goals/"
  },
  {
    "text": "ENVIRONMENT",
    "url": "https://calmatters.org/category/environment/"
  },
  {
    "text": "\n\t\t\t\t\t\t\t\t\t\t\t\t\t\t\t\t\t",
    "url": "https://calmatters.org/california-drought-water/"
  },
  {
    "text": "California\u2019s Drought Crisis",
    "url": "https://calmatters.org/california-drought-water/"
  },
  {
    "text": "\n\t\t\t\t\t\t\t\t\t\t\t\t\t\t\t\t\t",
    "url": "https://calmatters.org/environment/2022/06/california-firefighter-trauma-ptsd/"
  },
  {
    "text": "Overworked California firefighters struggle with PTSD, suicide, fatigue, intensifying wildfires",
    "url": "https://calmatters.org/environment/2022/06/california-firefighter-trauma-ptsd/"
  },
  {
    "text": "Julie Cart",
    "url": "https://calmatters.org/author/julie-cart/"
  },
  {
    "text": "California poised to restrict bee-killing pesticides",
    "url": "https://calmatters.org/environment/2022/07/california-pesticides-restrictions/"
  },
  {
    "text": "Rachel Becker",
    "url": "https://calmatters.org/author/rachel-becker/"
  },
  {
    "text": "California climate rules won\u2019t be undercut by Supreme Court\u2019s ruling, experts say",
    "url": "https://calmatters.org/environment/2022/06/california-climate-rules-supreme-court/"
  },
  {
    "text": "Nadia Lopez",
    "url": "https://calmatters.org/author/nadia-lopez/"
  },
  {
    "text": "California may rescue its last nuclear power plant \u2014 and give PG&E millions to do it",
    "url": "https://calmatters.org/environment/2022/06/california-nuclear-power-pge-diablo-canyon/"
  },
  {
    "text": "Nadia Lopez",
    "url": "https://calmatters.org/author/nadia-lopez/"
  },
  {
    "text": "Deal pulls California plastic trash measure from ballot",
    "url": "https://calmatters.org/environment/2022/06/california-recycling-plastic-trash/"
  },
  {
    "text": "Sameea Kamal",
    "url": "https://calmatters.org/author/sameea-kamal/"
  },
  {
    "text": "Labeling it \u2018rushed\u2019 and \u2018lousy,\u2019 California lawmakers OK Newsom\u2019s power plan",
    "url": "https://calmatters.org/environment/2022/06/california-power-plant-deal/"
  },
  {
    "text": "Julie Cart",
    "url": "https://calmatters.org/author/julie-cart/"
  },
  {
    "text": "Climate-friendly cement? California takes on a high-carbon industry",
    "url": "https://calmatters.org/environment/2022/06/california-cement-carbon-climate/"
  },
  {
    "text": "Nadia Lopez",
    "url": "https://calmatters.org/author/nadia-lopez/"
  },
  {
    "text": "Explainers",
    "url": "https://calmatters.org/category/multimedia/explainers/"
  },
  {
    "text": "\n\t\t\t\t\t\t\t\t\t\t\t\t\t\t\t\t\t",
    "url": "https://calmatters.org/explainers/danger-in-droughtsville-california-urban-water-at-risk/"
  },
  {
    "text": "Danger in Droughtsville: California\u2019s urban water at risk",
    "url": "https://calmatters.org/explainers/danger-in-droughtsville-california-urban-water-at-risk/"
  },
  {
    "text": "Commentary",
    "url": "https://calmatters.org/category/commentary/"
  },
  {
    "text": "State should step in to protect Joshua trees",
    "url": "https://calmatters.org/commentary/2022/06/state-should-step-in-to-protect-joshua-trees/"
  },
  {
    "text": "CORONAVIRUS",
    "url": "https://calmatters.org/category/health/coronavirus/"
  },
  {
    "text": "\n\t\t\t\t\t\t\t\t\t\t\t\t\t\t\t\t\t",
    "url": "https://calmatters.org/health/coronavirus/2022/04/kids-covid-vaccine-mandate-california/"
  },
  {
    "text": "California backs away from COVID vaccine mandates for kids\u00a0",
    "url": "https://calmatters.org/health/coronavirus/2022/04/kids-covid-vaccine-mandate-california/"
  },
  {
    "text": "",
    "url": "https://calmatters.org/author/elizabeth-aguilera/"
  },
  {
    "text": "Elizabeth Aguilera",
    "url": "https://calmatters.org/author/elizabeth-aguilera/"
  },
  {
    "text": "\n\t\t\t\t\t\t\t\t\t\t\t\t\t\t\t\t\t",
    "url": "https://calmatters.org/health/coronavirus/2022/02/covid-black-california-deaths/"
  },
  {
    "text": "COVID-19 has turned deadlier for Black Californians, who have the state\u2019s lowest vaccination rate",
    "url": "https://calmatters.org/health/coronavirus/2022/02/covid-black-california-deaths/"
  },
  {
    "text": "\u2018An enormous disabling event\u2019: Long COVID could have inequitable impact on Californians",
    "url": "https://calmatters.org/health/coronavirus/2022/03/long-covid-inequities-california/"
  },
  {
    "text": "Ana B. Ibarra",
    "url": "https://calmatters.org/author/anaibarra/"
  },
  {
    "text": "Overdue: State owes community clinics millions for COVID vaccinations",
    "url": "https://calmatters.org/health/coronavirus/2022/03/california-covid-vaccines-community-clinics-payment/"
  },
  {
    "text": "Kristen Hwang",
    "url": "https://calmatters.org/author/kristen-hwang/"
  },
  {
    "text": "California legislators propose new slate of COVID-19 vaccine laws",
    "url": "https://calmatters.org/health/coronavirus/2022/03/california-vaccine-laws/"
  },
  {
    "text": "Elizabeth Aguilera",
    "url": "https://calmatters.org/author/elizabeth-aguilera/"
  },
  {
    "text": "Old data? CDC apparently misjudged California\u2019s COVID risks",
    "url": "https://calmatters.org/health/coronavirus/2022/03/california-covid-risks-cdc/"
  },
  {
    "text": "Kristen Hwang",
    "url": "https://calmatters.org/author/kristen-hwang/"
  },
  {
    "text": "Ana B. Ibarra",
    "url": "https://calmatters.org/author/anaibarra/"
  },
  {
    "text": "California mask mandate for schools to end after March 11",
    "url": "https://calmatters.org/education/k-12-education/2022/02/california-mask-mandate-schools/"
  },
  {
    "text": "Joe Hong",
    "url": "https://calmatters.org/author/joe-hong/"
  },
  {
    "text": "\u2018We don\u2019t count\u2019: The Californians who can\u2019t return to normal as COVID fatigue grips state",
    "url": "https://calmatters.org/health/coronavirus/2022/02/covid-high-risk-californians/"
  },
  {
    "text": "Ana B. Ibarra",
    "url": "https://calmatters.org/author/anaibarra/"
  },
  {
    "text": "\n\t\t\t\t\t\t\t\t\t\t\t\t\t\t\t\t\t",
    "url": "https://calmatters.org/health/coronavirus/2020/04/california-coronavirus-covid-patient-hospitalization-data-icu/"
  },
  {
    "text": "Tracking coronavirus hospitalizations in California by county",
    "url": "https://calmatters.org/health/coronavirus/2020/04/california-coronavirus-covid-patient-hospitalization-data-icu/"
  },
  {
    "text": "VIDEO",
    "url": "https://calmatters.org/category/multimedia/video/"
  },
  {
    "text": "\n\t\t\t\t\t\t\t\t\t\t\t\t\t\t\t\t\t",
    "url": "https://calmatters.org/multimedia/video/2020/04/california-coronavirus-pandemic-homeless/"
  },
  {
    "text": "\u2018Someone will contract the virus here\u2019: Meet homeless Californians trying to survive a pandemic",
    "url": "https://calmatters.org/multimedia/video/2020/04/california-coronavirus-pandemic-homeless/"
  },
  {
    "text": "POLITICS AND THE CAPITOL",
    "url": "https://calmatters.org/category/politics/"
  },
  {
    "text": "\n\t\t\t\t\t\t\t\t\t\t\t\t\t\t\t\t\t",
    "url": "https://calmatters.org/politics/2022/06/california-budget-deal-2/"
  },
  {
    "text": "California budget approved: What to know about record spending plan",
    "url": "https://calmatters.org/politics/2022/06/california-budget-deal-2/"
  },
  {
    "text": "",
    "url": "https://calmatters.org/author/alexei-koseff/"
  },
  {
    "text": "Alexei Koseff",
    "url": "https://calmatters.org/author/alexei-koseff/"
  },
  {
    "text": "",
    "url": "https://calmatters.org/legislator-tracker/home/"
  },
  {
    "text": "Glass House: California Legislator Tracker",
    "url": "https://calmatters.org/legislator-tracker/home/"
  },
  {
    "text": "Learn more about your lawmakers",
    "url": "https://calmatters.org/legislator-tracker/home/"
  },
  {
    "text": "California\u2019s change to concealed carry permits would reduce wide variations among counties",
    "url": "https://calmatters.org/justice/criminal-justice/2022/06/california-concealed-carry/"
  },
  {
    "text": "Ben Christopher",
    "url": "https://calmatters.org/author/ben-christopher/"
  },
  {
    "text": "California budget: Big surplus, big differences",
    "url": "https://calmatters.org/politics/2022/06/california-budget-surplus-differences/"
  },
  {
    "text": "Alexei Koseff",
    "url": "https://calmatters.org/author/alexei-koseff/"
  },
  {
    "text": "Assembly Speaker Rendon keeps his crown",
    "url": "https://calmatters.org/newsletters/whatmatters/2022/06/california-assembly-speaker-drama/"
  },
  {
    "text": "Ben Christopher",
    "url": "https://calmatters.org/author/ben-christopher/"
  },
  {
    "text": "Succession: How California lawmakers play the election game",
    "url": "https://calmatters.org/politics/2022/05/california-lawmakers-successors-election/"
  },
  {
    "text": "Ben Christopher",
    "url": "https://calmatters.org/author/ben-christopher/"
  },
  {
    "text": "The Great Culling: Which California bills did legislators kill?",
    "url": "https://calmatters.org/politics/2022/05/california-bills-killed/"
  },
  {
    "text": "Alexei Koseff",
    "url": "https://calmatters.org/author/alexei-koseff/"
  },
  {
    "text": "2021",
    "url": "https://calmatters.org/category/politics/california-election-2020/"
  },
  {
    "text": "\n\t\t\t\t\t\t\t\t\t\t\t\t\t\t\t\t\t",
    "url": "https://calmatters.org/politics/2021/12/california-state-government-primer-2021/"
  },
  {
    "text": "Here\u2019s your primer: What California state government has been up to in 2021",
    "url": "https://calmatters.org/politics/2021/12/california-state-government-primer-2021/"
  },
  {
    "text": "Commentary",
    "url": "https://calmatters.org/category/commentary/"
  },
  {
    "text": "Why Disney\u2019s lip service to LGBTQ+ people is no longer enough",
    "url": "https://calmatters.org/commentary/2022/03/why-disneys-lip-service-to-lgbtq-people-is-no-longer-enough/"
  },
  {
    "text": "HOUSING",
    "url": "https://calmatters.org/category/housing/"
  },
  {
    "text": "\n\t\t\t\t\t\t\t\t\t\t\t\t\t\t\t\t\t",
    "url": "https://calmatters.org/housing/2021/09/california-eviction-moratorium-rent-relief/"
  },
  {
    "text": "What you need to know as California eviction moratorium ends",
    "url": "https://calmatters.org/housing/2021/09/california-eviction-moratorium-rent-relief/"
  },
  {
    "text": "Manuela Tobias",
    "url": "https://calmatters.org/author/manuela-tobias/"
  },
  {
    "text": "\n\t\t\t\t\t\t\t\t\t\t\t\t\t\t\t\t\t",
    "url": "https://calmatters.org/explainers/housing-costs-high-california/"
  },
  {
    "text": "Californians: Here\u2019s why your housing costs are so high",
    "url": "https://calmatters.org/explainers/housing-costs-high-california/"
  },
  {
    "text": "Manuela Tobias",
    "url": "https://calmatters.org/author/manuela-tobias/"
  },
  {
    "text": "Matt Levin",
    "url": "https://calmatters.org/author/matt-levin/"
  },
  {
    "text": "Ben Christopher",
    "url": "https://calmatters.org/author/ben-christopher/"
  },
  {
    "text": "Commentary",
    "url": "https://calmatters.org/category/commentary/"
  },
  {
    "text": "Steps state leaders can take to address the affordable housing crisis",
    "url": "https://calmatters.org/commentary/2022/03/steps-state-leaders-can-take-to-address-the-affordable-housing-crisis/"
  },
  {
    "text": "\n\t\t\t\t\t\t\t\t\t\t\t\t\t\t\t\t\t",
    "url": "https://calmatters.org/housing/homeless/2022/03/california-homeless-count/"
  },
  {
    "text": "California counted its homeless population, but can it track the money?",
    "url": "https://calmatters.org/housing/homeless/2022/03/california-homeless-count/"
  },
  {
    "text": "",
    "url": "https://calmatters.org/author/manuela-tobias/"
  },
  {
    "text": "Manuela Tobias",
    "url": "https://calmatters.org/author/manuela-tobias/"
  },
  {
    "text": "How bad is California\u2019s housing crisis for renters?",
    "url": "https://calmatters.org/housing/2022/07/california-housing-crisis-renters-podcast/"
  },
  {
    "text": "Manuela Tobias",
    "url": "https://calmatters.org/author/manuela-tobias/"
  },
  {
    "text": "Got an eviction notice? This California website will help you file a response.",
    "url": "https://calmatters.org/housing/2022/07/california-eviction-tenants-tool/"
  },
  {
    "text": "Manuela Tobias",
    "url": "https://calmatters.org/author/manuela-tobias/"
  },
  {
    "text": "Gimme Shelter: Can California build millions of new homes amid drought?",
    "url": "https://calmatters.org/housing/2022/07/california-housing-podcast-drought/"
  },
  {
    "text": "Manuela Tobias",
    "url": "https://calmatters.org/author/manuela-tobias/"
  },
  {
    "text": "Thousands of Californians in limbo as eviction protections end",
    "url": "https://calmatters.org/housing/2022/07/california-eviction-protection-lifts/"
  },
  {
    "text": "Manuela Tobias",
    "url": "https://calmatters.org/author/manuela-tobias/"
  },
  {
    "text": "Gimme Shelter: Why L.A. apartments don\u2019t come with fridges",
    "url": "https://calmatters.org/housing/2022/06/california-housing-fridges/"
  },
  {
    "text": "Manuela Tobias",
    "url": "https://calmatters.org/author/manuela-tobias/"
  },
  {
    "text": "California legislators want to help you buy a house with down payment, \u2018shared equity\u2019",
    "url": "https://calmatters.org/california-divide/2022/06/california-down-payment-help/"
  },
  {
    "text": "Alejandro Lazo",
    "url": "https://calmatters.org/author/alejandro-lazo/"
  },
  {
    "text": "Gimme Shelter: A breakdown of Gov. Gavin Newsom\u2019s CARE Court proposal",
    "url": "https://calmatters.org/housing/2022/06/california-housing-podcast-care-court/"
  },
  {
    "text": "Manuela Tobias",
    "url": "https://calmatters.org/author/manuela-tobias/"
  },
  {
    "text": "EDUCATION",
    "url": "https://calmatters.org/category/education/"
  },
  {
    "text": "K-12 EDUCATION",
    "url": "https://calmatters.org/category/education/k-12-education/"
  },
  {
    "text": "\n\t\t\t\t\t\t\t\t\t\t\t\t\t\t\t\t\t",
    "url": "https://calmatters.org/education/k-12-education/2022/03/california-math-framework-draft/"
  },
  {
    "text": "Revised California math proposal: Despite pushback, little change",
    "url": "https://calmatters.org/education/k-12-education/2022/03/california-math-framework-draft/"
  },
  {
    "text": "Joe Hong",
    "url": "https://calmatters.org/author/joe-hong/"
  },
  {
    "text": "Low-income students are more likely to be in classrooms with underqualified teachers",
    "url": "https://calmatters.org/education/2022/07/teacher-credentials-california/"
  },
  {
    "text": "Joe Hong",
    "url": "https://calmatters.org/author/joe-hong/"
  },
  {
    "text": "Erica Yee",
    "url": "https://calmatters.org/author/ericayee/"
  },
  {
    "text": "\n\t\t\t\t\t\t\t\t\t\t\t\t\t\t\t\t\t",
    "url": "https://calmatters.org/education/2022/02/california-volunteer-college/"
  },
  {
    "text": "California will reward volunteering college students with aid \u2014 but spend half the money on overhead",
    "url": "https://calmatters.org/education/2022/02/california-volunteer-college/"
  },
  {
    "text": "Mikhail Zinshteyn",
    "url": "https://calmatters.org/author/mikhailzinshteyn/"
  },
  {
    "text": "\n\t\t\t\t\t\t\t\t\t\t\t\t\t\t\t\t\t",
    "url": "https://calmatters.org/education/higher-education/2022/03/community-college-enrollment/"
  },
  {
    "text": "The collapse of community college enrollment: Can California turn it around?",
    "url": "https://calmatters.org/education/higher-education/2022/03/community-college-enrollment/"
  },
  {
    "text": "",
    "url": "https://calmatters.org/author/mikhailzinshteyn/"
  },
  {
    "text": "Mikhail Zinshteyn",
    "url": "https://calmatters.org/author/mikhailzinshteyn/"
  },
  {
    "text": "Commentary",
    "url": "https://calmatters.org/category/commentary/"
  },
  {
    "text": "Pandemic, retirements fuel state\u2019s substitute teacher shortage",
    "url": "https://calmatters.org/commentary/2022/07/pandemic-retirements-fuel-states-substitute-teacher-shortage/"
  },
  {
    "text": "Ethnic studies and civics need to be taught together, not separately",
    "url": "https://calmatters.org/commentary/2022/05/ethnic-studies-and-civics-need-to-be-taught-together-not-separately/"
  },
  {
    "text": "Reaction to a lesson involving the N-word goes too far",
    "url": "https://calmatters.org/commentary/2022/04/the-reaction-to-a-teachers-lesson-involving-the-n-word-goes-too-far/"
  },
  {
    "text": "Explainers",
    "url": "https://calmatters.org/category/multimedia/explainers/"
  },
  {
    "text": "\n\t\t\t\t\t\t\t\t\t\t\t\t\t\t\t\t\t",
    "url": "https://calmatters.org/explainers/achievement-gap-california-explainer-schools-education-disparities-explained/"
  },
  {
    "text": "Mind the achievement gap: California\u2019s disparities in education, explained",
    "url": "https://calmatters.org/explainers/achievement-gap-california-explainer-schools-education-disparities-explained/"
  },
  {
    "text": "Cal State\u2019s Black students are falling behind other groups \u2014 and poor graduation data obscures the crisis",
    "url": "https://calmatters.org/education/higher-education/2022/07/black-students-graduation-csu/"
  },
  {
    "text": "Mikhail Zinshteyn",
    "url": "https://calmatters.org/author/mikhailzinshteyn/"
  },
  {
    "text": "How much student housing does $1.4 billion buy?",
    "url": "https://calmatters.org/education/higher-education/2022/07/student-housing-affordable-dorms/"
  },
  {
    "text": "Mikhail Zinshteyn",
    "url": "https://calmatters.org/author/mikhailzinshteyn/"
  },
  {
    "text": "Fight over mask mandate disrupts Nevada City student\u2019s senior year",
    "url": "https://calmatters.org/education/2022/06/nevada-city-california-mask-mandate-schools/"
  },
  {
    "text": "Salgu Wissmath",
    "url": "https://calmatters.org/author/salgu-wissmath/"
  },
  {
    "text": "Middle school student overcomes struggles with online learning, now ready for high school",
    "url": "https://calmatters.org/education/2022/06/buttonwillow-california-students-covid-photos/"
  },
  {
    "text": "Larry Valenzuela",
    "url": "https://calmatters.org/author/larry-valenzuela/"
  },
  {
    "text": "ELECTION 2022",
    "url": "https://calmatters.org/california-election-news-2022/"
  },
  {
    "text": "\n\t\t\t\t\t\t\t\t\t\t\t\t\t\t\t\t\t",
    "url": "https://calmatters.org/explainers/california-ballot-measures-2022/"
  },
  {
    "text": "California ballot measures: What you need to know",
    "url": "https://calmatters.org/explainers/california-ballot-measures-2022/"
  },
  {
    "text": "Ben Christopher",
    "url": "https://calmatters.org/author/ben-christopher/"
  },
  {
    "text": "Sameea Kamal",
    "url": "https://calmatters.org/author/sameea-kamal/"
  },
  {
    "text": "Deal pulls California plastic trash measure from ballot",
    "url": "https://calmatters.org/environment/2022/06/california-recycling-plastic-trash/"
  },
  {
    "text": "Sameea Kamal",
    "url": "https://calmatters.org/author/sameea-kamal/"
  },
  {
    "text": "Topsy-turvy top-two: Is California primary system keeping its promises?",
    "url": "https://calmatters.org/politics/2022/06/california-primary-top-two/"
  },
  {
    "text": "Ben Christopher",
    "url": "https://calmatters.org/author/ben-christopher/"
  },
  {
    "text": "Chesa Boudin recall is not a death knell for California criminal justice reform",
    "url": "https://calmatters.org/politics/2022/06/chesa-boudin-criminal-justice-reform/"
  },
  {
    "text": "Alexei Koseff",
    "url": "https://calmatters.org/author/alexei-koseff/"
  },
  {
    "text": "California Democrats lean into abortion rights as \u2018defining issue\u2019",
    "url": "https://calmatters.org/politics/2022/05/abortion-rights-california-election/"
  },
  {
    "text": "Alexei Koseff",
    "url": "https://calmatters.org/author/alexei-koseff/"
  },
  {
    "text": "Money wars: Special interests spend big in California primary",
    "url": "https://calmatters.org/politics/2022/05/california-primary-special-interests-money/"
  },
  {
    "text": "Ben Christopher",
    "url": "https://calmatters.org/author/ben-christopher/"
  },
  {
    "text": "California primary results: Who is advancing to November?",
    "url": "https://calmatters.org/explainers/california-primary-results/"
  },
  {
    "text": "CalMatters staff",
    "url": "https://calmatters.org/author/calmattersstaff/"
  },
  {
    "text": "\n  \n  \n                \n                \n                \n                \n                \n                \n                \n                \n                \n                \n                \n                \n            \n",
    "url": "https://calmatters.org/california-voter-guide-2022/"
  },
  {
    "text": "2022 Voter Guide",
    "url": "https://calmatters.org/california-voter-guide-2022/"
  },
  {
    "text": "Commentary",
    "url": "https://calmatters.org/category/commentary/"
  },
  {
    "text": "Planned ballot initiative would restore clean air by reducing emissions",
    "url": "https://calmatters.org/commentary/2022/03/planned-ballot-initiative-would-restore-clean-air-by-reducing-emissions/"
  },
  {
    "text": "Vote to reduce plastics and clean up our environment",
    "url": "https://calmatters.org/commentary/2022/03/vote-to-reduce-plastics-and-clean-up-our-environment/"
  },
  {
    "text": "COLLEGE BEAT",
    "url": "https://calmatters.org/projects/college-journalism-network/"
  },
  {
    "text": "\n\t\t\t\t\t\t\t\t\t\t\t\t\t\t\t\t\t",
    "url": "https://calmatters.org/education/higher-education/college-beat-higher-education/2022/07/abortion-pills-california-universities/"
  },
  {
    "text": "Abortion pills will soon be available on California campuses",
    "url": "https://calmatters.org/education/higher-education/college-beat-higher-education/2022/07/abortion-pills-california-universities/"
  },
  {
    "text": "Mallika Seshadri",
    "url": "https://calmatters.org/author/mallika-seshadri/"
  },
  {
    "text": "For student parents, graduating in the midst of a pandemic means beating the odds",
    "url": "https://calmatters.org/education/higher-education/college-beat-higher-education/2022/06/student-parents-graduation-pandemic/"
  },
  {
    "text": "Emily Margaretten",
    "url": "https://calmatters.org/author/emily-margaretten/"
  },
  {
    "text": "Matthew Reagan",
    "url": "https://calmatters.org/author/matt-reagan/"
  },
  {
    "text": "Oden Taylor",
    "url": "https://calmatters.org/author/oden-taylor/"
  },
  {
    "text": "California\u2019s health care workers are burning out. These universities want to help.",
    "url": "https://calmatters.org/education/higher-education/college-beat-higher-education/2022/06/pandemic-burnout/"
  },
  {
    "text": "JoliAmour DuBose-Morris",
    "url": "https://calmatters.org/author/joliamour-dubose-morris/"
  },
  {
    "text": "Colleen Murphy",
    "url": "https://calmatters.org/author/colleen-murphy/"
  },
  {
    "text": "UC Hastings law school, tribal leaders discuss reparations",
    "url": "https://calmatters.org/education/higher-education/2022/06/uc-hastings-law-school-tribal-leaders-discuss-reparations/"
  },
  {
    "text": "Sindhu Ananthavel",
    "url": "https://calmatters.org/author/sindhu-ananthavel/"
  },
  {
    "text": "Private colleges want more power to police trespassers. Here\u2019s what you need to know.",
    "url": "https://calmatters.org/education/higher-education/college-beat-higher-education/2022/05/college-police-trespassing/"
  },
  {
    "text": "Elina Lingappa",
    "url": "https://calmatters.org/author/elina-lingappa/"
  },
  {
    "text": "About College Beat",
    "url": "https://calmatters.org/projects/college-journalism-network/"
  },
  {
    "text": "College Beat is produced by the CalMatters College Journalism Network, a collaboration between CalMatters and student journalists from across California.",
    "url": "https://calmatters.org/projects/college-journalism-network/"
  },
  {
    "text": "\n\t\t\t\t\t\t\t\t\t\t\t\t\t\t\t\t\t",
    "url": "https://calmatters.org/education/higher-education/college-beat-higher-education/2022/04/california-state-university-sexual-harassment/"
  },
  {
    "text": "Cal State sexual harassment scandal: Your questions answered",
    "url": "https://calmatters.org/education/higher-education/college-beat-higher-education/2022/04/california-state-university-sexual-harassment/"
  },
  {
    "text": "COMMENTARY",
    "url": "https://calmatters.org/category/commentary/"
  },
  {
    "text": "\n\t\t\t\t\t\t\t\t\t\t\t\t\t\t\t\t\t",
    "url": "https://calmatters.org/commentary/2022/07/restoring-a-sense-of-safety-could-boost-public-transit-ridership/"
  },
  {
    "text": "Restoring a sense of safety could revive flagging public transit ridership",
    "url": "https://calmatters.org/commentary/2022/07/restoring-a-sense-of-safety-could-boost-public-transit-ridership/"
  },
  {
    "text": "My Turn",
    "url": "https://calmatters.org/category/commentary/my-turn/"
  },
  {
    "text": "A policy approach to make California a state of \u2018Belonging\u2019",
    "url": "https://calmatters.org/commentary/my-turn/2022/03/a-policy-approach-to-make-california-a-state-of-belonging/"
  },
  {
    "text": "DAN WALTERS",
    "url": "https://calmatters.org/category/commentary/my-turn/"
  },
  {
    "text": "Newsom\u2019s new gun control bill just a stunt",
    "url": "https://calmatters.org/commentary/2022/07/newsoms-new-gun-control-bill-just-a-stunt/"
  },
  {
    "text": "submission guidelines here",
    "url": "https://calmatters.org/submission-guidelines/"
  },
  {
    "text": "commentary@calmatters.org",
    "url": "mailto:commentary@calmatters.org"
  },
  {
    "text": "(916) 234-3081",
    "url": "tel:9162016281"
  },
  {
    "text": "WHATMATTERS NEWSLETTER",
    "url": "https://calmatters.org/category/newsletters/whatmatters/"
  },
  {
    "text": "Subscribe to the WhatMatters newsletter",
    "url": "https://calmatters.org/subscribe-to-calmatters/"
  },
  {
    "text": "",
    "url": "https://calmatters.org/subscribe-to-calmatters/"
  },
  {
    "text": "Subscribe to CalMatters\u2019 newsletters",
    "url": "https://calmatters.org/subscribe-to-calmatters/"
  },
  {
    "text": "\n\t\t\t\t\t\t\t\t\t\t\t\t\t\t\t\t\t",
    "url": "https://calmatters.org/newsletters/whatmatters/2022/07/california-florida-newsom/"
  },
  {
    "text": "How Florida became the new California",
    "url": "https://calmatters.org/newsletters/whatmatters/2022/07/california-florida-newsom/"
  },
  {
    "text": "Emily Hoeven",
    "url": "https://calmatters.org/author/emilyhoeven/"
  },
  {
    "text": "1 million Californians lack safe drinking water",
    "url": "https://calmatters.org/newsletters/whatmatters/2022/07/california-drinking-water-safe/"
  },
  {
    "text": "Lawmakers spending the week in Maine, Canada",
    "url": "https://calmatters.org/newsletters/whatmatters/2022/07/california-lawmakers-maine-canada/"
  },
  {
    "text": "Newsom calls for more aggressive climate action",
    "url": "https://calmatters.org/newsletters/whatmatters/2022/07/climate-change-california-newsom/"
  },
  {
    "text": "Truckers demand action from Newsom amid port blockade",
    "url": "https://calmatters.org/newsletters/whatmatters/2022/07/truckers-newsom-port-blockade/"
  },
  {
    "text": "Will billions close California\u2019s educational equity gaps?",
    "url": "https://calmatters.org/newsletters/whatmatters/2022/07/educational-equity-california-billions/"
  },
  {
    "text": "Concealed carry fiasco hangs over Capitol",
    "url": "https://calmatters.org/newsletters/whatmatters/2022/07/california-concealed-carry-data-breach/"
  },
  {
    "text": "CALMATTERS EN ESPA\u00d1OL",
    "url": "https://calmatters.org/category/calmatters-en-espanol/"
  },
  {
    "text": "\n\t\t\t\t\t\t\t\t\t\t\t\t\t\t\t\t\t",
    "url": "https://calmatters.org/calmatters-en-espanol/2022/07/nuevas-leyes-de-rendicion-de-cuentas-de-la-policia-aumentan-las-exigencias-a-las-agencias-estatales/"
  },
  {
    "text": "Nuevas leyes de rendici\u00f3n de cuentas de la polic\u00eda aumentan las exigencias a las agencias estatales",
    "url": "https://calmatters.org/calmatters-en-espanol/2022/07/nuevas-leyes-de-rendicion-de-cuentas-de-la-policia-aumentan-las-exigencias-a-las-agencias-estatales/"
  },
  {
    "text": "Nigel Duara",
    "url": "https://calmatters.org/author/nigelduara/"
  },
  {
    "text": "Byrhonda Lyons",
    "url": "https://calmatters.org/author/byrhonda/"
  },
  {
    "text": "El gobierno local es clave para establecer la equidad en California",
    "url": "https://calmatters.org/calmatters-en-espanol/2022/07/el-gobierno-local-es-clave-para-establecer-la-equidad-en-california/"
  },
  {
    "text": "Guest Commentary",
    "url": "https://calmatters.org/author/guest-commentary/"
  },
  {
    "text": "\u00bfAlivio del estr\u00e9s o exposici\u00f3n t\u00f3xica? El estado advierte que los \u201clos cuartos de la ira\u201d pueden generar una liberaci\u00f3n que va m\u00e1s all\u00e1 de solo emociones",
    "url": "https://calmatters.org/calmatters-en-espanol/2022/07/alivio-del-estres-o-exposicion-toxica-el-estado-advierte-que-los-los-cuartos-de-la-ira-pueden-generar-una-liberacion-que-va-mas-alla-de-solo-emociones/"
  },
  {
    "text": "Robert Lewis",
    "url": "https://calmatters.org/author/robert-lewis/"
  },
  {
    "text": "Los condados de California se apropian de beneficios del Seguro Social de algunos ni\u00f1os de crianza",
    "url": "https://calmatters.org/calmatters-en-espanol/2022/07/los-condados-de-california-se-apropian-de-beneficios-del-seguro-social-de-algunos-ninos-de-crianza/"
  },
  {
    "text": "Jeanne Kuang",
    "url": "https://calmatters.org/author/jeanne-kuang/"
  },
  {
    "text": "Las subvenciones para peque\u00f1as empresas eclipsan el programa de pr\u00e9stamos en respuesta al COVID-19",
    "url": "https://calmatters.org/calmatters-en-espanol/2022/07/las-subvenciones-para-pequenas-empresas-eclipsan-el-programa-de-prestamos-en-respuesta-al-covid-19/"
  },
  {
    "text": "Grace Gedye",
    "url": "https://calmatters.org/author/grace-gedye/"
  },
  {
    "text": "\n\t\t\t\t\t\t\t\t\t\t\t\t\t\t\t\t\t",
    "url": "https://calmatters.org/calmatters-en-espanol/2022/07/los-estudiantes-de-bajos-ingresos-tienen-mas-probabilidad-de-estar-en-aulas-con-maestros-poco-capacitados/"
  },
  {
    "text": "Los estudiantes de bajos ingresos tienen m\u00e1s probabilidad de estar en aulas con maestros poco capacitados",
    "url": "https://calmatters.org/calmatters-en-espanol/2022/07/los-estudiantes-de-bajos-ingresos-tienen-mas-probabilidad-de-estar-en-aulas-con-maestros-poco-capacitados/"
  },
  {
    "text": "Joe Hong",
    "url": "https://calmatters.org/author/joe-hong/"
  },
  {
    "text": "Erica Yee",
    "url": "https://calmatters.org/author/ericayee/"
  },
  {
    "text": "\u00bfTiene un aviso de desalojo? Este sitio web de California lo ayudar\u00e1 a presentar una respuesta",
    "url": "https://calmatters.org/calmatters-en-espanol/2022/07/tiene-un-aviso-de-desalojo-este-sitio-web-de-california-lo-ayudara-a-presentar-una-respuesta/"
  },
  {
    "text": "Manuela Tobias",
    "url": "https://calmatters.org/author/manuela-tobias/"
  },
  {
    "text": "Home",
    "url": "https://calmatters.org/"
  },
  {
    "text": "About Us",
    "url": "https://calmatters.org/about/"
  },
  {
    "text": "Donate",
    "url": "https://calmatters.org/donate/"
  },
  {
    "text": "Subscribe",
    "url": "https://calmatters.org/subscribe-to-calmatters/"
  },
  {
    "text": "Sitemap",
    "url": "https://calmatters.org/sitemap/"
  },
  {
    "text": "Terms & Conditions",
    "url": "https://calmatters.org/about/policies-and-standards/#j-terms-and-conditions"
  },
  {
    "text": "\n\t\t\t\t\tProudly powered by Newspack by Automattic\t\t\t\t",
    "url": "https://newspack.pub/"
  },
  {
    "text": "Privacy Policy",
    "url": "https://calmatters.org/privacy-policy/"
  },
  {
    "text": "Facebook",
    "url": "https://www.facebook.com/calmatters/"
  },
  {
    "text": "Instagram",
    "url": "https://www.instagram.com/calmatters/"
  },
  {
    "text": "LinkedIn",
    "url": "https://www.linkedin.com/company/calmatters/"
  },
  {
    "text": "Twitter",
    "url": "https://twitter.com/CalMatters"
  },
  {
    "text": "YouTube",
    "url": "https://www.youtube.com/channel/UCNQv9nDu2_r5zbgtUQungeA"
  }
]