[
  {
    "text": "\n    \n        \n    \n    ",
    "url": "https://www.chalkbeat.org/"
  },
  {
    "text": "Chicago",
    "url": "https://chicago.chalkbeat.org/"
  },
  {
    "text": "Colorado",
    "url": "https://co.chalkbeat.org/"
  },
  {
    "text": "Detroit",
    "url": "https://detroit.chalkbeat.org/"
  },
  {
    "text": "Indiana",
    "url": "https://in.chalkbeat.org/"
  },
  {
    "text": "New York",
    "url": "https://ny.chalkbeat.org/"
  },
  {
    "text": "Newark",
    "url": "https://newark.chalkbeat.org/"
  },
  {
    "text": "Philadelphia",
    "url": "https://philadelphia.chalkbeat.org/"
  },
  {
    "text": "Tennessee",
    "url": "https://tn.chalkbeat.org/"
  },
  {
    "text": "National",
    "url": "https://www.chalkbeat.org/"
  },
  {
    "text": "Coronavirus",
    "url": "https://www.chalkbeat.org/coronavirus"
  },
  {
    "text": "En Espa\u00f1ol",
    "url": "https://www.chalkbeat.org/en-espanol"
  },
  {
    "text": "Diversity & Equity",
    "url": "https://www.chalkbeat.org/diversity-equity"
  },
  {
    "text": "Teaching & Classroom",
    "url": "https://www.chalkbeat.org/teaching-classroom"
  },
  {
    "text": "Politics & Policy",
    "url": "https://www.chalkbeat.org/politics-policy"
  },
  {
    "text": "Student & School Performance",
    "url": "https://www.chalkbeat.org/student-school-performance"
  },
  {
    "text": "Charters & Choice",
    "url": "https://www.chalkbeat.org/charters-choice"
  },
  {
    "text": "How I Teach",
    "url": "https://www.chalkbeat.org/how-i-teach"
  },
  {
    "text": "First Person",
    "url": "https://www.chalkbeat.org/first-person"
  },
  {
    "text": "Jobs Board",
    "url": "https://jobs.chalkbeat.org/?_ga=2.35798752.1159973125.1647355477-775160776.1647355476"
  },
  {
    "text": "Events",
    "url": "https://events.chalkbeat.org/?_ga=2.35798752.1159973125.1647355477-775160776.1647355476"
  },
  {
    "text": "Chicago",
    "url": "https://chicago.chalkbeat.org/"
  },
  {
    "text": "Colorado",
    "url": "https://co.chalkbeat.org/"
  },
  {
    "text": "Detroit",
    "url": "https://detroit.chalkbeat.org/"
  },
  {
    "text": "Indiana",
    "url": "https://in.chalkbeat.org/"
  },
  {
    "text": "New York",
    "url": "https://ny.chalkbeat.org/"
  },
  {
    "text": "Newark",
    "url": "https://newark.chalkbeat.org/"
  },
  {
    "text": "Philadelphia",
    "url": "https://philadelphia.chalkbeat.org/"
  },
  {
    "text": "Tennessee",
    "url": "https://tn.chalkbeat.org/"
  },
  {
    "text": "National",
    "url": "https://www.chalkbeat.org/"
  },
  {
    "text": "Coronavirus",
    "url": "https://www.chalkbeat.org/coronavirus"
  },
  {
    "text": "En Espa\u00f1ol",
    "url": "https://www.chalkbeat.org/en-espanol"
  },
  {
    "text": "Diversity & Equity",
    "url": "https://www.chalkbeat.org/diversity-equity"
  },
  {
    "text": "Teaching & Classroom",
    "url": "https://www.chalkbeat.org/teaching-classroom"
  },
  {
    "text": "Politics & Policy",
    "url": "https://www.chalkbeat.org/politics-policy"
  },
  {
    "text": "Student & School Performance",
    "url": "https://www.chalkbeat.org/student-school-performance"
  },
  {
    "text": "Charters & Choice",
    "url": "https://www.chalkbeat.org/charters-choice"
  },
  {
    "text": "How I Teach",
    "url": "https://www.chalkbeat.org/how-i-teach"
  },
  {
    "text": "First Person",
    "url": "https://www.chalkbeat.org/first-person"
  },
  {
    "text": "Jobs Board",
    "url": "https://jobs.chalkbeat.org/?_ga=2.35798752.1159973125.1647355477-775160776.1647355476"
  },
  {
    "text": "Events",
    "url": "https://events.chalkbeat.org/?_ga=2.35798752.1159973125.1647355477-775160776.1647355476"
  },
  {
    "text": "Newsletters",
    "url": "https://www.chalkbeat.org/pages/newsletters"
  },
  {
    "text": "Donate",
    "url": "https://checkout.fundjournalism.org/memberform?org_id=chalkbeat&campaign=7015A000001vLaR"
  },
  {
    "text": "Become a Chalkbeat sponsor",
    "url": "https://www.chalkbeat.org/pages/chalkbeat-media-kit"
  },
  {
    "text": "\n    \n    \n        \n            \n    \n            \n\n    \n\n    \n        \n\n    \n\n\n        \n    \n\n    \n    \n        \n            \n    \n            \n\n    \n\n    \n        \n\n    \n\n\n        \n    \n\n    \n    \n        \n            \n    \n            \n\n    \n\n    \n        \n\n    \n\n\n        \n    \n\n\n    \n    \n        \n            \n\n        \n    \n\n    \n    \n        \n    \n            \n\n    \n\n    \n        \n\n    \n\n\n    \n    \n    \n\n\n\n\n",
    "url": "https://co.chalkbeat.org/2022/7/29/23283910/denver-school-board-politics-dynamics-disagreement-divided"
  },
  {
    "text": "From Chalkbeat Colorado",
    "url": "https://co.chalkbeat.org"
  },
  {
    "text": "Denver Public Schools",
    "url": "https://co.chalkbeat.org/denver-public-schools"
  },
  {
    "text": "\u2018One voice\u2019: A new approach to governance is dividing the Denver school board",
    "url": "https://co.chalkbeat.org/2022/7/29/23283910/denver-school-board-politics-dynamics-disagreement-divided"
  },
  {
    "text": "Melanie Asmar\n",
    "url": "https://www.chalkbeat.org/authors/melanie-asmar"
  },
  {
    "text": "\n    \n    \n        \n            \n\n        \n    \n\n    \n    \n        \n            \n\n        \n    \n\n    \n    \n        \n            \n\n        \n    \n\n\n    \n    \n        \n            \n\n        \n    \n\n    \n    \n        \n    \n            \n\n    \n\n    \n        \n\n    \n\n\n    \n    \n    \n\n\n\n\n",
    "url": "https://tn.chalkbeat.org/2022/7/29/23283996/memphis-shelby-county-schools-joris-ray-investigation-affairs-divorce"
  },
  {
    "text": "From Chalkbeat Tennessee",
    "url": "https://tn.chalkbeat.org"
  },
  {
    "text": "Budget & finance",
    "url": "https://tn.chalkbeat.org/shelby-county-schools"
  },
  {
    "text": "Joris Ray supervised at least 2 women he allegedly had affairs with",
    "url": "https://tn.chalkbeat.org/2022/7/29/23283996/memphis-shelby-county-schools-joris-ray-investigation-affairs-divorce"
  },
  {
    "text": "Samantha West\n",
    "url": "https://www.chalkbeat.org/authors/samantha-west"
  },
  {
    "text": "\n    \n    \n        \n            \n\n        \n    \n\n    \n    \n        \n            \n\n        \n    \n\n    \n    \n        \n            \n\n        \n    \n\n\n    \n    \n        \n            \n\n        \n    \n\n    \n    \n        \n    \n            \n\n    \n\n    \n        \n\n    \n\n\n    \n    \n    \n\n\n\n\n",
    "url": "https://www.chalkbeat.org/2022/7/28/23282975/cities-schools-families-children-population"
  },
  {
    "text": "Coronavirus",
    "url": "https://www.chalkbeat.org/coronavirus"
  },
  {
    "text": "Coronavirus",
    "url": "https://www.chalkbeat.org/coronavirus"
  },
  {
    "text": "As families with children relocate, city schools could lose more students",
    "url": "https://www.chalkbeat.org/2022/7/28/23282975/cities-schools-families-children-population"
  },
  {
    "text": "Matt Barnum\n",
    "url": "https://www.chalkbeat.org/authors/matt-barnum"
  },
  {
    "text": "\n    \n    \n        \n            \n\n        \n    \n\n    \n    \n        \n            \n\n        \n    \n\n    \n    \n        \n            \n\n        \n    \n\n\n    \n    \n        \n            \n\n        \n    \n\n    \n    \n        \n    \n            \n\n    \n\n    \n        \n\n    \n\n\n    \n    \n    \n\n\n\n\n",
    "url": "https://co.chalkbeat.org/2022/7/28/23283069/denver-public-schools-pay-increase-paraprofessionals-bus-drivers-food-service-custodians"
  },
  {
    "text": "From Chalkbeat Colorado",
    "url": "https://co.chalkbeat.org"
  },
  {
    "text": "Denver Public Schools",
    "url": "https://co.chalkbeat.org/denver-public-schools"
  },
  {
    "text": "Denver classroom aides earn pay increase to $20 an hour",
    "url": "https://co.chalkbeat.org/2022/7/28/23283069/denver-public-schools-pay-increase-paraprofessionals-bus-drivers-food-service-custodians"
  },
  {
    "text": "Erica Meltzer\n",
    "url": "https://www.chalkbeat.org/authors/erica-meltzer"
  },
  {
    "text": "\n    \n    \n        \n            \n\n        \n    \n\n    \n    \n        \n            \n\n        \n    \n\n    \n    \n        \n            \n\n        \n    \n\n\n    \n    \n        \n            \n\n        \n    \n\n    \n    \n        \n    \n            \n\n    \n\n    \n        \n\n    \n\n\n    \n    \n    \n\n\n\n\n",
    "url": "https://www.chalkbeat.org/2022/7/29/23274835/teacher-training-student-teaching-teachers-of-color"
  },
  {
    "text": "First Person",
    "url": "https://www.chalkbeat.org/first-person"
  },
  {
    "text": "First Person",
    "url": "https://www.chalkbeat.org/first-person"
  },
  {
    "text": "I overcame enormous financial challenges to become a teacher. Would I always feel like an outsider?",
    "url": "https://www.chalkbeat.org/2022/7/29/23274835/teacher-training-student-teaching-teachers-of-color"
  },
  {
    "text": "Privacy Notice ",
    "url": "https://www.chalkbeat.org/pages/privacy-policy"
  },
  {
    "text": "\n    \n    \n        \n            \n\n        \n    \n\n    \n    \n        \n            \n\n        \n    \n\n    \n    \n        \n            \n\n        \n    \n\n\n    \n    \n        \n            \n\n        \n    \n\n    \n    \n        \n    \n            \n\n    \n\n    \n        \n\n    \n\n\n    \n    \n    \n\n\n\n\n",
    "url": "https://ny.chalkbeat.org/2022/7/29/23284194/nyc-special-education-recovery-services-compensatory"
  },
  {
    "text": "From Chalkbeat New York",
    "url": "https://ny.chalkbeat.org"
  },
  {
    "text": "Special education",
    "url": "https://www.chalkbeat.org/special-education"
  },
  {
    "text": "NYC special education recovery services program to be scaled back this fall",
    "url": "https://ny.chalkbeat.org/2022/7/29/23284194/nyc-special-education-recovery-services-compensatory"
  },
  {
    "text": "Alex Zimmerman\n",
    "url": "https://www.chalkbeat.org/authors/alex-zimmerman"
  },
  {
    "text": "\n    \n    \n        \n            \n\n        \n    \n\n    \n    \n        \n            \n\n        \n    \n\n    \n    \n        \n            \n\n        \n    \n\n\n    \n    \n        \n            \n\n        \n    \n\n    \n    \n        \n    \n            \n\n    \n\n    \n        \n\n    \n\n\n    \n    \n    \n\n\n\n\n",
    "url": "https://detroit.chalkbeat.org/2022/7/29/23282568/michigan-republican-governor-candidates-education-safety-teachers"
  },
  {
    "text": "From Chalkbeat Detroit",
    "url": "https://detroit.chalkbeat.org"
  },
  {
    "text": "Michigan education policy",
    "url": "https://detroit.chalkbeat.org/michigan-education-policy"
  },
  {
    "text": "Here is where Michigan Republican governor candidates stand on education",
    "url": "https://detroit.chalkbeat.org/2022/7/29/23282568/michigan-republican-governor-candidates-education-safety-teachers"
  },
  {
    "text": "Tracie Mauriello\n",
    "url": "https://www.chalkbeat.org/authors/tracie-mauriello"
  },
  {
    "text": "Become a Chalkbeat sponsor",
    "url": "https://www.chalkbeat.org/pages/chalkbeat-media-kit"
  },
  {
    "text": "\n    \n    \n        \n            \n\n        \n    \n\n    \n    \n        \n            \n\n        \n    \n\n    \n    \n        \n            \n\n        \n    \n\n\n    \n    \n        \n            \n\n        \n    \n\n    \n    \n        \n    \n            \n\n    \n\n    \n        \n\n    \n\n\n    \n    \n    \n\n\n\n\n",
    "url": "https://co.chalkbeat.org/2022/7/28/23282555/denver-public-schools-strategic-plan-alex-marrero-first-look"
  },
  {
    "text": "From Chalkbeat Colorado",
    "url": "https://co.chalkbeat.org"
  },
  {
    "text": "Denver Public Schools",
    "url": "https://co.chalkbeat.org/denver-public-schools"
  },
  {
    "text": "A first look at Denver Public Schools\u2019 new strategic plan",
    "url": "https://co.chalkbeat.org/2022/7/28/23282555/denver-public-schools-strategic-plan-alex-marrero-first-look"
  },
  {
    "text": "Melanie Asmar\n",
    "url": "https://www.chalkbeat.org/authors/melanie-asmar"
  },
  {
    "text": "\n    \n    \n        \n            \n\n        \n    \n\n    \n    \n        \n            \n\n        \n    \n\n    \n    \n        \n            \n\n        \n    \n\n\n    \n    \n        \n            \n\n        \n    \n\n    \n    \n        \n    \n            \n\n    \n\n    \n        \n\n    \n\n\n    \n    \n    \n\n\n\n\n",
    "url": "https://chicago.chalkbeat.org/2022/7/28/23282884/chicago-public-schools-board-of-education-illinois-state-board-coding-error"
  },
  {
    "text": "From Chalkbeat Chicago",
    "url": "https://chicago.chalkbeat.org"
  },
  {
    "text": "Politics & Policy",
    "url": "https://www.chalkbeat.org/politics-policy"
  },
  {
    "text": "Chicago Public Schools will return $87.5 million in state money after coding error",
    "url": "https://chicago.chalkbeat.org/2022/7/28/23282884/chicago-public-schools-board-of-education-illinois-state-board-coding-error"
  },
  {
    "text": "Mauricio Pena\n",
    "url": "https://www.chalkbeat.org/authors/mauricio-pena"
  },
  {
    "text": "\n    \n    \n        \n            \n\n        \n    \n\n    \n    \n        \n            \n\n        \n    \n\n    \n    \n        \n            \n\n        \n    \n\n\n    \n    \n        \n            \n\n        \n    \n\n    \n    \n        \n    \n            \n\n    \n\n    \n        \n\n    \n\n\n    \n    \n    \n\n\n\n\n",
    "url": "https://ny.chalkbeat.org/2022/7/28/23279451/event-nyc-students-learn-to-read-literacy-changes-dyslexia-education"
  },
  {
    "text": "From Chalkbeat New York",
    "url": "https://ny.chalkbeat.org"
  },
  {
    "text": "Teaching & Classroom",
    "url": "https://www.chalkbeat.org/teaching-classroom"
  },
  {
    "text": "Event: NYC is promising to revamp how students learn to read. What will it take?",
    "url": "https://ny.chalkbeat.org/2022/7/28/23279451/event-nyc-students-learn-to-read-literacy-changes-dyslexia-education"
  },
  {
    "text": "Caroline Bauman\n",
    "url": "https://www.chalkbeat.org/authors/caroline-bauman"
  },
  {
    "text": "Become a Chalkbeat sponsor",
    "url": "https://www.chalkbeat.org/pages/chalkbeat-media-kit"
  },
  {
    "text": "\n    \n    \n        \n            \n\n        \n    \n\n    \n    \n        \n            \n\n        \n    \n\n    \n    \n        \n            \n\n        \n    \n\n\n    \n    \n        \n            \n\n        \n    \n\n    \n    \n        \n    \n            \n\n    \n\n    \n        \n\n    \n\n\n    \n    \n    \n\n\n\n\n",
    "url": "https://in.chalkbeat.org/2022/7/28/23282544/roe-v-wade-students-fishers-indiana-abortion-legislation-royals-for-womens-rights-school"
  },
  {
    "text": "From Chalkbeat Indiana",
    "url": "https://in.chalkbeat.org"
  },
  {
    "text": "Federal policy and reform",
    "url": "https://www.chalkbeat.org/federal-policy-and-reform"
  },
  {
    "text": "Indiana\u2019s post-Roe world is what these high school students have prepared for",
    "url": "https://in.chalkbeat.org/2022/7/28/23282544/roe-v-wade-students-fishers-indiana-abortion-legislation-royals-for-womens-rights-school"
  },
  {
    "text": "\n    \n    \n        \n            \n\n        \n    \n\n    \n    \n        \n            \n\n        \n    \n\n    \n    \n        \n            \n\n        \n    \n\n\n    \n    \n        \n            \n\n        \n    \n\n    \n    \n        \n    \n            \n\n    \n\n    \n        \n\n    \n\n\n    \n    \n    \n\n\n\n\n",
    "url": "https://www.chalkbeat.org/2022/7/28/23272021/teachers-classroom-administration-support-dr-kem-advice-column"
  },
  {
    "text": "After the Bell",
    "url": "https://www.chalkbeat.org/after-the-bell"
  },
  {
    "text": "After the Bell",
    "url": "https://www.chalkbeat.org/after-the-bell"
  },
  {
    "text": "How do I speak up to get more support from the administration?",
    "url": "https://www.chalkbeat.org/2022/7/28/23272021/teachers-classroom-administration-support-dr-kem-advice-column"
  },
  {
    "text": "\n    \n    \n        \n            \n\n        \n    \n\n    \n    \n        \n            \n\n        \n    \n\n    \n    \n        \n            \n\n        \n    \n\n\n    \n    \n        \n            \n\n        \n    \n\n    \n    \n        \n    \n            \n\n    \n\n    \n        \n\n    \n\n\n    \n    \n    \n\n\n\n\n",
    "url": "https://ny.chalkbeat.org/2022/7/28/23197074/books-e-readers-libraries-digital-natives-reading-literacy"
  },
  {
    "text": "From Chalkbeat New York",
    "url": "https://ny.chalkbeat.org"
  },
  {
    "text": "First Person",
    "url": "https://www.chalkbeat.org/first-person"
  },
  {
    "text": "I am a member of the e-book generation, but nothing beats the printed page",
    "url": "https://ny.chalkbeat.org/2022/7/28/23197074/books-e-readers-libraries-digital-natives-reading-literacy"
  },
  {
    "text": "Become a Chalkbeat sponsor",
    "url": "https://www.chalkbeat.org/pages/chalkbeat-media-kit"
  },
  {
    "text": "\n    \n    \n        \n            \n\n        \n    \n\n    \n    \n        \n            \n\n        \n    \n\n    \n    \n        \n            \n\n        \n    \n\n\n    \n    \n        \n            \n\n        \n    \n\n    \n    \n        \n    \n            \n\n    \n\n    \n        \n\n    \n\n\n    \n    \n    \n\n\n\n\n",
    "url": "https://chicago.chalkbeat.org/2022/7/28/23281298/illinois-coronavirus-vaccinations-child-care"
  },
  {
    "text": "From Chalkbeat Chicago",
    "url": "https://chicago.chalkbeat.org"
  },
  {
    "text": "Coronavirus",
    "url": "https://www.chalkbeat.org/coronavirus"
  },
  {
    "text": "Will Illinois child care centers return to normal with COVID vaccines?",
    "url": "https://chicago.chalkbeat.org/2022/7/28/23281298/illinois-coronavirus-vaccinations-child-care"
  },
  {
    "text": "Samantha Smylie\n",
    "url": "https://www.chalkbeat.org/authors/samantha-smylie"
  },
  {
    "text": "\n    \n    \n        \n            \n\n        \n    \n\n    \n    \n        \n            \n\n        \n    \n\n    \n    \n        \n            \n\n        \n    \n\n\n    \n    \n        \n            \n\n        \n    \n\n    \n    \n        \n    \n            \n\n    \n\n    \n        \n\n    \n\n\n    \n    \n    \n\n\n\n\n",
    "url": "https://newark.chalkbeat.org/2022/7/28/23196876/newark-autism-summer-program-special-education-services"
  },
  {
    "text": "From Chalkbeat Newark",
    "url": "https://newark.chalkbeat.org"
  },
  {
    "text": "Outside the classroom",
    "url": "https://newark.chalkbeat.org/outside-the-classroom"
  },
  {
    "text": "Newark summer camp helps autistic kids and their families connect",
    "url": "https://newark.chalkbeat.org/2022/7/28/23196876/newark-autism-summer-program-special-education-services"
  },
  {
    "text": "Jessie Gomez\n",
    "url": "https://www.chalkbeat.org/authors/jessie-gomez"
  },
  {
    "text": "\n    \n    \n        \n            \n\n        \n    \n\n    \n    \n        \n            \n\n        \n    \n\n    \n    \n        \n            \n\n        \n    \n\n\n    \n    \n        \n            \n\n        \n    \n\n    \n    \n        \n    \n            \n\n    \n\n    \n        \n\n    \n\n\n    \n    \n    \n\n\n\n\n",
    "url": "https://co.chalkbeat.org/2022/7/27/23281606/jeffco-board-school-closure-discussions-community-engagement-feedback"
  },
  {
    "text": "From Chalkbeat Colorado",
    "url": "https://co.chalkbeat.org"
  },
  {
    "text": "Jeffco Public Schools",
    "url": "https://co.chalkbeat.org/jeffco-public-schools"
  },
  {
    "text": "Community feedback won\u2019t stop Jeffco school closures",
    "url": "https://co.chalkbeat.org/2022/7/27/23281606/jeffco-board-school-closure-discussions-community-engagement-feedback"
  },
  {
    "text": "Yesenia Robles\n",
    "url": "https://www.chalkbeat.org/authors/yesenia-robles"
  },
  {
    "text": "Become a Chalkbeat sponsor",
    "url": "https://www.chalkbeat.org/pages/chalkbeat-media-kit"
  },
  {
    "text": "\n    \n    \n        \n            \n\n        \n    \n\n    \n    \n        \n            \n\n        \n    \n\n    \n    \n        \n            \n\n        \n    \n\n\n    \n    \n        \n            \n\n        \n    \n\n    \n    \n        \n    \n            \n\n    \n\n    \n        \n\n    \n\n\n    \n    \n    \n\n\n\n\n",
    "url": "https://chicago.chalkbeat.org/2022/7/27/23281631/transportation-chicago-schools-bus-shortages-stipends-children-disabilities-vendors"
  },
  {
    "text": "From Chalkbeat Chicago",
    "url": "https://chicago.chalkbeat.org"
  },
  {
    "text": "Special education",
    "url": "https://www.chalkbeat.org/special-education"
  },
  {
    "text": "Chicago Public Schools prepares for transportation issues before school year",
    "url": "https://chicago.chalkbeat.org/2022/7/27/23281631/transportation-chicago-schools-bus-shortages-stipends-children-disabilities-vendors"
  },
  {
    "text": "\n    \n    \n        \n            \n\n        \n    \n\n    \n    \n        \n            \n\n        \n    \n\n    \n    \n        \n            \n\n        \n    \n\n\n    \n    \n        \n            \n\n        \n    \n\n    \n    \n        \n    \n            \n\n    \n\n    \n        \n\n    \n\n\n    \n    \n    \n\n\n\n\n",
    "url": "https://chicago.chalkbeat.org/2022/7/27/23281617/chicago-public-schools-board-of-education-police-officers-whole-school-comprehensive-safety-plan"
  },
  {
    "text": "From Chalkbeat Chicago",
    "url": "https://chicago.chalkbeat.org"
  },
  {
    "text": "School safety",
    "url": "https://www.chalkbeat.org/school-safety"
  },
  {
    "text": "Chicago school board approves $10.2 million contract for police officers for upcoming school year",
    "url": "https://chicago.chalkbeat.org/2022/7/27/23281617/chicago-public-schools-board-of-education-police-officers-whole-school-comprehensive-safety-plan"
  },
  {
    "text": "Mauricio Pena\n",
    "url": "https://www.chalkbeat.org/authors/mauricio-pena"
  },
  {
    "text": "\n    \n    \n        \n            \n\n        \n    \n\n    \n    \n        \n            \n\n        \n    \n\n    \n    \n        \n            \n\n        \n    \n\n\n    \n    \n        \n            \n\n        \n    \n\n    \n    \n        \n    \n            \n\n    \n\n    \n        \n\n    \n\n\n    \n    \n    \n\n\n\n\n",
    "url": "https://philadelphia.chalkbeat.org/2022/7/27/23281514/philadelphia-staffing-jobs-event-fair-district-openings"
  },
  {
    "text": "From Chalkbeat Philadelphia",
    "url": "https://philadelphia.chalkbeat.org"
  },
  {
    "text": "Philadelphia Public Schools",
    "url": "https://philadelphia.chalkbeat.org/philadelphia-public-schools"
  },
  {
    "text": "Philly aims to fill jobs for bus drivers, food workers and others at job fairs",
    "url": "https://philadelphia.chalkbeat.org/2022/7/27/23281514/philadelphia-staffing-jobs-event-fair-district-openings"
  },
  {
    "text": "Johann Calhoun\n",
    "url": "https://www.chalkbeat.org/authors/johann-calhoun"
  },
  {
    "text": "\n    \n    \n        \n            \n\n        \n    \n\n    \n    \n        \n            \n\n        \n    \n\n    \n    \n        \n            \n\n        \n    \n\n\n    \n    \n        \n            \n\n        \n    \n\n    \n    \n        \n    \n            \n\n    \n\n    \n        \n\n    \n\n\n    \n    \n    \n\n\n\n\n",
    "url": "https://in.chalkbeat.org/2022/7/27/23281364/ips-freshmen-on-track-graduation-rates-crispus-attucks-george-washington"
  },
  {
    "text": "From Chalkbeat Indiana",
    "url": "https://in.chalkbeat.org"
  },
  {
    "text": "Student & School Performance",
    "url": "https://www.chalkbeat.org/student-school-performance"
  },
  {
    "text": "IPS reports jump in share of freshmen who are on track to graduate",
    "url": "https://in.chalkbeat.org/2022/7/27/23281364/ips-freshmen-on-track-graduation-rates-crispus-attucks-george-washington"
  },
  {
    "text": "Aleksandra Appleton\n",
    "url": "https://www.chalkbeat.org/authors/aleksandra-appleton"
  },
  {
    "text": "\n    \n    \n        \n            \n\n        \n    \n\n    \n    \n        \n            \n\n        \n    \n\n    \n    \n        \n            \n\n        \n    \n\n\n    \n    \n        \n            \n\n        \n    \n\n    \n    \n        \n    \n            \n\n    \n\n    \n        \n\n    \n\n\n    \n    \n    \n\n\n\n\n",
    "url": "https://detroit.chalkbeat.org/2022/7/26/23280072/detroit-public-schools-board-candidates-election-four-seats-general"
  },
  {
    "text": "From Chalkbeat Detroit",
    "url": "https://detroit.chalkbeat.org"
  },
  {
    "text": "Campaigns and elections",
    "url": "https://www.chalkbeat.org/campaigns-and-elections"
  },
  {
    "text": "Here\u2019s who\u2019s running for 4 Detroit school board seats",
    "url": "https://detroit.chalkbeat.org/2022/7/26/23280072/detroit-public-schools-board-candidates-election-four-seats-general"
  },
  {
    "text": "Become a Chalkbeat sponsor",
    "url": "https://www.chalkbeat.org/pages/chalkbeat-media-kit"
  },
  {
    "text": "Donate",
    "url": "https://checkout.fundjournalism.org/memberform?org_id=chalkbeat"
  },
  {
    "text": "Events",
    "url": "https://events.chalkbeat.org/?_ga=2.166082424.737840094.1647219549-906468322.1641319391"
  },
  {
    "text": "School Operations: Summer Boot Camp",
    "url": "https://events.chalkbeat.org/event/school-operations-summer-boot-camp-5/"
  },
  {
    "text": "NYC is promising to overhaul literacy in NYC schools. What will it take?",
    "url": "https://events.chalkbeat.org/event/nyc-is-promising-to-overhaul-literacy-in-nyc-schools-what-will-it-take/"
  },
  {
    "text": "Apply to Join Bank Street CCRE Collective Online Cohort Program Grounded in Equity",
    "url": "https://events.chalkbeat.org/event/apply-to-join-bank-street-ccre-collective-online-cohort-program-grounded-in-equity-2/"
  },
  {
    "text": "School Operations: Summer Boot Camp",
    "url": "https://events.chalkbeat.org/event/school-operations-summer-boot-camp-6/"
  },
  {
    "text": "Soichi Sakamoto and the Three-Year Swim Club",
    "url": "https://events.chalkbeat.org/event/soichi-sakamoto-and-the-three-year-swim-club/"
  },
  {
    "text": "Become a Chalkbeat sponsor",
    "url": "https://www.chalkbeat.org/pages/chalkbeat-media-kit"
  },
  {
    "text": "Become a Chalkbeat sponsor",
    "url": "https://www.chalkbeat.org/pages/chalkbeat-media-kit"
  },
  {
    "text": "Jobs",
    "url": "https://jobs.chalkbeat.org/?_ga=2.229079002.737840094.1647219549-906468322.1641319391"
  },
  {
    "text": "VOICE Charter School: Middle School Math Teacher (6-8)",
    "url": "https://jobs.chalkbeat.org/jobs/middle-school-math-teacher-6-8/"
  },
  {
    "text": "VOICE Charter School: Middle School ELA Teacher (6-8)",
    "url": "https://jobs.chalkbeat.org/jobs/middle-school-ela-teacher-6-8/"
  },
  {
    "text": "Middle School SETSS Teacher: Middle School SETSS Teacher",
    "url": "https://jobs.chalkbeat.org/jobs/middle-school-setss-teacher/"
  },
  {
    "text": "VOICE Charter School: Middle School Physical Education Teacher (6-8)",
    "url": "https://jobs.chalkbeat.org/jobs/middle-school-physical-education-teacher-6-8/"
  },
  {
    "text": ": GEAR UP Regional Director",
    "url": "https://jobs.chalkbeat.org/jobs/gear-up-regional-director-4/"
  },
  {
    "text": "\n    \n    \n        \n            \n\n        \n    \n\n    \n    \n        \n            \n\n        \n    \n\n    \n    \n        \n            \n\n        \n    \n\n\n    \n    \n        \n            \n\n        \n    \n\n    \n    \n        \n    \n            \n\n    \n\n    \n        \n\n    \n\n\n    \n    \n    \n\n\n\n\n",
    "url": "https://ny.chalkbeat.org/2022/7/27/23280839/nyc-school-budget-cuts-court-ruling"
  },
  {
    "text": "From Chalkbeat New York",
    "url": "https://ny.chalkbeat.org"
  },
  {
    "text": "Politics & Policy",
    "url": "https://www.chalkbeat.org/politics-policy"
  },
  {
    "text": "Judge upholds pause on hundreds of millions in NYC school budget cuts",
    "url": "https://ny.chalkbeat.org/2022/7/27/23280839/nyc-school-budget-cuts-court-ruling"
  },
  {
    "text": "Alex Zimmerman\n",
    "url": "https://www.chalkbeat.org/authors/alex-zimmerman"
  },
  {
    "text": "\n    \n    \n        \n            \n\n        \n    \n\n    \n    \n        \n            \n\n        \n    \n\n    \n    \n        \n            \n\n        \n    \n\n\n    \n    \n        \n            \n\n        \n    \n\n    \n    \n        \n    \n            \n\n    \n\n    \n        \n\n    \n\n\n    \n    \n    \n\n\n\n\n",
    "url": "https://tn.chalkbeat.org/2022/7/26/23279600/north-memphis-charter-school-westside-middle-wins-approval-frayser-community-schools"
  },
  {
    "text": "From Chalkbeat Tennessee",
    "url": "https://tn.chalkbeat.org"
  },
  {
    "text": "Charter schools",
    "url": "https://www.chalkbeat.org/charter-schools"
  },
  {
    "text": "One charter school wins Memphis school board approval",
    "url": "https://tn.chalkbeat.org/2022/7/26/23279600/north-memphis-charter-school-westside-middle-wins-approval-frayser-community-schools"
  },
  {
    "text": "Samantha West\n",
    "url": "https://www.chalkbeat.org/authors/samantha-west"
  },
  {
    "text": "Become a Chalkbeat sponsor",
    "url": "https://www.chalkbeat.org/pages/chalkbeat-media-kit"
  },
  {
    "text": "\n    \n    \n        \n            \n\n        \n    \n\n    \n    \n        \n            \n\n        \n    \n\n    \n    \n        \n            \n\n        \n    \n\n\n    \n    \n        \n            \n\n        \n    \n\n    \n    \n        \n    \n            \n\n    \n\n    \n        \n\n    \n\n\n    \n    \n    \n\n\n\n\n",
    "url": "https://tn.chalkbeat.org/2022/7/26/23279924/tennessee-school-voucher-participation-interest-nashville-memphis-bill-lee"
  },
  {
    "text": "From Chalkbeat Tennessee",
    "url": "https://tn.chalkbeat.org"
  },
  {
    "text": "Vouchers",
    "url": "https://www.chalkbeat.org/vouchers"
  },
  {
    "text": "Private school vouchers draw interest from 2,185 Tennessee families",
    "url": "https://tn.chalkbeat.org/2022/7/26/23279924/tennessee-school-voucher-participation-interest-nashville-memphis-bill-lee"
  },
  {
    "text": "Marta W. Aldrich\n",
    "url": "https://www.chalkbeat.org/authors/marta-w-aldrich"
  },
  {
    "text": "\n    \n    \n        \n            \n\n        \n    \n\n    \n    \n        \n            \n\n        \n    \n\n    \n    \n        \n            \n\n        \n    \n\n\n    \n    \n        \n            \n\n        \n    \n\n    \n    \n        \n    \n            \n\n    \n\n    \n        \n\n    \n\n\n    \n    \n    \n\n\n\n\n",
    "url": "https://www.chalkbeat.org/2022/7/26/23279682/college-acceleration-network-urban-rural-indianapolis-indiana-high-school"
  },
  {
    "text": "From Chalkbeat Indiana",
    "url": "https://in.chalkbeat.org"
  },
  {
    "text": "College and career readiness",
    "url": "https://www.chalkbeat.org/college-and-career-readiness"
  },
  {
    "text": "Indiana program supporting college credit in rural schools expands to cities",
    "url": "https://www.chalkbeat.org/2022/7/26/23279682/college-acceleration-network-urban-rural-indianapolis-indiana-high-school"
  },
  {
    "text": "\n    \n    \n        \n            \n\n        \n    \n\n    \n    \n        \n            \n\n        \n    \n\n    \n    \n        \n            \n\n        \n    \n\n\n    \n    \n        \n            \n\n        \n    \n\n    \n    \n        \n    \n            \n\n    \n\n    \n        \n\n    \n\n\n    \n    \n    \n\n\n\n\n",
    "url": "https://philadelphia.chalkbeat.org/2022/7/26/23279647/pennsylvania-school-funding-case-constitutional-obligation-closing-arguments"
  },
  {
    "text": "From Chalkbeat Philadelphia",
    "url": "https://philadelphia.chalkbeat.org"
  },
  {
    "text": "Politics & Policy",
    "url": "https://www.chalkbeat.org/politics-policy"
  },
  {
    "text": "Judge hears impassioned closing arguments in Pennsylvania school funding case",
    "url": "https://philadelphia.chalkbeat.org/2022/7/26/23279647/pennsylvania-school-funding-case-constitutional-obligation-closing-arguments"
  },
  {
    "text": "Dale Mezzacappa\n",
    "url": "https://www.chalkbeat.org/authors/dale-mezzacappa"
  },
  {
    "text": "Become a Chalkbeat sponsor",
    "url": "https://www.chalkbeat.org/pages/chalkbeat-media-kit"
  },
  {
    "text": "\n    \n    \n        \n            \n\n        \n    \n\n    \n    \n        \n            \n\n        \n    \n\n    \n    \n        \n            \n\n        \n    \n\n\n    \n    \n        \n            \n\n        \n    \n\n    \n    \n        \n    \n            \n\n    \n\n    \n        \n\n    \n\n\n    \n    \n    \n\n\n\n\n",
    "url": "https://ny.chalkbeat.org/2022/7/26/23277806/nyc-summer-melt-bridge-programs-cara"
  },
  {
    "text": "From Chalkbeat New York",
    "url": "https://ny.chalkbeat.org"
  },
  {
    "text": "After high school",
    "url": "https://www.chalkbeat.org/after-high-school"
  },
  {
    "text": "How NYC programs fight \u2018summer melt\u2019 one student at a time",
    "url": "https://ny.chalkbeat.org/2022/7/26/23277806/nyc-summer-melt-bridge-programs-cara"
  },
  {
    "text": "\n    \n    \n        \n            \n\n        \n    \n\n    \n    \n        \n            \n\n        \n    \n\n    \n    \n        \n            \n\n        \n    \n\n\n    \n    \n        \n            \n\n        \n    \n\n    \n    \n        \n    \n            \n\n    \n\n    \n        \n\n    \n\n\n    \n    \n    \n\n\n\n\n",
    "url": "https://www.chalkbeat.org/2022/7/26/23270765/parents-interview-teachers-dennis-dunkins"
  },
  {
    "text": "First Person",
    "url": "https://www.chalkbeat.org/first-person"
  },
  {
    "text": "First Person",
    "url": "https://www.chalkbeat.org/first-person"
  },
  {
    "text": "At our elementary school, parents interview our teachers",
    "url": "https://www.chalkbeat.org/2022/7/26/23270765/parents-interview-teachers-dennis-dunkins"
  },
  {
    "text": "\n    \n    \n        \n            \n\n        \n    \n\n    \n    \n        \n            \n\n        \n    \n\n    \n    \n        \n            \n\n        \n    \n\n\n    \n    \n        \n            \n\n        \n    \n\n    \n    \n        \n    \n            \n\n    \n\n    \n        \n\n    \n\n\n    \n    \n    \n\n\n\n\n",
    "url": "https://chicago.chalkbeat.org/2022/7/26/23278157/chicago-public-schools-covid-testing-contract-renewal"
  },
  {
    "text": "From Chalkbeat Chicago",
    "url": "https://chicago.chalkbeat.org"
  },
  {
    "text": "COVID safety",
    "url": "https://www.chalkbeat.org/covid-safety"
  },
  {
    "text": "Chicago school board to consider $85 million COVID testing contract renewal",
    "url": "https://chicago.chalkbeat.org/2022/7/26/23278157/chicago-public-schools-covid-testing-contract-renewal"
  },
  {
    "text": "Becky Vevea\n",
    "url": "https://www.chalkbeat.org/authors/becky-vevea"
  },
  {
    "text": "Become a Chalkbeat sponsor",
    "url": "https://www.chalkbeat.org/pages/chalkbeat-media-kit"
  },
  {
    "text": "\n    \n    \n        \n            \n\n        \n    \n\n    \n    \n        \n            \n\n        \n    \n\n    \n    \n        \n            \n\n        \n    \n\n\n    \n    \n        \n            \n\n        \n    \n\n    \n    \n        \n    \n            \n\n    \n\n    \n        \n\n    \n\n\n    \n    \n    \n\n\n\n\n",
    "url": "https://chicago.chalkbeat.org/2022/7/19/23270733/summer-child-care-struggle-chicago-parents-affordable-camps"
  },
  {
    "text": "From Chalkbeat Chicago",
    "url": "https://chicago.chalkbeat.org"
  },
  {
    "text": "Community & Wraparound Programs",
    "url": "https://www.chalkbeat.org/community-wraparound-programs"
  },
  {
    "text": "Chicago parents scramble to find affordable summer child care",
    "url": "https://chicago.chalkbeat.org/2022/7/19/23270733/summer-child-care-struggle-chicago-parents-affordable-camps"
  },
  {
    "text": "\n    \n    \n        \n            \n\n        \n    \n\n    \n    \n        \n            \n\n        \n    \n\n    \n    \n        \n            \n\n        \n    \n\n\n    \n    \n        \n            \n\n        \n    \n\n    \n    \n        \n    \n            \n\n    \n\n    \n        \n\n    \n\n\n    \n    \n    \n\n\n\n\n",
    "url": "https://ny.chalkbeat.org/2022/7/25/23278063/ny-affordable-child-care-women-workforce-governor-kathy-hochul"
  },
  {
    "text": "From Chalkbeat New York",
    "url": "https://ny.chalkbeat.org"
  },
  {
    "text": "COVID Stimulus",
    "url": "https://www.chalkbeat.org/covid-stimulus"
  },
  {
    "text": "NYC slated to get 3,000 new child care seats this fall, Hochul says",
    "url": "https://ny.chalkbeat.org/2022/7/25/23278063/ny-affordable-child-care-women-workforce-governor-kathy-hochul"
  },
  {
    "text": "Amy Zimmer\n",
    "url": "https://www.chalkbeat.org/authors/amy-zimmer"
  },
  {
    "text": "\n    \n    \n        \n            \n\n        \n    \n\n    \n    \n        \n            \n\n        \n    \n\n    \n    \n        \n            \n\n        \n    \n\n\n    \n    \n        \n            \n\n        \n    \n\n    \n    \n        \n    \n            \n\n    \n\n    \n        \n\n    \n\n\n    \n    \n    \n\n\n\n\n",
    "url": "https://detroit.chalkbeat.org/2022/7/25/23277985/masks-mandate-detroit-school-district-voluntary-optional-summer"
  },
  {
    "text": "From Chalkbeat Detroit",
    "url": "https://detroit.chalkbeat.org"
  },
  {
    "text": "The Comeback",
    "url": "https://www.chalkbeat.org/the-comeback"
  },
  {
    "text": "Masks are now optional for Detroit district students",
    "url": "https://detroit.chalkbeat.org/2022/7/25/23277985/masks-mandate-detroit-school-district-voluntary-optional-summer"
  },
  {
    "text": "Ethan Bakuli\n",
    "url": "https://www.chalkbeat.org/authors/ethan-bakuli"
  },
  {
    "text": "\n    \n    \n        \n            \n\n        \n    \n\n    \n    \n        \n            \n\n        \n    \n\n    \n    \n        \n            \n\n        \n    \n\n\n    \n    \n        \n            \n\n        \n    \n\n    \n    \n        \n    \n            \n\n    \n\n    \n        \n\n    \n\n\n    \n    \n    \n\n\n\n\n",
    "url": "https://chicago.chalkbeat.org/2022/7/25/23277895/chicago-public-school-mental-health-days-law-pandemic-violence"
  },
  {
    "text": "From Chalkbeat Chicago",
    "url": "https://chicago.chalkbeat.org"
  },
  {
    "text": "Mental health services",
    "url": "https://www.chalkbeat.org/mental-health-services"
  },
  {
    "text": "New law allows Illinois students to take five mental health days",
    "url": "https://chicago.chalkbeat.org/2022/7/25/23277895/chicago-public-school-mental-health-days-law-pandemic-violence"
  },
  {
    "text": "\n    \n    \n        \n            \n\n        \n    \n\n    \n    \n        \n            \n\n        \n    \n\n    \n    \n        \n            \n\n        \n    \n\n\n    \n    \n        \n            \n\n        \n    \n\n    \n    \n        \n    \n            \n\n    \n\n    \n        \n\n    \n\n\n    \n    \n    \n\n\n\n\n",
    "url": "https://www.chalkbeat.org/2022/7/25/23274280/alabama-black-queer-youth-trans-activists"
  },
  {
    "text": "LGBTQ+",
    "url": "https://www.chalkbeat.org/lgbtq"
  },
  {
    "text": "LGBTQ+",
    "url": "https://www.chalkbeat.org/lgbtq"
  },
  {
    "text": "\u2018A place of joy\u2019: Inside a safe haven for Black queer teens in Alabama",
    "url": "https://www.chalkbeat.org/2022/7/25/23274280/alabama-black-queer-youth-trans-activists"
  },
  {
    "text": "Patrick Wall\n",
    "url": "https://www.chalkbeat.org/authors/patrick-wall"
  },
  {
    "text": "\n    \n    \n        \n            \n\n        \n    \n\n    \n    \n        \n            \n\n        \n    \n\n    \n    \n        \n            \n\n        \n    \n\n\n    \n    \n        \n            \n\n        \n    \n\n    \n    \n        \n    \n            \n\n    \n\n    \n        \n\n    \n\n\n    \n    \n    \n\n\n\n\n",
    "url": "https://tn.chalkbeat.org/2022/7/22/23274959/tennessee-private-school-voucher-injunction-court-motions"
  },
  {
    "text": "From Chalkbeat Tennessee",
    "url": "https://tn.chalkbeat.org"
  },
  {
    "text": "Private school voucher opponents ask Tennessee court to block \u2018rushed, haphazard\u2019 rollout",
    "url": "https://tn.chalkbeat.org/2022/7/22/23274959/tennessee-private-school-voucher-injunction-court-motions"
  },
  {
    "text": "Marta W. Aldrich\n",
    "url": "https://www.chalkbeat.org/authors/marta-w-aldrich"
  },
  {
    "text": "\n    \n    \n        \n            \n\n        \n    \n\n    \n    \n        \n            \n\n        \n    \n\n    \n    \n        \n            \n\n        \n    \n\n\n    \n    \n        \n            \n\n        \n    \n\n    \n    \n        \n    \n            \n\n    \n\n    \n        \n\n    \n\n\n    \n    \n    \n\n\n\n\n",
    "url": "https://philadelphia.chalkbeat.org/2022/7/22/23274838/pennsylvania-landmark-school-funding-case-post-trial-briefs-education-resources-gaps"
  },
  {
    "text": "From Chalkbeat Philadelphia",
    "url": "https://philadelphia.chalkbeat.org"
  },
  {
    "text": "Politics & Policy",
    "url": "https://www.chalkbeat.org/politics-policy"
  },
  {
    "text": "Two sides in Pennsylvania school funding trial set to face off again in court",
    "url": "https://philadelphia.chalkbeat.org/2022/7/22/23274838/pennsylvania-landmark-school-funding-case-post-trial-briefs-education-resources-gaps"
  },
  {
    "text": "Dale Mezzacappa\n",
    "url": "https://www.chalkbeat.org/authors/dale-mezzacappa"
  },
  {
    "text": "\n    \n    \n        \n            \n\n        \n    \n\n    \n    \n        \n            \n\n        \n    \n\n    \n    \n        \n            \n\n        \n    \n\n\n    \n    \n        \n            \n\n        \n    \n\n    \n    \n        \n    \n            \n\n    \n\n    \n        \n\n    \n\n\n    \n    \n    \n\n\n\n\n",
    "url": "https://tn.chalkbeat.org/2022/7/22/23274699/memphis-school-board-candidates-forum-superintendent-joris-ray"
  },
  {
    "text": "From Chalkbeat Tennessee",
    "url": "https://tn.chalkbeat.org"
  },
  {
    "text": "Campaigns and elections",
    "url": "https://www.chalkbeat.org/campaigns-and-elections"
  },
  {
    "text": "Memphis school board candidates want stronger superintendent policies",
    "url": "https://tn.chalkbeat.org/2022/7/22/23274699/memphis-school-board-candidates-forum-superintendent-joris-ray"
  },
  {
    "text": "Marta W. Aldrich\n",
    "url": "https://www.chalkbeat.org/authors/marta-w-aldrich"
  },
  {
    "text": "\n    \n    \n        \n            \n\n        \n    \n\n    \n    \n        \n            \n\n        \n    \n\n    \n    \n        \n            \n\n        \n    \n\n\n    \n    \n        \n            \n\n        \n    \n\n    \n    \n        \n    \n            \n\n    \n\n    \n        \n\n    \n\n\n    \n    \n    \n\n\n\n\n",
    "url": "https://detroit.chalkbeat.org/2022/7/22/23274656/detroit-public-schools-rachel-vitti-beyond-basics-resignation-literacy-tutoring-superintendent"
  },
  {
    "text": "From Chalkbeat Detroit",
    "url": "https://detroit.chalkbeat.org"
  },
  {
    "text": "The $6 billion question",
    "url": "https://detroit.chalkbeat.org/the-6-billion-question"
  },
  {
    "text": "Detroit superintendent\u2019s wife leaves literacy nonprofit following backlash over contract",
    "url": "https://detroit.chalkbeat.org/2022/7/22/23274656/detroit-public-schools-rachel-vitti-beyond-basics-resignation-literacy-tutoring-superintendent"
  },
  {
    "text": "Ethan Bakuli\n",
    "url": "https://www.chalkbeat.org/authors/ethan-bakuli"
  },
  {
    "text": "\n    \n    \n        \n            \n\n        \n    \n\n    \n    \n        \n            \n\n        \n    \n\n    \n    \n        \n            \n\n        \n    \n\n\n    \n    \n        \n            \n\n        \n    \n\n    \n    \n        \n    \n            \n\n    \n\n    \n        \n\n    \n\n\n    \n    \n    \n\n\n\n\n",
    "url": "https://ny.chalkbeat.org/2022/7/22/23274535/chancellor-banks-mayor-adams-school-integration-nyc-gifted-specialized-high-schools"
  },
  {
    "text": "From Chalkbeat New York",
    "url": "https://ny.chalkbeat.org"
  },
  {
    "text": "Diversity & Equity",
    "url": "https://www.chalkbeat.org/diversity-equity"
  },
  {
    "text": "With Banks and Adams, NYC school integration advocates see an uphill fight",
    "url": "https://ny.chalkbeat.org/2022/7/22/23274535/chancellor-banks-mayor-adams-school-integration-nyc-gifted-specialized-high-schools"
  },
  {
    "text": "Christina Veiga\n",
    "url": "https://www.chalkbeat.org/authors/christina-veiga"
  },
  {
    "text": "\n    \n    \n        \n            \n\n        \n    \n\n    \n    \n        \n            \n\n        \n    \n\n    \n    \n        \n            \n\n        \n    \n\n\n    \n    \n        \n            \n\n        \n    \n\n    \n    \n        \n    \n            \n\n    \n\n    \n        \n\n    \n\n\n    \n    \n    \n\n\n\n\n",
    "url": "https://www.chalkbeat.org/2022/7/22/23274386/teaching-asian-american-history"
  },
  {
    "text": "How I Teach",
    "url": "https://www.chalkbeat.org/how-i-teach"
  },
  {
    "text": "How I Teach",
    "url": "https://www.chalkbeat.org/how-i-teach"
  },
  {
    "text": "For this LA educator, teaching Asian American history and activism is personal",
    "url": "https://www.chalkbeat.org/2022/7/22/23274386/teaching-asian-american-history"
  },
  {
    "text": "\n    \n    \n        \n            \n\n        \n    \n\n    \n    \n        \n            \n\n        \n    \n\n    \n    \n        \n            \n\n        \n    \n\n\n    \n    \n        \n            \n\n        \n    \n\n    \n    \n        \n    \n            \n\n    \n\n    \n        \n\n    \n\n\n    \n    \n    \n\n\n\n\n",
    "url": "https://co.chalkbeat.org/2022/7/22/23272681/jeffco-small-schools-elementary-closure-enrollment-data-analysis"
  },
  {
    "text": "From Chalkbeat Colorado",
    "url": "https://co.chalkbeat.org"
  },
  {
    "text": "Jeffco Public Schools",
    "url": "https://co.chalkbeat.org/jeffco-public-schools"
  },
  {
    "text": "5 takeaways from the data that will shape Jeffco school closure decisions",
    "url": "https://co.chalkbeat.org/2022/7/22/23272681/jeffco-small-schools-elementary-closure-enrollment-data-analysis"
  },
  {
    "text": "Yesenia Robles\n",
    "url": "https://www.chalkbeat.org/authors/yesenia-robles"
  },
  {
    "text": "\n    \n    \n        \n            \n\n        \n    \n\n    \n    \n        \n            \n\n        \n    \n\n    \n    \n        \n            \n\n        \n    \n\n\n    \n    \n        \n            \n\n        \n    \n\n    \n    \n        \n    \n            \n\n    \n\n    \n        \n\n    \n\n\n    \n    \n    \n\n\n\n\n",
    "url": "https://co.chalkbeat.org/2022/7/22/23273611/jeffco-estos-datos-ayudaran-junta-escolar-decidir-cuales-escuelas-primarias-cerrar"
  },
  {
    "text": "From Chalkbeat Colorado",
    "url": "https://co.chalkbeat.org"
  },
  {
    "text": "En Espa\u00f1ol",
    "url": "https://www.chalkbeat.org/en-espanol"
  },
  {
    "text": "Estos datos ayudar\u00e1n a la junta escolar de Jeffco a decidir cu\u00e1les escuelas cerrar",
    "url": "https://co.chalkbeat.org/2022/7/22/23273611/jeffco-estos-datos-ayudaran-junta-escolar-decidir-cuales-escuelas-primarias-cerrar"
  },
  {
    "text": "Yesenia Robles\n",
    "url": "https://www.chalkbeat.org/authors/yesenia-robles"
  },
  {
    "text": "\n    \n    \n        \n            \n\n        \n    \n\n    \n    \n        \n            \n\n        \n    \n\n    \n    \n        \n            \n\n        \n    \n\n\n    \n    \n        \n            \n\n        \n    \n\n    \n    \n        \n    \n            \n\n    \n\n    \n        \n\n    \n\n\n    \n    \n    \n\n\n\n\n",
    "url": "https://www.chalkbeat.org/2022/7/21/23272801/seth-andrew-democracy-prep-theft-sentencing"
  },
  {
    "text": "Charter schools",
    "url": "https://www.chalkbeat.org/charter-schools"
  },
  {
    "text": "Charter schools",
    "url": "https://www.chalkbeat.org/charter-schools"
  },
  {
    "text": "In bid to avoid jail time, Seth Andrew says dispute with Democracy Prep leaders precipitated theft",
    "url": "https://www.chalkbeat.org/2022/7/21/23272801/seth-andrew-democracy-prep-theft-sentencing"
  },
  {
    "text": "Matt Barnum\n",
    "url": "https://www.chalkbeat.org/authors/matt-barnum"
  },
  {
    "text": "\n    \n    \n        \n            \n\n        \n    \n\n    \n    \n        \n            \n\n        \n    \n\n    \n    \n        \n            \n\n        \n    \n\n\n    \n    \n        \n            \n\n        \n    \n\n    \n    \n        \n    \n            \n\n    \n\n    \n        \n\n    \n\n\n    \n    \n    \n\n\n\n\n",
    "url": "https://in.chalkbeat.org/2022/7/22/23274090/indiana-enrollment-incentive-ban-points-virtual-gifts-cash"
  },
  {
    "text": "From Chalkbeat Indiana",
    "url": "https://in.chalkbeat.org"
  },
  {
    "text": "Statehouse policy and politics",
    "url": "https://in.chalkbeat.org/statehouse-policy-and-politics"
  },
  {
    "text": "A new Indiana law cracks down on enrollment incentives. Is it being enforced?",
    "url": "https://in.chalkbeat.org/2022/7/22/23274090/indiana-enrollment-incentive-ban-points-virtual-gifts-cash"
  },
  {
    "text": "Aleksandra Appleton\n",
    "url": "https://www.chalkbeat.org/authors/aleksandra-appleton"
  },
  {
    "text": "\n    \n    \n        \n            \n\n        \n    \n\n    \n    \n        \n            \n\n        \n    \n\n    \n    \n        \n            \n\n        \n    \n\n\n    \n    \n        \n            \n\n        \n    \n\n    \n    \n        \n    \n            \n\n    \n\n    \n        \n\n    \n\n\n    \n    \n    \n\n\n\n\n",
    "url": "https://chicago.chalkbeat.org/2022/7/21/23273475/summer-camp-young-people-disabilities-triathlon-sports-chicago"
  },
  {
    "text": "From Chalkbeat Chicago",
    "url": "https://chicago.chalkbeat.org"
  },
  {
    "text": "Special education",
    "url": "https://www.chalkbeat.org/special-education"
  },
  {
    "text": "Young people with physical disabilities swim, bike, and run at Chicago summer camp",
    "url": "https://chicago.chalkbeat.org/2022/7/21/23273475/summer-camp-young-people-disabilities-triathlon-sports-chicago"
  },
  {
    "text": "\n    \n    \n        \n            \n\n        \n    \n\n    \n    \n        \n            \n\n        \n    \n\n    \n    \n        \n            \n\n        \n    \n\n\n    \n    \n        \n            \n\n        \n    \n\n    \n    \n        \n    \n            \n\n    \n\n    \n        \n\n    \n\n\n    \n    \n    \n\n\n\n\n",
    "url": "https://detroit.chalkbeat.org/2022/7/21/23273365/detroit-public-school-summer-learning-esser-schulze-biden-cardona-first-lady"
  },
  {
    "text": "From Chalkbeat Detroit",
    "url": "https://detroit.chalkbeat.org"
  },
  {
    "text": "The Comeback",
    "url": "https://www.chalkbeat.org/the-comeback"
  },
  {
    "text": "First lady Jill Biden, Education Secretary Cardona visit Detroit summer school site",
    "url": "https://detroit.chalkbeat.org/2022/7/21/23273365/detroit-public-school-summer-learning-esser-schulze-biden-cardona-first-lady"
  },
  {
    "text": "\n    \n    \n        \n            \n\n        \n    \n\n    \n    \n        \n            \n\n        \n    \n\n    \n    \n        \n            \n\n        \n    \n\n\n    \n    \n        \n            \n\n        \n    \n\n    \n    \n        \n    \n            \n\n    \n\n    \n        \n\n    \n\n\n    \n    \n    \n\n\n\n\n",
    "url": "https://newark.chalkbeat.org/2022/7/21/23273299/newark-university-heights-charter-shutdown-unexpected-costs"
  },
  {
    "text": "From Chalkbeat Newark",
    "url": "https://newark.chalkbeat.org"
  },
  {
    "text": "Charters & Choice",
    "url": "https://www.chalkbeat.org/charters-choice"
  },
  {
    "text": "State shutdown of Newark charter school leaves families in financial lurch",
    "url": "https://newark.chalkbeat.org/2022/7/21/23273299/newark-university-heights-charter-shutdown-unexpected-costs"
  },
  {
    "text": "Catherine Carrera\n",
    "url": "https://www.chalkbeat.org/authors/catherine-carrera"
  },
  {
    "text": "\n    \n    \n        \n            \n\n        \n    \n\n    \n    \n        \n            \n\n        \n    \n\n    \n    \n        \n            \n\n        \n    \n\n\n    \n    \n        \n            \n\n        \n    \n\n    \n    \n        \n    \n            \n\n    \n\n    \n        \n\n    \n\n\n    \n    \n    \n\n\n\n\n",
    "url": "https://in.chalkbeat.org/2022/7/21/23272862/indianapolis-teacher-of-the-year-dameisha-fleming-classroom-indiana-ips-urban"
  },
  {
    "text": "From Chalkbeat Indiana",
    "url": "https://in.chalkbeat.org"
  },
  {
    "text": "How I Teach",
    "url": "https://www.chalkbeat.org/how-i-teach"
  },
  {
    "text": "This Indy Teacher of the Year is determined to give students what she missed out on growing up",
    "url": "https://in.chalkbeat.org/2022/7/21/23272862/indianapolis-teacher-of-the-year-dameisha-fleming-classroom-indiana-ips-urban"
  },
  {
    "text": "More Stories",
    "url": "?p=2"
  },
  {
    "text": "Become a Chalkbeat sponsor",
    "url": "https://www.chalkbeat.org/pages/chalkbeat-media-kit"
  },
  {
    "text": "Privacy Notice ",
    "url": "https://www.chalkbeat.org/pages/privacy-policy"
  },
  {
    "text": "Become a Chalkbeat sponsor",
    "url": "https://www.chalkbeat.org/pages/chalkbeat-media-kit"
  },
  {
    "text": "\n    \n        \n    \n    ",
    "url": "https://www.chalkbeat.org/"
  },
  {
    "text": "About Us",
    "url": "https://www.chalkbeat.org/pages/about"
  },
  {
    "text": "Strategic Plan",
    "url": "https://www.chalkbeat.org/pages/strategic-plan"
  },
  {
    "text": "Our Staff",
    "url": "https://www.chalkbeat.org/pages/our-staff"
  },
  {
    "text": "Awards",
    "url": "https://www.chalkbeat.org/pages/awards"
  },
  {
    "text": "Careers at Chalkbeat",
    "url": "https://www.chalkbeat.org/pages/careers"
  },
  {
    "text": "Our Supporters",
    "url": "https://www.chalkbeat.org/pages/supporters"
  },
  {
    "text": "Contact Us",
    "url": "https://www.chalkbeat.org/pages/contact-us"
  },
  {
    "text": "Become a Sponsor",
    "url": "https://www.chalkbeat.org/pages/become-a-chalkbeat-sponsor"
  },
  {
    "text": " How to Be a Source ",
    "url": "https://www.chalkbeat.org/pages/how-to-be-a-source"
  },
  {
    "text": "Code of Ethics",
    "url": "https://www.chalkbeat.org/pages/ethics"
  },
  {
    "text": "Republishing",
    "url": "https://www.chalkbeat.org/pages/republishing"
  },
  {
    "text": "Terms of Use",
    "url": "https://www.chalkbeat.org/pages/terms-of-use"
  },
  {
    "text": "Privacy Policy",
    "url": "https://www.chalkbeat.org/pages/privacy-policy"
  },
  {
    "text": " Cookie Policy",
    "url": "https://www.chalkbeat.org/pages/privacy-policy"
  },
  {
    "text": " Do not sell my info",
    "url": "https://www.chalkbeat.org/pages/privacy-policy"
  },
  {
    "text": "Diversity",
    "url": "https://www.chalkbeat.org/pages/chalkbeat-diversity-equity-inclusion-belonging"
  }
]