[
  {
    "text": "\n                \n            ",
    "url": "https://shop.chessbase.com/en/products/zhou_fundamentals_of_chess_openings_tactics?ref=RF249-5E9N4Z28RL"
  },
  {
    "text": "Shop",
    "url": "https://shop.chessbase.com/en?ref=RF73-K3I1E1BK16"
  },
  {
    "text": "Home",
    "url": "/"
  },
  {
    "text": "OPENINGS A-Z",
    "url": "https://shop.chessbase.com/en/openings/tree?ref=RF125-YTQUBD8SHR"
  },
  {
    "text": "Support ",
    "url": "#"
  },
  {
    "text": "CB Magazine",
    "url": "https://cbm.chessbase.com/en"
  },
  {
    "text": "FAQs",
    "url": "/pages/support"
  },
  {
    "text": "Contact us",
    "url": "/support-new"
  },
  {
    "text": "Download",
    "url": "/pages/download"
  },
  {
    "text": "Newsletter",
    "url": "http://www.chessletter.com/"
  },
  {
    "text": "most read",
    "url": "/ourbest"
  },
  {
    "text": "tutorials",
    "url": "/products/tutorials"
  },
  {
    "text": "jobs",
    "url": "/pages/jobs"
  },
  {
    "text": "Learn chess",
    "url": "https://learn.chessbase.com/en/"
  },
  {
    "text": "Home",
    "url": "/"
  },
  {
    "text": "OPENINGS A-Z",
    "url": "https://shop.chessbase.com/en/openings/tree?ref=RF125-YTQUBD8SHR"
  },
  {
    "text": "CB Magazine",
    "url": "https://cbm.chessbase.com/en"
  },
  {
    "text": "Support ",
    "url": "#"
  },
  {
    "text": "FAQs",
    "url": "/pages/support"
  },
  {
    "text": "Contact us",
    "url": "/support-new"
  },
  {
    "text": "Download",
    "url": "/pages/download"
  },
  {
    "text": "Newsletter",
    "url": "http://www.chessletter.com/"
  },
  {
    "text": "tutorials",
    "url": "/products/tutorials"
  },
  {
    "text": "most read",
    "url": "/ourbest"
  },
  {
    "text": "jobs",
    "url": "/pages/jobs"
  },
  {
    "text": "Learn chess",
    "url": "https://learn.chessbase.com/en/"
  },
  {
    "text": "\n                    \n                        Toggle navigation\n                        \n                        \n                        \n                    \n                ",
    "url": "#"
  },
  {
    "text": "Home",
    "url": "/"
  },
  {
    "text": "OPENINGS A-Z",
    "url": "https://shop.chessbase.com/en/openings/tree?ref=RF125-YTQUBD8SHR"
  },
  {
    "text": "CB Magazine",
    "url": "https://cbm.chessbase.com/en"
  },
  {
    "text": "FAQs",
    "url": "/pages/support"
  },
  {
    "text": "Contact us",
    "url": "/support-new"
  },
  {
    "text": "Download",
    "url": "/pages/download"
  },
  {
    "text": "Newsletter",
    "url": "http://www.chessletter.com/"
  },
  {
    "text": "most read",
    "url": "/ourbest"
  },
  {
    "text": "tutorials",
    "url": "/products/tutorials"
  },
  {
    "text": "Learn chess",
    "url": "https://learn.chessbase.com/en/"
  },
  {
    "text": "jobs",
    "url": "/pages/jobs"
  },
  {
    "text": "\n                \n            ",
    "url": "/login/true"
  },
  {
    "text": "Login",
    "url": "/login/true"
  },
  {
    "text": "\n            \n            PLAYCHESS\n        ",
    "url": "https://play.chessbase.com/"
  },
  {
    "text": "\n            \n            TACTICS\n        ",
    "url": "https://tactics.chessbase.com/"
  },
  {
    "text": "\n            \n            VIDEO\n        ",
    "url": "https://videos.chessbase.com/"
  },
  {
    "text": "\n            \n            FRITZ\n        ",
    "url": "https://fritz.chessbase.com/"
  },
  {
    "text": "\n            \n            LIVE\n        ",
    "url": "https://live.chessbase.com/"
  },
  {
    "text": "\n            \n            DATABASE\n        ",
    "url": "https://database.chessbase.com/"
  },
  {
    "text": "\n            \n            MYGAMES\n        ",
    "url": "https://mygames.chessbase.com/"
  },
  {
    "text": "\n            \n            PLAYERS\n        ",
    "url": "https://players.chessbase.com/"
  },
  {
    "text": "\n            \n            STUDIES\n        ",
    "url": "https://studies.chessbase.com/"
  },
  {
    "text": "\n            \n            SHOP\n        ",
    "url": "https://shop.chessbase.com/"
  },
  {
    "text": "\n                Chess News\n            ",
    "url": "/"
  },
  {
    "text": "SHOP",
    "url": "https://shop.chessbase.com/en?ref=RF194-R4XO0JH72X"
  },
  {
    "text": "\n                    \n                ",
    "url": "#"
  },
  {
    "text": "\n                    \n                ",
    "url": "#"
  },
  {
    "text": "\n                    \n                ",
    "url": "#"
  },
  {
    "text": "DE",
    "url": "https://de.chessbase.com"
  },
  {
    "text": "EN",
    "url": "https://en.chessbase.com"
  },
  {
    "text": "ES",
    "url": "https://es.chessbase.com"
  },
  {
    "text": "FR",
    "url": "https://fr.chessbase.com"
  },
  {
    "text": "\n                    \n                ",
    "url": "#"
  },
  {
    "text": "SHOP",
    "url": "https://shop.chessbase.com/en?ref=RF194-R4XO0JH72X"
  },
  {
    "text": "\n                    \n                ",
    "url": "#"
  },
  {
    "text": "\n                    \n                ",
    "url": "#"
  },
  {
    "text": "\n                                \n                            ",
    "url": "#"
  },
  {
    "text": "english",
    "url": "https://en.chessbase.com"
  },
  {
    "text": "deutsch",
    "url": "https://de.chessbase.com"
  },
  {
    "text": "espanol",
    "url": "https://es.chessbase.com"
  },
  {
    "text": "fran\u00e7aise",
    "url": "https://fr.chessbase.com"
  },
  {
    "text": "\n                                \n                        ",
    "url": "/post/chess-olympiad-2022-live"
  },
  {
    "text": "\n                            Chennai Olympiad: Live!\n                        ",
    "url": "/post/chess-olympiad-2022-live"
  },
  {
    "text": "More...",
    "url": "/post/chess-olympiad-2022-live"
  },
  {
    "text": "\n            \n        ",
    "url": "https://shop.chessbase.com/en/products/chessbase_16_mega_package?ref=RF191-8I2RXB2L67"
  },
  {
    "text": "\n                    ChessBase 16 - Mega package Edition 2022\n                ",
    "url": "https://shop.chessbase.com/en/products/chessbase_16_mega_package?ref=RF191-8I2RXB2L67"
  },
  {
    "text": "\n                More...\n            ",
    "url": "https://shop.chessbase.com/en/products/chessbase_16_mega_package?ref=RF191-8I2RXB2L67"
  },
  {
    "text": "\n\n                    \n                ",
    "url": "https://shop.chessbase.com/en/products/zhou_fundamentals_of_chess_openings_tactics?ref=RF249-5E9N4Z28RL"
  },
  {
    "text": "",
    "url": "https://live.chessbase.com/watch/44th-chess-olympiad-open-2022/"
  },
  {
    "text": "44th Chess Olympiad Open 2022",
    "url": "https://live.chessbase.com/watch/44th-chess-olympiad-open-2022/"
  },
  {
    "text": "",
    "url": "https://live.chessbase.com/watch/44th-chess-olympiad-open-2022/"
  },
  {
    "text": "44th Chess Olympiad Open 2022",
    "url": "https://live.chessbase.com/watch/44th-chess-olympiad-open-2022/"
  },
  {
    "text": "Super United Croatia GCT Rapid 2022",
    "url": "https://live.chessbase.com/watch/super-united-croatia-gct-rapid-2022/"
  },
  {
    "text": "Super United Croatia GCT Blitz 2022",
    "url": "https://live.chessbase.com/watch/super-united-croatia-gct-blitz-2022/"
  },
  {
    "text": "\nView the new video!",
    "url": "https://videos.chessbase.com/fast-and-furious?sortorder=0"
  },
  {
    "text": "\nView the new video!",
    "url": "https://videos.chessbase.com/game-of-the-week?sortorder=0"
  },
  {
    "text": "Top Rank Tactics Sprint todayorhan777 - 106 Points",
    "url": "http://tactics.chessbase.com"
  },
  {
    "text": "Tactics in a live gameGunduz - Akman",
    "url": "https://tactics.chessbase.com/Recent?white='Gunduz'&black='Akman'&round=0"
  },
  {
    "text": "44th Chess Olympiad Women 2022Round 2 now live",
    "url": "http://live.chessbase.com/watch/44th-chess-olympiad-women-2022"
  },
  {
    "text": "44th Chess Olympiad Open 2022Round 2 now live",
    "url": "http://live.chessbase.com/watch/44th-chess-olympiad-open-2022"
  },
  {
    "text": "IX Famalicao Open 2022Round 9 now live",
    "url": "http://live.chessbase.com/watch/ix-famalicao-open-2022"
  },
  {
    "text": "New Opening TrendGloser - Swicarz (B90)",
    "url": "https://live.chessbase.com/theory?white='Gloser'&black='Swicarz'&round=8&move=23"
  },
  {
    "text": "Top Rank MyMoves Drill todaybatchess - 498 Points",
    "url": "http://mymoves.chessbase.com"
  },
  {
    "text": "Tactics in a live gameKocsmar - Tran",
    "url": "https://tactics.chessbase.com/Recent?white='Kocsmar'&black='Tran'&round=0"
  },
  {
    "text": "Top Rank Slow todayWilsberg - ELO 2368",
    "url": "http://play.chessbase.com"
  },
  {
    "text": "New Opening TrendGloser - Swicarz (B90)",
    "url": "https://live.chessbase.com/theory?white='Gloser'&black='Swicarz'&round=8&move=23"
  },
  {
    "text": "New Opening TrendKusa - Jirasko (E61)",
    "url": "https://live.chessbase.com/theory?white='Kusa'&black='Jirasko'&round=8&move=12"
  },
  {
    "text": "Top Rank Tactics Solving todaybinder - ELO 3334",
    "url": "http://tactics.chessbase.com"
  },
  {
    "text": "New Opening TrendNurkiewicz - Jurcik (B45)",
    "url": "https://live.chessbase.com/theory?white='Nurkiewicz'&black='Jurcik'&round=8&move=24"
  },
  {
    "text": "New Opening TrendCan - Markidis (C07)",
    "url": "https://live.chessbase.com/theory?white='Can'&black='Markidis'&round=5&move=14"
  },
  {
    "text": "Top Rank Slow todayFreakya - ELO 2067",
    "url": "http://play.chessbase.com"
  },
  {
    "text": "Top Rank Slow todayYeigameit - ELO 2128",
    "url": "http://play.chessbase.com"
  },
  {
    "text": "Top Rank Computer Chess todayT U R K E Y - ELO 2935",
    "url": "http://play.chessbase.com"
  },
  {
    "text": "New Opening TrendPlat - Dixit (E62)",
    "url": "https://live.chessbase.com/theory?white='Plat'&black='Dixit'&round=8&move=13"
  },
  {
    "text": "New Opening TrendSethuraman - Rehan (A84)",
    "url": "https://live.chessbase.com/theory?white='Sethuraman'&black='Rehan'&round=1&move=18"
  },
  {
    "text": "New Opening TrendLiyanage - Banusz (B31)",
    "url": "https://live.chessbase.com/theory?white='Liyanage'&black='Banusz'&round=1&move=18"
  },
  {
    "text": "New Opening TrendWarmerdam - Ibrahim Alwahsh (E61)",
    "url": "https://live.chessbase.com/theory?white='Warmerdam'&black='Ibrahim Alwahsh'&round=1&move=16"
  },
  {
    "text": "New Opening TrendAjak Mach Duany - Gupta (B23)",
    "url": "https://live.chessbase.com/theory?white='Ajak Mach Duany'&black='Gupta'&round=1&move=13"
  },
  {
    "text": "New Opening TrendBengherabi - Abasov (B91)",
    "url": "https://live.chessbase.com/theory?white='Bengherabi'&black='Abasov'&round=1&move=21"
  },
  {
    "text": "New Opening TrendUrsus van Bemmelen - Nabaty (D02)",
    "url": "https://live.chessbase.com/theory?white='Ursus van Bemmelen'&black='Nabaty'&round=1&move=15"
  },
  {
    "text": "New Opening TrendKoniahli - Moranda (D41)",
    "url": "https://live.chessbase.com/theory?white='Koniahli'&black='Moranda'&round=1&move=17"
  },
  {
    "text": "New Opening TrendPiorun - Altorky (B01)",
    "url": "https://live.chessbase.com/theory?white='Piorun'&black='Altorky'&round=1&move=16"
  },
  {
    "text": "New Opening TrendBerkes - Alahakoon (D35)",
    "url": "https://live.chessbase.com/theory?white='Berkes'&black='Alahakoon'&round=1&move=26"
  },
  {
    "text": "New Opening TrendLaohawirapap - Kuzubov (C42)",
    "url": "https://live.chessbase.com/theory?white='Laohawirapap'&black='Kuzubov'&round=1&move=19"
  },
  {
    "text": "New Opening TrendBrahami - Guseinov (E61)",
    "url": "https://live.chessbase.com/theory?white='Brahami'&black='Guseinov'&round=1&move=17"
  },
  {
    "text": "New Opening TrendTagelsir - Bluebaum (B14)",
    "url": "https://live.chessbase.com/theory?white='Tagelsir'&black='Bluebaum'&round=1&move=23"
  },
  {
    "text": "New Opening TrendKaloust - Tari (E04)",
    "url": "https://live.chessbase.com/theory?white='Kaloust'&black='Tari'&round=1&move=15"
  },
  {
    "text": "46th Sitges Open 2022Round 8 now live",
    "url": "http://live.chessbase.com/watch/46th-sitges-open-2022"
  },
  {
    "text": "31st Kavala Open-A 2022Round 5 now live",
    "url": "http://live.chessbase.com/watch/31st-kavala-open-a-2022"
  },
  {
    "text": "Czech Open-GM 2022Round 8 now live",
    "url": "http://live.chessbase.com/watch/czech-open-gm-2022"
  },
  {
    "text": "Ergun Gumrukcuoglu Chess-ch 2022Round 8 now live",
    "url": "http://live.chessbase.com/watch/ergun-gumrukcuoglu-chess-ch-2022"
  },
  {
    "text": "New Opening TrendDias - Dominguez Perez (B92)",
    "url": "https://live.chessbase.com/theory?white='Dias'&black='Dominguez Perez'&round=1&move=17"
  },
  {
    "text": "New Opening TrendAbdusattorov - Chaulagain (D35)",
    "url": "https://live.chessbase.com/theory?white='Abdusattorov'&black='Chaulagain'&round=1&move=18"
  },
  {
    "text": "Dutch Open 2022Round 4 now live",
    "url": "http://live.chessbase.com/watch/dutch-open-2022"
  },
  {
    "text": "New Opening TrendRingoir - Atanasov (D85)",
    "url": "https://live.chessbase.com/theory?white='Ringoir'&black='Atanasov'&round=9&move=12"
  },
  {
    "text": "Charlotte Summer GM A 2022Round 9 now live",
    "url": "http://live.chessbase.com/watch/charlotte-summer-gm-a-2022"
  },
  {
    "text": "New Opening TrendBeerdsen - Tsaknakis (B12)",
    "url": "https://live.chessbase.com/theory?white='Beerdsen'&black='Tsaknakis'&round=4&move=14"
  },
  {
    "text": "New Opening TrendKourkoulos-Arditis - Halkias (D38)",
    "url": "https://live.chessbase.com/theory?white='Kourkoulos-Arditis'&black='Halkias'&round=4&move=13"
  },
  {
    "text": "New Opening TrendElmi - Kistrup (A06)",
    "url": "https://live.chessbase.com/theory?white='Elmi'&black='Kistrup'&round=6&move=14"
  },
  {
    "text": "New Opening TrendBudzisz - Bhambure (B52)",
    "url": "https://live.chessbase.com/theory?white='Budzisz'&black='Bhambure'&round=6&move=15"
  },
  {
    "text": "Charlotte Summer IM C 2022Round 7 now live",
    "url": "http://live.chessbase.com/watch/charlotte-summer-im-c-2022"
  },
  {
    "text": "New Opening TrendMacieja - Turgut (E40)",
    "url": "https://live.chessbase.com/theory?white='Macieja'&black='Turgut'&round=6&move=12"
  },
  {
    "text": "New Opening TrendClarke - Bracker (B90)",
    "url": "https://live.chessbase.com/theory?white='Clarke'&black='Bracker'&round=6&move=19"
  },
  {
    "text": "New Opening TrendRahmanidis - Schroeder (C02)",
    "url": "https://live.chessbase.com/theory?white='Rahmanidis'&black='Schroeder'&round=1&move=12"
  },
  {
    "text": "New Opening TrendGopal G.N. - Kanakaris (C06)",
    "url": "https://live.chessbase.com/theory?white='Gopal G.N.'&black='Kanakaris'&round=3&move=16"
  },
  {
    "text": "New Opening TrendAditya Mittal - Martinez Duany (E94)",
    "url": "https://live.chessbase.com/theory?white='Aditya Mittal'&black='Martinez Duany'&round=5&move=18"
  },
  {
    "text": "New Opening TrendJuhasz - Daroczi (C11)",
    "url": "https://live.chessbase.com/theory?white='Juhasz'&black='Daroczi'&round=5&move=16"
  },
  {
    "text": "New Opening TrendZaloznyy - Avila Rodriguez (A35)",
    "url": "https://live.chessbase.com/theory?white='Zaloznyy'&black='Avila Rodriguez'&round=4&move=24"
  },
  {
    "text": "New Opening TrendSmolik - Bokhnak (D37)",
    "url": "https://live.chessbase.com/theory?white='Smolik'&black='Bokhnak'&round=5&move=14"
  },
  {
    "text": "Charlotte Summer IM B 2022Round 4 now live",
    "url": "http://live.chessbase.com/watch/charlotte-summer-im-b-2022"
  },
  {
    "text": "Hungarian Youth-ch U18 2022Round 4 now live",
    "url": "http://live.chessbase.com/watch/hungarian-youth-ch-u18-2022"
  },
  {
    "text": "New Opening TrendSuvorov - Garbuz (D10)",
    "url": "https://live.chessbase.com/theory?white='Suvorov'&black='Garbuz'&round=5&move=11"
  },
  {
    "text": "New Opening TrendBaziuk - Swicarz (B90)",
    "url": "https://live.chessbase.com/theory?white='Baziuk'&black='Swicarz'&round=4&move=21"
  },
  {
    "text": "New Opening TrendNurkiewicz - Donchenko (C88)",
    "url": "https://live.chessbase.com/theory?white='Nurkiewicz'&black='Donchenko'&round=4&move=17"
  },
  {
    "text": "Warsaw Chess Open-A 2022Round 9 now live",
    "url": "http://live.chessbase.com/watch/warsaw-chess-open-a-2022"
  },
  {
    "text": "New Opening TrendBouska - Stinka (C88)",
    "url": "https://live.chessbase.com/theory?white='Bouska'&black='Stinka'&round=3&move=21"
  },
  {
    "text": "New Opening TrendDe Winter - Bosboom (B94)",
    "url": "https://live.chessbase.com/theory?white='De Winter'&black='Bosboom'&round=7&move=12"
  },
  {
    "text": "New Opening TrendSmith - Shatil (C05)",
    "url": "https://live.chessbase.com/theory?white='Smith'&black='Shatil'&round=3&move=16"
  },
  {
    "text": "New Opening TrendPaseka - Moksh Amit Doshi (B90)",
    "url": "https://live.chessbase.com/theory?white='Paseka'&black='Moksh Amit Doshi'&round=3&move=23"
  },
  {
    "text": "New Opening TrendWinkelman - Noe (B18)",
    "url": "https://live.chessbase.com/theory?white='Winkelman'&black='Noe'&round=3&move=11"
  },
  {
    "text": "New Opening TrendEngel - Suvorov (C79)",
    "url": "https://live.chessbase.com/theory?white='Engel'&black='Suvorov'&round=4&move=24"
  },
  {
    "text": "Interesting NoveltyYilmaz - Zwardon (D38)",
    "url": "https://live.chessbase.com/theory?white='Yilmaz'&black='Zwardon'&round=9&move=11"
  },
  {
    "text": "Interesting NoveltyBasso - Barp (E52)",
    "url": "https://live.chessbase.com/theory?white='Basso'&black='Barp'&round=9&move=19"
  },
  {
    "text": "Interesting NoveltyTopalov - Dominguez Perez (A33)",
    "url": "https://live.chessbase.com/theory?white='Topalov'&black='Dominguez Perez'&round=15&move=20"
  },
  {
    "text": "New Opening TrendMamedyarov - Topalov (D41)",
    "url": "https://live.chessbase.com/theory?white='Mamedyarov'&black='Topalov'&round=18&move=32"
  },
  {
    "text": "New Opening TrendVan Foreest - Vachier-Lagrave (D27)",
    "url": "https://live.chessbase.com/theory?white='Van Foreest'&black='Vachier-Lagrave'&round=15&move=17"
  },
  {
    "text": "Super United Croatia GCT Blitz 2022Round 18 now live",
    "url": "http://live.chessbase.com/watch/super-united-croatia-gct-blitz-2022"
  },
  {
    "text": "New Opening TrendFirouzja - Mamedyarov (C42)",
    "url": "https://live.chessbase.com/theory?white='Firouzja'&black='Mamedyarov'&round=15&move=16"
  },
  {
    "text": "Interesting NoveltyTopalov - Van Foreest (A13)",
    "url": "https://live.chessbase.com/theory?white='Topalov'&black='Van Foreest'&round=12&move=24"
  },
  {
    "text": "Interesting NoveltyNepomniachtchi - Firouzja (C54)",
    "url": "https://live.chessbase.com/theory?white='Nepomniachtchi'&black='Firouzja'&round=14&move=17"
  },
  {
    "text": "New Opening TrendSo - Carlsen (C47)",
    "url": "https://live.chessbase.com/theory?white='So'&black='Carlsen'&round=12&move=19"
  },
  {
    "text": "New Opening TrendFirouzja - Vachier-Lagrave (A37)",
    "url": "https://live.chessbase.com/theory?white='Firouzja'&black='Vachier-Lagrave'&round=13&move=13"
  },
  {
    "text": "Interesting NoveltyCarlsen - Topalov (B23)",
    "url": "https://live.chessbase.com/theory?white='Carlsen'&black='Topalov'&round=11&move=21"
  },
  {
    "text": "New Opening TrendNepomniachtchi - Vachier-Lagrave (D79)",
    "url": "https://live.chessbase.com/theory?white='Nepomniachtchi'&black='Vachier-Lagrave'&round=11&move=23"
  },
  {
    "text": "New Opening TrendDominguez Perez - Nepomniachtchi (C42)",
    "url": "https://live.chessbase.com/theory?white='Dominguez Perez'&black='Nepomniachtchi'&round=10&move=25"
  },
  {
    "text": "DVM U20 2021Round 4 now live",
    "url": "http://live.chessbase.com/watch/dvm-u20-2021"
  },
  {
    "text": "New Opening TrendSo - Mamedyarov (C42)",
    "url": "https://live.chessbase.com/theory?white='So'&black='Mamedyarov'&round=10&move=16"
  },
  {
    "text": "Deutschland Grand Prix 2022Round 7 now live",
    "url": "http://live.chessbase.com/watch/deutschland-grand-prix-2022"
  },
  {
    "text": "NC World Masters 2022Round 6 now live",
    "url": "http://live.chessbase.com/watch/nc-world-masters-2022"
  },
  {
    "text": "10th Amsterdam Science Park 2022Round 7 now live",
    "url": "http://live.chessbase.com/watch/10th-amsterdam-science-park-2022"
  },
  {
    "text": "15th Paleochora Open 2022Round 9 now live",
    "url": "http://live.chessbase.com/watch/15th-paleochora-open-2022"
  },
  {
    "text": "New Opening TrendCzernek - Poltorak (C10)",
    "url": "https://live.chessbase.com/theory?white='Czernek'&black='Poltorak'&round=6&move=11"
  },
  {
    "text": "New Opening TrendDubnevych - Sriram (D19)",
    "url": "https://live.chessbase.com/theory?white='Dubnevych'&black='Sriram'&round=6&move=17"
  },
  {
    "text": "New Opening TrendNguyen - Fus (D78)",
    "url": "https://live.chessbase.com/theory?white='Nguyen'&black='Fus'&round=6&move=16"
  },
  {
    "text": "New Opening TrendSerikbay - Muthaiah AL (D52)",
    "url": "https://live.chessbase.com/theory?white='Serikbay'&black='Muthaiah AL'&round=9&move=21"
  },
  {
    "text": "New Opening TrendMoksh Amit Doshi - Klimakovs (D45)",
    "url": "https://live.chessbase.com/theory?white='Moksh Amit Doshi'&black='Klimakovs'&round=2&move=12"
  },
  {
    "text": "New Opening TrendDeac - McShane (E53)",
    "url": "https://live.chessbase.com/theory?white='Deac'&black='McShane'&round=6&move=20"
  },
  {
    "text": "New Opening TrendNyzhnyk - Proleiko (A13)",
    "url": "https://live.chessbase.com/theory?white='Nyzhnyk'&black='Proleiko'&round=9&move=12"
  },
  {
    "text": "New Opening TrendVan Foreest - Firouzja (B07)",
    "url": "https://live.chessbase.com/theory?white='Van Foreest'&black='Firouzja'&round=9&move=11"
  },
  {
    "text": "New Opening TrendSo - Dominguez Perez (A30)",
    "url": "https://live.chessbase.com/theory?white='So'&black='Dominguez Perez'&round=7&move=12"
  },
  {
    "text": "New Opening TrendFirouzja - Carlsen (D61)",
    "url": "https://live.chessbase.com/theory?white='Firouzja'&black='Carlsen'&round=8&move=19"
  },
  {
    "text": "New Opening TrendSaric - So (C65)",
    "url": "https://live.chessbase.com/theory?white='Saric'&black='So'&round=6&move=11"
  },
  {
    "text": "New Opening TrendFirouzja - Saric (B50)",
    "url": "https://live.chessbase.com/theory?white='Firouzja'&black='Saric'&round=7&move=15"
  },
  {
    "text": "Interesting NoveltyTopalov - Vachier-Lagrave (A16)",
    "url": "https://live.chessbase.com/theory?white='Topalov'&black='Vachier-Lagrave'&round=7&move=23"
  },
  {
    "text": "1000GM Saint Louis 2022Round 9 now live",
    "url": "http://live.chessbase.com/watch/1000gm-saint-louis-2022"
  },
  {
    "text": "New Opening TrendSo - Van Foreest (B15)",
    "url": "https://live.chessbase.com/theory?white='So'&black='Van Foreest'&round=4&move=11"
  },
  {
    "text": "\n            \n        ",
    "url": "https://shop.chessbase.com/en/products/chessbase_16_mega_package?ref=RF191-8I2RXB2L67"
  },
  {
    "text": "\n                    ChessBase 16 - Mega package Edition 2022\n                ",
    "url": "https://shop.chessbase.com/en/products/chessbase_16_mega_package?ref=RF191-8I2RXB2L67"
  },
  {
    "text": "\n                More...\n            ",
    "url": "https://shop.chessbase.com/en/products/chessbase_16_mega_package?ref=RF191-8I2RXB2L67"
  },
  {
    "text": "\n    \n        \n\n        \n        \n            \n            Still no ChessBase Account?\n            learn more >\n            Sac, sac, mate! Solve tactical positions of your playing strength. Boost your calculation skills. Enjoy adrenalin rush with tactic fights!\n        \n            \n        \n            \n            Still no ChessBase Account?\n            learn more >\n            Thousands of hours of high class video training. Openings, Middlegame, Endgame Lessons.\nTop authors like Daniel King, Lawrence Trent and Rustam Kasimdzhanov\n        \n\n        \n            \n            Still no ChessBase Account?\n            learn more >\n            Real Fun against a Chess Program! Play, analyze and train online against Fritz. Beginner, club and master levels. Assisted play and calculation training.\n        \n\n        \n            \n            Still no ChessBase Account?\n            learn more >\n            Learn openings the right way! Build and maintain your repertoire. Memorize it easily move by move by playing against the variation trainer.\n        \n\n        \n            \n            Still no ChessBase Account?\n            learn more >\n            The ultimate chess experience every day, PlayChess.com welcomes 20,000 chess players from all around the world \u2013 from beginner to grandmaster.\n        \n    \n            \n            Still no ChessBase Account?\n            learn more >\n            8 million games online! Updated weekly, our definitive database has all the latest games. \nWith Live Book and Let\u2019s Check!\n        \n            \n            Still no ChessBase Account?\n            learn more >\n            My Games \u2013 Access your games from everywhere. Store your games, training material and opening repertoire in the cloud. Annotate, analyze and share.\n        \n",
    "url": "https://account.chessbase.com/en"
  },
  {
    "text": "ONLINE SHOP",
    "url": "https://shop.chessbase.com/en?ref=RF76-09GSFKZH6T"
  },
  {
    "text": "\n                Komodo Dragon 3\n            ",
    "url": "https://shop.chessbase.com/en/products/komodo_dragon_3?Ref=RF70-5OH0EFN840"
  },
  {
    "text": "",
    "url": "https://shop.chessbase.com/en/products/komodo_dragon_3?Ref=RF70-5OH0EFN840"
  },
  {
    "text": "\n                                    \n                            ",
    "url": "/post/maccabiah-games-new-medals-in-the-old-city"
  },
  {
    "text": "\n                                    Maccabiah Games: New medals in the old city\n                                ",
    "url": "/post/maccabiah-games-new-medals-in-the-old-city"
  },
  {
    "text": "More...",
    "url": "/post/maccabiah-games-new-medals-in-the-old-city"
  },
  {
    "text": "\n                                    \n                            ",
    "url": "/post/the-king-in-the-centre-2"
  },
  {
    "text": "\n                                    The king in the centre\n                                ",
    "url": "/post/the-king-in-the-centre-2"
  },
  {
    "text": "More...",
    "url": "/post/the-king-in-the-centre-2"
  },
  {
    "text": "\n                                    \n                            ",
    "url": "/post/chess-olympiad-2022-endgames-1"
  },
  {
    "text": "\n                                    Endgames from Chennai (1)\n                                ",
    "url": "/post/chess-olympiad-2022-endgames-1"
  },
  {
    "text": "More...",
    "url": "/post/chess-olympiad-2022-endgames-1"
  },
  {
    "text": "\n                                    \n                            ",
    "url": "/post/chess-olympiad-2022-r1"
  },
  {
    "text": "\n                                    Chennai R1: 24 out of 24 for Indian teams\n                                ",
    "url": "/post/chess-olympiad-2022-r1"
  },
  {
    "text": "More...",
    "url": "/post/chess-olympiad-2022-r1"
  },
  {
    "text": "\n                        \n                            \u00a0\n                        \n                    ",
    "url": "https://shop.chessbase.com/en/products/chessbase_16_mega_package?ref=RF5-TYB55LUOVF"
  },
  {
    "text": "\n                                    \n                            ",
    "url": "/post/endgame-riddle-solved-bronstein-could-have-won-against-fischer-at-portoroz-1958"
  },
  {
    "text": "\n                                    Endgame riddle solved: Bronstein could have won against Fischer at Portoroz 1958\n                                ",
    "url": "/post/endgame-riddle-solved-bronstein-could-have-won-against-fischer-at-portoroz-1958"
  },
  {
    "text": "More...",
    "url": "/post/endgame-riddle-solved-bronstein-could-have-won-against-fischer-at-portoroz-1958"
  },
  {
    "text": "\n                                    \n                            ",
    "url": "/post/new-trent-s-tactics-28"
  },
  {
    "text": "\n                                    Trent's Tactics - Karpov's mad tactics\n                                ",
    "url": "/post/new-trent-s-tactics-28"
  },
  {
    "text": "More...",
    "url": "/post/new-trent-s-tactics-28"
  },
  {
    "text": "\n                                    \n                            ",
    "url": "/post/narendra-modi-there-are-no-losers-only-winners-and-future-winners"
  },
  {
    "text": "\n                                    Narendra Modi: \"There are no losers: only winners and future winners\"\n                                ",
    "url": "/post/narendra-modi-there-are-no-losers-only-winners-and-future-winners"
  },
  {
    "text": "More...",
    "url": "/post/narendra-modi-there-are-no-losers-only-winners-and-future-winners"
  },
  {
    "text": "\n                                    \n                            ",
    "url": "/post/judit-polgar-opinion-chess-olympiad-2022"
  },
  {
    "text": "\n                                    Judit Polgar: \u201cThis Olympiad is going to be very special\u201d\n                                ",
    "url": "/post/judit-polgar-opinion-chess-olympiad-2022"
  },
  {
    "text": "chessolympiad.fide.com",
    "url": "https://chessolympiad.fide.com/"
  },
  {
    "text": "More...",
    "url": "/post/judit-polgar-opinion-chess-olympiad-2022"
  },
  {
    "text": "\n                                    \n                            ",
    "url": "/post/move-by-move-how-to-get-into-a-master-s-mind"
  },
  {
    "text": "\n                                    Move by move - (how to) get into a master's mind!\n                                ",
    "url": "/post/move-by-move-how-to-get-into-a-master-s-mind"
  },
  {
    "text": "More...",
    "url": "/post/move-by-move-how-to-get-into-a-master-s-mind"
  },
  {
    "text": "\n                                    \n                            ",
    "url": "/post/robert-ris-fast-and-furious-najdorf-sicilian-with-6-bg5"
  },
  {
    "text": "\n                                    Robert Ris\u2019 Fast and Furious: Najdorf Sicilian with 6.Bg5\n                                ",
    "url": "/post/robert-ris-fast-and-furious-najdorf-sicilian-with-6-bg5"
  },
  {
    "text": "register a Premium account here",
    "url": "https://account.chessbase.com/en/create-account"
  },
  {
    "text": "More...",
    "url": "/post/robert-ris-fast-and-furious-najdorf-sicilian-with-6-bg5"
  },
  {
    "text": "\n                                    \n                            ",
    "url": "/post/live-stream-of-the-opening-ceremony-of-the-44-chess-olympiad-in-chennai"
  },
  {
    "text": "\n                                    Live stream of the opening ceremony of the 44. Chess Olympiad in Chennai\n                                ",
    "url": "/post/live-stream-of-the-opening-ceremony-of-the-44-chess-olympiad-in-chennai"
  },
  {
    "text": "More...",
    "url": "/post/live-stream-of-the-opening-ceremony-of-the-44-chess-olympiad-in-chennai"
  },
  {
    "text": "\n                                    \n                            ",
    "url": "/post/a-friendly-tournament-the-paleochora-open"
  },
  {
    "text": "\n                                    A friendly tournament: The Paleochora Open\n                                ",
    "url": "/post/a-friendly-tournament-the-paleochora-open"
  },
  {
    "text": "More...",
    "url": "/post/a-friendly-tournament-the-paleochora-open"
  },
  {
    "text": "\n                Komodo Dragon 3\n            ",
    "url": "https://shop.chessbase.com/en/products/komodo_dragon_3?Ref=RF70-5OH0EFN840"
  },
  {
    "text": "",
    "url": "https://shop.chessbase.com/en/products/komodo_dragon_3?Ref=RF70-5OH0EFN840"
  },
  {
    "text": "\n                Chessbase Magazine Extra 208\n            ",
    "url": "https://shop.chessbase.com/en/products/extra_208?Ref=RF70-5OH0EFN840"
  },
  {
    "text": "",
    "url": "https://shop.chessbase.com/en/products/extra_208?Ref=RF70-5OH0EFN840"
  },
  {
    "text": "\n                Move by move - (how to) get into a master's mind!\n            ",
    "url": "https://shop.chessbase.com/en/products/move_by_move_vol1?Ref=RF70-5OH0EFN840"
  },
  {
    "text": "",
    "url": "https://shop.chessbase.com/en/products/move_by_move_vol1?Ref=RF70-5OH0EFN840"
  },
  {
    "text": "\n                A Surprise Weapon against the Philidor Defence\n            ",
    "url": "https://shop.chessbase.com/en/products/zwirs_surprise_weapon_vs_philidor_in_60min?Ref=RF70-5OH0EFN840"
  },
  {
    "text": "",
    "url": "https://shop.chessbase.com/en/products/zwirs_surprise_weapon_vs_philidor_in_60min?Ref=RF70-5OH0EFN840"
  },
  {
    "text": "\n                Winning Chess Strategies Vol.1 and 2\n            ",
    "url": "https://shop.chessbase.com/en/products/edouard_winning_chess_strategies_vol1_and_2?Ref=RF70-5OH0EFN840"
  },
  {
    "text": "",
    "url": "https://shop.chessbase.com/en/products/edouard_winning_chess_strategies_vol1_and_2?Ref=RF70-5OH0EFN840"
  },
  {
    "text": "\n                Winning Chess Strategies Vol.1 - The Art of Sacrifices and Initiative\n            ",
    "url": "https://shop.chessbase.com/en/products/edouard_winning_chess_strategies_vol1?Ref=RF70-5OH0EFN840"
  },
  {
    "text": "",
    "url": "https://shop.chessbase.com/en/products/edouard_winning_chess_strategies_vol1?Ref=RF70-5OH0EFN840"
  },
  {
    "text": "\n                Winning Chess Strategies Vol. 2 \u2013 The Initiative: Train Yourself!\n            ",
    "url": "https://shop.chessbase.com/en/products/edouard_winning_chess_strategies_vol2?Ref=RF70-5OH0EFN840"
  },
  {
    "text": "",
    "url": "https://shop.chessbase.com/en/products/edouard_winning_chess_strategies_vol2?Ref=RF70-5OH0EFN840"
  },
  {
    "text": "\n                ChessBase Magazine 208\n            ",
    "url": "https://shop.chessbase.com/en/products/chessbase_magazine_208?Ref=RF70-5OH0EFN840"
  },
  {
    "text": "",
    "url": "https://shop.chessbase.com/en/products/chessbase_magazine_208?Ref=RF70-5OH0EFN840"
  },
  {
    "text": "",
    "url": "https://www.niggemann.com/en/?WP=Chessbase"
  },
  {
    "text": "Chess Niggemann",
    "url": "https://www.niggemann.com/en/?WP=Chessbase"
  },
  {
    "text": "",
    "url": "https://www.niggemann.com/en/?WP=Chessbase"
  },
  {
    "text": "Chess Niggemann",
    "url": "https://www.niggemann.com/en/?WP=Chessbase"
  },
  {
    "text": "\n                                    \n                            ",
    "url": "/post/remarkable-performances-at-chess-olympiads"
  },
  {
    "text": "\n                                    Remarkable performances at Chess Olympiads\n                                ",
    "url": "/post/remarkable-performances-at-chess-olympiads"
  },
  {
    "text": "More...",
    "url": "/post/remarkable-performances-at-chess-olympiads"
  },
  {
    "text": "\n                                    \n                            ",
    "url": "/post/dortmund-chess-festival-2022-impressions-and-interviews"
  },
  {
    "text": "\n                                    Dortmund Chess Festival 2022: Impressions and Interviews\n                                ",
    "url": "/post/dortmund-chess-festival-2022-impressions-and-interviews"
  },
  {
    "text": "More...",
    "url": "/post/dortmund-chess-festival-2022-impressions-and-interviews"
  },
  {
    "text": "\n                                    \n                            ",
    "url": "/post/chess-olympiad-2022-preview"
  },
  {
    "text": "\n                                    Chennai Olympiad: US big favourite, India looking to leave a mark\n                                ",
    "url": "/post/chess-olympiad-2022-preview"
  },
  {
    "text": "More...",
    "url": "/post/chess-olympiad-2022-preview"
  },
  {
    "text": "\n                                    \n                            ",
    "url": "/post/robots-and-chess"
  },
  {
    "text": "\n                                    Robots and chess\n                                ",
    "url": "/post/robots-and-chess"
  },
  {
    "text": "More...",
    "url": "/post/robots-and-chess"
  },
  {
    "text": "\n                        \n                            \u00a0\n                        \n                    ",
    "url": "https://shop.chessbase.com/en/products/chessbase_16_mega_package?ref=RF5-TYB55LUOVF"
  },
  {
    "text": "\n                                    \n                            ",
    "url": "/post/ginkgo-fritz-is-world-champion"
  },
  {
    "text": "\n                                    Ginkgo (Fritz) is World Champion!\n                                ",
    "url": "/post/ginkgo-fritz-is-world-champion"
  },
  {
    "text": "More...",
    "url": "/post/ginkgo-fritz-is-world-champion"
  },
  {
    "text": "\n                                    \n                            ",
    "url": "/post/game-of-the-week-526-crazy-twists"
  },
  {
    "text": "\n                                    Game of the Week #526: Crazy twists\n                                ",
    "url": "/post/game-of-the-week-526-crazy-twists"
  },
  {
    "text": "register a Premium account here",
    "url": "https://account.chessbase.com/en/create-account"
  },
  {
    "text": "More...",
    "url": "/post/game-of-the-week-526-crazy-twists"
  },
  {
    "text": "2",
    "url": "/1"
  },
  {
    "text": "3",
    "url": "/2"
  },
  {
    "text": "4",
    "url": "/3"
  },
  {
    "text": "5",
    "url": "/4"
  },
  {
    "text": "Next",
    "url": "/1"
  },
  {
    "text": "\n                Komodo Dragon 3\n            ",
    "url": "https://shop.chessbase.com/en/products/komodo_dragon_3?Ref=RF70-5OH0EFN840"
  },
  {
    "text": "",
    "url": "https://shop.chessbase.com/en/products/komodo_dragon_3?Ref=RF70-5OH0EFN840"
  },
  {
    "text": "\n                Chessbase Magazine Extra 208\n            ",
    "url": "https://shop.chessbase.com/en/products/extra_208?Ref=RF70-5OH0EFN840"
  },
  {
    "text": "",
    "url": "https://shop.chessbase.com/en/products/extra_208?Ref=RF70-5OH0EFN840"
  },
  {
    "text": "\n                Move by move - (how to) get into a master's mind!\n            ",
    "url": "https://shop.chessbase.com/en/products/move_by_move_vol1?Ref=RF70-5OH0EFN840"
  },
  {
    "text": "",
    "url": "https://shop.chessbase.com/en/products/move_by_move_vol1?Ref=RF70-5OH0EFN840"
  },
  {
    "text": "\n                A Surprise Weapon against the Philidor Defence\n            ",
    "url": "https://shop.chessbase.com/en/products/zwirs_surprise_weapon_vs_philidor_in_60min?Ref=RF70-5OH0EFN840"
  },
  {
    "text": "",
    "url": "https://shop.chessbase.com/en/products/zwirs_surprise_weapon_vs_philidor_in_60min?Ref=RF70-5OH0EFN840"
  },
  {
    "text": "\n                Winning Chess Strategies Vol.1 and 2\n            ",
    "url": "https://shop.chessbase.com/en/products/edouard_winning_chess_strategies_vol1_and_2?Ref=RF70-5OH0EFN840"
  },
  {
    "text": "",
    "url": "https://shop.chessbase.com/en/products/edouard_winning_chess_strategies_vol1_and_2?Ref=RF70-5OH0EFN840"
  },
  {
    "text": "\n                Winning Chess Strategies Vol.1 - The Art of Sacrifices and Initiative\n            ",
    "url": "https://shop.chessbase.com/en/products/edouard_winning_chess_strategies_vol1?Ref=RF70-5OH0EFN840"
  },
  {
    "text": "",
    "url": "https://shop.chessbase.com/en/products/edouard_winning_chess_strategies_vol1?Ref=RF70-5OH0EFN840"
  },
  {
    "text": "\n                Winning Chess Strategies Vol. 2 \u2013 The Initiative: Train Yourself!\n            ",
    "url": "https://shop.chessbase.com/en/products/edouard_winning_chess_strategies_vol2?Ref=RF70-5OH0EFN840"
  },
  {
    "text": "",
    "url": "https://shop.chessbase.com/en/products/edouard_winning_chess_strategies_vol2?Ref=RF70-5OH0EFN840"
  },
  {
    "text": "\n                ChessBase Magazine 208\n            ",
    "url": "https://shop.chessbase.com/en/products/chessbase_magazine_208?Ref=RF70-5OH0EFN840"
  },
  {
    "text": "",
    "url": "https://shop.chessbase.com/en/products/chessbase_magazine_208?Ref=RF70-5OH0EFN840"
  },
  {
    "text": "Privacy policy",
    "url": "/pages/security"
  },
  {
    "text": "Imprint",
    "url": "/pages/legal"
  },
  {
    "text": "Contact",
    "url": "/pages/contact"
  },
  {
    "text": "Home",
    "url": "/"
  },
  {
    "text": "coldest news",
    "url": "/notsichtbar/nichtinteresting/"
  },
  {
    "text": "Here",
    "url": "#"
  },
  {
    "text": "data protection declaration",
    "url": "/pages/security"
  },
  {
    "text": "\n                                Agree and continue\n                            ",
    "url": "#"
  },
  {
    "text": "privacy policy",
    "url": "/pages/security"
  },
  {
    "text": "\n                            Save and continue\n                        ",
    "url": "#"
  }
]