[
  {
    "text": "Skip to main content",
    "url": "#main-page-container"
  },
  {
    "text": "\n                        Sign Up\n                    ",
    "url": "https://www.bayjournal.com/users/signup/?referer_url=https%3A%2F%2Fwww.bayjournal.com%2F"
  },
  {
    "text": "\n                        Log In\n                    ",
    "url": "https://www.bayjournal.com/users/login/?referer_url=https%3A%2F%2Fwww.bayjournal.com%2F"
  },
  {
    "text": "Dashboard",
    "url": "https://www.bayjournal.com/users/admin/"
  },
  {
    "text": " Dashboard",
    "url": "https://www.bayjournal.com/users/admin/"
  },
  {
    "text": " Profile",
    "url": ""
  },
  {
    "text": " Saved items",
    "url": "https://www.bayjournal.com/users/admin/list/"
  },
  {
    "text": "News",
    "url": "/news/"
  },
  {
    "text": "Travel",
    "url": "/travel/"
  },
  {
    "text": "Columns",
    "url": "/columns/"
  },
  {
    "text": "Opinion",
    "url": "/opinion/"
  },
  {
    "text": "Multimedia",
    "url": "/multimedia/"
  },
  {
    "text": "Podcasts",
    "url": "/podcasts"
  },
  {
    "text": "About",
    "url": "/site/about.html"
  },
  {
    "text": "Contact Us",
    "url": "/site/contact_us.html"
  },
  {
    "text": "e-Edition",
    "url": "/eedition/"
  },
  {
    "text": "Subscribe",
    "url": "/site/forms/subscription_services/new_subscription/"
  },
  {
    "text": "Donate",
    "url": "/donate/"
  },
  {
    "text": "\n            ",
    "url": "https://www.bayjournal-com.us-east-1.townnews-staging.com/"
  },
  {
    "text": "Log In",
    "url": "https://www.bayjournal.com/users/login/?referer_url=https%3A%2F%2Fwww.bayjournal.com%2F"
  },
  {
    "text": "Sign Up Today",
    "url": "https://www.bayjournal.com/users/signup/?referer_url=https%3A%2F%2Fwww.bayjournal.com%2F"
  },
  {
    "text": " Dashboard",
    "url": "https://www.bayjournal.com/users/admin/"
  },
  {
    "text": " Profile",
    "url": ""
  },
  {
    "text": " Saved items",
    "url": "https://www.bayjournal.com/users/admin/list/"
  },
  {
    "text": "\n                    About\n                ",
    "url": "/site/about.html"
  },
  {
    "text": "\n                    Contact Us\n                ",
    "url": "/site/contact_us.html"
  },
  {
    "text": "\n                    e-Edition\n                ",
    "url": "/eedition/"
  },
  {
    "text": "\n                    News\n                ",
    "url": "/news/"
  },
  {
    "text": "\n                    Travel\n                ",
    "url": "/travel/"
  },
  {
    "text": "\n                    Columns\n                ",
    "url": "/columns/"
  },
  {
    "text": "\n                    Opinion\n                ",
    "url": "/opinion/"
  },
  {
    "text": "\n                    Multimedia\n                ",
    "url": "/multimedia/"
  },
  {
    "text": "\n                    Podcasts\n                ",
    "url": "/podcasts"
  },
  {
    "text": "",
    "url": "https://www.bayjournal.com"
  },
  {
    "text": "\n                \n                \n                    Article with images+3\n                \n                \n                \n                        \n                ",
    "url": "/news/climate_change/with-waters-rising-baltimore-eyes-138-million-plan-to-limit-coastal-flood-damage/article_0f670304-0ee9-11ed-8bac-3fc41c4ec468.html"
  },
  {
    "text": "\n        \n\n        \n            With waters rising, Baltimore eyes $138 million plan to limit coastal flood damage",
    "url": "/news/climate_change/with-waters-rising-baltimore-eyes-138-million-plan-to-limit-coastal-flood-damage/article_0f670304-0ee9-11ed-8bac-3fc41c4ec468.html"
  },
  {
    "text": "\n                    With waters rising, Baltimore eyes $138 million plan to limit coastal flood damage\n                ",
    "url": "/news/climate_change/with-waters-rising-baltimore-eyes-138-million-plan-to-limit-coastal-flood-damage/article_0f670304-0ee9-11ed-8bac-3fc41c4ec468.html"
  },
  {
    "text": "\n                \n                \n                \n                \n                        \n                ",
    "url": "/news/fisheries/anglers-aim-to-rein-in-harvest-of-chesapeake-menhaden/article_e37cd338-0cd9-11ed-8d5c-cf8f9bc60386.html"
  },
  {
    "text": "\n        \n\n        \n            Anglers aim to rein in harvest of Chesapeake menhaden",
    "url": "/news/fisheries/anglers-aim-to-rein-in-harvest-of-chesapeake-menhaden/article_e37cd338-0cd9-11ed-8d5c-cf8f9bc60386.html"
  },
  {
    "text": "Read Story",
    "url": "/news/fisheries/anglers-aim-to-rein-in-harvest-of-chesapeake-menhaden/article_e37cd338-0cd9-11ed-8d5c-cf8f9bc60386.html"
  },
  {
    "text": "\n                \n                \n                \n                \n                        \n                ",
    "url": "/news/pollution/mining-waste-disposal-in-rural-maryland-enclave-draw-legal-challenges/article_a4a32a2a-0dd0-11ed-9b42-433e12c4a360.html"
  },
  {
    "text": "\n        \n\n        \n            Mining, waste disposal in rural Maryland enclave draw legal challenges",
    "url": "/news/pollution/mining-waste-disposal-in-rural-maryland-enclave-draw-legal-challenges/article_a4a32a2a-0dd0-11ed-9b42-433e12c4a360.html"
  },
  {
    "text": "Read Story",
    "url": "/news/pollution/mining-waste-disposal-in-rural-maryland-enclave-draw-legal-challenges/article_a4a32a2a-0dd0-11ed-9b42-433e12c4a360.html"
  },
  {
    "text": "\n                \n                \n                    Article with images+6\n                \n                \n                \n                        \n                ",
    "url": "/news/wildlife_habitat/we-know-they-re-here-on-the-hunt-for-invasive-nutrias-in-virginia/article_231bbfe8-0da9-11ed-ad6b-ebf7e4f98ca3.html"
  },
  {
    "text": "\n        \n\n        \n            \u2018We know they\u2019re here' \u2013 on the hunt for invasive nutrias in Virginia",
    "url": "/news/wildlife_habitat/we-know-they-re-here-on-the-hunt-for-invasive-nutrias-in-virginia/article_231bbfe8-0da9-11ed-ad6b-ebf7e4f98ca3.html"
  },
  {
    "text": "Read Story",
    "url": "/news/wildlife_habitat/we-know-they-re-here-on-the-hunt-for-invasive-nutrias-in-virginia/article_231bbfe8-0da9-11ed-ad6b-ebf7e4f98ca3.html"
  },
  {
    "text": "\n                \n                \n                    Article with videoMultiple images+3\n                \n                \n                \n                        \n                ",
    "url": "/news/pollution/tunnel-machine-hazel-to-tackle-alexandria-s-sewage-problems/article_0c8cc148-0c4e-11ed-a7d7-c7949a79aab1.html"
  },
  {
    "text": "\n        \n\n        \n            Tunnel machine \u2018Hazel\u2019 to tackle Alexandria\u2019s sewage problems",
    "url": "/news/pollution/tunnel-machine-hazel-to-tackle-alexandria-s-sewage-problems/article_0c8cc148-0c4e-11ed-a7d7-c7949a79aab1.html"
  },
  {
    "text": "Read Story",
    "url": "/news/pollution/tunnel-machine-hazel-to-tackle-alexandria-s-sewage-problems/article_0c8cc148-0c4e-11ed-a7d7-c7949a79aab1.html"
  },
  {
    "text": "\n                \n                TRAVEL\n                \n                    ",
    "url": "https://www.bayjournal.com/travel/"
  },
  {
    "text": "\n                \n                \n                    Article with images+6\n                \n                \n                \n                        \n                ",
    "url": "/travel/virginia-woodland-preserves-nature-lover-s-final-wish/article_6bb3f6c0-e118-11ec-93f8-7f965c5f780b.html"
  },
  {
    "text": "\n        \n\n        \n            Virginia woodland preserves nature lover\u2019s final wish",
    "url": "/travel/virginia-woodland-preserves-nature-lover-s-final-wish/article_6bb3f6c0-e118-11ec-93f8-7f965c5f780b.html"
  },
  {
    "text": "\n                    Virginia woodland preserves nature lover\u2019s final wish\n                ",
    "url": "/travel/virginia-woodland-preserves-nature-lover-s-final-wish/article_6bb3f6c0-e118-11ec-93f8-7f965c5f780b.html"
  },
  {
    "text": "\n                \n                COLUMNS\n                \n                    ",
    "url": "https://www.bayjournal.com/columns/"
  },
  {
    "text": "\n                \n                \n                    Article with images+4\n                \n                \n                \n                        \n                ",
    "url": "/columns/chesapeake_challenge/sharks-in-the-chesapeake-bay/article_6700abc4-09bc-11ed-a6da-4b0d80ee1385.html"
  },
  {
    "text": "\n        \n\n        \n            Sharks in the Chesapeake Bay",
    "url": "/columns/chesapeake_challenge/sharks-in-the-chesapeake-bay/article_6700abc4-09bc-11ed-a6da-4b0d80ee1385.html"
  },
  {
    "text": "\n                    Sharks in the Chesapeake Bay\n                ",
    "url": "/columns/chesapeake_challenge/sharks-in-the-chesapeake-bay/article_6700abc4-09bc-11ed-a6da-4b0d80ee1385.html"
  },
  {
    "text": "\n                \n                \n                    Article with images+3\n                \n                \n                \n                        \n                ",
    "url": "/columns/chesapeake_born/baltimore-s-forgotten-forest-an-emerald-in-the-rough/article_aaf23614-0475-11ed-87c1-1bfe091ed000.html"
  },
  {
    "text": "\n        \n\n        \n            Baltimore\u2019s forgotten forest, an emerald in the rough",
    "url": "/columns/chesapeake_born/baltimore-s-forgotten-forest-an-emerald-in-the-rough/article_aaf23614-0475-11ed-87c1-1bfe091ed000.html"
  },
  {
    "text": "\n                    Baltimore\u2019s forgotten forest, an emerald in the rough\n                ",
    "url": "/columns/chesapeake_born/baltimore-s-forgotten-forest-an-emerald-in-the-rough/article_aaf23614-0475-11ed-87c1-1bfe091ed000.html"
  },
  {
    "text": "\n                \n                \n                    Article with images+3\n                \n                \n                \n                        \n                ",
    "url": "/columns/chesapeake_challenge/making-an-elephant-out-of-a-mosquito/article_c3820c52-f22a-11ec-919d-6336aff33b0b.html"
  },
  {
    "text": "\n        \n\n        \n            Making an elephant out of a mosquito",
    "url": "/columns/chesapeake_challenge/making-an-elephant-out-of-a-mosquito/article_c3820c52-f22a-11ec-919d-6336aff33b0b.html"
  },
  {
    "text": "\n                    Making an elephant out of a mosquito\n                ",
    "url": "/columns/chesapeake_challenge/making-an-elephant-out-of-a-mosquito/article_c3820c52-f22a-11ec-919d-6336aff33b0b.html"
  },
  {
    "text": "\n                \n                OPINION\n                \n                    ",
    "url": "https://www.bayjournal.com/opinion/"
  },
  {
    "text": "\n                \n                \n                \n                \n                        \n                ",
    "url": "/opinion/forum/celebrate-chesapeake-bay-awareness-week/article_666a7a60-e35f-11ec-8da4-4ff527b002d4.html"
  },
  {
    "text": "\n        \n\n        \n            Celebrate Chesapeake Bay Awareness Week",
    "url": "/opinion/forum/celebrate-chesapeake-bay-awareness-week/article_666a7a60-e35f-11ec-8da4-4ff527b002d4.html"
  },
  {
    "text": "\n                    Celebrate Chesapeake Bay Awareness Week\n                ",
    "url": "/opinion/forum/celebrate-chesapeake-bay-awareness-week/article_666a7a60-e35f-11ec-8da4-4ff527b002d4.html"
  },
  {
    "text": "\n                \n                \n                \n                \n                        \n                ",
    "url": "/opinion/forum/maryland-must-stop-pretending-that-poultry-waste-is-clean-energy/article_0cbf3fa8-e361-11ec-b419-7b95def2d39a.html"
  },
  {
    "text": "\n        \n\n        \n            Maryland must stop pretending that poultry waste is clean energy",
    "url": "/opinion/forum/maryland-must-stop-pretending-that-poultry-waste-is-clean-energy/article_0cbf3fa8-e361-11ec-b419-7b95def2d39a.html"
  },
  {
    "text": "\n                    Maryland must stop pretending that poultry waste is clean energy\n                ",
    "url": "/opinion/forum/maryland-must-stop-pretending-that-poultry-waste-is-clean-energy/article_0cbf3fa8-e361-11ec-b419-7b95def2d39a.html"
  },
  {
    "text": "\n                \n                \n                \n                \n                        \n                ",
    "url": "/opinion/forum/to-heal-a-landscape-let-it-be-worked-for-me/article_3395eda8-d6e5-11ec-a5b0-c3b0b83b604b.html"
  },
  {
    "text": "\n        \n\n        \n            To heal a landscape, \u2018let it be\u2019 worked for me",
    "url": "/opinion/forum/to-heal-a-landscape-let-it-be-worked-for-me/article_3395eda8-d6e5-11ec-a5b0-c3b0b83b604b.html"
  },
  {
    "text": "\n                    To heal a landscape, \u2018let it be\u2019 worked for me\n                ",
    "url": "/opinion/forum/to-heal-a-landscape-let-it-be-worked-for-me/article_3395eda8-d6e5-11ec-a5b0-c3b0b83b604b.html"
  },
  {
    "text": "\n    Subscribe\n",
    "url": "/site/forms/subscription_services/new_subscription/"
  },
  {
    "text": "\n    Donate\n",
    "url": "/donate"
  },
  {
    "text": "\n            ",
    "url": "http://bayjournal.com/podcasts"
  },
  {
    "text": "\n        \n\n        \n            Bay states say funds are on the way for Conowingo cleanup plan",
    "url": "/news/pollution/bay-states-say-funds-are-on-the-way-for-conowingo-cleanup-plan/article_e54a065c-ba97-11ec-a8c1-07e2398d0513.html"
  },
  {
    "text": "\n        \n\n        \n            EPA declares \u2018no confidence\u2019 in cleanup plan for Conowingo Dam",
    "url": "/news/policy/epa-declares-no-confidence-in-cleanup-plan-for-conowingo-dam/article_bdea89fa-8087-11ec-b41b-5b71d5974c83.html"
  },
  {
    "text": "\n        \n\n        \n            Funding strategy to offset Conowingo pollution impacts proves elusive",
    "url": "/news/policy/funding-strategy-to-offset-conowingo-pollution-impacts-proves-elusive/article_deb95204-3d95-11ec-8ef5-ff4929cba449.html"
  },
  {
    "text": "\n        \n\n        \n            Chesapeake Bay & the case of the missing chickens",
    "url": "/news/pollution/chesapeake-bay-the-case-of-the-missing-chickens/article_a514fd52-02aa-11ed-891f-dfd96bff1134.html"
  },
  {
    "text": "\n        \n\n        \n            Pennsylvania lawmakers move to limit fertilizer use on developed lands",
    "url": "/news/policy/pennsylvania-lawmakers-move-to-limit-fertilizer-use-on-developed-lands/article_6c63ed80-fee3-11ec-b5df-63a543a124b4.html"
  },
  {
    "text": "\n        \n\n        \n            Chesapeake Bay \u2018dead zone\u2019 expected to have another below-average year",
    "url": "/news/fisheries/chesapeake-bay-dead-zone-expected-to-have-another-below-average-year/article_6611c4ae-fc89-11ec-83e9-239927d43fac.html"
  },
  {
    "text": "",
    "url": "//bayjournal.com/tncms/tracking/bannerad/clicks/?i=frontpage/fixed-big-ad-middle1/441c2f42-2b30-11ea-9f86-dbc47e4d2c33&r=http://www.rrgroup.us"
  },
  {
    "text": "",
    "url": "//bayjournal.com/tncms/tracking/bannerad/clicks/?i=frontpage/fixed-big-ad-middle2/8c4481c4-c643-11ec-969d-efcfa82c947c&r=http://www.wfatrees.com"
  },
  {
    "text": "",
    "url": "//bayjournal.com/tncms/tracking/bannerad/clicks/?i=frontpage/fixed-big-ad-middle3/97e9976a-1c8b-11ec-b100-2f68d9f2c3fa&r=http://www.bayjournal.com/multimedia"
  },
  {
    "text": "",
    "url": "//bayjournal.com/tncms/tracking/bannerad/clicks/?i=frontpage/fixed-big-ad-middle4/70bb1a6c-fc67-11ec-9a4f-f7e9b0f2bfd5&r=http://www.ernstseeds.com"
  },
  {
    "text": "",
    "url": "//bayjournal.com/tncms/tracking/bannerad/clicks/?i=frontpage/fixed-big-ad-middle5/3cef813c-c1b6-11ec-9821-b341b2a6c36c&r=http://www.greenlandingnursery.com"
  },
  {
    "text": "\n        \n\n        \n            With waters rising, Baltimore eyes $138 million plan to limit coastal flood damage",
    "url": "/news/climate_change/with-waters-rising-baltimore-eyes-138-million-plan-to-limit-coastal-flood-damage/article_0f670304-0ee9-11ed-8bac-3fc41c4ec468.html"
  },
  {
    "text": "\n        \n\n        \n            50 years later: Killer storm Agnes continues to haunt Chesapeake Bay watershed",
    "url": "/news/climate_change/50-years-later-killer-storm-agnes-continues-to-haunt-chesapeake-bay-watershed/article_621e43e4-f172-11ec-a8e1-c78a53e88209.html"
  },
  {
    "text": "\n        \n\n        \n            Sheep and solar panels: Using solar sites for pastureland",
    "url": "/news/climate_change/sheep-and-solar-panels-using-solar-sites-for-pastureland/article_c1899a84-c4e2-11ec-b63c-7fa1a501105d.html"
  },
  {
    "text": "",
    "url": "//bayjournal.com/tncms/tracking/bannerad/clicks/?i=frontpage/fixed-big-ad-bottom1/64c61b56-ea06-11e9-9312-37f0921fcb91&r=http://www.clydesfishinggear.com"
  },
  {
    "text": "",
    "url": "//bayjournal.com/tncms/tracking/bannerad/clicks/?i=frontpage/fixed-big-ad-bottom2/1749a98e-fc68-11ec-a543-7f03a22c4c44&r=https://thevlm.org/butterfly-bundle/"
  },
  {
    "text": "",
    "url": "//bayjournal.com/tncms/tracking/bannerad/clicks/?i=frontpage/fixed-big-ad-bottom3/a61c8834-c644-11ec-b2c7-3b78795bcc32&r=http://www.eqrllc.com"
  },
  {
    "text": "\n                    Climate Change\n                ",
    "url": "/news/climate_change/"
  },
  {
    "text": "\n                    Energy\n                ",
    "url": "/news/energy/"
  },
  {
    "text": "\n                    Fisheries\n                ",
    "url": "/news/fisheries/"
  },
  {
    "text": "\n                    Wildlife & Habitat\n                ",
    "url": "/news/wildlife_habitat/"
  },
  {
    "text": "\n                    Pollution & Solutions\n                ",
    "url": "/news/pollution/"
  },
  {
    "text": "\n                    Policy & Politics\n                ",
    "url": "/news/policy/"
  },
  {
    "text": "\n                    Growth & Conservation\n                ",
    "url": "/news/growth_conservation/"
  },
  {
    "text": "\n                    People & Society\n                ",
    "url": "/news/people/"
  },
  {
    "text": "\n                    Local Government\n                ",
    "url": "/news/local_government/"
  },
  {
    "text": "\n                    Bay Naturalist\n                ",
    "url": "/columns/bay_naturalist/"
  },
  {
    "text": "\n                    Chesapeake Born\n                ",
    "url": "/columns/chesapeake_born/"
  },
  {
    "text": "\n                    Chesapeake Challenge\n                ",
    "url": "/columns/chesapeake_challenge/"
  },
  {
    "text": "\n                    On the Wing\n                ",
    "url": "/columns/on_the_wing/"
  },
  {
    "text": "\n                    Steward's Corner\n                ",
    "url": "/columns/stewards_corner/"
  },
  {
    "text": "\n                    \n                    Facebook\n                ",
    "url": "https://www.facebook.com/bayjournal/"
  },
  {
    "text": "\n                    \n                    Twitter\n                ",
    "url": "http://twitter.com/ChesBayJournal/"
  },
  {
    "text": "\n                    \n                    LinkedIn\n                ",
    "url": "https://www.linkedin.com/company/bayjournal/about/"
  },
  {
    "text": "Terms of Use",
    "url": "/site/terms.html"
  },
  {
    "text": "BLOX Content Management System",
    "url": "https://bloxcms.com"
  },
  {
    "text": "TownNews.com",
    "url": "https://townnews.com/"
  }
]