[
  {
    "text": "Newsletters",
    "url": "https://chicagoreader.com/email-newsletters-signup/"
  },
  {
    "text": "Become a member",
    "url": "https://secure.actblue.com/donate/chicago-reader-free-member?refcode=WS_20220707_topNav&recurring=true"
  },
  {
    "text": "CITY LIFE",
    "url": "https://chicagoreader.com/city-life/"
  },
  {
    "text": "Agenda",
    "url": "https://chicagoreader.com/agenda-daily/"
  },
  {
    "text": "Out Here",
    "url": "https://chicagoreader.com/city-life/out-here/"
  },
  {
    "text": "Shop Local",
    "url": "https://chicagoreader.com/city-life/shop-local/"
  },
  {
    "text": "Street View",
    "url": "https://chicagoreader.com/city-life/street-view/"
  },
  {
    "text": "The Sound Issue",
    "url": "https://chicagoreader.com/city-life/feature-city-life/sound-issue-2022/"
  },
  {
    "text": "Best of Chicago: City Life",
    "url": "https://chicagoreader.com/best-of-chicago/2021-city-life-index/"
  },
  {
    "text": "Best of Chicago: Buy Local",
    "url": "https://chicagoreader.com/best-of-chicago/2021-buy-local-index/"
  },
  {
    "text": "Best of Chicago: Cannabis",
    "url": "https://chicagoreader.com/best-of-chicago/2021-cannabis-index/"
  },
  {
    "text": "Best of Chicago: Sports & Recreation",
    "url": "https://chicagoreader.com/best-of-chicago/2021-sports-recreation-index/"
  },
  {
    "text": "NEWS & POLITICS",
    "url": "https://chicagoreader.com/news-politics/"
  },
  {
    "text": "News",
    "url": "/news-politics/news/"
  },
  {
    "text": "Features",
    "url": "/news-politics/feature-news-politics/"
  },
  {
    "text": "En espa\u00f1ol",
    "url": "/tag/en-espanol/"
  },
  {
    "text": "Podcasts",
    "url": "https://chicagoreader.com/news-politics/podcasts/"
  },
  {
    "text": "The Ben Joravsky Show",
    "url": "/news-politics/podcasts/ben-joravsky-show-podcast-episodes-and-livestream/"
  },
  {
    "text": "Chicago Queer & Now",
    "url": "/news-politics/podcasts/chicago-queer-and-now-podcast-series/"
  },
  {
    "text": "COLUMNS & OPINION",
    "url": "https://chicagoreader.com/columns-opinion/"
  },
  {
    "text": "Anthony Ehlers: On Prisons",
    "url": "https://chicagoreader.com/columns-opinion/on-prisons/"
  },
  {
    "text": "John Greenfield: On Transportation",
    "url": "https://chicagoreader.com/columns-opinion/on-transportation/"
  },
  {
    "text": "Deanna Isaacs: On Culture",
    "url": "https://chicagoreader.com/columns-opinion/on-culture/"
  },
  {
    "text": "Ben Joravsky: On Politics",
    "url": "https://chicagoreader.com/columns-opinion/on-politics/"
  },
  {
    "text": "The Ben Joravsky Show",
    "url": "https://chicagoreader.com/news-politics/podcasts/ben-joravsky-show-podcast-episodes/"
  },
  {
    "text": "Dan Savage: Savage Love",
    "url": "https://chicagoreader.com/columns-opinion/savage-love/"
  },
  {
    "text": "Opinion",
    "url": "https://chicagoreader.com/columns-opinion/opinion/"
  },
  {
    "text": "MUSIC",
    "url": "https://chicagoreader.com/music/"
  },
  {
    "text": "Music Features",
    "url": "https://chicagoreader.com/music/music-feature/"
  },
  {
    "text": "Chicagoans of Note",
    "url": "https://chicagoreader.com/music/chicagoans-of-note/"
  },
  {
    "text": "Gossip Wolf",
    "url": "https://chicagoreader.com/music/gossip-wolf/"
  },
  {
    "text": "The Listener",
    "url": "https://chicagoreader.com/music/the-listener/"
  },
  {
    "text": "The Secret History of Chicago Music",
    "url": "https://chicagoreader.com/music/the-secret-history-of-chicago-music/"
  },
  {
    "text": "Music Reviews",
    "url": "https://chicagoreader.com/music/music-review/"
  },
  {
    "text": "Concert Previews",
    "url": "https://chicagoreader.com/music/concert-preview/"
  },
  {
    "text": "Early Warnings",
    "url": "https://chicagoreader.com/earlywarnings/"
  },
  {
    "text": "Music listings community calendar",
    "url": "https://chicagoreader.com/community-calendar-event-listings/live-music-concerts-shows-events/"
  },
  {
    "text": "The Sound Issue",
    "url": "https://chicagoreader.com/city-life/feature-city-life/sound-issue-2022/"
  },
  {
    "text": "Best of Chicago: Music & Nightlife",
    "url": "https://chicagoreader.com/best-of-chicago/2021-music-nightlife-index/"
  },
  {
    "text": "Chicago in Tune guide",
    "url": "https://chicagoreader.com/music/the-readers-guide-to-chicago-in-tune/"
  },
  {
    "text": "Bull Horn (paid sponsored content)",
    "url": "https://chicagoreader.com/reader-partners/sponsored-by-red-bull/"
  },
  {
    "text": "ARTS & CULTURE",
    "url": "https://chicagoreader.com/arts-culture/"
  },
  {
    "text": "Summer Theater & Arts Preview",
    "url": "https://chicagoreader.com/columns-opinion/staff-notes/a-note-from-an-editor-2/"
  },
  {
    "text": "Features",
    "url": "https://chicagoreader.com/arts-culture/feature/"
  },
  {
    "text": "Theater",
    "url": "https://chicagoreader.com/arts-culture/theater-review/"
  },
  {
    "text": "Dance",
    "url": "https://chicagoreader.com/arts-culture/dance/"
  },
  {
    "text": "Visual arts",
    "url": "https://chicagoreader.com/arts-culture/art-feature/"
  },
  {
    "text": "Book reviews",
    "url": "https://chicagoreader.com/arts-culture/book-review/"
  },
  {
    "text": "Ghost Light by Kerry Reid",
    "url": "https://chicagoreader.com/arts-culture/ghost-light/"
  },
  {
    "text": "The Sound Issue",
    "url": "https://chicagoreader.com/city-life/feature-city-life/sound-issue-2022/"
  },
  {
    "text": "Best of Chicago: Arts & Culture",
    "url": "https://chicagoreader.com/best-of-chicago/2021-arts-culture-index/"
  },
  {
    "text": "Arts listings community calendar",
    "url": "https://chicagoreader.com/community-calendar-event-listings/theater-performance-arts-culture-events/"
  },
  {
    "text": "FILM",
    "url": "https://chicagoreader.com/film/"
  },
  {
    "text": "Features",
    "url": "https://chicagoreader.com/film/movie-feature/"
  },
  {
    "text": "Reviews",
    "url": "https://chicagoreader.com/film/movie-review/"
  },
  {
    "text": "Small Screen",
    "url": "https://chicagoreader.com/film/small-screen/"
  },
  {
    "text": "Archives",
    "url": "https://chicagoreader.com/film/the-readers-comprehensive-ish-film-review-index-movie-feature/"
  },
  {
    "text": "FOOD & DRINK",
    "url": "https://chicagoreader.com/food-drink/"
  },
  {
    "text": "The Food Issue",
    "url": "https://chicagoreader.com/food-drink/food-issue-2022/"
  },
  {
    "text": "Features",
    "url": "https://chicagoreader.com/food-drink/food-drink-feature/"
  },
  {
    "text": "Reviews",
    "url": "https://chicagoreader.com/food-drink/restaurant-review/"
  },
  {
    "text": "Monday Night Foodball",
    "url": "https://chicagoreader.com/monday-night-foodball/"
  },
  {
    "text": "Best of Chicago: Food & Drink",
    "url": "https://chicagoreader.com/best-of-chicago/2021-food-drink-index/"
  },
  {
    "text": "The Drinks Issue (2021)",
    "url": "/drinks"
  },
  {
    "text": "Sommelier Series (paid sponsored content)",
    "url": "https://chicagoreader.com/reader-partners/the-foley-food-and-wine-society-paid-sponsored-content/"
  },
  {
    "text": "READER",
    "url": "https://chicagoreader.com/reader-about/"
  },
  {
    "text": "Reader events",
    "url": "https://chicagoreader.com/reader/reader-events/"
  },
  {
    "text": "7/28: Lawyers for Social Justice Reception",
    "url": "https://chicagoreader.com/reader/reader-events/lawyers-for-social-justice-reception/"
  },
  {
    "text": "About",
    "url": "https://chicagoreader.com/reader-about/"
  },
  {
    "text": "Contact",
    "url": "https://chicagoreader.com/reader/contact/"
  },
  {
    "text": "Staff",
    "url": "https://chicagoreader.com/reader/staff/"
  },
  {
    "text": "Careers",
    "url": "https://chicagoreader.com/reader/careers/"
  },
  {
    "text": "Newsletters",
    "url": "https://chicagoreader.com/email-newsletters-signup/"
  },
  {
    "text": "Find a print copy",
    "url": "https://chicagoreader.com/reader/print-distribution-map/"
  },
  {
    "text": "Print subscriptions",
    "url": "https://store.chicagoreader.com/product/print-subscription/"
  },
  {
    "text": "Advertise",
    "url": "https://chicagoreader.com/advertise/"
  },
  {
    "text": "Donate",
    "url": "https://secure.actblue.com/donate/chicago-reader-free-donate"
  },
  {
    "text": "Become a member",
    "url": "https://secure.actblue.com/donate/chicago-reader-free-member?recurring=true"
  },
  {
    "text": "Contests",
    "url": "https://chicagoreader.com/contests-giveaways-sweepstakes-promo/"
  },
  {
    "text": "Reader Store",
    "url": "https://chicagoreader.com/store"
  },
  {
    "text": "Classifieds",
    "url": "https://chicagoreader.com/reader/classified-advertising/classifieds-jobs-apt-rentals-services/"
  },
  {
    "text": "Matches",
    "url": "https://chicagoreader.com/reader/matches/matches-ads/"
  },
  {
    "text": "Nonprofit Guide",
    "url": "https://chicagoreader.com/reader/nonprofit-guide/home-categories-index/"
  },
  {
    "text": "Reader 50",
    "url": "https://chicagoreader.com/reader/fiftieth-anniversary-50-years-1971-2021/"
  },
  {
    "text": "Best of Chicago",
    "url": "https://chicagoreader.com/best-of-chicago/2021/"
  },
  {
    "text": "Twitter",
    "url": "https://twitter.com/Chicago_Reader"
  },
  {
    "text": "Facebook",
    "url": "https://www.facebook.com/chicagoreader"
  },
  {
    "text": "Instagram",
    "url": "https://www.instagram.com/chicago_reader/"
  },
  {
    "text": "RSS",
    "url": "/feed"
  },
  {
    "text": "Skip to content",
    "url": "#main"
  },
  {
    "text": "Twitter",
    "url": "https://twitter.com/Chicago_Reader"
  },
  {
    "text": "Facebook",
    "url": "https://www.facebook.com/chicagoreader"
  },
  {
    "text": "Instagram",
    "url": "https://www.instagram.com/chicago_reader/"
  },
  {
    "text": "RSS",
    "url": "/feed"
  },
  {
    "text": "",
    "url": "https://chicagoreader.com/"
  },
  {
    "text": "Chicago Reader",
    "url": "https://chicagoreader.com/"
  },
  {
    "text": "Newsletters",
    "url": "https://chicagoreader.com/email-newsletters-signup/"
  },
  {
    "text": "Become a member",
    "url": "https://secure.actblue.com/donate/chicago-reader-free-member?refcode=WS_20220707_topNav&recurring=true"
  },
  {
    "text": "Become a member",
    "url": "https://secure.actblue.com/donate/chicago-reader-free-member?refcode=WS_20220707_topNavMcta&recurring=true"
  },
  {
    "text": "CITY LIFE",
    "url": "https://chicagoreader.com/city-life/"
  },
  {
    "text": "Agenda",
    "url": "https://chicagoreader.com/agenda-daily/"
  },
  {
    "text": "Out Here",
    "url": "https://chicagoreader.com/city-life/out-here/"
  },
  {
    "text": "Shop Local",
    "url": "https://chicagoreader.com/city-life/shop-local/"
  },
  {
    "text": "Street View",
    "url": "https://chicagoreader.com/city-life/street-view/"
  },
  {
    "text": "The Sound Issue",
    "url": "https://chicagoreader.com/city-life/feature-city-life/sound-issue-2022/"
  },
  {
    "text": "Best of Chicago: City Life",
    "url": "https://chicagoreader.com/best-of-chicago/2021-city-life-index/"
  },
  {
    "text": "Best of Chicago: Buy Local",
    "url": "https://chicagoreader.com/best-of-chicago/2021-buy-local-index/"
  },
  {
    "text": "Best of Chicago: Cannabis",
    "url": "https://chicagoreader.com/best-of-chicago/2021-cannabis-index/"
  },
  {
    "text": "Best of Chicago: Sports & Recreation",
    "url": "https://chicagoreader.com/best-of-chicago/2021-sports-recreation-index/"
  },
  {
    "text": "NEWS & POLITICS",
    "url": "https://chicagoreader.com/news-politics/"
  },
  {
    "text": "News",
    "url": "/news-politics/news/"
  },
  {
    "text": "Features",
    "url": "/news-politics/feature-news-politics/"
  },
  {
    "text": "En espa\u00f1ol",
    "url": "/tag/en-espanol/"
  },
  {
    "text": "Podcasts",
    "url": "https://chicagoreader.com/news-politics/podcasts/"
  },
  {
    "text": "The Ben Joravsky Show",
    "url": "/news-politics/podcasts/ben-joravsky-show-podcast-episodes-and-livestream/"
  },
  {
    "text": "Chicago Queer & Now",
    "url": "/news-politics/podcasts/chicago-queer-and-now-podcast-series/"
  },
  {
    "text": "COLUMNS & OPINION",
    "url": "https://chicagoreader.com/columns-opinion/"
  },
  {
    "text": "Anthony Ehlers: On Prisons",
    "url": "https://chicagoreader.com/columns-opinion/on-prisons/"
  },
  {
    "text": "John Greenfield: On Transportation",
    "url": "https://chicagoreader.com/columns-opinion/on-transportation/"
  },
  {
    "text": "Deanna Isaacs: On Culture",
    "url": "https://chicagoreader.com/columns-opinion/on-culture/"
  },
  {
    "text": "Ben Joravsky: On Politics",
    "url": "https://chicagoreader.com/columns-opinion/on-politics/"
  },
  {
    "text": "The Ben Joravsky Show",
    "url": "https://chicagoreader.com/news-politics/podcasts/ben-joravsky-show-podcast-episodes/"
  },
  {
    "text": "Dan Savage: Savage Love",
    "url": "https://chicagoreader.com/columns-opinion/savage-love/"
  },
  {
    "text": "Opinion",
    "url": "https://chicagoreader.com/columns-opinion/opinion/"
  },
  {
    "text": "MUSIC",
    "url": "https://chicagoreader.com/music/"
  },
  {
    "text": "Music Features",
    "url": "https://chicagoreader.com/music/music-feature/"
  },
  {
    "text": "Chicagoans of Note",
    "url": "https://chicagoreader.com/music/chicagoans-of-note/"
  },
  {
    "text": "Gossip Wolf",
    "url": "https://chicagoreader.com/music/gossip-wolf/"
  },
  {
    "text": "The Listener",
    "url": "https://chicagoreader.com/music/the-listener/"
  },
  {
    "text": "The Secret History of Chicago Music",
    "url": "https://chicagoreader.com/music/the-secret-history-of-chicago-music/"
  },
  {
    "text": "Music Reviews",
    "url": "https://chicagoreader.com/music/music-review/"
  },
  {
    "text": "Concert Previews",
    "url": "https://chicagoreader.com/music/concert-preview/"
  },
  {
    "text": "Early Warnings",
    "url": "https://chicagoreader.com/earlywarnings/"
  },
  {
    "text": "Music listings community calendar",
    "url": "https://chicagoreader.com/community-calendar-event-listings/live-music-concerts-shows-events/"
  },
  {
    "text": "The Sound Issue",
    "url": "https://chicagoreader.com/city-life/feature-city-life/sound-issue-2022/"
  },
  {
    "text": "Best of Chicago: Music & Nightlife",
    "url": "https://chicagoreader.com/best-of-chicago/2021-music-nightlife-index/"
  },
  {
    "text": "Chicago in Tune guide",
    "url": "https://chicagoreader.com/music/the-readers-guide-to-chicago-in-tune/"
  },
  {
    "text": "Bull Horn (paid sponsored content)",
    "url": "https://chicagoreader.com/reader-partners/sponsored-by-red-bull/"
  },
  {
    "text": "ARTS & CULTURE",
    "url": "https://chicagoreader.com/arts-culture/"
  },
  {
    "text": "Summer Theater & Arts Preview",
    "url": "https://chicagoreader.com/columns-opinion/staff-notes/a-note-from-an-editor-2/"
  },
  {
    "text": "Features",
    "url": "https://chicagoreader.com/arts-culture/feature/"
  },
  {
    "text": "Theater",
    "url": "https://chicagoreader.com/arts-culture/theater-review/"
  },
  {
    "text": "Dance",
    "url": "https://chicagoreader.com/arts-culture/dance/"
  },
  {
    "text": "Visual arts",
    "url": "https://chicagoreader.com/arts-culture/art-feature/"
  },
  {
    "text": "Book reviews",
    "url": "https://chicagoreader.com/arts-culture/book-review/"
  },
  {
    "text": "Ghost Light by Kerry Reid",
    "url": "https://chicagoreader.com/arts-culture/ghost-light/"
  },
  {
    "text": "The Sound Issue",
    "url": "https://chicagoreader.com/city-life/feature-city-life/sound-issue-2022/"
  },
  {
    "text": "Best of Chicago: Arts & Culture",
    "url": "https://chicagoreader.com/best-of-chicago/2021-arts-culture-index/"
  },
  {
    "text": "Arts listings community calendar",
    "url": "https://chicagoreader.com/community-calendar-event-listings/theater-performance-arts-culture-events/"
  },
  {
    "text": "FILM",
    "url": "https://chicagoreader.com/film/"
  },
  {
    "text": "Features",
    "url": "https://chicagoreader.com/film/movie-feature/"
  },
  {
    "text": "Reviews",
    "url": "https://chicagoreader.com/film/movie-review/"
  },
  {
    "text": "Small Screen",
    "url": "https://chicagoreader.com/film/small-screen/"
  },
  {
    "text": "Archives",
    "url": "https://chicagoreader.com/film/the-readers-comprehensive-ish-film-review-index-movie-feature/"
  },
  {
    "text": "FOOD & DRINK",
    "url": "https://chicagoreader.com/food-drink/"
  },
  {
    "text": "The Food Issue",
    "url": "https://chicagoreader.com/food-drink/food-issue-2022/"
  },
  {
    "text": "Features",
    "url": "https://chicagoreader.com/food-drink/food-drink-feature/"
  },
  {
    "text": "Reviews",
    "url": "https://chicagoreader.com/food-drink/restaurant-review/"
  },
  {
    "text": "Monday Night Foodball",
    "url": "https://chicagoreader.com/monday-night-foodball/"
  },
  {
    "text": "Best of Chicago: Food & Drink",
    "url": "https://chicagoreader.com/best-of-chicago/2021-food-drink-index/"
  },
  {
    "text": "The Drinks Issue (2021)",
    "url": "/drinks"
  },
  {
    "text": "Sommelier Series (paid sponsored content)",
    "url": "https://chicagoreader.com/reader-partners/the-foley-food-and-wine-society-paid-sponsored-content/"
  },
  {
    "text": "READER",
    "url": "https://chicagoreader.com/reader-about/"
  },
  {
    "text": "Reader events",
    "url": "https://chicagoreader.com/reader/reader-events/"
  },
  {
    "text": "7/28: Lawyers for Social Justice Reception",
    "url": "https://chicagoreader.com/reader/reader-events/lawyers-for-social-justice-reception/"
  },
  {
    "text": "About",
    "url": "https://chicagoreader.com/reader-about/"
  },
  {
    "text": "Contact",
    "url": "https://chicagoreader.com/reader/contact/"
  },
  {
    "text": "Staff",
    "url": "https://chicagoreader.com/reader/staff/"
  },
  {
    "text": "Careers",
    "url": "https://chicagoreader.com/reader/careers/"
  },
  {
    "text": "Newsletters",
    "url": "https://chicagoreader.com/email-newsletters-signup/"
  },
  {
    "text": "Find a print copy",
    "url": "https://chicagoreader.com/reader/print-distribution-map/"
  },
  {
    "text": "Print subscriptions",
    "url": "https://store.chicagoreader.com/product/print-subscription/"
  },
  {
    "text": "Advertise",
    "url": "https://chicagoreader.com/advertise/"
  },
  {
    "text": "Donate",
    "url": "https://secure.actblue.com/donate/chicago-reader-free-donate"
  },
  {
    "text": "Become a member",
    "url": "https://secure.actblue.com/donate/chicago-reader-free-member?recurring=true"
  },
  {
    "text": "Contests",
    "url": "https://chicagoreader.com/contests-giveaways-sweepstakes-promo/"
  },
  {
    "text": "Reader Store",
    "url": "https://chicagoreader.com/store"
  },
  {
    "text": "Classifieds",
    "url": "https://chicagoreader.com/reader/classified-advertising/classifieds-jobs-apt-rentals-services/"
  },
  {
    "text": "Matches",
    "url": "https://chicagoreader.com/reader/matches/matches-ads/"
  },
  {
    "text": "Nonprofit Guide",
    "url": "https://chicagoreader.com/reader/nonprofit-guide/home-categories-index/"
  },
  {
    "text": "Reader 50",
    "url": "https://chicagoreader.com/reader/fiftieth-anniversary-50-years-1971-2021/"
  },
  {
    "text": "Best of Chicago",
    "url": "https://chicagoreader.com/best-of-chicago/2021/"
  },
  {
    "text": "The Food Issue",
    "url": "https://chicagoreader.com/food-drink/food-issue-2022/"
  },
  {
    "text": "Latest issue",
    "url": "https://chicagoreader.com/#issue"
  },
  {
    "text": "We\u2019re hiring!",
    "url": "https://chicagoreader.com/reader/careers/"
  },
  {
    "text": "Summer Theater & Arts Preview",
    "url": "https://chicagoreader.com/columns-opinion/staff-notes/a-note-from-an-editor-2/"
  },
  {
    "text": "Reader 50",
    "url": "https://chicagoreader.com/reader/fiftieth-anniversary-50-years-1971-2021/"
  },
  {
    "text": "Nonprofit Guide",
    "url": "https://chicagoreader.com/reader/nonprofit-guide/home-categories-index/"
  },
  {
    "text": "En espa\u00f1ol",
    "url": "/tag/en-espanol/"
  },
  {
    "text": "Contests",
    "url": "https://chicagoreader.com/contests-giveaways-sweepstakes-promo/"
  },
  {
    "text": "Reader Store",
    "url": "https://chicagoreader.com/store"
  },
  {
    "text": "Advertise",
    "url": "/advertise/"
  },
  {
    "text": "\n\t\t\t\t\t\t\t\t\t\t\t\t\t\t\t\t\t",
    "url": "https://chicagoreader.com/city-life/agenda/blasian-march-laughing-song-dummy-and/"
  },
  {
    "text": "\n\t\t\t\t\t\tAgenda\t\t\t\t\t",
    "url": "https://chicagoreader.com/city-life/agenda/"
  },
  {
    "text": "Blasian March, Laughing Song, Dummy, and Giallo Gelato",
    "url": "https://chicagoreader.com/city-life/agenda/blasian-march-laughing-song-dummy-and/"
  },
  {
    "text": "Kerry Reid",
    "url": "https://chicagoreader.com/author/kerry-reid/"
  },
  {
    "text": "Micco Caporale",
    "url": "https://chicagoreader.com/author/micco-caporale/"
  },
  {
    "text": "Salem Collo-Julin",
    "url": "https://chicagoreader.com/author/salem-collo-julin/"
  },
  {
    "text": "Latest Stories",
    "url": "https://chicagoreader.com/archive/"
  },
  {
    "text": "\n\t\t\t\t\t\t\t\t\t\t\t\t\t\t\t\t\t",
    "url": "https://chicagoreader.com/arts-culture/ghost-light/mudlark-expands-its-community-outreach/"
  },
  {
    "text": "\n\t\t\t\t\t\tGhost Light\t\t\t\t\t",
    "url": "https://chicagoreader.com/arts-culture/ghost-light/"
  },
  {
    "text": "Mudlark expands its community outreach",
    "url": "https://chicagoreader.com/arts-culture/ghost-light/mudlark-expands-its-community-outreach/"
  },
  {
    "text": "Kerry Reid",
    "url": "https://chicagoreader.com/author/kerry-reid/"
  },
  {
    "text": "\n\t\t\t\t\t\t\t\t\t\t\t\t\t\t\t\t\t",
    "url": "https://chicagoreader.com/city-life/agenda/newberry-book-fair-in-the-land-art-and-experimental-music/"
  },
  {
    "text": "\n\t\t\t\t\t\tAgenda\t\t\t\t\t",
    "url": "https://chicagoreader.com/city-life/agenda/"
  },
  {
    "text": "Newberry Book Fair, In The Land, art, and experimental music",
    "url": "https://chicagoreader.com/city-life/agenda/newberry-book-fair-in-the-land-art-and-experimental-music/"
  },
  {
    "text": "Micco Caporale",
    "url": "https://chicagoreader.com/author/micco-caporale/"
  },
  {
    "text": "Salem Collo-Julin",
    "url": "https://chicagoreader.com/author/salem-collo-julin/"
  },
  {
    "text": "\n\t\t\t\t\t\t\t\t\t\t\t\t\t\t\t\t\t",
    "url": "https://chicagoreader.com/news-politics/paul-vallas-rubs-shoulders-with-the-far-right/"
  },
  {
    "text": "\n\t\t\t\t\t\tNews & Politics\t\t\t\t\t",
    "url": "https://chicagoreader.com/news-politics/"
  },
  {
    "text": "Paul Vallas rubs shoulders with the far right\u00a0",
    "url": "https://chicagoreader.com/news-politics/paul-vallas-rubs-shoulders-with-the-far-right/"
  },
  {
    "text": "Kelly Garcia",
    "url": "https://chicagoreader.com/author/kelly-garcia/"
  },
  {
    "text": "\n\t\t\t\t\t\t\t\t\t\t\t\t\t\t\t\t\t",
    "url": "https://chicagoreader.com/news-politics/podcasts/ben-joravsky-show-podcast-episodes/"
  },
  {
    "text": "\n\t\t\t\t\t\tPodcasts\t\t\t\t\t",
    "url": "https://chicagoreader.com/news-politics/podcasts/"
  },
  {
    "text": "Listen to The Ben Joravsky Show",
    "url": "https://chicagoreader.com/news-politics/podcasts/ben-joravsky-show-podcast-episodes/"
  },
  {
    "text": "Ben Joravsky",
    "url": "https://chicagoreader.com/author/ben-joravsky/"
  },
  {
    "text": "\n\t\t\t\t\t\t\t\t\t\t\t\t\t\t\t\t\t",
    "url": "https://chicagoreader.com/city-life/photos-2022-chicago-pride-parade/"
  },
  {
    "text": "\n\t\t\t\t\t\tCity Life\t\t\t\t\t",
    "url": "https://chicagoreader.com/city-life/"
  },
  {
    "text": "Photos: 2022 Chicago Pride Parade",
    "url": "https://chicagoreader.com/city-life/photos-2022-chicago-pride-parade/"
  },
  {
    "text": "Salem Collo-Julin",
    "url": "https://chicagoreader.com/author/salem-collo-julin/"
  },
  {
    "text": "Michael Jackson",
    "url": "https://chicagoreader.com/author/michael-jackson/"
  },
  {
    "text": "\n\t\t\t\t\t\t\t\t\t\t\t\t\t\t\t\t\t",
    "url": "https://chicagoreader.com/film/from-roller-rinks-to-r-rated-movies/"
  },
  {
    "text": "\n\t\t\t\t\t\tFilm\t\t\t\t\t",
    "url": "https://chicagoreader.com/film/"
  },
  {
    "text": "From roller rinks to R-rated movies",
    "url": "https://chicagoreader.com/film/from-roller-rinks-to-r-rated-movies/"
  },
  {
    "text": "Gregory Wakeman",
    "url": "https://chicagoreader.com/author/gregory-wakeman/"
  },
  {
    "text": "Food & Drink",
    "url": "https://chicagoreader.com/food-drink/"
  },
  {
    "text": "\n\t\t\t\t\t\t\t\t\t\t\t\t\t\t\t\t\t",
    "url": "https://chicagoreader.com/food-drink/like-a-blazing-fried-chicken-thommys-toddy-shop-rises-from-the-ashes-at-the-next-monday-night-foodball/"
  },
  {
    "text": "Like a blazing fried chicken, Thommy\u2019s Toddy Shop rises from the ashes at the Next Monday Night Foodball",
    "url": "https://chicagoreader.com/food-drink/like-a-blazing-fried-chicken-thommys-toddy-shop-rises-from-the-ashes-at-the-next-monday-night-foodball/"
  },
  {
    "text": "",
    "url": "https://chicagoreader.com/author/mike-sula/"
  },
  {
    "text": "Mike Sula",
    "url": "https://chicagoreader.com/author/mike-sula/"
  },
  {
    "text": "\n\t\t\t\t\t\t\t\t\t\t\t\t\t\t\t\t\t",
    "url": "https://chicagoreader.com/food-drink/monday-night-foodball/superhais-asian-stoner-food-saves-the-day-at-the-next-monday-night-foodball/"
  },
  {
    "text": "SuperHai\u2019s Asian stoner food saves the day at the next Monday Night Foodball",
    "url": "https://chicagoreader.com/food-drink/monday-night-foodball/superhais-asian-stoner-food-saves-the-day-at-the-next-monday-night-foodball/"
  },
  {
    "text": "",
    "url": "https://chicagoreader.com/author/mike-sula/"
  },
  {
    "text": "Mike Sula",
    "url": "https://chicagoreader.com/author/mike-sula/"
  },
  {
    "text": "\n\t\t\t\t\t\t\t\t\t\t\t\t\t\t\t\t\t",
    "url": "https://chicagoreader.com/food-drink/the-tastes-of-home/"
  },
  {
    "text": "The tastes of home",
    "url": "https://chicagoreader.com/food-drink/the-tastes-of-home/"
  },
  {
    "text": "",
    "url": "https://chicagoreader.com/author/jt-newman/"
  },
  {
    "text": "",
    "url": "https://chicagoreader.com/author/philip-montoro/"
  },
  {
    "text": "",
    "url": "https://chicagoreader.com/author/salem-collo-julin/"
  },
  {
    "text": "",
    "url": "https://chicagoreader.com/author/kirk-williamson/"
  },
  {
    "text": "",
    "url": "https://chicagoreader.com/author/savannah-hugueley/"
  },
  {
    "text": "JT Newman",
    "url": "https://chicagoreader.com/author/jt-newman/"
  },
  {
    "text": "Philip Montoro",
    "url": "https://chicagoreader.com/author/philip-montoro/"
  },
  {
    "text": "Salem Collo-Julin",
    "url": "https://chicagoreader.com/author/salem-collo-julin/"
  },
  {
    "text": "Kirk Williamson",
    "url": "https://chicagoreader.com/author/kirk-williamson/"
  },
  {
    "text": "Savannah Hugueley",
    "url": "https://chicagoreader.com/author/savannah-hugueley/"
  },
  {
    "text": "Arts & Culture",
    "url": "https://chicagoreader.com/arts-culture/"
  },
  {
    "text": "\n\t\t\t\t\t\t\t\t\t\t\t\t\t\t\t\t\t",
    "url": "https://chicagoreader.com/arts-culture/theater-review/the-mamalogues-offers-real-talk-with-a-comic-edge/"
  },
  {
    "text": "The Mamalogues offers real talk with a comic edge",
    "url": "https://chicagoreader.com/arts-culture/theater-review/the-mamalogues-offers-real-talk-with-a-comic-edge/"
  },
  {
    "text": "Matt Simonette",
    "url": "https://chicagoreader.com/author/matt-simonette/"
  },
  {
    "text": "\n\t\t\t\t\t\t\t\t\t\t\t\t\t\t\t\t\t",
    "url": "https://chicagoreader.com/arts-culture/theater-review/queens-of-the-road/"
  },
  {
    "text": "Queens of the road",
    "url": "https://chicagoreader.com/arts-culture/theater-review/queens-of-the-road/"
  },
  {
    "text": "Kerry Reid",
    "url": "https://chicagoreader.com/author/kerry-reid/"
  },
  {
    "text": "\n\t\t\t\t\t\t\t\t\t\t\t\t\t\t\t\t\t",
    "url": "https://chicagoreader.com/arts-culture/theater-review/mind-games-2/"
  },
  {
    "text": "Mind games",
    "url": "https://chicagoreader.com/arts-culture/theater-review/mind-games-2/"
  },
  {
    "text": "Marissa Oberlander",
    "url": "https://chicagoreader.com/author/marissa-oberlander/"
  },
  {
    "text": "\n\t\t\t\t\t\t\t\t\t\t\t\t\t\t\t\t\t",
    "url": "https://chicagoreader.com/arts-culture/theater-review/three-sisters-of-failure/"
  },
  {
    "text": "Three sisters of Failure",
    "url": "https://chicagoreader.com/arts-culture/theater-review/three-sisters-of-failure/"
  },
  {
    "text": "Catey Sullivan",
    "url": "https://chicagoreader.com/author/catey-sullivan/"
  },
  {
    "text": "\n\t\t\t\t\t\t\t\t\t\t\t\t\t\t\t\t\t",
    "url": "https://chicagoreader.com/arts-culture/feature/a-hunt-for-chicago-treasures/"
  },
  {
    "text": "A hunt for Chicago treasures",
    "url": "https://chicagoreader.com/arts-culture/feature/a-hunt-for-chicago-treasures/"
  },
  {
    "text": "Tony Peregrin",
    "url": "https://chicagoreader.com/author/tony-peregrin/"
  },
  {
    "text": "Film",
    "url": "https://chicagoreader.com/film/"
  },
  {
    "text": "\n\t\t\t\t\t\t\t\t\t\t\t\t\t\t\t\t\t",
    "url": "https://chicagoreader.com/film/wrong-place/"
  },
  {
    "text": "Wrong Place",
    "url": "https://chicagoreader.com/film/wrong-place/"
  },
  {
    "text": "Maxwell Rabb",
    "url": "https://chicagoreader.com/author/maxwell-rabb/"
  },
  {
    "text": "\n\t\t\t\t\t\t\t\t\t\t\t\t\t\t\t\t\t",
    "url": "https://chicagoreader.com/film/nope/"
  },
  {
    "text": "Nope",
    "url": "https://chicagoreader.com/film/nope/"
  },
  {
    "text": "Gregory Wakeman",
    "url": "https://chicagoreader.com/author/gregory-wakeman/"
  },
  {
    "text": "\n\t\t\t\t\t\t\t\t\t\t\t\t\t\t\t\t\t",
    "url": "https://chicagoreader.com/film/fire-of-love/"
  },
  {
    "text": "Fire of Love",
    "url": "https://chicagoreader.com/film/fire-of-love/"
  },
  {
    "text": "Kathleen Sachs",
    "url": "https://chicagoreader.com/author/kathleen-sachs/"
  },
  {
    "text": "",
    "url": "/earlywarnings/"
  },
  {
    "text": "",
    "url": "/community-calendar-event-listings/live-music-concerts-shows-events/"
  },
  {
    "text": "",
    "url": "/community-calendar-event-listings/theater-performance-arts-culture-events/"
  },
  {
    "text": "",
    "url": "/community-calendar-event-listings/"
  },
  {
    "text": "Music",
    "url": "https://chicagoreader.com/music/"
  },
  {
    "text": "\n\t\t\t\t\t\t\t\t\t\t\t\t\t\t\t\t\t",
    "url": "https://chicagoreader.com/music/fables-green-room/"
  },
  {
    "text": "Sharp Chicago rapper F.A.B.L.E. tries on different stylistic hats with Green Room",
    "url": "https://chicagoreader.com/music/fables-green-room/"
  },
  {
    "text": "Leor Galil",
    "url": "https://chicagoreader.com/author/leor-galil/"
  },
  {
    "text": "\n\t\t\t\t\t\t\t\t\t\t\t\t\t\t\t\t\t",
    "url": "https://chicagoreader.com/music/chicago-lures-jazz-trombonist-jeb-bishop-back-home/"
  },
  {
    "text": "Chicago lures jazz trombonist Jeb Bishop back home",
    "url": "https://chicagoreader.com/music/chicago-lures-jazz-trombonist-jeb-bishop-back-home/"
  },
  {
    "text": "J.R. Nelson",
    "url": "https://chicagoreader.com/author/j-r-nelson/"
  },
  {
    "text": "Leor Galil",
    "url": "https://chicagoreader.com/author/leor-galil/"
  },
  {
    "text": "\n\t\t\t\t\t\t\t\t\t\t\t\t\t\t\t\t\t",
    "url": "https://chicagoreader.com/music/black-magnet-90s-industrial-metal/"
  },
  {
    "text": "Black Magnet turns his devotion to 90s industrial metal into something even meaner and heavier",
    "url": "https://chicagoreader.com/music/black-magnet-90s-industrial-metal/"
  },
  {
    "text": "Luca Cimarusti",
    "url": "https://chicagoreader.com/author/luca-cimarusti/"
  },
  {
    "text": "News & Politics",
    "url": "https://chicagoreader.com/news-politics/"
  },
  {
    "text": "Columns & Opinion",
    "url": "https://chicagoreader.com/columns-opinion/"
  },
  {
    "text": "\n\t\t\t\t\t\t\t\t\t\t\t\t\t\t\t\t\t",
    "url": "https://chicagoreader.com/columns-opinion/on-politics/biased-driving/"
  },
  {
    "text": "Biased driving",
    "url": "https://chicagoreader.com/columns-opinion/on-politics/biased-driving/"
  },
  {
    "text": "Ben Joravsky",
    "url": "https://chicagoreader.com/author/ben-joravsky/"
  },
  {
    "text": "\n\t\t\t\t\t\t\t\t\t\t\t\t\t\t\t\t\t",
    "url": "https://chicagoreader.com/news-politics/can-a-new-housing-development-revitalize-bronzeville-without-displacing-residents/"
  },
  {
    "text": "Can a new housing development revitalize Bronzeville without displacing residents?",
    "url": "https://chicagoreader.com/news-politics/can-a-new-housing-development-revitalize-bronzeville-without-displacing-residents/"
  },
  {
    "text": "Jerrel Floyd",
    "url": "https://chicagoreader.com/author/jerrel-floyd/"
  },
  {
    "text": "Davon Clark",
    "url": "https://chicagoreader.com/author/davon-clark/"
  },
  {
    "text": "Frederique Desrosiers",
    "url": "https://chicagoreader.com/author/frederique-desrosiers/"
  },
  {
    "text": "Charlene Rhinehart",
    "url": "https://chicagoreader.com/author/charlene-rhinehart/"
  },
  {
    "text": "Erica Scalise",
    "url": "https://chicagoreader.com/author/erica-scalise/"
  },
  {
    "text": "City Bureau",
    "url": "https://chicagoreader.com/author/city-bureau/"
  },
  {
    "text": "\n\t\t\t\t\t\t\t\t\t\t\t\t\t\t\t\t\t",
    "url": "https://chicagoreader.com/columns-opinion/your-husband-should-meet-your-daddy-dom/"
  },
  {
    "text": "Your husband should meet your Daddy Dom",
    "url": "https://chicagoreader.com/columns-opinion/your-husband-should-meet-your-daddy-dom/"
  },
  {
    "text": "Dan Savage",
    "url": "https://chicagoreader.com/author/dan-savage/"
  },
  {
    "text": "\n\t\t\t\t\t\t\t\t\t\t\t\t\t\t\t\t\t",
    "url": "https://chicagoreader.com/news-politics/shotspotter-held-in-contempt-of-court/"
  },
  {
    "text": "ShotSpotter held in contempt of court",
    "url": "https://chicagoreader.com/news-politics/shotspotter-held-in-contempt-of-court/"
  },
  {
    "text": "Matt Chapman",
    "url": "https://chicagoreader.com/author/matt-chapman/"
  },
  {
    "text": "Jim Daley",
    "url": "https://chicagoreader.com/author/jim-daley/"
  },
  {
    "text": "\n\t\t\t\t\t\t\t\t\t\t\t\t\t\t\t\t\t",
    "url": "https://chicagoreader.com/news-politics/chicago-prioritizing-first-doses-for-monkeypox-vaccine/"
  },
  {
    "text": "Chicago prioritizing first doses for monkeypox vaccine",
    "url": "https://chicagoreader.com/news-politics/chicago-prioritizing-first-doses-for-monkeypox-vaccine/"
  },
  {
    "text": "Aaron Gettinger",
    "url": "https://chicagoreader.com/author/aaron-gettinger/"
  },
  {
    "text": "\n\t\t\t\t\t\t\t\t\t\t\t\t\t\t\t\t\t",
    "url": "https://chicagoreader.com/columns-opinion/beware-illinois/"
  },
  {
    "text": "Beware, Illinois",
    "url": "https://chicagoreader.com/columns-opinion/beware-illinois/"
  },
  {
    "text": "Ben Joravsky",
    "url": "https://chicagoreader.com/author/ben-joravsky/"
  },
  {
    "text": "City Life",
    "url": "https://chicagoreader.com/city-life/"
  },
  {
    "text": "\n\t\t\t\t\t\t\t\t\t\t\t\t\t\t\t\t\t",
    "url": "https://chicagoreader.com/reader-partners/spend-your-summer-in-andersonville/"
  },
  {
    "text": "Welcome to Pineappleland: Summer in Andersonville",
    "url": "https://chicagoreader.com/reader-partners/spend-your-summer-in-andersonville/"
  },
  {
    "text": "\n\t\t\t\t\t\t\t\t\t\t\t\t\t\t\t\t\t",
    "url": "https://chicagoreader.com/city-life/summer-in-the-city-youth-edition/"
  },
  {
    "text": "Summer in the city: youth edition",
    "url": "https://chicagoreader.com/city-life/summer-in-the-city-youth-edition/"
  },
  {
    "text": "Kirsten Lambert",
    "url": "https://chicagoreader.com/author/kirsten-lambert/"
  },
  {
    "text": "\n\t\t\t\t\t\t\t\t\t\t\t\t\t\t\t\t\t",
    "url": "https://chicagoreader.com/city-life/riding-the-wave-of-the-crocs/"
  },
  {
    "text": "Riding the wave of the Crocs",
    "url": "https://chicagoreader.com/city-life/riding-the-wave-of-the-crocs/"
  },
  {
    "text": "Megan Kirby",
    "url": "https://chicagoreader.com/author/megan-kirby/"
  },
  {
    "text": "\n\t\t\t\t\t\t\t\t\t\t\t\t\t\t\t\t\t",
    "url": "https://chicagoreader.com/city-life/recovering-goth/"
  },
  {
    "text": "Recovering goth",
    "url": "https://chicagoreader.com/city-life/recovering-goth/"
  },
  {
    "text": "Isa Giallorenzo",
    "url": "https://chicagoreader.com/author/isa-giallorenzo/"
  },
  {
    "text": "Get the latest issue of the Chicago Reader",
    "url": "https://chicagoreader.com/tag/vol-51-no-21/"
  },
  {
    "text": "",
    "url": "https://chicagoreader.com/tag/vol-51-no-21/"
  },
  {
    "text": "On the cover: Photo by Matthew Gilson",
    "url": "https://matthewgilson.com/"
  },
  {
    "text": "Download the PDF",
    "url": "https://issues.chicagoreader.com/pdf/2022/072122-small.pdf"
  },
  {
    "text": "Read the Issue",
    "url": "https://chicagoreader.com/tag/vol-51-no-21/"
  },
  {
    "text": "Find a print copy of the Reader.",
    "url": "/map"
  },
  {
    "text": "The Food Issue",
    "url": "https://chicagoreader.com/food-drink/food-issue-2022/"
  },
  {
    "text": "Something magic\u2019s growing at Back of the Yards Algae Sciences",
    "url": "https://chicagoreader.com/food-drink/something-magics-growing-at-back-of-the-yards-algae-sciences/"
  },
  {
    "text": "Mike Sula",
    "url": "https://chicagoreader.com/author/mike-sula/"
  },
  {
    "text": "If you teach a girl to pickle",
    "url": "https://chicagoreader.com/food-drink/if-you-teach-a-girl-to-pickle/"
  },
  {
    "text": "Yasmin Zacaria Mikhaiel",
    "url": "https://chicagoreader.com/author/yasmin-zacaria-mikhaiel/"
  },
  {
    "text": "Candy Con",
    "url": "https://chicagoreader.com/food-drink/sugar-and-snacks-and-everything-nice/"
  },
  {
    "text": "Sober Curious Chicago",
    "url": "https://chicagoreader.com/food-drink/drink-less-party-more/"
  },
  {
    "text": "Summer Food Memories",
    "url": "https://chicagoreader.com/food-drink/the-tastes-of-home/"
  },
  {
    "text": "Mount Chicago tries hard, but fails",
    "url": "https://chicagoreader.com/arts-culture/book-review/mount-chicago-tries-hard-but-fails/"
  },
  {
    "text": "Dmitry Samarov",
    "url": "https://chicagoreader.com/author/dmitry-samarov/"
  },
  {
    "text": "Take a trip with Dissonant Dessert and dozens of talented friends on Absurd, Obscene!",
    "url": "https://chicagoreader.com/music/dissonant-dessert-absurd-obscene/"
  },
  {
    "text": "Jack Riedy",
    "url": "https://chicagoreader.com/author/jack-riedy/"
  },
  {
    "text": "Sponsored",
    "url": "https://chicagoreader.com/reader-partners/"
  },
  {
    "text": "What makes a co-op a co-op?",
    "url": "https://chicagoreader.com/reader-partners/what-makes-a-co-op-a-co-op/"
  },
  {
    "text": "10 Best Cannabis Seed Banks To Buy Cannabis Seeds Online in 2022 (Ships to US)",
    "url": "https://chicagoreader.com/reader-partners/where-to-buy-cannabis-seeds-online/"
  },
  {
    "text": "Best Dating Sites for Real Relationships in 2022",
    "url": "https://chicagoreader.com/reader-partners/best-dating-sites-for-real-relationships/"
  },
  {
    "text": "Best of Chicago",
    "url": "https://chicagoreader.com/best-of-chicago/2021/"
  },
  {
    "text": "\n\t\t\t\t\t\t\t\t\t\t\t\t\t\t\t\t\t",
    "url": "https://chicagoreader.com/best-of-chicago/2021-arts-culture-index/"
  },
  {
    "text": "Arts & Culture",
    "url": "https://chicagoreader.com/best-of-chicago/2021-arts-culture-index/"
  },
  {
    "text": "\n\t\t\t\t\t\t\t\t\t\t\t\t\t\t\t\t\t",
    "url": "https://chicagoreader.com/best-of-chicago/2021-buy-local-index/"
  },
  {
    "text": "Buy Local",
    "url": "https://chicagoreader.com/best-of-chicago/2021-buy-local-index/"
  },
  {
    "text": "\n\t\t\t\t\t\t\t\t\t\t\t\t\t\t\t\t\t",
    "url": "https://chicagoreader.com/best-of-chicago/2021-cannabis-index/"
  },
  {
    "text": "Cannabis",
    "url": "https://chicagoreader.com/best-of-chicago/2021-cannabis-index/"
  },
  {
    "text": "\n\t\t\t\t\t\t\t\t\t\t\t\t\t\t\t\t\t",
    "url": "https://chicagoreader.com/best-of-chicago/2021-city-life-index/"
  },
  {
    "text": "City Life",
    "url": "https://chicagoreader.com/best-of-chicago/2021-city-life-index/"
  },
  {
    "text": "\n\t\t\t\t\t\t\t\t\t\t\t\t\t\t\t\t\t",
    "url": "https://chicagoreader.com/best-of-chicago/2021-food-drink-index/"
  },
  {
    "text": "Food & Drink",
    "url": "https://chicagoreader.com/best-of-chicago/2021-food-drink-index/"
  },
  {
    "text": "\n\t\t\t\t\t\t\t\t\t\t\t\t\t\t\t\t\t",
    "url": "https://chicagoreader.com/best-of-chicago/2021-music-nightlife-index/"
  },
  {
    "text": "Music & Nightlife",
    "url": "https://chicagoreader.com/best-of-chicago/2021-music-nightlife-index/"
  },
  {
    "text": "\n\t\t\t\t\t\t\t\t\t\t\t\t\t\t\t\t\t",
    "url": "https://chicagoreader.com/best-of-chicago/2021-sports-recreation-index/"
  },
  {
    "text": "Sports & Recreation",
    "url": "https://chicagoreader.com/best-of-chicago/2021-sports-recreation-index/"
  },
  {
    "text": "\n\t\t\t\t\t\t\t\t\t\t\t\t\t\t\t\t\t",
    "url": "https://chicagoreader.com/best-of-chicago/2021/"
  },
  {
    "text": "Best of Chicago 2021",
    "url": "https://chicagoreader.com/best-of-chicago/2021/"
  },
  {
    "text": "become a member",
    "url": "https://secure.actblue.com/donate/chicago-reader-free-member?refcode=WS_20220714_inlinetext&recurring=true"
  },
  {
    "text": "Become a member",
    "url": "https://secure.actblue.com/donate/chicago-reader-free-member?refcode=WS_20220714_inlinebutton&recurring=true"
  },
  {
    "text": "Donate",
    "url": "https://secure.actblue.com/donate/chicago-reader-free-donate?refcode=WS_20220714_inlinebutton"
  },
  {
    "text": "\n\t\t\t\t\t\t\t\t\t",
    "url": "https://chicagoreader.com/"
  },
  {
    "text": "Twitter",
    "url": "https://twitter.com/Chicago_Reader"
  },
  {
    "text": "Facebook",
    "url": "https://www.facebook.com/chicagoreader"
  },
  {
    "text": "Instagram",
    "url": "https://www.instagram.com/chicago_reader/"
  },
  {
    "text": "RSS",
    "url": "/feed"
  },
  {
    "text": "Best of Chicago 2021",
    "url": "/best"
  },
  {
    "text": "About the Chicago Reader",
    "url": "https://chicagoreader.com/reader-about/"
  },
  {
    "text": "Reader Staff ",
    "url": "https://chicagoreader.com/reader-staff/"
  },
  {
    "text": "Reader Careers",
    "url": "https://chicagoreader.com/reader-careers/"
  },
  {
    "text": "Freelance Information",
    "url": "https://chicagoreader.com/reader-freelance-information/"
  },
  {
    "text": "Contact Us",
    "url": "https://chicagoreader.com/reader-contact-the-reader/"
  },
  {
    "text": "Become a member",
    "url": "https://secure.actblue.com/donate/chicago-reader-free-member?recurring=true"
  },
  {
    "text": "Donate",
    "url": "https://secure.actblue.com/donate/chicago-reader-free-donate"
  },
  {
    "text": "Advertise",
    "url": "/advertise/"
  },
  {
    "text": "Find the Paper",
    "url": "/reader/print-distribution-map/"
  },
  {
    "text": "Subscribe",
    "url": "https://store.chicagoreader.com/product/print-subscription/?readerref=website-footer"
  },
  {
    "text": "Shop the Reader Store",
    "url": "/store"
  },
  {
    "text": "Contests/Giveaways/Promotions",
    "url": "/contests/"
  },
  {
    "text": "Reader Classifieds",
    "url": "/classifieds"
  },
  {
    "text": "Reader Matches",
    "url": "/matches"
  },
  {
    "text": "Chicago Reader Nonprofit Guide",
    "url": "/nonprofitguide"
  },
  {
    "text": "Get our free newsletters",
    "url": "/email-newsletters-signup/"
  },
  {
    "text": "Privacy Policy",
    "url": "https://chicagoreader.com/privacy/"
  },
  {
    "text": "Terms of Use",
    "url": "/terms/"
  },
  {
    "text": "\n\t\t\t\t\tProudly powered by Newspack by Automattic\t\t\t\t",
    "url": "https://newspack.pub/"
  }
]