[
  {
    "text": "DONATE",
    "url": "/donate"
  },
  {
    "text": "SUBSCRIBE",
    "url": "/subscribe"
  },
  {
    "text": "Topics",
    "url": "#"
  },
  {
    "text": "Child and Family",
    "url": "https://www.chicagoreporter.com/category/key-issue/child-and-family/"
  },
  {
    "text": "Criminal Justice",
    "url": "https://www.chicagoreporter.com/category/key-issue/criminal-justice/"
  },
  {
    "text": "Education",
    "url": "https://www.chicagoreporter.com/category/key-issue/education/"
  },
  {
    "text": "Employment and Labor",
    "url": "https://www.chicagoreporter.com/category/key-issue/employmentlabor/"
  },
  {
    "text": "Government and Politics",
    "url": "https://www.chicagoreporter.com/category/key-issue/government-and-politics/"
  },
  {
    "text": "Health",
    "url": "https://www.chicagoreporter.com/category/key-issue/health/"
  },
  {
    "text": "Housing",
    "url": "https://www.chicagoreporter.com/category/key-issue/housing/"
  },
  {
    "text": "Immigration",
    "url": "https://www.chicagoreporter.com/category/key-issue/immigration/"
  },
  {
    "text": "Race and Culture",
    "url": "https://www.chicagoreporter.com/category/key-issue/race-and-culture/"
  },
  {
    "text": "Transportation",
    "url": "https://www.chicagoreporter.com/category/key-issue/transportation/"
  },
  {
    "text": "Perspectives",
    "url": "https://www.chicagoreporter.com/category/perspectives/"
  },
  {
    "text": "All Perspectives",
    "url": "https://www.chicagoreporter.com/category/perspectives/"
  },
  {
    "text": "Our Voices",
    "url": "https://www.chicagoreporter.com/category/key-issue/our-voices/"
  },
  {
    "text": "Curtis Black: The Powers That Be",
    "url": "https://www.chicagoreporter.com/category/powers-that-be/"
  },
  {
    "text": "About",
    "url": "https://www.chicagoreporter.com/about/"
  },
  {
    "text": "Our History",
    "url": "https://www.chicagoreporter.com/about/our-history/"
  },
  {
    "text": "Our Staff",
    "url": "https://www.chicagoreporter.com/about/our-staff/"
  },
  {
    "text": "Our Supporters",
    "url": "https://www.chicagoreporter.com/about/our-supporters/"
  },
  {
    "text": "Awards",
    "url": "https://www.chicagoreporter.com/about/awards/"
  },
  {
    "text": "Archive",
    "url": "#"
  },
  {
    "text": "Search the Archive, 1972-present",
    "url": "https://chicagoreporter.newsbank.com/"
  },
  {
    "text": "Archives 1990-1995",
    "url": "https://www.chicagoreporter.com/archives-1990-1995/"
  },
  {
    "text": "Tumblr",
    "url": "https://chicagoreporter.tumblr.com/"
  },
  {
    "text": "Facebook",
    "url": "https://www.facebook.com/TheChicagoReporter"
  },
  {
    "text": "Twitter",
    "url": "https://twitter.com/ChicagoReporter"
  },
  {
    "text": "YouTube",
    "url": "https://www.youtube.com/user/ChicagoReporter1972"
  },
  {
    "text": "Instagram",
    "url": "https://www.instagram.com/chicagoreporter/"
  },
  {
    "text": "RSS Feed",
    "url": "http://feeds.feedburner.com/chicagoreporter"
  },
  {
    "text": "\nDonate Now\n",
    "url": "https://www.chicagoreporter.com/donate"
  },
  {
    "text": "\nDonate Now\n",
    "url": "https://www.chicagoreporter.com/donate"
  },
  {
    "text": "Skip to content",
    "url": "#main"
  },
  {
    "text": "Tumblr",
    "url": "https://chicagoreporter.tumblr.com/"
  },
  {
    "text": "Facebook",
    "url": "https://www.facebook.com/TheChicagoReporter"
  },
  {
    "text": "Twitter",
    "url": "https://twitter.com/ChicagoReporter"
  },
  {
    "text": "YouTube",
    "url": "https://www.youtube.com/user/ChicagoReporter1972"
  },
  {
    "text": "Instagram",
    "url": "https://www.instagram.com/chicagoreporter/"
  },
  {
    "text": "RSS Feed",
    "url": "http://feeds.feedburner.com/chicagoreporter"
  },
  {
    "text": "",
    "url": "https://www.chicagoreporter.com/"
  },
  {
    "text": "The Chicago Reporter",
    "url": "https://www.chicagoreporter.com/"
  },
  {
    "text": "DONATE",
    "url": "/donate"
  },
  {
    "text": "SUBSCRIBE",
    "url": "/subscribe"
  },
  {
    "text": "Topics",
    "url": "#"
  },
  {
    "text": "Child and Family",
    "url": "https://www.chicagoreporter.com/category/key-issue/child-and-family/"
  },
  {
    "text": "Criminal Justice",
    "url": "https://www.chicagoreporter.com/category/key-issue/criminal-justice/"
  },
  {
    "text": "Education",
    "url": "https://www.chicagoreporter.com/category/key-issue/education/"
  },
  {
    "text": "Employment and Labor",
    "url": "https://www.chicagoreporter.com/category/key-issue/employmentlabor/"
  },
  {
    "text": "Government and Politics",
    "url": "https://www.chicagoreporter.com/category/key-issue/government-and-politics/"
  },
  {
    "text": "Health",
    "url": "https://www.chicagoreporter.com/category/key-issue/health/"
  },
  {
    "text": "Housing",
    "url": "https://www.chicagoreporter.com/category/key-issue/housing/"
  },
  {
    "text": "Immigration",
    "url": "https://www.chicagoreporter.com/category/key-issue/immigration/"
  },
  {
    "text": "Race and Culture",
    "url": "https://www.chicagoreporter.com/category/key-issue/race-and-culture/"
  },
  {
    "text": "Transportation",
    "url": "https://www.chicagoreporter.com/category/key-issue/transportation/"
  },
  {
    "text": "Perspectives",
    "url": "https://www.chicagoreporter.com/category/perspectives/"
  },
  {
    "text": "All Perspectives",
    "url": "https://www.chicagoreporter.com/category/perspectives/"
  },
  {
    "text": "Our Voices",
    "url": "https://www.chicagoreporter.com/category/key-issue/our-voices/"
  },
  {
    "text": "Curtis Black: The Powers That Be",
    "url": "https://www.chicagoreporter.com/category/powers-that-be/"
  },
  {
    "text": "About",
    "url": "https://www.chicagoreporter.com/about/"
  },
  {
    "text": "Our History",
    "url": "https://www.chicagoreporter.com/about/our-history/"
  },
  {
    "text": "Our Staff",
    "url": "https://www.chicagoreporter.com/about/our-staff/"
  },
  {
    "text": "Our Supporters",
    "url": "https://www.chicagoreporter.com/about/our-supporters/"
  },
  {
    "text": "Awards",
    "url": "https://www.chicagoreporter.com/about/awards/"
  },
  {
    "text": "Archive",
    "url": "#"
  },
  {
    "text": "Search the Archive, 1972-present",
    "url": "https://chicagoreporter.newsbank.com/"
  },
  {
    "text": "Archives 1990-1995",
    "url": "https://www.chicagoreporter.com/archives-1990-1995/"
  },
  {
    "text": "\n\t\t\t\t\t\t\t\t\t\t\t\t\t\t\t\t\t",
    "url": "https://www.chicagoreporter.com/assyrian-americans-bolster-support-for-their-people-still-in-the-middle-east/"
  },
  {
    "text": "Assyrian Americans bolster support for their people still in the Middle East",
    "url": "https://www.chicagoreporter.com/assyrian-americans-bolster-support-for-their-people-still-in-the-middle-east/"
  },
  {
    "text": "\n\t\t\t\t\tKeep reading\t\t\t\t",
    "url": "https://www.chicagoreporter.com/assyrian-americans-bolster-support-for-their-people-still-in-the-middle-east/"
  },
  {
    "text": "Yasmeen Altaji",
    "url": "https://www.chicagoreporter.com/author/yazmeen-altaji/"
  },
  {
    "text": "\n\t\t\t\t\t\t\t\t\t\t\t\t\t\t\t\t\t",
    "url": "https://www.chicagoreporter.com/breaking-down-barriers-as-latino-professionals/"
  },
  {
    "text": "Breaking down barriers as Latino professionals",
    "url": "https://www.chicagoreporter.com/breaking-down-barriers-as-latino-professionals/"
  },
  {
    "text": "Claudia Farfan Badillo",
    "url": "https://www.chicagoreporter.com/author/claudia-farfan-badillo/"
  },
  {
    "text": "\n\t\t\t\t\t\t\t\t\t\t\t\t\t\t\t\t\t",
    "url": "https://www.chicagoreporter.com/despite-all-out-efforts-the-census-count-fell-in-chicago-minority-enclaves-part-ii/"
  },
  {
    "text": "Despite all-out efforts the Census count fell in Chicago minority enclaves Part II",
    "url": "https://www.chicagoreporter.com/despite-all-out-efforts-the-census-count-fell-in-chicago-minority-enclaves-part-ii/"
  },
  {
    "text": "Stephen Franklin",
    "url": "https://www.chicagoreporter.com/author/stephen-franklin/"
  },
  {
    "text": "\n\t\t\t\t\t\t\t\t\t\t\t\t\t\t\t\t\t",
    "url": "https://www.chicagoreporter.com/the-warehouse-archipelago/"
  },
  {
    "text": "The Warehouse Archipelago pt.1",
    "url": "https://www.chicagoreporter.com/the-warehouse-archipelago/"
  },
  {
    "text": "Steve Franklin and John Lippert",
    "url": "https://www.chicagoreporter.com/author/steve-franklin-and-john-lippert/"
  },
  {
    "text": "The Warehouse Archipelago pt. 5",
    "url": "https://www.chicagoreporter.com/warehouse-archipelago-pt-5/"
  },
  {
    "text": "Steve Franklin and John Lippert",
    "url": "https://www.chicagoreporter.com/author/steve-franklin-and-john-lippert/"
  },
  {
    "text": "The Warehouse Archipelago pt. 4",
    "url": "https://www.chicagoreporter.com/the-warehouse-archipelago-pt-4/"
  },
  {
    "text": "Steve Franklin and John Lippert",
    "url": "https://www.chicagoreporter.com/author/steve-franklin-and-john-lippert/"
  },
  {
    "text": "The Warehouse Archipelago pt. 3",
    "url": "https://www.chicagoreporter.com/the-warehouse-archipelago-pt-3/"
  },
  {
    "text": "Steve Franklin and John Lippert",
    "url": "https://www.chicagoreporter.com/author/steve-franklin-and-john-lippert/"
  },
  {
    "text": "The Warehouse Archipelago pt. 2",
    "url": "https://www.chicagoreporter.com/the-warehouse-archipelago-pt-2/"
  },
  {
    "text": "Steve Franklin and John Lippert",
    "url": "https://www.chicagoreporter.com/author/steve-franklin-and-john-lippert/"
  },
  {
    "text": "Subscribe",
    "url": "/subscribe/"
  },
  {
    "text": "$10",
    "url": "/donate10/"
  },
  {
    "text": "$50",
    "url": "/donate50"
  },
  {
    "text": "$100",
    "url": "/donate100"
  },
  {
    "text": "Explore",
    "url": "https://chicagoreporter.newsbank.com/"
  },
  {
    "text": "\n\t\t\t\t\t\t\t\t\t\t\t\t\t\t\t\t\t",
    "url": "https://www.chicagoreporter.com/despite-all-out-efforts-the-census-count-fell-in-chicago-minority-enclaves/"
  },
  {
    "text": "Despite all-out efforts the Census count fell in Chicago minority enclaves",
    "url": "https://www.chicagoreporter.com/despite-all-out-efforts-the-census-count-fell-in-chicago-minority-enclaves/"
  },
  {
    "text": "Stephen Franklin",
    "url": "https://www.chicagoreporter.com/author/stephen-franklin/"
  },
  {
    "text": "\n\t\t\t\t\t\t\t\t\t\t\t\t\t\t\t\t\t",
    "url": "https://www.chicagoreporter.com/what-will-a-post-roe-us-look-like-lessons-from-a-major-abortion-study/"
  },
  {
    "text": "What will a post-Roe US look like? Lessons from a major abortion study",
    "url": "https://www.chicagoreporter.com/what-will-a-post-roe-us-look-like-lessons-from-a-major-abortion-study/"
  },
  {
    "text": "Dan Gorenstein",
    "url": "https://www.chicagoreporter.com/author/dan-gorenstein/"
  },
  {
    "text": "Ryan Levi",
    "url": "https://www.chicagoreporter.com/author/ryan-levi/"
  },
  {
    "text": "\n\t\t\t\t\t\t\t\t\t\t\t\t\t\t\t\t\t",
    "url": "https://www.chicagoreporter.com/be-informed-for-the-upcoming-judicial-primary-elections/"
  },
  {
    "text": "Be informed for the upcoming judicial primary elections!",
    "url": "https://www.chicagoreporter.com/be-informed-for-the-upcoming-judicial-primary-elections/"
  },
  {
    "text": "Claudia Farfan Badillo",
    "url": "https://www.chicagoreporter.com/author/claudia-farfan-badillo/"
  },
  {
    "text": "\n\t\t\t\t\t\t\t\t\t\t\t\t\t\t\t\t\t",
    "url": "https://www.chicagoreporter.com/youth-summer-and-crime/"
  },
  {
    "text": "Youth, Summer, and Crime",
    "url": "https://www.chicagoreporter.com/youth-summer-and-crime/"
  },
  {
    "text": "Charles Kyle",
    "url": "https://www.chicagoreporter.com/author/charles-kyle/"
  },
  {
    "text": "\n\t\t\t\t\t\t\t\t\t\t\t\t\t\t\t\t\t",
    "url": "https://www.chicagoreporter.com/culture-is-key-in-treating-mental-health-concerns/"
  },
  {
    "text": "Culture Is Key In Treating Mental Health Concerns",
    "url": "https://www.chicagoreporter.com/culture-is-key-in-treating-mental-health-concerns/"
  },
  {
    "text": "Annabel Rocha",
    "url": "https://www.chicagoreporter.com/author/annabel-rocha/"
  },
  {
    "text": "CRIMINAL JUSTICE",
    "url": "/category/key-issue/criminal-justice/"
  },
  {
    "text": "EDUCATION",
    "url": "http://category/key-issue/education/"
  },
  {
    "text": "LABOR",
    "url": "http://category/key-issue/employmentlabor/"
  },
  {
    "text": "TRANSPORTATION",
    "url": "/category/key-issue/transportation/"
  },
  {
    "text": "\n\t\t\t\t\t\t\t\t\t\t\t\t\t\t\t\t\t",
    "url": "https://www.chicagoreporter.com/report-amazon-workers-injuries-spike-during-holiday-season-at-illinois-facility/"
  },
  {
    "text": "Report: Amazon workers\u2019 injuries spike during holiday season at Illinois facility",
    "url": "https://www.chicagoreporter.com/report-amazon-workers-injuries-spike-during-holiday-season-at-illinois-facility/"
  },
  {
    "text": "Curtis Black",
    "url": "https://www.chicagoreporter.com/author/curtis-black/"
  },
  {
    "text": "\n\t\t\t\t\t\t\t\t\t\t\t\t\t\t\t\t\t",
    "url": "https://www.chicagoreporter.com/study-restaurant-industry-thrives-in-cities-that-have-eliminated-subminimum-wage/"
  },
  {
    "text": "Study: Restaurant industry thrives in cities that have eliminated subminimum wage",
    "url": "https://www.chicagoreporter.com/study-restaurant-industry-thrives-in-cities-that-have-eliminated-subminimum-wage/"
  },
  {
    "text": "Curtis Black",
    "url": "https://www.chicagoreporter.com/author/curtis-black/"
  },
  {
    "text": "\n\t\t\t\t\t\t\t\t\t\t\t\t\t\t\t\t\t",
    "url": "https://www.chicagoreporter.com/black-and-latinx-owners-are-barely-a-blip-on-the-cannabis-revenue-radar/"
  },
  {
    "text": "Black and Latinx owners are barely a blip on the cannabis revenue radar",
    "url": "https://www.chicagoreporter.com/black-and-latinx-owners-are-barely-a-blip-on-the-cannabis-revenue-radar/"
  },
  {
    "text": "Glenn Reedus",
    "url": "https://www.chicagoreporter.com/author/greedus/"
  },
  {
    "text": "\n\t\t\t\t\t\t\t\t\t\t\t\t\t\t\t\t\t",
    "url": "https://www.chicagoreporter.com/after-federal-assessment-whats-next-for-the-obama-presidential-center/"
  },
  {
    "text": "After federal assessment, what\u2019s next for the Obama Presidential Center?",
    "url": "https://www.chicagoreporter.com/after-federal-assessment-whats-next-for-the-obama-presidential-center/"
  },
  {
    "text": "Josh McGhee",
    "url": "https://www.chicagoreporter.com/author/jmcghee/"
  },
  {
    "text": "\n\t\t\t\t\t\t\t\t\t\t\t\t\t\t\t\t\t",
    "url": "https://www.chicagoreporter.com/health-disparities-exacerbated-by-the-pandemic-continue-to-persist/"
  },
  {
    "text": "Health Disparities Exacerbated by the Pandemic Continue to Persist",
    "url": "https://www.chicagoreporter.com/health-disparities-exacerbated-by-the-pandemic-continue-to-persist/"
  },
  {
    "text": "",
    "url": "https://www.chicagoreporter.com/author/hbalta/"
  },
  {
    "text": "Hugo Balta",
    "url": "https://www.chicagoreporter.com/author/hbalta/"
  },
  {
    "text": "\n\t\t\t\t\t\t\t\t\t\t\t\t\t\t\t\t\t",
    "url": "https://www.chicagoreporter.com/latinos-in-need-turn-to-paid-clinical-trials/"
  },
  {
    "text": "Latinos In Need Turn To Paid Clinical Trials",
    "url": "https://www.chicagoreporter.com/latinos-in-need-turn-to-paid-clinical-trials/"
  },
  {
    "text": "",
    "url": "https://www.chicagoreporter.com/author/chicago-reporter/"
  },
  {
    "text": "The Chicago Reporter",
    "url": "https://www.chicagoreporter.com/author/chicago-reporter/"
  },
  {
    "text": "",
    "url": "https://www.chicagoreporter.com/"
  },
  {
    "text": "Tumblr",
    "url": "https://chicagoreporter.tumblr.com/"
  },
  {
    "text": "Facebook",
    "url": "https://www.facebook.com/TheChicagoReporter"
  },
  {
    "text": "Twitter",
    "url": "https://twitter.com/ChicagoReporter"
  },
  {
    "text": "YouTube",
    "url": "https://www.youtube.com/user/ChicagoReporter1972"
  },
  {
    "text": "Instagram",
    "url": "https://www.instagram.com/chicagoreporter/"
  },
  {
    "text": "RSS Feed",
    "url": "http://feeds.feedburner.com/chicagoreporter"
  },
  {
    "text": "tcr@chicagoreporter.com",
    "url": "mailto:tcr@chicagoreporter.com"
  },
  {
    "text": "Community Renewal Society",
    "url": "http://www.communityrenewalsociety.org/"
  },
  {
    "text": "Subscribe",
    "url": "/subscribe/"
  },
  {
    "text": "About",
    "url": "https://www.chicagoreporter.com/about/"
  },
  {
    "text": "Our Staff",
    "url": "https://www.chicagoreporter.com/about/our-staff/"
  },
  {
    "text": "Archive",
    "url": "https://chicagoreporter.newsbank.com/"
  },
  {
    "text": "Multimedia",
    "url": "https://www.chicagoreporter.com/category/multimedia/"
  },
  {
    "text": "Settling for Misconduct",
    "url": "http://projects.chicagoreporter.com/settlements/"
  },
  {
    "text": "Subscribe",
    "url": "https://www.chicagoreporter.com/subscribe/"
  },
  {
    "text": "Donate",
    "url": "https://www.chicagoreporter.com/donate/"
  },
  {
    "text": "Terms of Use",
    "url": "https://www.chicagoreporter.com/about/terms-of-usage/"
  },
  {
    "text": "\n\t\t\t\t\tProudly powered by Newspack by Automattic\t\t\t\t",
    "url": "https://newspack.pub/"
  }
]