[
  {
    "text": "\n        \n          \n             Cicero Independiente\n          \n        \n      ",
    "url": "/"
  },
  {
    "text": "\n        News\n      ",
    "url": "/categories-english"
  },
  {
    "text": "\n        Noticias\n      ",
    "url": "/categorias-espn"
  },
  {
    "text": "\n            About/Sobre nosotres\n          ",
    "url": "/about"
  },
  {
    "text": "\n        Donate/ Haga un donaci\u00f3n\n      ",
    "url": "https://donorbox.org/cicero-independiente"
  },
  {
    "text": "\n            Subscribe/ Subscr\u00edbete \n          ",
    "url": "/subscribe"
  },
  {
    "text": "donation",
    "url": "https://donorbox.org/cicero-independiente"
  },
  {
    "text": "donaci\u00f3n",
    "url": "https://donorbox.org/cicero-independiente"
  },
  {
    "text": "\n                \n                  \n                     Cicero Independiente\n                  \n                \n              ",
    "url": "/"
  },
  {
    "text": "\n        \n          \n            \n            \n            \n          \n        \n      ",
    "url": "https://www.instagram.com/ciceroindependiente/"
  },
  {
    "text": "\n        \n          \n            \n            \n            \n          \n        \n      ",
    "url": "http://www.facebook.com/CiceroIndependiente/"
  },
  {
    "text": "\n        \n          \n            \n            \n            \n          \n        \n      ",
    "url": "https://twitter.com/CiceroNoticias"
  },
  {
    "text": "News",
    "url": "/categories-english"
  },
  {
    "text": "Noticias",
    "url": "/categorias-espn"
  },
  {
    "text": "About/Sobre nosotres",
    "url": "/about"
  },
  {
    "text": "Donate/ Haga un donaci\u00f3n",
    "url": "https://donorbox.org/cicero-independiente"
  },
  {
    "text": "Subscribe/ Subscr\u00edbete ",
    "url": "/subscribe"
  },
  {
    "text": "\n    All Stories\n  ",
    "url": "/english"
  },
  {
    "text": "\n    para leer en Espa\u00f1ol haga clic aqu\u00ed\n  ",
    "url": "/categorias-espn"
  },
  {
    "text": "\n        \n  \n\n  \n\n    \n    \n\n  \n\n  \n\n    \n\n    \n\n    \n  ",
    "url": "/english/town-cicero-board-meeting-july-2022-referendum"
  },
  {
    "text": "Cicero Board Approves Referendum Questions About Write-in Candidates for November Elections",
    "url": "/english/town-cicero-board-meeting-july-2022-referendum"
  },
  {
    "text": "Read More \u2192",
    "url": "/english/town-cicero-board-meeting-july-2022-referendum"
  },
  {
    "text": "\n        \n  \n\n  \n\n    \n    \n\n  \n\n  \n\n    \n\n    \n\n    \n  ",
    "url": "/english/cicero-youth-lgbtq-rights-equality-act"
  },
  {
    "text": "Community Voice: LGBTQ Young People Deserve the Right to Thrive",
    "url": "/english/cicero-youth-lgbtq-rights-equality-act"
  },
  {
    "text": "Read More \u2192",
    "url": "/english/cicero-youth-lgbtq-rights-equality-act"
  },
  {
    "text": "\n        \n  \n\n  \n\n    \n    \n\n  \n\n  \n\n    \n\n    \n\n    \n  ",
    "url": "/english/pandemic-activism-essential-workers-cicero-union-bimbo-unity-city-view"
  },
  {
    "text": "How Two Years Of A Pandemic Sparked Action Among Cicero\u2019s Essential Workers: \u201cI Didn\u2019t Feel Safe\u201d",
    "url": "/english/pandemic-activism-essential-workers-cicero-union-bimbo-unity-city-view"
  },
  {
    "text": "Read More \u2192",
    "url": "/english/pandemic-activism-essential-workers-cicero-union-bimbo-unity-city-view"
  },
  {
    "text": "\n        \n  \n\n  \n\n    \n    \n\n  \n\n  \n\n    \n\n    \n\n    \n  ",
    "url": "/english/town-cicero-board-meeting-police-fireworks-july-2022"
  },
  {
    "text": "Town Board Approves Spending For Police Vehicle Upgrades, A Firework Display on July 3 and Paving Improvements along Laramie Avenue",
    "url": "/english/town-cicero-board-meeting-police-fireworks-july-2022"
  },
  {
    "text": "Read More \u2192",
    "url": "/english/town-cicero-board-meeting-police-fireworks-july-2022"
  },
  {
    "text": "\n        \n  \n\n  \n\n    \n    \n\n  \n\n  \n\n    \n\n    \n\n    \n  ",
    "url": "/english/covid-19-misidentification-latino-deaths-cicero-cook-county"
  },
  {
    "text": "The Misidentified",
    "url": "/english/covid-19-misidentification-latino-deaths-cicero-cook-county"
  },
  {
    "text": "Read More \u2192",
    "url": "/english/covid-19-misidentification-latino-deaths-cicero-cook-county"
  },
  {
    "text": "\n        \n  \n\n  \n\n    \n    \n\n  \n\n  \n\n    \n\n    \n\n    \n  ",
    "url": "/english/mental-health-cicero-teacher-resources-pandemic"
  },
  {
    "text": "One Cicero Teacher\u2019s Account of How the Pandemic Amplified Existing Issues & What Can Be Done",
    "url": "/english/mental-health-cicero-teacher-resources-pandemic"
  },
  {
    "text": "Read More \u2192",
    "url": "/english/mental-health-cicero-teacher-resources-pandemic"
  },
  {
    "text": "\n        \n  \n\n  \n\n    \n    \n\n  \n\n  \n\n    \n\n    \n\n    \n  ",
    "url": "/english/mental-health-resources-youth-pandemic-cicero-berwyn"
  },
  {
    "text": "Losing Sleep: How the Pandemic Has Impacted Students",
    "url": "/english/mental-health-resources-youth-pandemic-cicero-berwyn"
  },
  {
    "text": "Read More \u2192",
    "url": "/english/mental-health-resources-youth-pandemic-cicero-berwyn"
  },
  {
    "text": "\n        \n  \n\n  \n\n    \n    \n\n  \n\n  \n\n    \n\n    \n\n    \n  ",
    "url": "/english/morton-high-school-expulsions-cicero-berwyn"
  },
  {
    "text": "Expulsions are Up at Morton: \u2018I just don't want to be treated this differently\u2019 ",
    "url": "/english/morton-high-school-expulsions-cicero-berwyn"
  },
  {
    "text": "Read More \u2192",
    "url": "/english/morton-high-school-expulsions-cicero-berwyn"
  },
  {
    "text": "\n        \n  \n\n  \n\n    \n    \n\n  \n\n  \n\n    \n\n    \n\n    \n  ",
    "url": "/english/first-amendment-suppression-organizing-cicero-berwyn-que-pasa-midwest"
  },
  {
    "text": "Disrupting Suppression in Cicero and Berwyn: \u2018Now's the time to pull up, now's the time to get involved\u2019",
    "url": "/english/first-amendment-suppression-organizing-cicero-berwyn-que-pasa-midwest"
  },
  {
    "text": "Read More \u2192",
    "url": "/english/first-amendment-suppression-organizing-cicero-berwyn-que-pasa-midwest"
  },
  {
    "text": "\n        \n  \n\n  \n\n    \n    \n\n  \n\n  \n\n    \n\n    \n\n    \n  ",
    "url": "/english/vaccination-efforts-and-disparities-cicero-berwyn-stickney"
  },
  {
    "text": "Community Leaders in Cicero Step Up to Address Vaccination Disparities",
    "url": "/english/vaccination-efforts-and-disparities-cicero-berwyn-stickney"
  },
  {
    "text": "Read More \u2192",
    "url": "/english/vaccination-efforts-and-disparities-cicero-berwyn-stickney"
  },
  {
    "text": "\n        \n  \n\n  \n\n    \n    \n\n  \n\n  \n\n    \n\n    \n\n    \n  ",
    "url": "/english/cicero-cares-relief-police-covid"
  },
  {
    "text": "Cicero Spent Entire Federal COVID-19 Relief Funding On Police Payroll ",
    "url": "/english/cicero-cares-relief-police-covid"
  },
  {
    "text": "Read More \u2192",
    "url": "/english/cicero-cares-relief-police-covid"
  },
  {
    "text": "\n        \n  \n\n  \n\n    \n    \n\n  \n\n  \n\n    \n\n    \n\n    \n  ",
    "url": "/english/know-your-rights-youth-school-discipline-cicero-morton-district"
  },
  {
    "text": "Know Your Rights: What to Do if You're a Student Facing School Discipline",
    "url": "/english/know-your-rights-youth-school-discipline-cicero-morton-district"
  },
  {
    "text": "Read More \u2192",
    "url": "/english/know-your-rights-youth-school-discipline-cicero-morton-district"
  },
  {
    "text": "\n        \n  \n\n  \n\n    \n    \n\n  \n\n  \n\n    \n\n    \n\n    \n  ",
    "url": "/english/gang-contracts-morton-gang-database-cicero-berwyn"
  },
  {
    "text": "'Gang Contracts\u2019 in Cicero and Berwyn Schools Raise Concerns About Criminalization of Youth",
    "url": "/english/gang-contracts-morton-gang-database-cicero-berwyn"
  },
  {
    "text": "Read More \u2192",
    "url": "/english/gang-contracts-morton-gang-database-cicero-berwyn"
  },
  {
    "text": "\n        \n  \n\n  \n\n    \n    \n\n  \n\n  \n\n    \n\n    \n\n    \n  ",
    "url": "/english/local-elections-berwyn-guide"
  },
  {
    "text": "Elections Are Over, Now What? Your Field Guide to Local Government",
    "url": "/english/local-elections-berwyn-guide"
  },
  {
    "text": "Read More \u2192",
    "url": "/english/local-elections-berwyn-guide"
  },
  {
    "text": "\n        \n  \n\n  \n\n    \n    \n\n  \n\n  \n\n    \n\n    \n\n    \n  ",
    "url": "/english/cicero-district-99-superintendent-resigns"
  },
  {
    "text": "Cicero District 99 Superintendent Rodolfo Hernandez Announces Retirement ",
    "url": "/english/cicero-district-99-superintendent-resigns"
  },
  {
    "text": "Read More \u2192",
    "url": "/english/cicero-district-99-superintendent-resigns"
  },
  {
    "text": "\n        \n  \n\n  \n\n    \n    \n\n  \n\n  \n\n    \n\n    \n\n    \n  ",
    "url": "/english/covid19-vaccine-cicero-ucpseguin"
  },
  {
    "text": "Cicero\u2019s UCP Seguin Prioritizes People with Disabilities at COVID-19 Vaccination Site",
    "url": "/english/covid19-vaccine-cicero-ucpseguin"
  },
  {
    "text": "Read More \u2192",
    "url": "/english/covid19-vaccine-cicero-ucpseguin"
  },
  {
    "text": "\n        \n  \n\n  \n\n    \n    \n\n  \n\n  \n\n    \n\n    \n\n    \n  ",
    "url": "/english/covid19-deaths-cicero-berwyn"
  },
  {
    "text": "Remembering Our Loved Ones Lost to COVID-19",
    "url": "/english/covid19-deaths-cicero-berwyn"
  },
  {
    "text": "Read More \u2192",
    "url": "/english/covid19-deaths-cicero-berwyn"
  },
  {
    "text": "\n        \n  \n\n  \n\n    \n    \n\n  \n\n  \n\n    \n\n    \n\n    \n  ",
    "url": "/english/cicero-police-misconduct"
  },
  {
    "text": "Cicero Police Employee Accused of Domestic Violence Kept Job Despite Investigator\u2019s Warning",
    "url": "/english/cicero-police-misconduct"
  },
  {
    "text": "Read More \u2192",
    "url": "/english/cicero-police-misconduct"
  },
  {
    "text": "\n        \n  \n\n  \n\n    \n    \n\n  \n\n  \n\n    \n\n    \n\n    \n  ",
    "url": "/english/early-voting-elections-cicero-berwyn"
  },
  {
    "text": "Your Local Guide for the November Elections",
    "url": "/english/early-voting-elections-cicero-berwyn"
  },
  {
    "text": "Read More \u2192",
    "url": "/english/early-voting-elections-cicero-berwyn"
  },
  {
    "text": "\n        \n  \n\n  \n\n    \n    \n\n  \n\n  \n\n    \n\n    \n\n    \n  ",
    "url": "/english/spanish-speakers-with-covid-19-face-extra-challenges-in-hospitals"
  },
  {
    "text": "Spanish Speakers with COVID-19 Left in the Dark About Their Care",
    "url": "/english/spanish-speakers-with-covid-19-face-extra-challenges-in-hospitals"
  },
  {
    "text": "Read More \u2192",
    "url": "/english/spanish-speakers-with-covid-19-face-extra-challenges-in-hospitals"
  },
  {
    "text": "\n        \n  \n\n  \n\n    \n    \n\n  \n\n  \n\n    \n\n    \n\n    \n  ",
    "url": "/english/cicero-approves-settlement-lawsuit-tied-to-alleged-privacy-violation-lock-up-facility"
  },
  {
    "text": "Cicero Approves $290,000 Settlement in Lawsuit Tied to Alleged Privacy Violation in Lock-up Facility",
    "url": "/english/cicero-approves-settlement-lawsuit-tied-to-alleged-privacy-violation-lock-up-facility"
  },
  {
    "text": "Read More \u2192",
    "url": "/english/cicero-approves-settlement-lawsuit-tied-to-alleged-privacy-violation-lock-up-facility"
  },
  {
    "text": "\n        \n  \n\n  \n\n    \n    \n\n  \n\n  \n\n    \n\n    \n\n    \n  ",
    "url": "/english/heres-where-you-can-get-tested-for-covid-19-near-cicero-and-berwyn"
  },
  {
    "text": "Here\u2019s Where You Can Get Tested For COVID-19 Near Cicero and Berwyn",
    "url": "/english/heres-where-you-can-get-tested-for-covid-19-near-cicero-and-berwyn"
  },
  {
    "text": "Read More \u2192",
    "url": "/english/heres-where-you-can-get-tested-for-covid-19-near-cicero-and-berwyn"
  },
  {
    "text": "\n        \n  \n\n  \n\n    \n    \n\n  \n\n  \n\n    \n\n    \n\n    \n  ",
    "url": "/english/government-report-card"
  },
  {
    "text": "Town of Cicero Receives Failing Grade For Transparency At Public Meetings",
    "url": "/english/government-report-card"
  },
  {
    "text": "Read More \u2192",
    "url": "/english/government-report-card"
  },
  {
    "text": "\n        \n  \n\n  \n\n    \n    \n\n  \n\n  \n\n    \n\n    \n\n    \n  ",
    "url": "/english/heres-how-cicero-district-99-schools-are-doing-in-new-illinois-report-card"
  },
  {
    "text": "Here\u2019s How Cicero District 99 Schools are Doing in New Illinois Report Card ",
    "url": "/english/heres-how-cicero-district-99-schools-are-doing-in-new-illinois-report-card"
  },
  {
    "text": "Read More \u2192",
    "url": "/english/heres-how-cicero-district-99-schools-are-doing-in-new-illinois-report-card"
  },
  {
    "text": "\n        \n  \n\n  \n\n    \n    \n\n  \n\n  \n\n    \n\n    \n\n    \n  ",
    "url": "/english/pandemic-activism-essential-workers-cicero-union-bimbo-unity-city-view"
  },
  {
    "text": "How Two Years Of A Pandemic Sparked Action Among Cicero\u2019s Essential Workers: \u201cI Didn\u2019t Feel Safe\u201d",
    "url": "/english/pandemic-activism-essential-workers-cicero-union-bimbo-unity-city-view"
  },
  {
    "text": "Read More \u2192",
    "url": "/english/pandemic-activism-essential-workers-cicero-union-bimbo-unity-city-view"
  },
  {
    "text": "\n        \n  \n\n  \n\n    \n    \n\n  \n\n  \n\n    \n\n    \n\n    \n  ",
    "url": "/english/covid-19-misidentification-latino-deaths-cicero-cook-county"
  },
  {
    "text": "The Misidentified",
    "url": "/english/covid-19-misidentification-latino-deaths-cicero-cook-county"
  },
  {
    "text": "Read More \u2192",
    "url": "/english/covid-19-misidentification-latino-deaths-cicero-cook-county"
  },
  {
    "text": "\n        \n  \n\n  \n\n    \n    \n\n  \n\n  \n\n    \n\n    \n\n    \n  ",
    "url": "/english/mental-health-cicero-teacher-resources-pandemic"
  },
  {
    "text": "One Cicero Teacher\u2019s Account of How the Pandemic Amplified Existing Issues & What Can Be Done",
    "url": "/english/mental-health-cicero-teacher-resources-pandemic"
  },
  {
    "text": "Read More \u2192",
    "url": "/english/mental-health-cicero-teacher-resources-pandemic"
  },
  {
    "text": "\n        \n  \n\n  \n\n    \n    \n\n  \n\n  \n\n    \n\n    \n\n    \n  ",
    "url": "/english/mental-health-resources-youth-pandemic-cicero-berwyn"
  },
  {
    "text": "Losing Sleep: How the Pandemic Has Impacted Students",
    "url": "/english/mental-health-resources-youth-pandemic-cicero-berwyn"
  },
  {
    "text": "Read More \u2192",
    "url": "/english/mental-health-resources-youth-pandemic-cicero-berwyn"
  },
  {
    "text": "\n        \n  \n\n  \n\n    \n    \n\n  \n\n  \n\n    \n\n    \n\n    \n  ",
    "url": "/english/morton-high-school-students-covid-reddit"
  },
  {
    "text": "Morton Students are Back in School, Not All of Them Are Okay with It",
    "url": "/english/morton-high-school-students-covid-reddit"
  },
  {
    "text": "Read More \u2192",
    "url": "/english/morton-high-school-students-covid-reddit"
  },
  {
    "text": "\n        \n  \n\n  \n\n    \n    \n\n  \n\n  \n\n    \n\n    \n\n    \n  ",
    "url": "/english/covid19-vaccine-requirement-cicero-employees"
  },
  {
    "text": "Town of Cicero Did Not Move Forward with Requiring Vaccination for Employees ",
    "url": "/english/covid19-vaccine-requirement-cicero-employees"
  },
  {
    "text": "Read More \u2192",
    "url": "/english/covid19-vaccine-requirement-cicero-employees"
  },
  {
    "text": "\n        \n  \n\n  \n\n    \n    \n\n  \n\n  \n\n    \n\n    \n\n    \n  ",
    "url": "/english/cicero-trustee-death-covid19"
  },
  {
    "text": " Cicero Trustee Larry Banks Dies of COVID-19",
    "url": "/english/cicero-trustee-death-covid19"
  },
  {
    "text": "Read More \u2192",
    "url": "/english/cicero-trustee-death-covid19"
  },
  {
    "text": "\n        \n  \n\n  \n\n    \n    \n\n  \n\n  \n\n    \n\n    \n\n    \n  ",
    "url": "/english/covid-cicero-berwyn-mcneal-hospital"
  },
  {
    "text": "A Look at COVID Cases at MacNeal Hospital in Berwyn",
    "url": "/english/covid-cicero-berwyn-mcneal-hospital"
  },
  {
    "text": "Read More \u2192",
    "url": "/english/covid-cicero-berwyn-mcneal-hospital"
  },
  {
    "text": "\n        \n  \n\n  \n\n    \n    \n\n  \n\n  \n\n    \n\n    \n\n    \n  ",
    "url": "/english/vaccine-mandate-cicero-employees"
  },
  {
    "text": "Cicero Adopts New COVID-19 Vaccination and Testing Policy for All Town Employees",
    "url": "/english/vaccine-mandate-cicero-employees"
  },
  {
    "text": "Read More \u2192",
    "url": "/english/vaccine-mandate-cicero-employees"
  },
  {
    "text": "\n        \n  \n\n  \n\n    \n    \n\n  \n\n  \n\n    \n\n    \n\n    \n  ",
    "url": "/english/covid19-testing-locations-cicero-berwyn"
  },
  {
    "text": "Don\u2019t Pay for a COVID-19 Test, Here\u2019s an Updated List of Testing Locations for Cicero and Berwyn Residents",
    "url": "/english/covid19-testing-locations-cicero-berwyn"
  },
  {
    "text": "Read More \u2192",
    "url": "/english/covid19-testing-locations-cicero-berwyn"
  },
  {
    "text": "\n        \n  \n\n  \n\n    \n    \n\n  \n\n  \n\n    \n\n    \n\n    \n  ",
    "url": "/english/cicero-cares-funding-covid-19-police"
  },
  {
    "text": "Cicero Activists Launch Survey About COVID Relief Aid Spent on Police",
    "url": "/english/cicero-cares-funding-covid-19-police"
  },
  {
    "text": "Read More \u2192",
    "url": "/english/cicero-cares-funding-covid-19-police"
  },
  {
    "text": "\n        \n  \n\n  \n\n    \n    \n\n  \n\n  \n\n    \n\n    \n\n    \n  ",
    "url": "/english/vaccination-efforts-and-disparities-cicero-berwyn-stickney"
  },
  {
    "text": "Community Leaders in Cicero Step Up to Address Vaccination Disparities",
    "url": "/english/vaccination-efforts-and-disparities-cicero-berwyn-stickney"
  },
  {
    "text": "Read More \u2192",
    "url": "/english/vaccination-efforts-and-disparities-cicero-berwyn-stickney"
  },
  {
    "text": "\n        \n  \n\n  \n\n    \n    \n\n  \n\n  \n\n    \n\n    \n\n    \n  ",
    "url": "/english/mobile-covid-19-vaccine-site-cicero-berwyn"
  },
  {
    "text": "Mobile COVID-19 Vaccine Site Coming to Cicero on May 8",
    "url": "/english/mobile-covid-19-vaccine-site-cicero-berwyn"
  },
  {
    "text": "Read More \u2192",
    "url": "/english/mobile-covid-19-vaccine-site-cicero-berwyn"
  },
  {
    "text": "\n        \n  \n\n  \n\n    \n    \n\n  \n\n  \n\n    \n\n    \n\n    \n  ",
    "url": "/english/covid19-vaccine-sites-cicero-berwyn"
  },
  {
    "text": "Here Is Where You Can Get Vaccinated in Cicero and Berwyn",
    "url": "/english/covid19-vaccine-sites-cicero-berwyn"
  },
  {
    "text": "Read More \u2192",
    "url": "/english/covid19-vaccine-sites-cicero-berwyn"
  },
  {
    "text": "\n        \n  \n\n  \n\n    \n    \n\n  \n\n  \n\n    \n\n    \n\n    \n  ",
    "url": "/english/cicero-berwyn-covid19-vaccine-sites"
  },
  {
    "text": "New COVID-19 Vaccination Site to Open in Cicero",
    "url": "/english/cicero-berwyn-covid19-vaccine-sites"
  },
  {
    "text": "Read More \u2192",
    "url": "/english/cicero-berwyn-covid19-vaccine-sites"
  },
  {
    "text": "\n        \n  \n\n  \n\n    \n    \n\n  \n\n  \n\n    \n\n    \n\n    \n  ",
    "url": "/english/covid19-vaccine-cicero-ucpseguin"
  },
  {
    "text": "Cicero\u2019s UCP Seguin Prioritizes People with Disabilities at COVID-19 Vaccination Site",
    "url": "/english/covid19-vaccine-cicero-ucpseguin"
  },
  {
    "text": "Read More \u2192",
    "url": "/english/covid19-vaccine-cicero-ucpseguin"
  },
  {
    "text": "\n        \n  \n\n  \n\n    \n    \n\n  \n\n  \n\n    \n\n    \n\n    \n  ",
    "url": "/english/covid19-vaccine-cicero-editorial"
  },
  {
    "text": "Editorial: Confusion and Hope Outside One of Cicero\u2019s COVID-19 Vaccination Sites",
    "url": "/english/covid19-vaccine-cicero-editorial"
  },
  {
    "text": "Read More \u2192",
    "url": "/english/covid19-vaccine-cicero-editorial"
  },
  {
    "text": "\n        \n  \n\n  \n\n    \n    \n\n  \n\n  \n\n    \n\n    \n\n    \n  ",
    "url": "/english/covid19-protections-cicero-chipotle"
  },
  {
    "text": "Restaurant Employees Need More Protections, Say Chipotle Workers in Cicero ",
    "url": "/english/covid19-protections-cicero-chipotle"
  },
  {
    "text": "Read More \u2192",
    "url": "/english/covid19-protections-cicero-chipotle"
  },
  {
    "text": "\n        \n  \n\n  \n\n    \n    \n\n  \n\n  \n\n    \n\n    \n\n    \n  ",
    "url": "/english/hybrid-learning-cicero-district99-covid19"
  },
  {
    "text": "Almost Half of Cicero Teachers Didn't Report to School on Jan 11, District Says",
    "url": "/english/hybrid-learning-cicero-district99-covid19"
  },
  {
    "text": "Read More \u2192",
    "url": "/english/hybrid-learning-cicero-district99-covid19"
  },
  {
    "text": "\n        \n  \n\n  \n\n    \n    \n\n  \n\n  \n\n    \n\n    \n\n    \n  ",
    "url": "/english/covid19-cicero-2021-positive"
  },
  {
    "text": "COVID-19 Updates for Cicero: Some Nearby Hospitals\u2019 Intensive Care Units Almost at Capacity",
    "url": "/english/covid19-cicero-2021-positive"
  },
  {
    "text": "Read More \u2192",
    "url": "/english/covid19-cicero-2021-positive"
  },
  {
    "text": "\n        \n  \n\n  \n\n    \n    \n\n  \n\n  \n\n    \n\n    \n\n    \n  ",
    "url": "/english/mental-health-cicero-teacher-resources-pandemic"
  },
  {
    "text": "One Cicero Teacher\u2019s Account of How the Pandemic Amplified Existing Issues & What Can Be Done",
    "url": "/english/mental-health-cicero-teacher-resources-pandemic"
  },
  {
    "text": "Read More \u2192",
    "url": "/english/mental-health-cicero-teacher-resources-pandemic"
  },
  {
    "text": "\n        \n  \n\n  \n\n    \n    \n\n  \n\n  \n\n    \n\n    \n\n    \n  ",
    "url": "/english/mental-health-resources-youth-pandemic-cicero-berwyn"
  },
  {
    "text": "Losing Sleep: How the Pandemic Has Impacted Students",
    "url": "/english/mental-health-resources-youth-pandemic-cicero-berwyn"
  },
  {
    "text": "Read More \u2192",
    "url": "/english/mental-health-resources-youth-pandemic-cicero-berwyn"
  },
  {
    "text": "\n        \n  \n\n  \n\n    \n    \n\n  \n\n  \n\n    \n\n    \n\n    \n  ",
    "url": "/english/morton-high-school-expulsions-cicero-berwyn"
  },
  {
    "text": "Expulsions are Up at Morton: \u2018I just don't want to be treated this differently\u2019 ",
    "url": "/english/morton-high-school-expulsions-cicero-berwyn"
  },
  {
    "text": "Read More \u2192",
    "url": "/english/morton-high-school-expulsions-cicero-berwyn"
  },
  {
    "text": "\n        \n  \n\n  \n\n    \n    \n\n  \n\n  \n\n    \n\n    \n\n    \n  ",
    "url": "/english/masks-morton-district-201"
  },
  {
    "text": "Morton District 201 Will No Longer Require Face Masks",
    "url": "/english/masks-morton-district-201"
  },
  {
    "text": "Read More \u2192",
    "url": "/english/masks-morton-district-201"
  },
  {
    "text": "\n        \n  \n\n  \n\n    \n    \n\n  \n\n  \n\n    \n\n    \n\n    \n  ",
    "url": "/english/morton-high-school-students-covid-reddit"
  },
  {
    "text": "Morton Students are Back in School, Not All of Them Are Okay with It",
    "url": "/english/morton-high-school-students-covid-reddit"
  },
  {
    "text": "Read More \u2192",
    "url": "/english/morton-high-school-students-covid-reddit"
  },
  {
    "text": "\n        \n  \n\n  \n\n    \n    \n\n  \n\n  \n\n    \n\n    \n\n    \n  ",
    "url": "/english/morton-cafeteria-workers-demand-higher-wages-pandemic-pay"
  },
  {
    "text": " Cafeteria Workers at Morton West Want Better Pay: \u2018Merecemos un salario justo\u2019",
    "url": "/english/morton-cafeteria-workers-demand-higher-wages-pandemic-pay"
  },
  {
    "text": "Read More \u2192",
    "url": "/english/morton-cafeteria-workers-demand-higher-wages-pandemic-pay"
  },
  {
    "text": "\n        \n  \n\n  \n\n    \n    \n\n  \n\n  \n\n    \n\n    \n\n    \n  ",
    "url": "/english/morton-high-school-students-organizing-uniform-change"
  },
  {
    "text": "Student-led Organizing at Morton Schools Met with Inaction from Administrators ",
    "url": "/english/morton-high-school-students-organizing-uniform-change"
  },
  {
    "text": "Read More \u2192",
    "url": "/english/morton-high-school-students-organizing-uniform-change"
  },
  {
    "text": "\n        \n  \n\n  \n\n    \n    \n\n  \n\n  \n\n    \n\n    \n\n    \n  ",
    "url": "/english/cicero-students-demand-protection-for-undocumented-community-in-morton-district"
  },
  {
    "text": "Morton Students Demand Protection for Undocumented Community in School District",
    "url": "/english/cicero-students-demand-protection-for-undocumented-community-in-morton-district"
  },
  {
    "text": "Read More \u2192",
    "url": "/english/cicero-students-demand-protection-for-undocumented-community-in-morton-district"
  },
  {
    "text": "\n        \n  \n\n  \n\n    \n    \n\n  \n\n  \n\n    \n\n    \n\n    \n  ",
    "url": "/english/gang-contracts-morton-high-school-board-meeting"
  },
  {
    "text": "Morton Students and Alumni Speak Out Against Gang Contracts at School Board Meeting",
    "url": "/english/gang-contracts-morton-high-school-board-meeting"
  },
  {
    "text": "Read More \u2192",
    "url": "/english/gang-contracts-morton-high-school-board-meeting"
  },
  {
    "text": "\n        \n  \n\n  \n\n    \n    \n\n  \n\n  \n\n    \n\n    \n\n    \n  ",
    "url": "/english/know-your-rights-youth-school-discipline-cicero-morton-district"
  },
  {
    "text": "Know Your Rights: What to Do if You're a Student Facing School Discipline",
    "url": "/english/know-your-rights-youth-school-discipline-cicero-morton-district"
  },
  {
    "text": "Read More \u2192",
    "url": "/english/know-your-rights-youth-school-discipline-cicero-morton-district"
  },
  {
    "text": "\n        \n  \n\n  \n\n    \n    \n\n  \n\n  \n\n    \n\n    \n\n    \n  ",
    "url": "/english/gang-contracts-morton-gang-database-cicero-berwyn"
  },
  {
    "text": "'Gang Contracts\u2019 in Cicero and Berwyn Schools Raise Concerns About Criminalization of Youth",
    "url": "/english/gang-contracts-morton-gang-database-cicero-berwyn"
  },
  {
    "text": "Read More \u2192",
    "url": "/english/gang-contracts-morton-gang-database-cicero-berwyn"
  },
  {
    "text": "\n        \n  \n\n  \n\n    \n    \n\n  \n\n  \n\n    \n\n    \n\n    \n  ",
    "url": "/english/cicero-district-99-superintendent-resigns"
  },
  {
    "text": "Cicero District 99 Superintendent Rodolfo Hernandez Announces Retirement ",
    "url": "/english/cicero-district-99-superintendent-resigns"
  },
  {
    "text": "Read More \u2192",
    "url": "/english/cicero-district-99-superintendent-resigns"
  },
  {
    "text": "\n        \n  \n\n  \n\n    \n    \n\n  \n\n  \n\n    \n\n    \n\n    \n  ",
    "url": "/english/hybrid-learning-cicero-district99-covid19"
  },
  {
    "text": "Almost Half of Cicero Teachers Didn't Report to School on Jan 11, District Says",
    "url": "/english/hybrid-learning-cicero-district99-covid19"
  },
  {
    "text": "Read More \u2192",
    "url": "/english/hybrid-learning-cicero-district99-covid19"
  },
  {
    "text": "\n        \n  \n\n  \n\n    \n    \n\n  \n\n  \n\n    \n\n    \n\n    \n  ",
    "url": "/english/cicero-district99-alternative-schools"
  },
  {
    "text": "District 99 Creates an Alternative School for Middle School Students in Cicero",
    "url": "/english/cicero-district99-alternative-schools"
  },
  {
    "text": "Read More \u2192",
    "url": "/english/cicero-district99-alternative-schools"
  },
  {
    "text": "\n        \n  \n\n  \n\n    \n    \n\n  \n\n  \n\n    \n\n    \n\n    \n  ",
    "url": "/english/d99-cicero-racial-injustice"
  },
  {
    "text": "District 99 Teachers Speaking Up About the Need to Address Racial Injustice",
    "url": "/english/d99-cicero-racial-injustice"
  },
  {
    "text": "Read More \u2192",
    "url": "/english/d99-cicero-racial-injustice"
  },
  {
    "text": "\n        \n  \n\n  \n\n    \n    \n\n  \n\n  \n\n    \n\n    \n\n    \n  ",
    "url": "/english/covid-19-cicero-d99-remote-learning"
  },
  {
    "text": "Answers to Common Parent Questions As Cicero District 99 Begins Remote Learning",
    "url": "/english/covid-19-cicero-d99-remote-learning"
  },
  {
    "text": "Read More \u2192",
    "url": "/english/covid-19-cicero-d99-remote-learning"
  },
  {
    "text": "\n        \n  \n\n  \n\n    \n    \n\n  \n\n  \n\n    \n\n    \n\n    \n  ",
    "url": "/english/online-petition-calls-on-district-99-to-rename-schools-named-after-racists"
  },
  {
    "text": "Online Petition Calls on District 99 to Rename Schools Named After Racists",
    "url": "/english/online-petition-calls-on-district-99-to-rename-schools-named-after-racists"
  },
  {
    "text": "Read More \u2192",
    "url": "/english/online-petition-calls-on-district-99-to-rename-schools-named-after-racists"
  },
  {
    "text": "\n        \n  \n\n  \n\n    \n    \n\n  \n\n  \n\n    \n\n    \n\n    \n  ",
    "url": "/english/cicero-educators-implore-district-99-to-continue-remote-teaching-for-the-fall"
  },
  {
    "text": "Cicero Educators Implore District 99 to Continue Remote Teaching for the Fall ",
    "url": "/english/cicero-educators-implore-district-99-to-continue-remote-teaching-for-the-fall"
  },
  {
    "text": "Read More \u2192",
    "url": "/english/cicero-educators-implore-district-99-to-continue-remote-teaching-for-the-fall"
  },
  {
    "text": "\n        \n  \n\n  \n\n    \n    \n\n  \n\n  \n\n    \n\n    \n\n    \n  ",
    "url": "/english/students-and-staff-prepare-for-possible-district-201-reopening-in-fall"
  },
  {
    "text": "Students and Staff Prepare For Possible District 201 Reopening In Fall",
    "url": "/english/students-and-staff-prepare-for-possible-district-201-reopening-in-fall"
  },
  {
    "text": "Read More \u2192",
    "url": "/english/students-and-staff-prepare-for-possible-district-201-reopening-in-fall"
  },
  {
    "text": "\n        \n  \n\n  \n\n    \n    \n\n  \n\n  \n\n    \n\n    \n\n    \n  ",
    "url": "/english/middle-school-teacher-surprises-unity-jr-hs-students-with-mock-graduates"
  },
  {
    "text": "Middle School Teacher Surprises Unity Junior High School Students with Alternative Graduation",
    "url": "/english/middle-school-teacher-surprises-unity-jr-hs-students-with-mock-graduates"
  },
  {
    "text": "Read More \u2192",
    "url": "/english/middle-school-teacher-surprises-unity-jr-hs-students-with-mock-graduates"
  },
  {
    "text": "\n        \n  \n\n  \n\n    \n    \n\n  \n\n  \n\n    \n\n    \n\n    \n  ",
    "url": "/english/cicero-berwyn-june-2022-primary-elections-voter-guide-voting-information"
  },
  {
    "text": "The June 2022 Voter Guide: Voting 101",
    "url": "/english/cicero-berwyn-june-2022-primary-elections-voter-guide-voting-information"
  },
  {
    "text": "Read More \u2192",
    "url": "/english/cicero-berwyn-june-2022-primary-elections-voter-guide-voting-information"
  },
  {
    "text": "\n        \n  \n\n  \n\n    \n    \n\n  \n\n  \n\n    \n\n    \n\n    \n  ",
    "url": "/english/cicero-berwyn-june-2022-primary-elections-voter-guide-candidates-cook-county"
  },
  {
    "text": "The June 2022 Voter Guide: Candidates 101",
    "url": "/english/cicero-berwyn-june-2022-primary-elections-voter-guide-candidates-cook-county"
  },
  {
    "text": "Read More \u2192",
    "url": "/english/cicero-berwyn-june-2022-primary-elections-voter-guide-candidates-cook-county"
  },
  {
    "text": "\n        \n  \n\n  \n\n    \n    \n\n  \n\n  \n\n    \n\n    \n\n    \n  ",
    "url": "/english/cicero-elections-2020-2021"
  },
  {
    "text": "The Next Four Years: Cicero Residents Discuss Local Elections & the Impact of a New President ",
    "url": "/english/cicero-elections-2020-2021"
  },
  {
    "text": "Read More \u2192",
    "url": "/english/cicero-elections-2020-2021"
  },
  {
    "text": "\n        \n  \n\n  \n\n    \n    \n\n  \n\n  \n\n    \n\n    \n\n    \n  ",
    "url": "/english/cicero-elections-2021"
  },
  {
    "text": "With Federal Elections Over, Cicero Residents Address Barriers to Participating in Local Elections",
    "url": "/english/cicero-elections-2021"
  },
  {
    "text": "Read More \u2192",
    "url": "/english/cicero-elections-2021"
  },
  {
    "text": "\n        \n  \n\n  \n\n    \n    \n\n  \n\n  \n\n    \n\n    \n\n    \n  ",
    "url": "/english/voting-2020elections-nov"
  },
  {
    "text": "Quick Guide to understand your Mail-In Ballot for the November Elections",
    "url": "/english/voting-2020elections-nov"
  },
  {
    "text": "Read More \u2192",
    "url": "/english/voting-2020elections-nov"
  },
  {
    "text": "\n        \n  \n\n  \n\n    \n    \n\n  \n\n  \n\n    \n\n    \n\n    \n  ",
    "url": "/english/voting-judicial-elections-cicero"
  },
  {
    "text": "Cicero, Know Your Judges for Voting in this Election",
    "url": "/english/voting-judicial-elections-cicero"
  },
  {
    "text": "Read More \u2192",
    "url": "/english/voting-judicial-elections-cicero"
  },
  {
    "text": "\n        \n  \n\n  \n\n    \n    \n\n  \n\n  \n\n    \n\n    \n\n    \n  ",
    "url": "/english/early-voting-elections-cicero-berwyn"
  },
  {
    "text": "Your Local Guide for the November Elections",
    "url": "/english/early-voting-elections-cicero-berwyn"
  },
  {
    "text": "Read More \u2192",
    "url": "/english/early-voting-elections-cicero-berwyn"
  },
  {
    "text": "\n        \n  \n\n  \n\n    \n    \n\n  \n\n  \n\n    \n\n    \n\n    \n  ",
    "url": "/english/census-2020-cicero-berwyn"
  },
  {
    "text": "Opinion: Cicero Residents, There\u2019s Still Time to Fill Out the Census",
    "url": "/english/census-2020-cicero-berwyn"
  },
  {
    "text": "Read More \u2192",
    "url": "/english/census-2020-cicero-berwyn"
  },
  {
    "text": "\n        \n  \n\n  \n\n    \n    \n\n  \n\n  \n\n    \n\n    \n\n    \n  ",
    "url": "/english/oj9wy232ev5x64dsr3s19s11ts9njz"
  },
  {
    "text": "Here are the Top Issues Young People in Cicero Care About for the Presidential Election ",
    "url": "/english/oj9wy232ev5x64dsr3s19s11ts9njz"
  },
  {
    "text": "Read More \u2192",
    "url": "/english/oj9wy232ev5x64dsr3s19s11ts9njz"
  },
  {
    "text": "\n        \n  \n\n  \n\n    \n    \n\n  \n\n  \n\n    \n\n    \n\n    \n  ",
    "url": "/english/early-voting-has-started-in-cicero-heres-what-you-need-to-know"
  },
  {
    "text": "Early Voting Has Started in Cicero, Here\u2019s What You Need to Know",
    "url": "/english/early-voting-has-started-in-cicero-heres-what-you-need-to-know"
  },
  {
    "text": "Read More \u2192",
    "url": "/english/early-voting-has-started-in-cicero-heres-what-you-need-to-know"
  },
  {
    "text": "\n        \n  \n\n  \n\n    \n    \n\n  \n\n  \n\n    \n\n    \n\n    \n  ",
    "url": "/english/cicero-adam-toledo-community-voice"
  },
  {
    "text": "Community Voice: \u201cNo matter what he was involved in, what time he was out, he shouldn\u2019t have gotten killed.\u201d",
    "url": "/english/cicero-adam-toledo-community-voice"
  },
  {
    "text": "Read More \u2192",
    "url": "/english/cicero-adam-toledo-community-voice"
  },
  {
    "text": "\n        \n  \n\n  \n\n    \n    \n\n  \n\n  \n\n    \n\n    \n\n    \n  ",
    "url": "/english/environmental-community-cicero"
  },
  {
    "text": "Opinion: Caring for Nature Takes a Village",
    "url": "/english/environmental-community-cicero"
  },
  {
    "text": "Read More \u2192",
    "url": "/english/environmental-community-cicero"
  },
  {
    "text": "\n        \n  \n\n  \n\n    \n    \n\n  \n\n  \n\n    \n\n    \n\n    \n  ",
    "url": "/english/cicero-open-board-meetings-pandemic-covid19"
  },
  {
    "text": "Editorial: Local Government Transparency is Crucial, Especially During a Pandemic",
    "url": "/english/cicero-open-board-meetings-pandemic-covid19"
  },
  {
    "text": "Read More \u2192",
    "url": "/english/cicero-open-board-meetings-pandemic-covid19"
  },
  {
    "text": "\n        \n  \n\n  \n\n    \n    \n\n  \n\n  \n\n    \n\n    \n\n    \n  ",
    "url": "/english/berwyn-mayor-lovero-covid-community"
  },
  {
    "text": "Opinion: Mayor Lovero is Putting Our Community at Risk",
    "url": "/english/berwyn-mayor-lovero-covid-community"
  },
  {
    "text": "Read More \u2192",
    "url": "/english/berwyn-mayor-lovero-covid-community"
  },
  {
    "text": "\n        \n  \n\n  \n\n    \n    \n\n  \n\n  \n\n    \n\n    \n\n    \n  ",
    "url": "/english/editorial-its-not-that-latinx-people-dont-care-its-our-governments"
  },
  {
    "text": "Editorial: No, It\u2019s Not that Latinx People Don\u2019t Care, It\u2019s Our Governments That Don\u2019t ",
    "url": "/english/editorial-its-not-that-latinx-people-dont-care-its-our-governments"
  },
  {
    "text": "Read More \u2192",
    "url": "/english/editorial-its-not-that-latinx-people-dont-care-its-our-governments"
  },
  {
    "text": "\n        \n  \n\n  \n\n    \n    \n\n  \n\n  \n\n    \n\n    \n\n    \n  ",
    "url": "/english/big-mich-cicero-tiendita-antojeria-community"
  },
  {
    "text": "Big Mich Antojer\u00eda: Cultivating a Special and Delicious Environment for Cicero",
    "url": "/english/big-mich-cicero-tiendita-antojeria-community"
  },
  {
    "text": "Read More \u2192",
    "url": "/english/big-mich-cicero-tiendita-antojeria-community"
  },
  {
    "text": "\n        \n  \n\n  \n\n    \n    \n\n  \n\n  \n\n    \n\n    \n\n    \n  ",
    "url": "/english/chicano-low-riders-cicero-cruising"
  },
  {
    "text": "Lows Chicanos de Cicero",
    "url": "/english/chicano-low-riders-cicero-cruising"
  },
  {
    "text": "Read More \u2192",
    "url": "/english/chicano-low-riders-cicero-cruising"
  },
  {
    "text": "\n        \n  \n\n  \n\n    \n    \n\n  \n\n  \n\n    \n\n    \n\n    \n  ",
    "url": "/english/cicero-writers-community-empower-michelle-ramirez"
  },
  {
    "text": "Cicero Writer, Michelle Ramirez, Shares Her Story to Connect with Others",
    "url": "/english/cicero-writers-community-empower-michelle-ramirez"
  },
  {
    "text": "Read More \u2192",
    "url": "/english/cicero-writers-community-empower-michelle-ramirez"
  },
  {
    "text": "\n        \n  \n\n  \n\n    \n    \n\n  \n\n  \n\n    \n\n    \n\n    \n  ",
    "url": "/english/cicero-writers-community-empower-jose-quinones"
  },
  {
    "text": "Cicero Writer, Jose Quinones, Shares His Story to Make Space For Other Queer Voices",
    "url": "/english/cicero-writers-community-empower-jose-quinones"
  },
  {
    "text": "Read More \u2192",
    "url": "/english/cicero-writers-community-empower-jose-quinones"
  },
  {
    "text": "\n        \n  \n\n  \n\n    \n    \n\n  \n\n  \n\n    \n\n    \n\n    \n  ",
    "url": "/english/youth-mural-cicero-victor-cazares"
  },
  {
    "text": "Using Murals to Celebrate Life in Cicero",
    "url": "/english/youth-mural-cicero-victor-cazares"
  },
  {
    "text": "Read More \u2192",
    "url": "/english/youth-mural-cicero-victor-cazares"
  },
  {
    "text": "\n        \n  \n\n  \n\n    \n    \n\n  \n\n  \n\n    \n\n    \n\n    \n  ",
    "url": "/english/cicero-local-business-baker"
  },
  {
    "text": "Cicero-raised Baker Makes Cookies for Celebrities",
    "url": "/english/cicero-local-business-baker"
  },
  {
    "text": "Read More \u2192",
    "url": "/english/cicero-local-business-baker"
  },
  {
    "text": "\n        \n  \n\n  \n\n    \n    \n\n  \n\n  \n\n    \n\n    \n\n    \n  ",
    "url": "/english/covid19-cicero-community-americorps"
  },
  {
    "text": "Community Voice: Takeaways from My Time Serving as an Americorps Member During a Pandemic ",
    "url": "/english/covid19-cicero-community-americorps"
  },
  {
    "text": "Read More \u2192",
    "url": "/english/covid19-cicero-community-americorps"
  },
  {
    "text": "\n        \n  \n\n  \n\n    \n    \n\n  \n\n  \n\n    \n\n    \n\n    \n  ",
    "url": "/english/covid19-deaths-cicero-berwyn"
  },
  {
    "text": "Remembering Our Loved Ones Lost to COVID-19",
    "url": "/english/covid19-deaths-cicero-berwyn"
  },
  {
    "text": "Read More \u2192",
    "url": "/english/covid19-deaths-cicero-berwyn"
  },
  {
    "text": "\n        \n  \n\n  \n\n    \n    \n\n  \n\n  \n\n    \n\n    \n\n    \n  ",
    "url": "/english/danny-the-groomer-cicero"
  },
  {
    "text": "Experienced Dog Caretaker, Danny The Groomer Opens In Cicero",
    "url": "/english/danny-the-groomer-cicero"
  },
  {
    "text": "Read More \u2192",
    "url": "/english/danny-the-groomer-cicero"
  },
  {
    "text": "\n        \n  \n\n  \n\n    \n    \n\n  \n\n  \n\n    \n\n    \n\n    \n  ",
    "url": "/english/pandemic-morton-east-seniors-make-best-of-graduation"
  },
  {
    "text": "Despite Pandemic Morton East Seniors Make Best of Graduation",
    "url": "/english/pandemic-morton-east-seniors-make-best-of-graduation"
  },
  {
    "text": "Read More \u2192",
    "url": "/english/pandemic-morton-east-seniors-make-best-of-graduation"
  },
  {
    "text": "\n        \n  \n\n  \n\n    \n    \n\n  \n\n  \n\n    \n\n    \n\n    \n  ",
    "url": "/english/podcast-somebody-cicero-mother-shapearl-wells-investigates-her-sons-murder"
  },
  {
    "text": "In New Podcast \u201cSomebody\u201d Cicero Mother Shapearl Wells Investigates Her Son\u2019s Murder",
    "url": "/english/podcast-somebody-cicero-mother-shapearl-wells-investigates-her-sons-murder"
  },
  {
    "text": "Read More \u2192",
    "url": "/english/podcast-somebody-cicero-mother-shapearl-wells-investigates-her-sons-murder"
  },
  {
    "text": "\n        \n  \n\n  \n\n    \n    \n\n  \n\n  \n\n    \n\n    \n\n    \n  ",
    "url": "/english/more-than-glamor-at-lilys-salon-draft"
  },
  {
    "text": "More than glamor at Lily\u2019s Salon",
    "url": "/english/more-than-glamor-at-lilys-salon-draft"
  },
  {
    "text": "Read More \u2192",
    "url": "/english/more-than-glamor-at-lilys-salon-draft"
  },
  {
    "text": "\n        \n  \n\n  \n\n    \n    \n\n  \n\n  \n\n    \n\n    \n\n    \n  ",
    "url": "/english/inspired-by-a-daughter-laylas-blush-room-opens-in-cicero"
  },
  {
    "text": "Inspired by daughter, Layla's Blush Room opens in Cicero",
    "url": "/english/inspired-by-a-daughter-laylas-blush-room-opens-in-cicero"
  },
  {
    "text": "Read More \u2192",
    "url": "/english/inspired-by-a-daughter-laylas-blush-room-opens-in-cicero"
  },
  {
    "text": "\n        \n  \n\n  \n\n    \n    \n\n  \n\n  \n\n    \n\n    \n\n    \n  ",
    "url": "/english/familia-cultura-y-tradicin-at-the-core-of-a-new-michelada-business-in-cicero"
  },
  {
    "text": "Familia, Cultura y Tradici\u00f3n at the Core of a New Michelada Business in Cicero ",
    "url": "/english/familia-cultura-y-tradicin-at-the-core-of-a-new-michelada-business-in-cicero"
  },
  {
    "text": "Read More \u2192",
    "url": "/english/familia-cultura-y-tradicin-at-the-core-of-a-new-michelada-business-in-cicero"
  },
  {
    "text": "\n        \n  \n\n  \n\n    \n    \n\n  \n\n  \n\n    \n\n    \n\n    \n  ",
    "url": "/english/youth-founded-community-farm-brings-nature-to-cicero-residents"
  },
  {
    "text": "Youth Founded Community Farm Brings Nature to Cicero Residents",
    "url": "/english/youth-founded-community-farm-brings-nature-to-cicero-residents"
  },
  {
    "text": "Read More \u2192",
    "url": "/english/youth-founded-community-farm-brings-nature-to-cicero-residents"
  },
  {
    "text": "\n        \n  \n\n  \n\n    \n    \n\n  \n\n  \n\n    \n\n    \n\n    \n  ",
    "url": "/english/cicero-youth-lgbtq-rights-equality-act"
  },
  {
    "text": "Community Voice: LGBTQ Young People Deserve the Right to Thrive",
    "url": "/english/cicero-youth-lgbtq-rights-equality-act"
  },
  {
    "text": "Read More \u2192",
    "url": "/english/cicero-youth-lgbtq-rights-equality-act"
  },
  {
    "text": "\n        \n  \n\n  \n\n    \n    \n\n  \n\n  \n\n    \n\n    \n\n    \n  ",
    "url": "/english/mental-health-cicero-teacher-resources-pandemic"
  },
  {
    "text": "One Cicero Teacher\u2019s Account of How the Pandemic Amplified Existing Issues & What Can Be Done",
    "url": "/english/mental-health-cicero-teacher-resources-pandemic"
  },
  {
    "text": "Read More \u2192",
    "url": "/english/mental-health-cicero-teacher-resources-pandemic"
  },
  {
    "text": "\n        \n  \n\n  \n\n    \n    \n\n  \n\n  \n\n    \n\n    \n\n    \n  ",
    "url": "/english/mental-health-resources-youth-pandemic-cicero-berwyn"
  },
  {
    "text": "Losing Sleep: How the Pandemic Has Impacted Students",
    "url": "/english/mental-health-resources-youth-pandemic-cicero-berwyn"
  },
  {
    "text": "Read More \u2192",
    "url": "/english/mental-health-resources-youth-pandemic-cicero-berwyn"
  },
  {
    "text": "\n        \n  \n\n  \n\n    \n    \n\n  \n\n  \n\n    \n\n    \n\n    \n  ",
    "url": "/english/morton-high-school-expulsions-cicero-berwyn"
  },
  {
    "text": "Expulsions are Up at Morton: \u2018I just don't want to be treated this differently\u2019 ",
    "url": "/english/morton-high-school-expulsions-cicero-berwyn"
  },
  {
    "text": "Read More \u2192",
    "url": "/english/morton-high-school-expulsions-cicero-berwyn"
  },
  {
    "text": "\n        \n  \n\n  \n\n    \n    \n\n  \n\n  \n\n    \n\n    \n\n    \n  ",
    "url": "/english/youth-journalism-program-cicero-berwyn"
  },
  {
    "text": "Culture, Inequality and the Power of Photography, Why Three Youth are Pursuing Journalism",
    "url": "/english/youth-journalism-program-cicero-berwyn"
  },
  {
    "text": "Read More \u2192",
    "url": "/english/youth-journalism-program-cicero-berwyn"
  },
  {
    "text": "\n        \n  \n\n  \n\n    \n    \n\n  \n\n  \n\n    \n\n    \n\n    \n  ",
    "url": "/english/morton-high-school-students-organizing-uniform-change"
  },
  {
    "text": "Student-led Organizing at Morton Schools Met with Inaction from Administrators ",
    "url": "/english/morton-high-school-students-organizing-uniform-change"
  },
  {
    "text": "Read More \u2192",
    "url": "/english/morton-high-school-students-organizing-uniform-change"
  },
  {
    "text": "\n        \n  \n\n  \n\n    \n    \n\n  \n\n  \n\n    \n\n    \n\n    \n  ",
    "url": "/english/youth-cicero-lgbtqi-representation"
  },
  {
    "text": "Community Voice: An Interview Between Two Queer Youth in Cicero ",
    "url": "/english/youth-cicero-lgbtqi-representation"
  },
  {
    "text": "Read More \u2192",
    "url": "/english/youth-cicero-lgbtqi-representation"
  },
  {
    "text": "\n        \n  \n\n  \n\n    \n    \n\n  \n\n  \n\n    \n\n    \n\n    \n  ",
    "url": "/english/covid19-cicero-youth-resources"
  },
  {
    "text": "Joy During a Pandemic, Lessons from Cicero Youth  ",
    "url": "/english/covid19-cicero-youth-resources"
  },
  {
    "text": "Read More \u2192",
    "url": "/english/covid19-cicero-youth-resources"
  },
  {
    "text": "\n        \n  \n\n  \n\n    \n    \n\n  \n\n  \n\n    \n\n    \n\n    \n  ",
    "url": "/english/middle-school-teacher-surprises-unity-jr-hs-students-with-mock-graduates"
  },
  {
    "text": "Middle School Teacher Surprises Unity Junior High School Students with Alternative Graduation",
    "url": "/english/middle-school-teacher-surprises-unity-jr-hs-students-with-mock-graduates"
  },
  {
    "text": "Read More \u2192",
    "url": "/english/middle-school-teacher-surprises-unity-jr-hs-students-with-mock-graduates"
  },
  {
    "text": "\n        \n  \n\n  \n\n    \n    \n\n  \n\n  \n\n    \n\n    \n\n    \n  ",
    "url": "/english/how-three-cicero-residents-came-to-love-journalism"
  },
  {
    "text": "How Three Cicero Residents Came to Love Journalism ",
    "url": "/english/how-three-cicero-residents-came-to-love-journalism"
  },
  {
    "text": "Read More \u2192",
    "url": "/english/how-three-cicero-residents-came-to-love-journalism"
  },
  {
    "text": "\n        \n  \n\n  \n\n    \n    \n\n  \n\n  \n\n    \n\n    \n\n    \n  ",
    "url": "/english/pandemic-morton-east-seniors-make-best-of-graduation"
  },
  {
    "text": "Despite Pandemic Morton East Seniors Make Best of Graduation",
    "url": "/english/pandemic-morton-east-seniors-make-best-of-graduation"
  },
  {
    "text": "Read More \u2192",
    "url": "/english/pandemic-morton-east-seniors-make-best-of-graduation"
  },
  {
    "text": "\n        \n  \n\n  \n\n    \n    \n\n  \n\n  \n\n    \n\n    \n\n    \n  ",
    "url": "/english/podcast-somebody-cicero-mother-shapearl-wells-investigates-her-sons-murder"
  },
  {
    "text": "In New Podcast \u201cSomebody\u201d Cicero Mother Shapearl Wells Investigates Her Son\u2019s Murder",
    "url": "/english/podcast-somebody-cicero-mother-shapearl-wells-investigates-her-sons-murder"
  },
  {
    "text": "Read More \u2192",
    "url": "/english/podcast-somebody-cicero-mother-shapearl-wells-investigates-her-sons-murder"
  },
  {
    "text": "\n        \n  \n\n  \n\n    \n    \n\n  \n\n  \n\n    \n\n    \n\n    \n  ",
    "url": "/english/oj9wy232ev5x64dsr3s19s11ts9njz"
  },
  {
    "text": "Here are the Top Issues Young People in Cicero Care About for the Presidential Election ",
    "url": "/english/oj9wy232ev5x64dsr3s19s11ts9njz"
  },
  {
    "text": "Read More \u2192",
    "url": "/english/oj9wy232ev5x64dsr3s19s11ts9njz"
  },
  {
    "text": "\n        \n  \n\n  \n\n    \n    \n\n  \n\n  \n\n    \n\n    \n\n    \n  ",
    "url": "/english/early-voting-has-started-in-cicero-heres-what-you-need-to-know"
  },
  {
    "text": "Early Voting Has Started in Cicero, Here\u2019s What You Need to Know",
    "url": "/english/early-voting-has-started-in-cicero-heres-what-you-need-to-know"
  },
  {
    "text": "Read More \u2192",
    "url": "/english/early-voting-has-started-in-cicero-heres-what-you-need-to-know"
  },
  {
    "text": "\n        \n  \n\n  \n\n    \n    \n\n  \n\n  \n\n    \n\n    \n\n    \n  ",
    "url": "/english/youth-founded-community-farm-brings-nature-to-cicero-residents"
  },
  {
    "text": "Youth Founded Community Farm Brings Nature to Cicero Residents",
    "url": "/english/youth-founded-community-farm-brings-nature-to-cicero-residents"
  },
  {
    "text": "Read More \u2192",
    "url": "/english/youth-founded-community-farm-brings-nature-to-cicero-residents"
  },
  {
    "text": "\n        \n  \n\n  \n\n    \n    \n\n  \n\n  \n\n    \n\n    \n\n    \n  ",
    "url": "/english/town-cicero-board-meeting-july-2022-referendum"
  },
  {
    "text": "Cicero Board Approves Referendum Questions About Write-in Candidates for November Elections",
    "url": "/english/town-cicero-board-meeting-july-2022-referendum"
  },
  {
    "text": "Read More \u2192",
    "url": "/english/town-cicero-board-meeting-july-2022-referendum"
  },
  {
    "text": "\n        \n  \n\n  \n\n    \n    \n\n  \n\n  \n\n    \n\n    \n\n    \n  ",
    "url": "/english/town-cicero-board-meeting-police-fireworks-july-2022"
  },
  {
    "text": "Town Board Approves Spending For Police Vehicle Upgrades, A Firework Display on July 3 and Paving Improvements along Laramie Avenue",
    "url": "/english/town-cicero-board-meeting-police-fireworks-july-2022"
  },
  {
    "text": "Read More \u2192",
    "url": "/english/town-cicero-board-meeting-police-fireworks-july-2022"
  },
  {
    "text": "\n        \n  \n\n  \n\n    \n    \n\n  \n\n  \n\n    \n\n    \n\n    \n  ",
    "url": "/english/cicero-board-meeting-cermak-l-strip-permit-denied-may"
  },
  {
    "text": " Town Board Applies for $750,000 to Fix L Strip and Denies Block Party Application Because of Alleged Gang Activity",
    "url": "/english/cicero-board-meeting-cermak-l-strip-permit-denied-may"
  },
  {
    "text": "Read More \u2192",
    "url": "/english/cicero-board-meeting-cermak-l-strip-permit-denied-may"
  },
  {
    "text": "\n        \n  \n\n  \n\n    \n    \n\n  \n\n  \n\n    \n\n    \n\n    \n  ",
    "url": "/english/cicero-board-meeting-worker-union-town-hall-april"
  },
  {
    "text": "Town Hall Hour Extensions, Bargaining Agreements with Platform Workers Union and Concerns Over Safety and Permits",
    "url": "/english/cicero-board-meeting-worker-union-town-hall-april"
  },
  {
    "text": "Read More \u2192",
    "url": "/english/cicero-board-meeting-worker-union-town-hall-april"
  },
  {
    "text": "\n        \n  \n\n  \n\n    \n    \n\n  \n\n  \n\n    \n\n    \n\n    \n  ",
    "url": "/english/cicero-water-bill-assistance-relief-aid-program-2022"
  },
  {
    "text": "Cicero Has Only Spent a Fraction of the $100,000 Available to Help Residents Pay Their Water Bills",
    "url": "/english/cicero-water-bill-assistance-relief-aid-program-2022"
  },
  {
    "text": "Read More \u2192",
    "url": "/english/cicero-water-bill-assistance-relief-aid-program-2022"
  },
  {
    "text": "\n        \n  \n\n  \n\n    \n    \n\n  \n\n  \n\n    \n\n    \n\n    \n  ",
    "url": "/english/cicero-town-board-meeting-money-festivals-lalo-mora-april-2022"
  },
  {
    "text": "More Payments for Town Festivals, Lalo Mora, Cadetes de Linares and Tropical del Bravo Approved by Board",
    "url": "/english/cicero-town-board-meeting-money-festivals-lalo-mora-april-2022"
  },
  {
    "text": "Read More \u2192",
    "url": "/english/cicero-town-board-meeting-money-festivals-lalo-mora-april-2022"
  },
  {
    "text": "\n        \n  \n\n  \n\n    \n    \n\n  \n\n  \n\n    \n\n    \n\n    \n  ",
    "url": "/english/town-of-cicero-2022-budget-police"
  },
  {
    "text": "What\u2019s on the Town of Cicero\u2019s 2022 Budget? ",
    "url": "/english/town-of-cicero-2022-budget-police"
  },
  {
    "text": "Read More \u2192",
    "url": "/english/town-of-cicero-2022-budget-police"
  },
  {
    "text": "\n        \n  \n\n  \n\n    \n    \n\n  \n\n  \n\n    \n\n    \n\n    \n  ",
    "url": "/english/cicero-board-meeting-march-2022-blanca-vargas-sworn"
  },
  {
    "text": "Blanca Vargas Sworn In, More than $100,000 Approved for Festivals at March 22 Board Meeting",
    "url": "/english/cicero-board-meeting-march-2022-blanca-vargas-sworn"
  },
  {
    "text": "Read More \u2192",
    "url": "/english/cicero-board-meeting-march-2022-blanca-vargas-sworn"
  },
  {
    "text": "\n        \n  \n\n  \n\n    \n    \n\n  \n\n  \n\n    \n\n    \n\n    \n  ",
    "url": "/english/cicero-board-meeting-march-2022-blanca-vargas"
  },
  {
    "text": "March 8 Town Board Meeting Recap ",
    "url": "/english/cicero-board-meeting-march-2022-blanca-vargas"
  },
  {
    "text": "Read More \u2192",
    "url": "/english/cicero-board-meeting-march-2022-blanca-vargas"
  },
  {
    "text": "\n        \n  \n\n  \n\n    \n    \n\n  \n\n  \n\n    \n\n    \n\n    \n  ",
    "url": "/english/cicero-board-meeting-january-2022"
  },
  {
    "text": "January 25, Town Board Meeting Recap",
    "url": "/english/cicero-board-meeting-january-2022"
  },
  {
    "text": "Read More \u2192",
    "url": "/english/cicero-board-meeting-january-2022"
  },
  {
    "text": "\n        \n  \n\n  \n\n    \n    \n\n  \n\n  \n\n    \n\n    \n\n    \n  ",
    "url": "/english/covid19-vaccine-requirement-cicero-employees"
  },
  {
    "text": "Town of Cicero Did Not Move Forward with Requiring Vaccination for Employees ",
    "url": "/english/covid19-vaccine-requirement-cicero-employees"
  },
  {
    "text": "Read More \u2192",
    "url": "/english/covid19-vaccine-requirement-cicero-employees"
  },
  {
    "text": "\n        \n  \n\n  \n\n    \n    \n\n  \n\n  \n\n    \n\n    \n\n    \n  ",
    "url": "/english/cicero-board-meeting-fauci"
  },
  {
    "text": "January 11, Town Board Meeting Recap: \u2018That idiot Dr. Fauci\u2019 ",
    "url": "/english/cicero-board-meeting-fauci"
  },
  {
    "text": "Read More \u2192",
    "url": "/english/cicero-board-meeting-fauci"
  },
  {
    "text": "\n        \n  \n\n  \n\n    \n    \n\n  \n\n  \n\n    \n\n    \n\n    \n  ",
    "url": "/english/cicero-trustee-death-covid19"
  },
  {
    "text": " Cicero Trustee Larry Banks Dies of COVID-19",
    "url": "/english/cicero-trustee-death-covid19"
  },
  {
    "text": "Read More \u2192",
    "url": "/english/cicero-trustee-death-covid19"
  },
  {
    "text": "\n        \n  \n\n  \n\n    \n    \n\n  \n\n  \n\n    \n\n    \n\n    \n  ",
    "url": "/english/cicero-board-meeting-tax-levy"
  },
  {
    "text": "November 23, Town Board Meeting Recap",
    "url": "/english/cicero-board-meeting-tax-levy"
  },
  {
    "text": "Read More \u2192",
    "url": "/english/cicero-board-meeting-tax-levy"
  },
  {
    "text": "\n        \n  \n\n  \n\n    \n    \n\n  \n\n  \n\n    \n\n    \n\n    \n  ",
    "url": "/english/sexual-assault-cicero"
  },
  {
    "text": "Advocates Say Cicero Needs Reforms to Address Sexual Harm",
    "url": "/english/sexual-assault-cicero"
  },
  {
    "text": "Read More \u2192",
    "url": "/english/sexual-assault-cicero"
  },
  {
    "text": "\n        \n  \n\n  \n\n    \n    \n\n  \n\n  \n\n    \n\n    \n\n    \n  ",
    "url": "/english/cicero-board-meeting-vaccine-mask-mandate"
  },
  {
    "text": "November 9, Town Board Meeting Recap",
    "url": "/english/cicero-board-meeting-vaccine-mask-mandate"
  },
  {
    "text": "Read More \u2192",
    "url": "/english/cicero-board-meeting-vaccine-mask-mandate"
  },
  {
    "text": "\n        \n  \n\n  \n\n    \n    \n\n  \n\n  \n\n    \n\n    \n\n    \n  ",
    "url": "/english/vaccine-mandate-cicero-employees"
  },
  {
    "text": "Cicero Adopts New COVID-19 Vaccination and Testing Policy for All Town Employees",
    "url": "/english/vaccine-mandate-cicero-employees"
  },
  {
    "text": "Read More \u2192",
    "url": "/english/vaccine-mandate-cicero-employees"
  },
  {
    "text": "\n        \n  \n\n  \n\n    \n    \n\n  \n\n  \n\n    \n\n    \n\n    \n  ",
    "url": "/english/cicero-cares-funding-covid-19-police"
  },
  {
    "text": "Cicero Activists Launch Survey About COVID Relief Aid Spent on Police",
    "url": "/english/cicero-cares-funding-covid-19-police"
  },
  {
    "text": "Read More \u2192",
    "url": "/english/cicero-cares-funding-covid-19-police"
  },
  {
    "text": "\n        \n  \n\n  \n\n    \n    \n\n  \n\n  \n\n    \n\n    \n\n    \n  ",
    "url": "/english/cicero-cares-relief-police-covid"
  },
  {
    "text": "Cicero Spent Entire Federal COVID-19 Relief Funding On Police Payroll ",
    "url": "/english/cicero-cares-relief-police-covid"
  },
  {
    "text": "Read More \u2192",
    "url": "/english/cicero-cares-relief-police-covid"
  },
  {
    "text": "\n        \n  \n\n  \n\n    \n    \n\n  \n\n  \n\n    \n\n    \n\n    \n  ",
    "url": "/english/local-elections-berwyn-guide"
  },
  {
    "text": "Elections Are Over, Now What? Your Field Guide to Local Government",
    "url": "/english/local-elections-berwyn-guide"
  },
  {
    "text": "Read More \u2192",
    "url": "/english/local-elections-berwyn-guide"
  },
  {
    "text": "\n        \n  \n\n  \n\n    \n    \n\n  \n\n  \n\n    \n\n    \n\n    \n  ",
    "url": "/english/particulate-matter-air-pollution"
  },
  {
    "text": "What\u2019s In the Air?",
    "url": "/english/particulate-matter-air-pollution"
  },
  {
    "text": "Read More \u2192",
    "url": "/english/particulate-matter-air-pollution"
  },
  {
    "text": "\n        \n  \n\n  \n\n    \n    \n\n  \n\n  \n\n    \n\n    \n\n    \n  ",
    "url": "/english/cicero-south-west-chicago-air-pollution-air-monitors-sensors-environment-quality"
  },
  {
    "text": "Chicago's Air Pollution Hotspots: New Sensor Network Reveals Neighborhood Air Quality Disparities",
    "url": "/english/cicero-south-west-chicago-air-pollution-air-monitors-sensors-environment-quality"
  },
  {
    "text": "Read More \u2192",
    "url": "/english/cicero-south-west-chicago-air-pollution-air-monitors-sensors-environment-quality"
  },
  {
    "text": "\n        \n  \n\n  \n\n    \n    \n\n  \n\n  \n\n    \n\n    \n\n    \n  ",
    "url": "/english/cicero-public-library-seeds-green-space-nature"
  },
  {
    "text": "Get Your Seeds! Cicero Public Library opens \u2018Seed Library\u2019",
    "url": "/english/cicero-public-library-seeds-green-space-nature"
  },
  {
    "text": "Read More \u2192",
    "url": "/english/cicero-public-library-seeds-green-space-nature"
  },
  {
    "text": "\n        \n  \n\n  \n\n    \n    \n\n  \n\n  \n\n    \n\n    \n\n    \n  ",
    "url": "/english/cicero-berwyn-nature-community-voice"
  },
  {
    "text": "Community Voice: Look Outside Your Window",
    "url": "/english/cicero-berwyn-nature-community-voice"
  },
  {
    "text": "Read More \u2192",
    "url": "/english/cicero-berwyn-nature-community-voice"
  },
  {
    "text": "\n        \n  \n\n  \n\n    \n    \n\n  \n\n  \n\n    \n\n    \n\n    \n  ",
    "url": "/english/environmental-community-cicero"
  },
  {
    "text": "Opinion: Caring for Nature Takes a Village",
    "url": "/english/environmental-community-cicero"
  },
  {
    "text": "Read More \u2192",
    "url": "/english/environmental-community-cicero"
  },
  {
    "text": "\n        \n  \n\n  \n\n    \n    \n\n  \n\n  \n\n    \n\n    \n\n    \n  ",
    "url": "/english/amazon-cicero-environmental-concerns"
  },
  {
    "text": "Residents Concerned Over Environmental Impact of New Amazon Fulfillment Center",
    "url": "/english/amazon-cicero-environmental-concerns"
  },
  {
    "text": "Read More \u2192",
    "url": "/english/amazon-cicero-environmental-concerns"
  },
  {
    "text": "\n        \n  \n\n  \n\n    \n    \n\n  \n\n  \n\n    \n\n    \n\n    \n  ",
    "url": "/english/berwyn-issued-violations-for-failing-to-provide-drinking-water-lead-samples-to-epa"
  },
  {
    "text": "Berwyn Issued Violations for Failing to Provide Drinking Water Lead Samples to IL EPA",
    "url": "/english/berwyn-issued-violations-for-failing-to-provide-drinking-water-lead-samples-to-epa"
  },
  {
    "text": "Read More \u2192",
    "url": "/english/berwyn-issued-violations-for-failing-to-provide-drinking-water-lead-samples-to-epa"
  },
  {
    "text": "\n        \n  \n\n  \n\n    \n    \n\n  \n\n  \n\n    \n\n    \n\n    \n  ",
    "url": "/english/clean-water-in-berwyn-and-cicero-without-lead"
  },
  {
    "text": "Cicero and Berwyn Residents Concerned about High Lead Levels in Drinking Water",
    "url": "/english/clean-water-in-berwyn-and-cicero-without-lead"
  },
  {
    "text": "Read More \u2192",
    "url": "/english/clean-water-in-berwyn-and-cicero-without-lead"
  },
  {
    "text": "\n        \n  \n\n  \n\n    \n    \n\n  \n\n  \n\n    \n\n    \n\n    \n  ",
    "url": "/english/students-from-navajo-nation-visit-cicero-for-environmental-justice-tour"
  },
  {
    "text": "Students From Navajo Nation Visit Cicero For Environmental Justice Tour",
    "url": "/english/students-from-navajo-nation-visit-cicero-for-environmental-justice-tour"
  },
  {
    "text": "Read More \u2192",
    "url": "/english/students-from-navajo-nation-visit-cicero-for-environmental-justice-tour"
  },
  {
    "text": "\n            \n            Stories by categories\n          ",
    "url": "#categories"
  },
  {
    "text": "\n            \n            Subscribe\n          ",
    "url": "#category-subscribe"
  },
  {
    "text": "info@ciceroindependiente.com",
    "url": "mailto:info@ciceroindependiente.com"
  },
  {
    "text": "Disturbios en Cicero ",
    "url": "/disturbios-en-cicero-como-un-da-agito-a-un-pueblo"
  },
  {
    "text": "Unrest in Cicero",
    "url": "https://www.ciceroindependiente.com/unrest-in-cicero-how-one-day-shook-a-town"
  },
  {
    "text": "Contact",
    "url": "/contact"
  },
  {
    "text": "\n      \n        \n          \n          \n        \n      \n    ",
    "url": "https://www.instagram.com/ciceroindependiente/"
  },
  {
    "text": "\n      \n        \n          \n          \n        \n      \n    ",
    "url": "http://www.facebook.com/CiceroIndependiente/"
  },
  {
    "text": "\n      \n        \n          \n          \n        \n      \n    ",
    "url": "https://twitter.com/CiceroNoticias"
  },
  {
    "text": "City Bureau",
    "url": "https://www.citybureau.org"
  },
  {
    "text": "City Bureau",
    "url": "https://www.citybureau.org"
  },
  {
    "text": "Squarespace",
    "url": "http://www.squarespace.com?channel=word_of_mouth&subchannel=customer&source=footer&campaign=4fd1028ee4b02be53c65dfb3"
  }
]