[
  {
    "text": "\n      Nonprofit News Powered By\n      \n                  Daintry Bartoldus\n\n                  Miriam Beams\n\n                  Elizabeth Blalock\n\n                  Deborah Fleming\n\n                  George Hudes\n\n                Readers Like You\n      \n    ",
    "url": "/donate"
  },
  {
    "text": "\n                                        About Us \n                ",
    "url": "https://www.civilbeat.org/about/"
  },
  {
    "text": "Our Team",
    "url": "https://www.civilbeat.org/about/our-team/"
  },
  {
    "text": "Our Awards",
    "url": "https://www.civilbeat.org/about/our-awards/"
  },
  {
    "text": "Events",
    "url": "/upcoming-events/"
  },
  {
    "text": "Our Supporters",
    "url": "https://www.civilbeat.org/about/our-supporters/"
  },
  {
    "text": "Contact Us",
    "url": "https://www.civilbeat.org/contact/"
  },
  {
    "text": "\n                                            \n                                        Events \n                ",
    "url": "/upcoming-events"
  },
  {
    "text": "\n                                            \n                                        Newsletters \n                ",
    "url": "https://www.civilbeat.org/newsletters/"
  },
  {
    "text": "\n                                            \n                                        Videos \n                ",
    "url": "/video"
  },
  {
    "text": "\n                                            \n                                        Podcasts \n                ",
    "url": "/podcasts"
  },
  {
    "text": "\n                                            \n                                        Data \n                ",
    "url": "https://www.civilbeat.org/data/"
  },
  {
    "text": "\n                                        Topics \n                ",
    "url": "https://www.civilbeat.org/categories"
  },
  {
    "text": "\n                                        Archive \n                ",
    "url": "/archives"
  },
  {
    "text": "\n                                            \n                                        Twitter \n                ",
    "url": "https://twitter.com/civilbeat"
  },
  {
    "text": "\n                                            \n                                        Facebook \n                ",
    "url": "https://www.facebook.com/civilbeat"
  },
  {
    "text": "\n                                            \n                                        Instagram \n                ",
    "url": "http://instagram.com/civilbeat/"
  },
  {
    "text": "\n                                            \n                                        Feed \n                ",
    "url": "/feed/"
  },
  {
    "text": "\n            \n          ",
    "url": "https://www.civilbeat.org"
  },
  {
    "text": "Hawaii News",
    "url": "#hawaii-news"
  },
  {
    "text": "\n                            Honolulu\n                            \n                        ",
    "url": "https://www.civilbeat.org/category/honolulu-beat/"
  },
  {
    "text": "\n      \n      \n\n              \n          Cory Lum/Civil Beat/2020\n        \n          ",
    "url": "https://www.civilbeat.org/2022/07/thebus-is-trying-to-recover-riders-lost-during-the-pandemic-why-not-cut-fares/"
  },
  {
    "text": "TheBus Is Trying To Recover Riders Lost During The Pandemic. Why Not Cut Fares?",
    "url": "https://www.civilbeat.org/2022/07/thebus-is-trying-to-recover-riders-lost-during-the-pandemic-why-not-cut-fares/"
  },
  {
    "text": "Jul 29, 2022",
    "url": "https://www.civilbeat.org/2022/07/thebus-is-trying-to-recover-riders-lost-during-the-pandemic-why-not-cut-fares/"
  },
  {
    "text": "\n                            Hawaii\n                            \n                        ",
    "url": "https://www.civilbeat.org/category/hawaii-beat/"
  },
  {
    "text": "\n      \n      \n\n              \n          U.S. District Court via AP\n        \n          ",
    "url": "https://www.civilbeat.org/2022/07/invisible-ink-coded-papers-the-mystery-of-a-kapolei-couple-accused-of-id-theft/"
  },
  {
    "text": "Invisible Ink. Coded Papers. The Mystery Of A Kapolei Couple Accused Of ID Theft",
    "url": "https://www.civilbeat.org/2022/07/invisible-ink-coded-papers-the-mystery-of-a-kapolei-couple-accused-of-id-theft/"
  },
  {
    "text": "Jul 29, 2022",
    "url": "https://www.civilbeat.org/2022/07/invisible-ink-coded-papers-the-mystery-of-a-kapolei-couple-accused-of-id-theft/"
  },
  {
    "text": "\n                            Politics\n                            \n                        ",
    "url": "https://www.civilbeat.org/category/politics/"
  },
  {
    "text": "\n      \n      \n\n              \n          Courtesy: Kauai County Council\n        \n          ",
    "url": "https://www.civilbeat.org/2022/07/kauai-voters-rarely-elect-women-to-county-council-will-that-change-this-election/"
  },
  {
    "text": "Kauai Voters Rarely Elect Women To County Council. Will That Change This Election?",
    "url": "https://www.civilbeat.org/2022/07/kauai-voters-rarely-elect-women-to-county-council-will-that-change-this-election/"
  },
  {
    "text": "Jul 18, 2022",
    "url": "https://www.civilbeat.org/2022/07/kauai-voters-rarely-elect-women-to-county-council-will-that-change-this-election/"
  },
  {
    "text": "\n                            Environment\n                            \n                        ",
    "url": "https://www.civilbeat.org/category/environment/"
  },
  {
    "text": "\n      \n      \n\n              \n          Ku\u2018u Kauanoe/Civil Beat/2022\n        \n          ",
    "url": "https://www.civilbeat.org/2022/07/hawaiian-fishponds-are-rebounding-in-the-face-of-rising-seas-and-invasive-species/"
  },
  {
    "text": "Hawaiian Fishponds Are Rebounding In The Face Of Rising Seas And Invasive Species",
    "url": "https://www.civilbeat.org/2022/07/hawaiian-fishponds-are-rebounding-in-the-face-of-rising-seas-and-invasive-species/"
  },
  {
    "text": "Jul 14, 2022",
    "url": "https://www.civilbeat.org/2022/07/hawaiian-fishponds-are-rebounding-in-the-face-of-rising-seas-and-invasive-species/"
  },
  {
    "text": "\n                            Development\n                            \n                        ",
    "url": "https://www.civilbeat.org/category/development-beat/"
  },
  {
    "text": "\n      \n      \n\n              \n          Courtesy: Napili Bay Community Association\n        \n          ",
    "url": "https://www.civilbeat.org/2022/06/resolution-to-acquire-maui-monster-house-passes-committee/"
  },
  {
    "text": "Resolution To Acquire Maui Monster House Passes Committee",
    "url": "https://www.civilbeat.org/2022/06/resolution-to-acquire-maui-monster-house-passes-committee/"
  },
  {
    "text": "Jun 28, 2022",
    "url": "https://www.civilbeat.org/2022/06/resolution-to-acquire-maui-monster-house-passes-committee/"
  },
  {
    "text": "Ideas",
    "url": "/ideas"
  },
  {
    "text": "Special Projects",
    "url": "/series"
  },
  {
    "text": "\n              \n              Search\n            ",
    "url": "#search"
  },
  {
    "text": "Support Us",
    "url": "https://www.civilbeat.org/donate/?rel=head"
  },
  {
    "text": "\n              \n              Mobile Menu\n            ",
    "url": "#menu"
  },
  {
    "text": "\n      Wayfinding\n    ",
    "url": "https://www.civilbeat.org/projects/wayfinding/"
  },
  {
    "text": "\n    \n          \n        \n          Cory Lum/Civil Beat/2020\n        \n      \n      ",
    "url": "https://www.civilbeat.org/2022/07/thebus-is-trying-to-recover-riders-lost-during-the-pandemic-why-not-cut-fares/"
  },
  {
    "text": "TheBus Is Trying To Recover Riders Lost During The Pandemic. Why Not Cut Fares?",
    "url": "https://www.civilbeat.org/2022/07/thebus-is-trying-to-recover-riders-lost-during-the-pandemic-why-not-cut-fares/"
  },
  {
    "text": "\n          Marcel Honore        ",
    "url": "https://www.civilbeat.org/author/marcelhonore/"
  },
  {
    "text": "\n\t  \n\t",
    "url": "https://www.civilbeat.org/2022/07/candidates-seeking-big-island-house-seat-differ-on-style-campaign-fundraising/"
  },
  {
    "text": "\n\t    Candidates Seeking Big Island House Seat Differ On Style, Campaign Fundraising\n\t  ",
    "url": "https://www.civilbeat.org/2022/07/candidates-seeking-big-island-house-seat-differ-on-style-campaign-fundraising/"
  },
  {
    "text": "\n          Paula Dobbyn        ",
    "url": "https://www.civilbeat.org/author/paula-dobbyn/"
  },
  {
    "text": "\n\t  \n\t",
    "url": "https://www.civilbeat.org/2022/07/molokai-travelers-have-direct-line-to-airline-executive-who-can-make-a-flight-appear/"
  },
  {
    "text": "\n\t    Molokai Travelers Have Direct Line To Airline Executive Who Can \u2018Make A Flight Appear\u2019\n\t  ",
    "url": "https://www.civilbeat.org/2022/07/molokai-travelers-have-direct-line-to-airline-executive-who-can-make-a-flight-appear/"
  },
  {
    "text": "\n          Brittany Lyte        ",
    "url": "https://www.civilbeat.org/author/brittanylyte/"
  },
  {
    "text": "\n\t  \n\t",
    "url": "https://www.civilbeat.org/2022/07/catherine-toth-fox-instagram-is-having-an-identity-crisis-im-over-it/"
  },
  {
    "text": "\n\t    Catherine Toth Fox: Instagram Is Having An Identity Crisis. I\u2019m Over It\n\t  ",
    "url": "https://www.civilbeat.org/2022/07/catherine-toth-fox-instagram-is-having-an-identity-crisis-im-over-it/"
  },
  {
    "text": "\n          Catherine Toth Fox        ",
    "url": "https://www.civilbeat.org/author/catherine-toth-fox/"
  },
  {
    "text": "\n\t  \n\t",
    "url": "https://www.civilbeat.org/2022/07/invisible-ink-coded-papers-the-mystery-of-a-kapolei-couple-accused-of-id-theft/"
  },
  {
    "text": "\n\t    Invisible Ink. Coded Papers. The Mystery Of A Kapolei Couple Accused Of ID Theft\n\t  ",
    "url": "https://www.civilbeat.org/2022/07/invisible-ink-coded-papers-the-mystery-of-a-kapolei-couple-accused-of-id-theft/"
  },
  {
    "text": "\n          The Associated Press        ",
    "url": "https://www.civilbeat.org/author/the-associated-press/"
  },
  {
    "text": "\n\t  \n\t",
    "url": "https://www.civilbeat.org/2022/07/candidate-qa-state-senate-district-4-tim-richards/"
  },
  {
    "text": "\n\t    Candidate Q&A: State Senate District 4 \u2014 Tim Richards\n\t  ",
    "url": "https://www.civilbeat.org/2022/07/candidate-qa-state-senate-district-4-tim-richards/"
  },
  {
    "text": "\n          The Civil Beat Staff        ",
    "url": "https://www.civilbeat.org/author/the-civil-beat-staff/"
  },
  {
    "text": "\n\t  \n\t",
    "url": "https://www.civilbeat.org/2022/07/candidate-qa-state-house-district-5-jeanne-kapela-3/"
  },
  {
    "text": "\n\t    Candidate Q&A: State House District 5 \u2014 Jeanne Kapela\n\t  ",
    "url": "https://www.civilbeat.org/2022/07/candidate-qa-state-house-district-5-jeanne-kapela-3/"
  },
  {
    "text": "\n          The Civil Beat Staff        ",
    "url": "https://www.civilbeat.org/author/the-civil-beat-staff/"
  },
  {
    "text": "\n\t  \n\t",
    "url": "https://www.civilbeat.org/2022/07/candidate-qa-state-house-district-6-jonathan-kennealy/"
  },
  {
    "text": "\n\t    Candidate Q&A: State House District 6 \u2014 Jonathan Kennealy\n\t  ",
    "url": "https://www.civilbeat.org/2022/07/candidate-qa-state-house-district-6-jonathan-kennealy/"
  },
  {
    "text": "\n          The Civil Beat Staff        ",
    "url": "https://www.civilbeat.org/author/the-civil-beat-staff/"
  },
  {
    "text": "\n\t  \n\t",
    "url": "https://www.civilbeat.org/2022/07/candidate-qa-state-house-district-28-ernest-caravalho/"
  },
  {
    "text": "\n\t    Candidate Q&A: State House District 28 \u2014 Ernest Caravalho\n\t  ",
    "url": "https://www.civilbeat.org/2022/07/candidate-qa-state-house-district-28-ernest-caravalho/"
  },
  {
    "text": "\n          The Civil Beat Staff        ",
    "url": "https://www.civilbeat.org/author/the-civil-beat-staff/"
  },
  {
    "text": "\n\t  \n\t",
    "url": "https://www.civilbeat.org/2022/07/candidate-qa-state-house-district-26-charlotte-rosecrans/"
  },
  {
    "text": "\n\t    Candidate Q&A: State House District 26 \u2014 Charlotte Rosecrans\n\t  ",
    "url": "https://www.civilbeat.org/2022/07/candidate-qa-state-house-district-26-charlotte-rosecrans/"
  },
  {
    "text": "\n          The Civil Beat Staff        ",
    "url": "https://www.civilbeat.org/author/the-civil-beat-staff/"
  },
  {
    "text": "More Stories",
    "url": "https://www.civilbeat.org/archives"
  },
  {
    "text": "\n    \n      ",
    "url": "https://www.eventbrite.com/e/know-your-candidate-congress-tickets-383748832087?aff=homepage"
  },
  {
    "text": "\n    \n      ",
    "url": "https://www.civilbeat.org/projects/journey-to-care/"
  },
  {
    "text": "\n    \n      ",
    "url": "https://www.civilbeat.org/projects/stemming-the-tide"
  },
  {
    "text": "\n    \n      ",
    "url": "https://www.civilbeat.org/category/red-hill/"
  },
  {
    "text": "",
    "url": ""
  },
  {
    "text": "\n\t\t\t\n\t\t\tNext Page\n\t\t      ",
    "url": "#"
  },
  {
    "text": "\n\t\t\t\n\t\t\tPrevious Page\n\t\t      ",
    "url": "#"
  },
  {
    "text": "\n        \n    \n          \n        \n          Courtesy: Honolulu Department of Parks and Recreation \n        \n      \n    \n  ",
    "url": "https://www.civilbeat.org/beat/bring-your-own-toilet-paper-honolulu-parks-are-experiencing-a-shortage/"
  },
  {
    "text": "Bring Your Own Toilet Paper. Honolulu Parks Are Experiencing A Shortage",
    "url": "https://www.civilbeat.org/beat/bring-your-own-toilet-paper-honolulu-parks-are-experiencing-a-shortage/"
  },
  {
    "text": "\n          Cassie Ordonio        ",
    "url": "https://www.civilbeat.org/author/cassie-ordonio/"
  },
  {
    "text": "\n        \n    \n          \n        \n          Cory Lum/Civil Beat/2022\n        \n      \n    \n  ",
    "url": "https://www.civilbeat.org/beat/honolulu-mayor-announces-the-return-of-outdoor-dining/"
  },
  {
    "text": "Honolulu Mayor Announces The Return Of Outdoor Dining",
    "url": "https://www.civilbeat.org/beat/honolulu-mayor-announces-the-return-of-outdoor-dining/"
  },
  {
    "text": "\n          Cassie Ordonio        ",
    "url": "https://www.civilbeat.org/author/cassie-ordonio/"
  },
  {
    "text": "\n        \n    \n          \n        \n          Cory Lum/Civil Beat/2022\n        \n      \n    \n  ",
    "url": "https://www.civilbeat.org/beat/hart-cracking-could-require-building-more-piers-under-west-oahu-stations/"
  },
  {
    "text": "HART: Cracking Could Require Building More Piers Under West Oahu Stations",
    "url": "https://www.civilbeat.org/beat/hart-cracking-could-require-building-more-piers-under-west-oahu-stations/"
  },
  {
    "text": "\n          Marcel Honore        ",
    "url": "https://www.civilbeat.org/author/marcelhonore/"
  },
  {
    "text": "\n        \n    \n          \n        \n          Screenshot/2022\n        \n      \n    \n  ",
    "url": "https://www.civilbeat.org/beat/applicants-sought-for-hawaii-elections-commission/"
  },
  {
    "text": "Applicants Sought For Hawaii Elections Commission",
    "url": "https://www.civilbeat.org/beat/applicants-sought-for-hawaii-elections-commission/"
  },
  {
    "text": "\n          Chad Blair        ",
    "url": "https://www.civilbeat.org/author/cblair/"
  },
  {
    "text": "\n        \n    \n          \n        \n          Nathan Eagle/Civil Beat/2019\n        \n      \n    \n  ",
    "url": "https://www.civilbeat.org/beat/maui-county-residents-asked-to-report-destruction-from-massive-surf/"
  },
  {
    "text": "Maui County Residents Asked To Report Destruction From Massive Surf",
    "url": "https://www.civilbeat.org/beat/maui-county-residents-asked-to-report-destruction-from-massive-surf/"
  },
  {
    "text": "\n          Marina Starleaf Riker        ",
    "url": "https://www.civilbeat.org/author/marina-riker/"
  },
  {
    "text": "\n        \n    \n          \n        \n          DLNR\n        \n      \n    \n  ",
    "url": "https://www.civilbeat.org/beat/fema-sending-maui-1-3m-to-repair-road-damaged-by-mudslides/"
  },
  {
    "text": "FEMA Sending Maui $1.3M To Repair Road Damaged By Mudslides",
    "url": "https://www.civilbeat.org/beat/fema-sending-maui-1-3m-to-repair-road-damaged-by-mudslides/"
  },
  {
    "text": "\n          Marina Starleaf Riker        ",
    "url": "https://www.civilbeat.org/author/marina-riker/"
  },
  {
    "text": "\n        \n    \n          \n        \n          Cory Lum/Civil Beat/2019\n        \n      \n    \n  ",
    "url": "https://www.civilbeat.org/beat/hawaii-seeks-applicants-to-serve-on-new-mauna-kea-governing-authority/"
  },
  {
    "text": "Hawaii Seeks Applicants To Serve On New Mauna Kea Governing Authority",
    "url": "https://www.civilbeat.org/beat/hawaii-seeks-applicants-to-serve-on-new-mauna-kea-governing-authority/"
  },
  {
    "text": "\n          Cassie Ordonio        ",
    "url": "https://www.civilbeat.org/author/cassie-ordonio/"
  },
  {
    "text": "\n        \n    \n          \n        \n          Jonathan Ernst/Pool Photo via AP, 2019\n        \n      \n    \n  ",
    "url": "https://www.civilbeat.org/beat/micronesia-is-the-last-of-bigger-nations-to-have-a-covid-19-outbreak/"
  },
  {
    "text": "Micronesia Is The Last Of Bigger Nations To Have A Covid-19 Outbreak",
    "url": "https://www.civilbeat.org/beat/micronesia-is-the-last-of-bigger-nations-to-have-a-covid-19-outbreak/"
  },
  {
    "text": "\n          The Associated Press        ",
    "url": "https://www.civilbeat.org/author/the-associated-press/"
  },
  {
    "text": "\n        \n    \n          \n        \n          Cory Lum/Civil Beat/2020\n        \n      \n    \n  ",
    "url": "https://www.civilbeat.org/beat/hey-voters-your-mail-ballots-may-be-coming-sooner-than-you-thought/"
  },
  {
    "text": "Hey Voters, Your Mail Ballots May Be Coming Sooner Than You Thought",
    "url": "https://www.civilbeat.org/beat/hey-voters-your-mail-ballots-may-be-coming-sooner-than-you-thought/"
  },
  {
    "text": "\n          Blaze Lovell        ",
    "url": "https://www.civilbeat.org/author/blazelovell/"
  },
  {
    "text": "\n        \n    \n          \n        \n          Courtney Teague/Civil Beat/2018\n        \n      \n    \n  ",
    "url": "https://www.civilbeat.org/beat/state-greenlights-new-dialysis-center-in-kahului/"
  },
  {
    "text": "State Greenlights New Dialysis Center In Kahului",
    "url": "https://www.civilbeat.org/beat/state-greenlights-new-dialysis-center-in-kahului/"
  },
  {
    "text": "\n          Anita Hofschneider        ",
    "url": "https://www.civilbeat.org/author/anita/"
  },
  {
    "text": "\n        \n    \n          \n        \n          Cory Lum/Civil Beat\n        \n      \n    \n  ",
    "url": "https://www.civilbeat.org/beat/uh-gets-700k-to-study-racism-and-lung-cancer/"
  },
  {
    "text": "UH Gets $700K To Study Racism And Lung Cancer",
    "url": "https://www.civilbeat.org/beat/uh-gets-700k-to-study-racism-and-lung-cancer/"
  },
  {
    "text": "\n          Anita Hofschneider        ",
    "url": "https://www.civilbeat.org/author/anita/"
  },
  {
    "text": "\n        \n    \n          \n        \n          Courtesy: Kent Andersen/2018\n        \n      \n    \n  ",
    "url": "https://www.civilbeat.org/beat/new-phase-of-buyouts-of-volcano-damaged-homes-opens-on-big-island/"
  },
  {
    "text": "New Phase Of Buyouts Of Volcano-Damaged Homes Opens On Big Island",
    "url": "https://www.civilbeat.org/beat/new-phase-of-buyouts-of-volcano-damaged-homes-opens-on-big-island/"
  },
  {
    "text": "\n          Paula Dobbyn        ",
    "url": "https://www.civilbeat.org/author/paula-dobbyn/"
  },
  {
    "text": "\n        \n    \n          \n        \n          Navy/2022\n        \n      \n    \n  ",
    "url": "https://www.civilbeat.org/beat/hawaii-governor-says-navy-must-do-more-to-restore-trust/"
  },
  {
    "text": "Hawaii Governor Says Navy Must Do More To Restore Trust",
    "url": "https://www.civilbeat.org/beat/hawaii-governor-says-navy-must-do-more-to-restore-trust/"
  },
  {
    "text": "\n          Blaze Lovell        ",
    "url": "https://www.civilbeat.org/author/blazelovell/"
  },
  {
    "text": "\n        \n    \n          \n        \n          National Park Service via AP/2021\n        \n      \n    \n  ",
    "url": "https://www.civilbeat.org/beat/hawaii-volcanoes-national-park-gets-new-land/"
  },
  {
    "text": "Hawaii Volcanoes National Park Gets New Land",
    "url": "https://www.civilbeat.org/beat/hawaii-volcanoes-national-park-gets-new-land/"
  },
  {
    "text": "\n          The Associated Press        ",
    "url": "https://www.civilbeat.org/author/the-associated-press/"
  },
  {
    "text": "\n        \n    \n          \n        \n          Anthony Quintano/Civil Beat/2016\n        \n      \n    \n  ",
    "url": "https://www.civilbeat.org/beat/flags-to-fly-at-half-staff-in-hawaii-for-former-japan-prime-minister/"
  },
  {
    "text": "Flags To Fly At Half-Staff In Hawaii For Former Japan Prime Minister",
    "url": "https://www.civilbeat.org/beat/flags-to-fly-at-half-staff-in-hawaii-for-former-japan-prime-minister/"
  },
  {
    "text": "\n          The Associated Press        ",
    "url": "https://www.civilbeat.org/author/the-associated-press/"
  },
  {
    "text": "\n                      Candidate Q&As\n                    ",
    "url": "https://www.civilbeat.org/category/candidates-2022/"
  },
  {
    "text": "\n\t\t\t\n\t\t\tNext Page\n\t\t      ",
    "url": "#"
  },
  {
    "text": "\n\t\t\t\n\t\t\tPrevious Page\n\t\t      ",
    "url": "#"
  },
  {
    "text": "\n\t  \n\t",
    "url": "https://www.civilbeat.org/2022/07/candidate-qa-state-senate-district-4-tim-richards/"
  },
  {
    "text": "\n\t    Candidate Q&A: State Senate District 4 \u2014 Tim Richards\n\t  ",
    "url": "https://www.civilbeat.org/2022/07/candidate-qa-state-senate-district-4-tim-richards/"
  },
  {
    "text": "\n          The Civil Beat Staff        ",
    "url": "https://www.civilbeat.org/author/the-civil-beat-staff/"
  },
  {
    "text": "\n\t  \n\t",
    "url": "https://www.civilbeat.org/2022/07/candidate-qa-state-house-district-28-ernest-caravalho/"
  },
  {
    "text": "\n\t    Candidate Q&A: State House District 28 \u2014 Ernest Caravalho\n\t  ",
    "url": "https://www.civilbeat.org/2022/07/candidate-qa-state-house-district-28-ernest-caravalho/"
  },
  {
    "text": "\n          The Civil Beat Staff        ",
    "url": "https://www.civilbeat.org/author/the-civil-beat-staff/"
  },
  {
    "text": "\n\t  \n\t",
    "url": "https://www.civilbeat.org/2022/07/candidate-qa-state-house-district-26-charlotte-rosecrans/"
  },
  {
    "text": "\n\t    Candidate Q&A: State House District 26 \u2014 Charlotte Rosecrans\n\t  ",
    "url": "https://www.civilbeat.org/2022/07/candidate-qa-state-house-district-26-charlotte-rosecrans/"
  },
  {
    "text": "\n          The Civil Beat Staff        ",
    "url": "https://www.civilbeat.org/author/the-civil-beat-staff/"
  },
  {
    "text": "\n\t  \n\t",
    "url": "https://www.civilbeat.org/2022/07/candidate-qa-state-house-district-5-jeanne-kapela-3/"
  },
  {
    "text": "\n\t    Candidate Q&A: State House District 5 \u2014 Jeanne Kapela\n\t  ",
    "url": "https://www.civilbeat.org/2022/07/candidate-qa-state-house-district-5-jeanne-kapela-3/"
  },
  {
    "text": "\n          The Civil Beat Staff        ",
    "url": "https://www.civilbeat.org/author/the-civil-beat-staff/"
  },
  {
    "text": "\n\t  \n\t",
    "url": "https://www.civilbeat.org/2022/07/candidate-qa-state-house-district-6-jonathan-kennealy/"
  },
  {
    "text": "\n\t    Candidate Q&A: State House District 6 \u2014 Jonathan Kennealy\n\t  ",
    "url": "https://www.civilbeat.org/2022/07/candidate-qa-state-house-district-6-jonathan-kennealy/"
  },
  {
    "text": "\n          The Civil Beat Staff        ",
    "url": "https://www.civilbeat.org/author/the-civil-beat-staff/"
  },
  {
    "text": "\n\t  \n\t",
    "url": "https://www.civilbeat.org/2022/07/candidate-qa-state-house-district-29-carole-kauhiwai-kaapu/"
  },
  {
    "text": "\n\t    Candidate Q&A: State House District 29 \u2014 Carole Kauhiwai Kaapu\n\t  ",
    "url": "https://www.civilbeat.org/2022/07/candidate-qa-state-house-district-29-carole-kauhiwai-kaapu/"
  },
  {
    "text": "\n          The Civil Beat Staff        ",
    "url": "https://www.civilbeat.org/author/the-civil-beat-staff/"
  },
  {
    "text": "\n\t  \n\t",
    "url": "https://www.civilbeat.org/2022/07/candidate-qa-state-house-district-29-john-mizuno/"
  },
  {
    "text": "\n\t    Candidate Q&A: State House District 29 \u2014 John Mizuno\n\t  ",
    "url": "https://www.civilbeat.org/2022/07/candidate-qa-state-house-district-29-john-mizuno/"
  },
  {
    "text": "\n          The Civil Beat Staff        ",
    "url": "https://www.civilbeat.org/author/the-civil-beat-staff/"
  },
  {
    "text": "\n\t  \n\t",
    "url": "https://www.civilbeat.org/2022/07/candidate-qa-state-senate-district-7-leo-caires/"
  },
  {
    "text": "\n\t    Candidate Q&A: State Senate District 7 \u2014 Leo Caires\n\t  ",
    "url": "https://www.civilbeat.org/2022/07/candidate-qa-state-senate-district-7-leo-caires/"
  },
  {
    "text": "\n          The Civil Beat Staff        ",
    "url": "https://www.civilbeat.org/author/the-civil-beat-staff/"
  },
  {
    "text": "\n\t  \n\t",
    "url": "https://www.civilbeat.org/2022/07/candidate-qa-state-house-district-15-greg-bentley/"
  },
  {
    "text": "\n\t    Candidate Q&A: State House District 15 \u2014 Greg Bentley\n\t  ",
    "url": "https://www.civilbeat.org/2022/07/candidate-qa-state-house-district-15-greg-bentley/"
  },
  {
    "text": "\n          The Civil Beat Staff        ",
    "url": "https://www.civilbeat.org/author/the-civil-beat-staff/"
  },
  {
    "text": "\n\t  \n\t",
    "url": "https://www.civilbeat.org/2022/07/candidate-qa-2nd-congressional-district-michelle-tippens/"
  },
  {
    "text": "\n\t    Candidate Q&A: 2nd Congressional District: Michelle Tippens\n\t  ",
    "url": "https://www.civilbeat.org/2022/07/candidate-qa-2nd-congressional-district-michelle-tippens/"
  },
  {
    "text": "\n          The Civil Beat Staff        ",
    "url": "https://www.civilbeat.org/author/the-civil-beat-staff/"
  },
  {
    "text": "\n        \n    \n    \n  ",
    "url": "https://www.civilbeat.org/2022/07/candidate-qa-state-senate-district-4-tim-richards/"
  },
  {
    "text": "Candidate Q&A: State Senate District 4 \u2014 Tim Richards",
    "url": "https://www.civilbeat.org/2022/07/candidate-qa-state-senate-district-4-tim-richards/"
  },
  {
    "text": "\n          The Civil Beat Staff        ",
    "url": "https://www.civilbeat.org/author/the-civil-beat-staff/"
  },
  {
    "text": "\n        \n    \n    \n  ",
    "url": "https://www.civilbeat.org/2022/07/candidate-qa-state-house-district-28-ernest-caravalho/"
  },
  {
    "text": "Candidate Q&A: State House District 28 \u2014 Ernest Caravalho",
    "url": "https://www.civilbeat.org/2022/07/candidate-qa-state-house-district-28-ernest-caravalho/"
  },
  {
    "text": "\n          The Civil Beat Staff        ",
    "url": "https://www.civilbeat.org/author/the-civil-beat-staff/"
  },
  {
    "text": "\n        \n    \n    \n  ",
    "url": "https://www.civilbeat.org/2022/07/candidate-qa-state-house-district-26-charlotte-rosecrans/"
  },
  {
    "text": "Candidate Q&A: State House District 26 \u2014 Charlotte Rosecrans",
    "url": "https://www.civilbeat.org/2022/07/candidate-qa-state-house-district-26-charlotte-rosecrans/"
  },
  {
    "text": "\n          The Civil Beat Staff        ",
    "url": "https://www.civilbeat.org/author/the-civil-beat-staff/"
  },
  {
    "text": "\n        \n    \n    \n  ",
    "url": "https://www.civilbeat.org/2022/07/candidate-qa-state-house-district-5-jeanne-kapela-3/"
  },
  {
    "text": "Candidate Q&A: State House District 5 \u2014 Jeanne Kapela",
    "url": "https://www.civilbeat.org/2022/07/candidate-qa-state-house-district-5-jeanne-kapela-3/"
  },
  {
    "text": "\n          The Civil Beat Staff        ",
    "url": "https://www.civilbeat.org/author/the-civil-beat-staff/"
  },
  {
    "text": "\n        \n    \n    \n  ",
    "url": "https://www.civilbeat.org/2022/07/candidate-qa-state-house-district-6-jonathan-kennealy/"
  },
  {
    "text": "Candidate Q&A: State House District 6 \u2014 Jonathan Kennealy",
    "url": "https://www.civilbeat.org/2022/07/candidate-qa-state-house-district-6-jonathan-kennealy/"
  },
  {
    "text": "\n          The Civil Beat Staff        ",
    "url": "https://www.civilbeat.org/author/the-civil-beat-staff/"
  },
  {
    "text": "\n        \n    \n    \n  ",
    "url": "https://www.civilbeat.org/2022/07/candidate-qa-state-house-district-29-carole-kauhiwai-kaapu/"
  },
  {
    "text": "Candidate Q&A: State House District 29 \u2014 Carole Kauhiwai Kaapu",
    "url": "https://www.civilbeat.org/2022/07/candidate-qa-state-house-district-29-carole-kauhiwai-kaapu/"
  },
  {
    "text": "\n          The Civil Beat Staff        ",
    "url": "https://www.civilbeat.org/author/the-civil-beat-staff/"
  },
  {
    "text": "\n        \n    \n    \n  ",
    "url": "https://www.civilbeat.org/2022/07/candidate-qa-state-house-district-29-john-mizuno/"
  },
  {
    "text": "Candidate Q&A: State House District 29 \u2014 John Mizuno",
    "url": "https://www.civilbeat.org/2022/07/candidate-qa-state-house-district-29-john-mizuno/"
  },
  {
    "text": "\n          The Civil Beat Staff        ",
    "url": "https://www.civilbeat.org/author/the-civil-beat-staff/"
  },
  {
    "text": "\n        \n    \n    \n  ",
    "url": "https://www.civilbeat.org/2022/07/candidate-qa-state-senate-district-7-leo-caires/"
  },
  {
    "text": "Candidate Q&A: State Senate District 7 \u2014 Leo Caires",
    "url": "https://www.civilbeat.org/2022/07/candidate-qa-state-senate-district-7-leo-caires/"
  },
  {
    "text": "\n          The Civil Beat Staff        ",
    "url": "https://www.civilbeat.org/author/the-civil-beat-staff/"
  },
  {
    "text": "\n        \n    \n    \n  ",
    "url": "https://www.civilbeat.org/2022/07/candidate-qa-state-house-district-15-greg-bentley/"
  },
  {
    "text": "Candidate Q&A: State House District 15 \u2014 Greg Bentley",
    "url": "https://www.civilbeat.org/2022/07/candidate-qa-state-house-district-15-greg-bentley/"
  },
  {
    "text": "\n          The Civil Beat Staff        ",
    "url": "https://www.civilbeat.org/author/the-civil-beat-staff/"
  },
  {
    "text": "\n        \n    \n    \n  ",
    "url": "https://www.civilbeat.org/2022/07/candidate-qa-2nd-congressional-district-michelle-tippens/"
  },
  {
    "text": "Candidate Q&A: 2nd Congressional District: Michelle Tippens",
    "url": "https://www.civilbeat.org/2022/07/candidate-qa-2nd-congressional-district-michelle-tippens/"
  },
  {
    "text": "\n          The Civil Beat Staff        ",
    "url": "https://www.civilbeat.org/author/the-civil-beat-staff/"
  },
  {
    "text": "See All",
    "url": "https://www.civilbeat.org/category/candidates-2022/"
  },
  {
    "text": "\n\t\t\t\n\t\t\tNext Page\n\t\t      ",
    "url": "#"
  },
  {
    "text": "\n\t\t\t\n\t\t\tPrevious Page\n\t\t      ",
    "url": "#"
  },
  {
    "text": "\n        \n    \n          \n        \n          Getty Images/iStockphoto\n        \n      \n      ",
    "url": "https://www.civilbeat.org/2022/07/catherine-toth-fox-instagram-is-having-an-identity-crisis-im-over-it/"
  },
  {
    "text": "Catherine Toth Fox: Instagram Is Having An Identity Crisis. I\u2019m Over It",
    "url": "https://www.civilbeat.org/2022/07/catherine-toth-fox-instagram-is-having-an-identity-crisis-im-over-it/"
  },
  {
    "text": "\n          Catherine Toth Fox        ",
    "url": "https://www.civilbeat.org/author/catherine-toth-fox/"
  },
  {
    "text": "\n        \n    \n          \n        \n          Cory Lum/Civil Beat/2020\n        \n      \n      ",
    "url": "https://www.civilbeat.org/2022/07/thebus-is-trying-to-recover-riders-lost-during-the-pandemic-why-not-cut-fares/"
  },
  {
    "text": "TheBus Is Trying To Recover Riders Lost During The Pandemic. Why Not Cut Fares?",
    "url": "https://www.civilbeat.org/2022/07/thebus-is-trying-to-recover-riders-lost-during-the-pandemic-why-not-cut-fares/"
  },
  {
    "text": "\n          Marcel Honore        ",
    "url": "https://www.civilbeat.org/author/marcelhonore/"
  },
  {
    "text": "\n        \n    \n          \n        \n          Cory Lum/Civil Beat/2022\n        \n      \n      ",
    "url": "https://www.civilbeat.org/2022/07/molokai-travelers-have-direct-line-to-airline-executive-who-can-make-a-flight-appear/"
  },
  {
    "text": "Molokai Travelers Have Direct Line To Airline Executive Who Can \u2018Make A Flight Appear\u2019",
    "url": "https://www.civilbeat.org/2022/07/molokai-travelers-have-direct-line-to-airline-executive-who-can-make-a-flight-appear/"
  },
  {
    "text": "\n          Brittany Lyte        ",
    "url": "https://www.civilbeat.org/author/brittanylyte/"
  },
  {
    "text": "\n        \n    \n          \n        \n          U.S. District Court via AP\n        \n      \n      ",
    "url": "https://www.civilbeat.org/2022/07/invisible-ink-coded-papers-the-mystery-of-a-kapolei-couple-accused-of-id-theft/"
  },
  {
    "text": "Invisible Ink. Coded Papers. The Mystery Of A Kapolei Couple Accused Of ID Theft",
    "url": "https://www.civilbeat.org/2022/07/invisible-ink-coded-papers-the-mystery-of-a-kapolei-couple-accused-of-id-theft/"
  },
  {
    "text": "\n          The Associated Press        ",
    "url": "https://www.civilbeat.org/author/the-associated-press/"
  },
  {
    "text": "\n        \n    \n          \n        \n          Flickr: Nathan Smith\n        \n      \n      ",
    "url": "https://www.civilbeat.org/2022/07/hawaii-schools-are-struggling-to-get-seniors-to-apply-for-college-financial-aid/"
  },
  {
    "text": "Hawaii Schools Are Struggling To Get Seniors To Apply For College Financial Aid",
    "url": "https://www.civilbeat.org/2022/07/hawaii-schools-are-struggling-to-get-seniors-to-apply-for-college-financial-aid/"
  },
  {
    "text": "\n          Jessica Terrell        ",
    "url": "https://www.civilbeat.org/author/jterrellcivilbeat-com/"
  },
  {
    "text": "\n        \n    \n          \n        \n          April Estrellon/Civil Beat/2022\n        \n      \n      ",
    "url": "https://www.civilbeat.org/2022/07/candidates-seeking-big-island-house-seat-differ-on-style-campaign-fundraising/"
  },
  {
    "text": "Candidates Seeking Big Island House Seat Differ On Style, Campaign Fundraising",
    "url": "https://www.civilbeat.org/2022/07/candidates-seeking-big-island-house-seat-differ-on-style-campaign-fundraising/"
  },
  {
    "text": "\n          Paula Dobbyn        ",
    "url": "https://www.civilbeat.org/author/paula-dobbyn/"
  },
  {
    "text": "\n        \n    \n      ",
    "url": "https://www.civilbeat.org/2022/07/candidate-qa-state-house-district-5-jeanne-kapela-3/"
  },
  {
    "text": "Candidate Q&A: State House District 5 \u2014 Jeanne Kapela",
    "url": "https://www.civilbeat.org/2022/07/candidate-qa-state-house-district-5-jeanne-kapela-3/"
  },
  {
    "text": "\n          The Civil Beat Staff        ",
    "url": "https://www.civilbeat.org/author/the-civil-beat-staff/"
  },
  {
    "text": "\n        \n    \n      ",
    "url": "https://www.civilbeat.org/2022/07/candidate-qa-maui-county-council-makawao-haiku-paia-district-aram-armstrong/"
  },
  {
    "text": "Candidate Q&A: Maui County Council Makawao-Haiku-Paia District \u2014 Aram Armstrong",
    "url": "https://www.civilbeat.org/2022/07/candidate-qa-maui-county-council-makawao-haiku-paia-district-aram-armstrong/"
  },
  {
    "text": "\n          The Civil Beat Staff        ",
    "url": "https://www.civilbeat.org/author/the-civil-beat-staff/"
  },
  {
    "text": "\n        \n    \n          \n        \n          Screenshot/2022\n        \n      \n      ",
    "url": "https://www.civilbeat.org/2022/07/hawaii-youth-need-adult-help-in-learning-to-ride-bikes/"
  },
  {
    "text": "Hawaii Youth Need Adult Help In Learning To Ride Bikes",
    "url": "https://www.civilbeat.org/2022/07/hawaii-youth-need-adult-help-in-learning-to-ride-bikes/"
  },
  {
    "text": "\n          Brian Canevari        ",
    "url": "https://www.civilbeat.org/author/brian-canevari/"
  },
  {
    "text": "\n        \n    \n          \n        \n          Cory Lum/Civil Beat/2021\n        \n      \n      ",
    "url": "https://www.civilbeat.org/2022/07/candidates-for-honolulus-district-6-vow-to-tackle-housing-corruption-and-crime/"
  },
  {
    "text": "Candidates For Honolulu\u2019s District 6 Vow To Tackle Housing, Corruption And Crime",
    "url": "https://www.civilbeat.org/2022/07/candidates-for-honolulus-district-6-vow-to-tackle-housing-corruption-and-crime/"
  },
  {
    "text": "\n          Kirstin Downey        ",
    "url": "https://www.civilbeat.org/author/kirstin-downey/"
  },
  {
    "text": "\n                      Columns & Editorials\n                    ",
    "url": "https://www.civilbeat.org/ideas/"
  },
  {
    "text": "\n\t\t\t\n\t\t\tNext Page\n\t\t      ",
    "url": "#"
  },
  {
    "text": "\n\t\t\t\n\t\t\tPrevious Page\n\t\t      ",
    "url": "#"
  },
  {
    "text": "\n\t\n\t\n      ",
    "url": "https://www.civilbeat.org/2022/07/catherine-toth-fox-instagram-is-having-an-identity-crisis-im-over-it/"
  },
  {
    "text": "Catherine Toth Fox: Instagram Is Having An Identity Crisis. I\u2019m Over It",
    "url": "https://www.civilbeat.org/2022/07/catherine-toth-fox-instagram-is-having-an-identity-crisis-im-over-it/"
  },
  {
    "text": "\n\t\n\t\n      ",
    "url": "https://www.civilbeat.org/2022/07/eric-stinton-the-boxing-club-where-young-men-have-fought-their-way-out-of-trouble-for-90-years/"
  },
  {
    "text": "Eric Stinton: A Boxing Club For Troubled Youth Gets New Life In Kalihi",
    "url": "https://www.civilbeat.org/2022/07/eric-stinton-the-boxing-club-where-young-men-have-fought-their-way-out-of-trouble-for-90-years/"
  },
  {
    "text": "\n\t\n\t\n      ",
    "url": "https://www.civilbeat.org/2022/07/denby-fawcett-hawaii-political-campaigns-have-lost-all-the-fun-and-excitement/"
  },
  {
    "text": "Denby Fawcett: Hawaii Political Campaigns Have Lost All The Fun And Excitement",
    "url": "https://www.civilbeat.org/2022/07/denby-fawcett-hawaii-political-campaigns-have-lost-all-the-fun-and-excitement/"
  },
  {
    "text": "\n\t\n\t\n      ",
    "url": "https://www.civilbeat.org/2022/07/danny-de-gracia-take-a-deep-breath-and-consider-all-the-angles-before-voting/"
  },
  {
    "text": "Danny De Gracia: Take A Deep Breath And Consider All The Angles Before Voting",
    "url": "https://www.civilbeat.org/2022/07/danny-de-gracia-take-a-deep-breath-and-consider-all-the-angles-before-voting/"
  },
  {
    "text": "\n\t\n\t\n      ",
    "url": "https://www.civilbeat.org/2022/07/keona-blanks-aina-based-education-is-the-path-to-a-sustainable-future/"
  },
  {
    "text": "Keona Blanks: Aina-Based Education Is The Path To A Sustainable Future",
    "url": "https://www.civilbeat.org/2022/07/keona-blanks-aina-based-education-is-the-path-to-a-sustainable-future/"
  },
  {
    "text": "\n\t\n\t\n      ",
    "url": "https://www.civilbeat.org/2022/07/neal-milner-debates-are-rarely-game-changers-why-do-we-still-have-them/"
  },
  {
    "text": "Neal Milner: Debates Are Rarely Game-Changers. Why Do We Still Have Them?",
    "url": "https://www.civilbeat.org/2022/07/neal-milner-debates-are-rarely-game-changers-why-do-we-still-have-them/"
  },
  {
    "text": "\n\t\n\t\n      ",
    "url": "https://www.civilbeat.org/2022/07/iges-rationale-to-veto-the-public-records-bill-doesnt-pass-the-smell-test/"
  },
  {
    "text": "Ige\u2019s Rationale To Veto The Public Records Bill Doesn\u2019t Pass The Smell Test",
    "url": "https://www.civilbeat.org/2022/07/iges-rationale-to-veto-the-public-records-bill-doesnt-pass-the-smell-test/"
  },
  {
    "text": "\n\t\n\t\n      ",
    "url": "https://www.civilbeat.org/2022/07/chad-blair-why-hawaii-voters-should-know-exactly-who-they-are-voting-for/"
  },
  {
    "text": "Chad Blair: Why Hawaii Voters Should Know Exactly Who They Are Voting For",
    "url": "https://www.civilbeat.org/2022/07/chad-blair-why-hawaii-voters-should-know-exactly-who-they-are-voting-for/"
  },
  {
    "text": "\n\t\n\t\n      ",
    "url": "https://www.civilbeat.org/2022/06/sally-kaye-how-secure-are-hawaiis-abortion-laws/"
  },
  {
    "text": "Sally Kaye: How Secure Are Hawaii\u2019s Abortion Laws?",
    "url": "https://www.civilbeat.org/2022/06/sally-kaye-how-secure-are-hawaiis-abortion-laws/"
  },
  {
    "text": "\n\t\n\t\n      ",
    "url": "https://www.civilbeat.org/2022/05/lee-cataluna-so-much-for-hpds-fresh-start-with-a-new-chief/"
  },
  {
    "text": "Lee Cataluna: So Much For HPD\u2019s Fresh Start With A New Chief",
    "url": "https://www.civilbeat.org/2022/05/lee-cataluna-so-much-for-hpds-fresh-start-with-a-new-chief/"
  },
  {
    "text": "See All",
    "url": "https://www.civilbeat.org/ideas/"
  },
  {
    "text": "\n                      Essays\n                    ",
    "url": "https://www.civilbeat.org/ideas/"
  },
  {
    "text": "\n\t\t\t\n\t\t\tNext Page\n\t\t      ",
    "url": "#"
  },
  {
    "text": "\n\t\t\t\n\t\t\tPrevious Page\n\t\t      ",
    "url": "#"
  },
  {
    "text": "\n\t  \n\t",
    "url": "https://www.civilbeat.org/2022/07/how-to-make-hawaiis-legislature-work-better-for-the-public/"
  },
  {
    "text": "\n\t    How To Make Hawaii\u2019s Legislature Work Better For The Public\n\t  ",
    "url": "https://www.civilbeat.org/2022/07/how-to-make-hawaiis-legislature-work-better-for-the-public/"
  },
  {
    "text": "\n          Chad Blair,        ",
    "url": "https://www.civilbeat.org/author/cblair/"
  },
  {
    "text": "\n          Keona Blanks        ",
    "url": "https://www.civilbeat.org/author/keona-blanks/"
  },
  {
    "text": "\n\t  \n\t",
    "url": "https://www.civilbeat.org/2022/07/hawaiis-system-of-public-funding-for-elections-doesnt-work/"
  },
  {
    "text": "\n\t    Hawaii\u2019s System Of Public Funding For Elections Doesn\u2019t Work\n\t  ",
    "url": "https://www.civilbeat.org/2022/07/hawaiis-system-of-public-funding-for-elections-doesnt-work/"
  },
  {
    "text": "\n          Colin Moore        ",
    "url": "https://www.civilbeat.org/author/colin-moore/"
  },
  {
    "text": "\n\t  \n\t",
    "url": "https://www.civilbeat.org/2022/06/its-time-to-scrap-voting-yes-with-reservations-at-the-legislature/"
  },
  {
    "text": "\n\t    It\u2019s Time To Scrap Voting \u2018Yes With Reservations\u2019 At The Legislature\n\t  ",
    "url": "https://www.civilbeat.org/2022/06/its-time-to-scrap-voting-yes-with-reservations-at-the-legislature/"
  },
  {
    "text": "\n          Civil Beat Editorial Board        ",
    "url": "https://www.civilbeat.org/author/civil-beat-editorial-board/"
  },
  {
    "text": "\n\t  \n\t",
    "url": "https://www.civilbeat.org/2022/06/heres-an-easy-way-to-help-watchdog-government-tell-gov-ige-not-to-blow-it/"
  },
  {
    "text": "\n\t    Here\u2019s An Easy Way To Help Watchdog Government. Tell Gov. Ige Not To Blow It\n\t  ",
    "url": "https://www.civilbeat.org/2022/06/heres-an-easy-way-to-help-watchdog-government-tell-gov-ige-not-to-blow-it/"
  },
  {
    "text": "\n          Civil Beat Editorial Board        ",
    "url": "https://www.civilbeat.org/author/civil-beat-editorial-board/"
  },
  {
    "text": "\n\t  \n\t",
    "url": "https://www.civilbeat.org/2022/06/legislature-erred-in-letting-police-involved-fatality-review-panel-expire/"
  },
  {
    "text": "\n\t    Legislature Erred In Letting Police-Involved Fatality Review Panel Expire\n\t  ",
    "url": "https://www.civilbeat.org/2022/06/legislature-erred-in-letting-police-involved-fatality-review-panel-expire/"
  },
  {
    "text": "\n          Civil Beat Editorial Board        ",
    "url": "https://www.civilbeat.org/author/civil-beat-editorial-board/"
  },
  {
    "text": "\n\t  \n\t",
    "url": "https://www.civilbeat.org/2022/05/dont-let-the-proposed-honolulu-police-ballot-questions-die/"
  },
  {
    "text": "\n\t    Don\u2019t Let The Proposed Honolulu Police Ballot Questions Die\n\t  ",
    "url": "https://www.civilbeat.org/2022/05/dont-let-the-proposed-honolulu-police-ballot-questions-die/"
  },
  {
    "text": "\n          Civil Beat Editorial Board        ",
    "url": "https://www.civilbeat.org/author/civil-beat-editorial-board/"
  },
  {
    "text": "\n\t  \n\t",
    "url": "https://www.civilbeat.org/2022/05/junked-vehicles-how-one-hawaii-lawmaker-turned-a-good-idea-into-reality/"
  },
  {
    "text": "\n\t    Junked Vehicles: How One Hawaii Lawmaker Turned A Good Idea Into Reality\n\t  ",
    "url": "https://www.civilbeat.org/2022/05/junked-vehicles-how-one-hawaii-lawmaker-turned-a-good-idea-into-reality/"
  },
  {
    "text": "\n          Chad Blair        ",
    "url": "https://www.civilbeat.org/author/cblair/"
  },
  {
    "text": "\n\t  \n\t",
    "url": "https://www.civilbeat.org/2022/05/here-are-some-good-ideas-that-are-poised-to-make-it-through-the-legislature/"
  },
  {
    "text": "\n\t    Here Are Some Good Ideas That Are Poised To Make It Through The Legislature\n\t  ",
    "url": "https://www.civilbeat.org/2022/05/here-are-some-good-ideas-that-are-poised-to-make-it-through-the-legislature/"
  },
  {
    "text": "\n          Chad Blair        ",
    "url": "https://www.civilbeat.org/author/cblair/"
  },
  {
    "text": "\n        \n    \n          \n        \n          Cory Lum/Civil Beat/2022\n        \n      \n    \n  ",
    "url": "https://www.civilbeat.org/2022/07/how-to-make-hawaiis-legislature-work-better-for-the-public/"
  },
  {
    "text": "How To Make Hawaii\u2019s Legislature Work Better For The Public",
    "url": "https://www.civilbeat.org/2022/07/how-to-make-hawaiis-legislature-work-better-for-the-public/"
  },
  {
    "text": "\n          Chad Blair,        ",
    "url": "https://www.civilbeat.org/author/cblair/"
  },
  {
    "text": "\n          Keona Blanks        ",
    "url": "https://www.civilbeat.org/author/keona-blanks/"
  },
  {
    "text": "\n        \n    \n          \n        \n          iStock\n        \n      \n    \n  ",
    "url": "https://www.civilbeat.org/2022/07/hawaiis-system-of-public-funding-for-elections-doesnt-work/"
  },
  {
    "text": "Hawaii\u2019s System Of Public Funding For Elections Doesn\u2019t Work",
    "url": "https://www.civilbeat.org/2022/07/hawaiis-system-of-public-funding-for-elections-doesnt-work/"
  },
  {
    "text": "\n          Colin Moore        ",
    "url": "https://www.civilbeat.org/author/colin-moore/"
  },
  {
    "text": "\n        \n    \n          \n        \n          Cory Lum/Civil Beat/2019\n        \n      \n    \n  ",
    "url": "https://www.civilbeat.org/2022/06/its-time-to-scrap-voting-yes-with-reservations-at-the-legislature/"
  },
  {
    "text": "It\u2019s Time To Scrap Voting \u2018Yes With Reservations\u2019 At The Legislature",
    "url": "https://www.civilbeat.org/2022/06/its-time-to-scrap-voting-yes-with-reservations-at-the-legislature/"
  },
  {
    "text": "\n          Civil Beat Editorial Board        ",
    "url": "https://www.civilbeat.org/author/civil-beat-editorial-board/"
  },
  {
    "text": "\n        \n    \n          \n        \n          Cory Lum/Civil Beat/2021\n        \n      \n    \n  ",
    "url": "https://www.civilbeat.org/2022/06/heres-an-easy-way-to-help-watchdog-government-tell-gov-ige-not-to-blow-it/"
  },
  {
    "text": "Here\u2019s An Easy Way To Help Watchdog Government. Tell Gov. Ige Not To Blow It",
    "url": "https://www.civilbeat.org/2022/06/heres-an-easy-way-to-help-watchdog-government-tell-gov-ige-not-to-blow-it/"
  },
  {
    "text": "\n          Civil Beat Editorial Board        ",
    "url": "https://www.civilbeat.org/author/civil-beat-editorial-board/"
  },
  {
    "text": "\n        \n    \n          \n        \n          Cory Lum/Civil Beat/2021\n        \n      \n    \n  ",
    "url": "https://www.civilbeat.org/2022/06/legislature-erred-in-letting-police-involved-fatality-review-panel-expire/"
  },
  {
    "text": "Legislature Erred In Letting Police-Involved Fatality Review Panel Expire",
    "url": "https://www.civilbeat.org/2022/06/legislature-erred-in-letting-police-involved-fatality-review-panel-expire/"
  },
  {
    "text": "\n          Civil Beat Editorial Board        ",
    "url": "https://www.civilbeat.org/author/civil-beat-editorial-board/"
  },
  {
    "text": "\n        \n    \n          \n        \n          Cory Lum/Civil Beat/2021\n        \n      \n    \n  ",
    "url": "https://www.civilbeat.org/2022/05/dont-let-the-proposed-honolulu-police-ballot-questions-die/"
  },
  {
    "text": "Don\u2019t Let The Proposed Honolulu Police Ballot Questions Die",
    "url": "https://www.civilbeat.org/2022/05/dont-let-the-proposed-honolulu-police-ballot-questions-die/"
  },
  {
    "text": "\n          Civil Beat Editorial Board        ",
    "url": "https://www.civilbeat.org/author/civil-beat-editorial-board/"
  },
  {
    "text": "\n        \n    \n          \n        \n          Anthony Quintano/Civil Beat.2017\n        \n      \n    \n  ",
    "url": "https://www.civilbeat.org/2022/05/junked-vehicles-how-one-hawaii-lawmaker-turned-a-good-idea-into-reality/"
  },
  {
    "text": "Junked Vehicles: How One Hawaii Lawmaker Turned A Good Idea Into Reality",
    "url": "https://www.civilbeat.org/2022/05/junked-vehicles-how-one-hawaii-lawmaker-turned-a-good-idea-into-reality/"
  },
  {
    "text": "\n          Chad Blair        ",
    "url": "https://www.civilbeat.org/author/cblair/"
  },
  {
    "text": "\n        \n    \n          \n        \n          Cory Lum/Civil Beat/2022\n        \n      \n    \n  ",
    "url": "https://www.civilbeat.org/2022/05/here-are-some-good-ideas-that-are-poised-to-make-it-through-the-legislature/"
  },
  {
    "text": "Here Are Some Good Ideas That Are Poised To Make It Through The Legislature",
    "url": "https://www.civilbeat.org/2022/05/here-are-some-good-ideas-that-are-poised-to-make-it-through-the-legislature/"
  },
  {
    "text": "\n          Chad Blair        ",
    "url": "https://www.civilbeat.org/author/cblair/"
  },
  {
    "text": "See All",
    "url": "https://www.civilbeat.org/ideas/"
  },
  {
    "text": "\n                      Political Cartoons\n                    ",
    "url": "https://www.civilbeat.org/category/political-cartoon/"
  },
  {
    "text": "\n        \n    \n          \n        \n          John Pritchett/Civil Beat/2022\n        \n      \n    \n  ",
    "url": "https://www.civilbeat.org/2022/07/john-pritchett-duking-it-out/"
  },
  {
    "text": "John Pritchett: Duking It Out",
    "url": "https://www.civilbeat.org/2022/07/john-pritchett-duking-it-out/"
  },
  {
    "text": "\n          John Pritchett        ",
    "url": "https://www.civilbeat.org/author/john-pritchett/"
  },
  {
    "text": "\n        \n    \n          \n        \n          John Pritchett/Civil Beat/2022\n        \n      \n    \n  ",
    "url": "https://www.civilbeat.org/2022/07/john-pritchett-the-frog-whisperer/"
  },
  {
    "text": "John Pritchett: The Frog Whisperer",
    "url": "https://www.civilbeat.org/2022/07/john-pritchett-the-frog-whisperer/"
  },
  {
    "text": "\n          John Pritchett        ",
    "url": "https://www.civilbeat.org/author/john-pritchett/"
  },
  {
    "text": "\n        \n    \n          \n        \n          John Pritchett/Civil Beat/2022\n        \n      \n    \n  ",
    "url": "https://www.civilbeat.org/2022/07/john-pritchett-getting-the-point/"
  },
  {
    "text": "John Pritchett: Getting The Point",
    "url": "https://www.civilbeat.org/2022/07/john-pritchett-getting-the-point/"
  },
  {
    "text": "\n          John Pritchett        ",
    "url": "https://www.civilbeat.org/author/john-pritchett/"
  },
  {
    "text": "\n        \n    \n          \n        \n          John Pritchett/Civil Beat/2022\n        \n      \n    \n  ",
    "url": "https://www.civilbeat.org/2022/07/john-pritchett-things-money-can-buy/"
  },
  {
    "text": "John Pritchett: Things Money Can Buy",
    "url": "https://www.civilbeat.org/2022/07/john-pritchett-things-money-can-buy/"
  },
  {
    "text": "\n          John Pritchett        ",
    "url": "https://www.civilbeat.org/author/john-pritchett/"
  },
  {
    "text": "See All",
    "url": "https://www.civilbeat.org/category/political-cartoon/"
  },
  {
    "text": "\n                      Community Voices\n                    ",
    "url": "https://www.civilbeat.org/ideas/"
  },
  {
    "text": "\n\t\t\t\n\t\t\tNext Page\n\t\t      ",
    "url": "#"
  },
  {
    "text": "\n\t\t\t\n\t\t\tPrevious Page\n\t\t      ",
    "url": "#"
  },
  {
    "text": "\n        \n    \n          \n        \n          Screenshot/2022\n        \n      \n    \n  ",
    "url": "https://www.civilbeat.org/2022/07/hawaii-youth-need-adult-help-in-learning-to-ride-bikes/"
  },
  {
    "text": "Hawaii Youth Need Adult Help In Learning To Ride Bikes",
    "url": "https://www.civilbeat.org/2022/07/hawaii-youth-need-adult-help-in-learning-to-ride-bikes/"
  },
  {
    "text": "\n          Brian Canevari        ",
    "url": "https://www.civilbeat.org/author/brian-canevari/"
  },
  {
    "text": "\n        \n    \n          \n        \n          Ku\u02bbu Kauanoe/Civil Beat/2022\n        \n      \n    \n  ",
    "url": "https://www.civilbeat.org/2022/07/hawaii-gov-david-iges-empty-promises-on-government-accountability/"
  },
  {
    "text": "Hawaii Gov. David Ige\u2019s Empty Promises On Government Accountability",
    "url": "https://www.civilbeat.org/2022/07/hawaii-gov-david-iges-empty-promises-on-government-accountability/"
  },
  {
    "text": "\n          Brian Black,        ",
    "url": "https://www.civilbeat.org/author/brian-black/"
  },
  {
    "text": "\n          Stephanie Frisinger        ",
    "url": "https://www.civilbeat.org/author/stephanie-frisinger/"
  },
  {
    "text": "\n        \n    \n          \n        \n          Hawaii DOH\n        \n      \n    \n  ",
    "url": "https://www.civilbeat.org/2022/07/does-our-state-government-have-too-many-boxes/"
  },
  {
    "text": "Does Our State Government Have Too Many Boxes?",
    "url": "https://www.civilbeat.org/2022/07/does-our-state-government-have-too-many-boxes/"
  },
  {
    "text": "\n          Victoria Fan        ",
    "url": "https://www.civilbeat.org/author/victoria-fan/"
  },
  {
    "text": "\n        \n    \n          \n        \n          U.S. Congress\n        \n      \n    \n  ",
    "url": "https://www.civilbeat.org/2022/07/a-warning-on-hawaiis-housing-crisis-from-1970/"
  },
  {
    "text": "A Warning On Hawaii\u2019s Housing Crisis \u2014 From 1970",
    "url": "https://www.civilbeat.org/2022/07/a-warning-on-hawaiis-housing-crisis-from-1970/"
  },
  {
    "text": "\n          Perry Arrasmith        ",
    "url": "https://www.civilbeat.org/author/perry-arrasmith/"
  },
  {
    "text": "\n        \n    \n          \n        \n          Ludwig Laab/Civil Beat/2022\n        \n      \n    \n  ",
    "url": "https://www.civilbeat.org/2022/07/candidates-for-office-should-emphasize-climate-resilient-development/"
  },
  {
    "text": "Candidates For Office Should Emphasize Climate Resilient Development",
    "url": "https://www.civilbeat.org/2022/07/candidates-for-office-should-emphasize-climate-resilient-development/"
  },
  {
    "text": "\n          Chip Fletcher        ",
    "url": "https://www.civilbeat.org/author/chip-fletcher/"
  },
  {
    "text": "\n        \n    \n          \n        \n          Anthony Quintano/Civil Beat/2017\n        \n      \n    \n  ",
    "url": "https://www.civilbeat.org/2022/07/why-arent-our-candidates-for-governor-discussing-energy/"
  },
  {
    "text": "Why Aren\u2019t Our Candidates For Governor Discussing Energy?",
    "url": "https://www.civilbeat.org/2022/07/why-arent-our-candidates-for-governor-discussing-energy/"
  },
  {
    "text": "\n          Richard Ha        ",
    "url": "https://www.civilbeat.org/author/richard-h/"
  },
  {
    "text": "\n        \n    \n          \n        \n          Cory Lum/Civil Beat/2021\n        \n      \n    \n  ",
    "url": "https://www.civilbeat.org/2022/07/lets-not-wait-another-year-to-fix-emergency-statute/"
  },
  {
    "text": "Let\u2019s Not Wait Another Year To Fix Emergency Statute",
    "url": "https://www.civilbeat.org/2022/07/lets-not-wait-another-year-to-fix-emergency-statute/"
  },
  {
    "text": "\n          Kelii Akina        ",
    "url": "https://www.civilbeat.org/author/kelii-akina/"
  },
  {
    "text": "\n        \n    \n          \n        \n          Submitted\n        \n      \n    \n  ",
    "url": "https://www.civilbeat.org/2022/07/my-year-serving-on-the-honolulu-youth-commission/"
  },
  {
    "text": "My Year Serving On The Honolulu Youth Commission",
    "url": "https://www.civilbeat.org/2022/07/my-year-serving-on-the-honolulu-youth-commission/"
  },
  {
    "text": "\n          Cardenas Pintor        ",
    "url": "https://www.civilbeat.org/author/cardenas-pintor/"
  },
  {
    "text": "\n        \n    \n          \n        \n          Kenneth Hayes and Norine Yeung/Florida Museum\n        \n      \n    \n  ",
    "url": "https://www.civilbeat.org/2022/06/saving-endemic-hawaiian-snails-is-a-moral-imperative/"
  },
  {
    "text": "Saving Endemic Hawaiian Snails Is A Moral imperative",
    "url": "https://www.civilbeat.org/2022/06/saving-endemic-hawaiian-snails-is-a-moral-imperative/"
  },
  {
    "text": "\n          Bailey Spry        ",
    "url": "https://www.civilbeat.org/author/bailey-spry/"
  },
  {
    "text": "\n        \n    \n          \n        \n          Courtesy: Crawford Architects\n        \n      \n    \n  ",
    "url": "https://www.civilbeat.org/2022/06/sadly-the-future-of-aloha-stadium-remains-all-too-murky/"
  },
  {
    "text": "Sadly, The Future Of Aloha Stadium Remains All Too Murky",
    "url": "https://www.civilbeat.org/2022/06/sadly-the-future-of-aloha-stadium-remains-all-too-murky/"
  },
  {
    "text": "\n          John Kawamoto        ",
    "url": "https://www.civilbeat.org/author/john-kawamoto/"
  },
  {
    "text": "See All",
    "url": "https://www.civilbeat.org/ideas/"
  },
  {
    "text": "\n                      Special Projects\n                    ",
    "url": "https://www.civilbeat.org/series"
  },
  {
    "text": "\n    \n  ",
    "url": "https://www.civilbeat.org/projects/journey-to-care/"
  },
  {
    "text": "Journey To Care",
    "url": "https://www.civilbeat.org/projects/journey-to-care/"
  },
  {
    "text": "\n    \n  ",
    "url": "https://www.civilbeat.org/projects/hawaii-v-parental-rights/"
  },
  {
    "text": "Hawaii v. Parental Rights",
    "url": "https://www.civilbeat.org/projects/hawaii-v-parental-rights/"
  },
  {
    "text": "\n    \n  ",
    "url": "https://www.civilbeat.org/projects/struggling-to-get-by/"
  },
  {
    "text": "Struggling To Get By",
    "url": "https://www.civilbeat.org/projects/struggling-to-get-by/"
  },
  {
    "text": "\n    \n  ",
    "url": "https://www.civilbeat.org/projects/hawaiigrown/"
  },
  {
    "text": "Hawaii Grown",
    "url": "https://www.civilbeat.org/projects/hawaiigrown/"
  },
  {
    "text": "\n                      Data\n                    ",
    "url": "https://www.civilbeat.org/data/"
  },
  {
    "text": "\n        \n          Honolulu Police Deadly Encounters\n              \n      \n      ",
    "url": "https://cbmultimedia.pythonanywhere.com/"
  },
  {
    "text": "",
    "url": "https://cbmultimedia.pythonanywhere.com/"
  },
  {
    "text": "\n        \n          Public Employee Salaries\n              \n      \n      ",
    "url": "https://www.civilbeat.org/projects/public-employee-salaries/"
  },
  {
    "text": "",
    "url": "https://www.civilbeat.org/projects/public-employee-salaries/"
  },
  {
    "text": "\n        \n          Financial Disclosures\n              \n      \n      ",
    "url": "https://disclosures.civilbeat.org/disclosures/"
  },
  {
    "text": "",
    "url": "https://disclosures.civilbeat.org/disclosures/"
  },
  {
    "text": "\n\t  \n\t",
    "url": "https://www.civilbeat.org/2022/07/hawaiian-fishponds-are-rebounding-in-the-face-of-rising-seas-and-invasive-species/"
  },
  {
    "text": "\n\t    Hawaiian Fishponds Are Rebounding In The Face Of Rising Seas And Invasive Species\n\t  ",
    "url": "https://www.civilbeat.org/2022/07/hawaiian-fishponds-are-rebounding-in-the-face-of-rising-seas-and-invasive-species/"
  },
  {
    "text": "\n          Ku'u Kauanoe        ",
    "url": "https://www.civilbeat.org/author/kuukauanoe/"
  },
  {
    "text": "\n\t  \n\t",
    "url": "https://www.civilbeat.org/2022/05/carving-out-climate-refuges-for-seabirds-in-hawaii/"
  },
  {
    "text": "\n\t    Hawaii Offers New Homes For Seabirds As Habitat On Remote Islands Disappears\n\t  ",
    "url": "https://www.civilbeat.org/2022/05/carving-out-climate-refuges-for-seabirds-in-hawaii/"
  },
  {
    "text": "\n          Thomas Heaton        ",
    "url": "https://www.civilbeat.org/author/thomas-heaton/"
  },
  {
    "text": "\n\t  \n\t",
    "url": "https://www.civilbeat.org/2022/04/what-seaweed-can-tell-us-about-our-environment-in-hawaii/"
  },
  {
    "text": "\n\t    What Seaweed Can Tell Us About Our Environment In Hawaii\n\t  ",
    "url": "https://www.civilbeat.org/2022/04/what-seaweed-can-tell-us-about-our-environment-in-hawaii/"
  },
  {
    "text": "\n          Ku'u Kauanoe        ",
    "url": "https://www.civilbeat.org/author/kuukauanoe/"
  },
  {
    "text": "\n\t  \n\t",
    "url": "https://www.civilbeat.org/2022/03/the-deer-population-is-devastating-maui-hunters-want-to-help/"
  },
  {
    "text": "\n\t    The Deer Population Is Devastating Maui. Hunters Want To Help\n\t  ",
    "url": "https://www.civilbeat.org/2022/03/the-deer-population-is-devastating-maui-hunters-want-to-help/"
  },
  {
    "text": "\n          Thomas Heaton        ",
    "url": "https://www.civilbeat.org/author/thomas-heaton/"
  },
  {
    "text": "\n\t  \n\t",
    "url": "https://www.civilbeat.org/2022/02/hawaii-needs-good-soil-to-grow-more-food-heres-how-that-can-happen/"
  },
  {
    "text": "\n\t    Hawaii Needs Good Soil To Grow More Food. Here\u2019s How That Can Happen\n\t  ",
    "url": "https://www.civilbeat.org/2022/02/hawaii-needs-good-soil-to-grow-more-food-heres-how-that-can-happen/"
  },
  {
    "text": "\n          Thomas Heaton        ",
    "url": "https://www.civilbeat.org/author/thomas-heaton/"
  },
  {
    "text": "\n        \n    \n          \n        \n          Ku\u2018u Kauanoe/Civil Beat/2022\n        \n      \n    \n  ",
    "url": "https://www.civilbeat.org/2022/07/hawaiian-fishponds-are-rebounding-in-the-face-of-rising-seas-and-invasive-species/"
  },
  {
    "text": "Hawaiian Fishponds Are Rebounding In The Face Of Rising Seas And Invasive Species",
    "url": "https://www.civilbeat.org/2022/07/hawaiian-fishponds-are-rebounding-in-the-face-of-rising-seas-and-invasive-species/"
  },
  {
    "text": "\n          Ku'u Kauanoe        ",
    "url": "https://www.civilbeat.org/author/kuukauanoe/"
  },
  {
    "text": "\n        \n    \n          \n        \n          Nathan Eagle/Civil Beat/2022\n        \n      \n    \n  ",
    "url": "https://www.civilbeat.org/2022/05/carving-out-climate-refuges-for-seabirds-in-hawaii/"
  },
  {
    "text": "Hawaii Offers New Homes For Seabirds As Habitat On Remote Islands Disappears",
    "url": "https://www.civilbeat.org/2022/05/carving-out-climate-refuges-for-seabirds-in-hawaii/"
  },
  {
    "text": "\n          Thomas Heaton        ",
    "url": "https://www.civilbeat.org/author/thomas-heaton/"
  },
  {
    "text": "\n        \n    \n          \n        \n          Ku\u2018u Kauanoe/Civil Beat/2022\n        \n      \n    \n  ",
    "url": "https://www.civilbeat.org/2022/04/what-seaweed-can-tell-us-about-our-environment-in-hawaii/"
  },
  {
    "text": "What Seaweed Can Tell Us About Our Environment In Hawaii",
    "url": "https://www.civilbeat.org/2022/04/what-seaweed-can-tell-us-about-our-environment-in-hawaii/"
  },
  {
    "text": "\n          Ku'u Kauanoe        ",
    "url": "https://www.civilbeat.org/author/kuukauanoe/"
  },
  {
    "text": "\n        \n    \n          \n        \n          Nathan Eagle/Civil Beat/2022\n        \n      \n    \n  ",
    "url": "https://www.civilbeat.org/2022/03/the-deer-population-is-devastating-maui-hunters-want-to-help/"
  },
  {
    "text": "The Deer Population Is Devastating Maui. Hunters Want To Help",
    "url": "https://www.civilbeat.org/2022/03/the-deer-population-is-devastating-maui-hunters-want-to-help/"
  },
  {
    "text": "\n          Thomas Heaton        ",
    "url": "https://www.civilbeat.org/author/thomas-heaton/"
  },
  {
    "text": "\n        \n    \n          \n        \n          Ku\u2018u Kauanoe/Civil Beat/2022\n        \n      \n    \n  ",
    "url": "https://www.civilbeat.org/2022/02/hawaii-needs-good-soil-to-grow-more-food-heres-how-that-can-happen/"
  },
  {
    "text": "Hawaii Needs Good Soil To Grow More Food. Here\u2019s How That Can Happen",
    "url": "https://www.civilbeat.org/2022/02/hawaii-needs-good-soil-to-grow-more-food-heres-how-that-can-happen/"
  },
  {
    "text": "\n          Thomas Heaton        ",
    "url": "https://www.civilbeat.org/author/thomas-heaton/"
  },
  {
    "text": "\n            \n          ",
    "url": "https://www.civilbeat.org"
  },
  {
    "text": "\n            \n          ",
    "url": "https://inn.org/"
  },
  {
    "text": "\n                        \n                    ",
    "url": "https://twitter.com/civilbeat"
  },
  {
    "text": "\n                        \n                    ",
    "url": "https://www.facebook.com/civilbeat"
  },
  {
    "text": "\n                        \n                    ",
    "url": "http://instagram.com/civilbeat/"
  },
  {
    "text": "\n                        \n                    ",
    "url": "/feed/"
  },
  {
    "text": "\n        \n          About Civil Beat\n                  \n              ",
    "url": "https://www.civilbeat.org/about/"
  },
  {
    "text": "\n        \n          Member Benefits\n                  \n              ",
    "url": "https://www.civilbeat.org/about/member-benefits/"
  },
  {
    "text": "\n        \n          Contact Us\n                  \n              ",
    "url": "https://www.civilbeat.org/contact/"
  },
  {
    "text": "\n        \n          Events\n                  \n              ",
    "url": "/upcoming-events/"
  },
  {
    "text": "\n        \n          Jobs\n                  \n              ",
    "url": "https://www.civilbeat.org/jobs/"
  },
  {
    "text": "\n        \n          FAQ\n                  \n              ",
    "url": "https://www.civilbeat.org/faq/"
  },
  {
    "text": "\n        \n          Got A Tip?\n                  \n              ",
    "url": "/contact/#tips"
  },
  {
    "text": "\n        \n          Podcasts\n                  \n              ",
    "url": "https://www.civilbeat.org/projects/pod-squad/"
  },
  {
    "text": "\n        \n          Privacy Policy\n                  \n              ",
    "url": "https://www.civilbeat.org/civil-beat-privacy-policy/"
  },
  {
    "text": "\n        \n          Reprint Policy\n                  \n              ",
    "url": "https://www.civilbeat.org/republishing-civil-beat-photos-and-articles/"
  },
  {
    "text": "\n        \n          Corporate Donations\n                  \n              ",
    "url": "https://www.civilbeat.org/about/civil-beat-corporate-donations-policy/"
  },
  {
    "text": "\n        \n          Terms of Service\n                  \n              ",
    "url": "https://www.civilbeat.org/civil-beat-terms-service/"
  },
  {
    "text": "\n        \n          Support Civil Beat\n                  \n              ",
    "url": "https://www.civilbeat.org/donate/"
  },
  {
    "text": "\n        \n          About Us\n                  \n              ",
    "url": "https://www.civilbeat.org/about/"
  },
  {
    "text": "\n        \n          Got a Tip?\n                  \n              ",
    "url": "https://www.civilbeat.org/contact/"
  },
  {
    "text": "\n        \n          Events\n                  \n              ",
    "url": "/upcoming-events/"
  },
  {
    "text": "\n        \n          Videos\n                  \n              ",
    "url": "/video/"
  },
  {
    "text": "\n        \n          Podcasts\n                  \n              ",
    "url": "/projects/podcasts/"
  },
  {
    "text": "\n        \n          Data\n                  \n              ",
    "url": "https://www.civilbeat.org/data/"
  },
  {
    "text": "\n        \n          Topics\n                  \n              ",
    "url": "https://www.civilbeat.org/categories/"
  },
  {
    "text": "\n        \n          Archive\n                  \n              ",
    "url": "https://www.civilbeat.org/archives/"
  },
  {
    "text": "\n        \n          Newsletters\n                  \n              ",
    "url": "https://www.civilbeat.org/newsletters/"
  },
  {
    "text": "\n        \n          Subscribe to Morning Beat\n                  \n              ",
    "url": "https://www.civilbeat.org/daily-newsletter-morning-beat/"
  },
  {
    "text": "\n        \n          Search\n                  \n              ",
    "url": "#search"
  },
  {
    "text": "\n    \n  ",
    "url": "#menu"
  },
  {
    "text": "Cancel",
    "url": "#search"
  }
]