[
  {
    "text": "Support",
    "url": "https://claytoncrescent.org/support-2/"
  },
  {
    "text": "About",
    "url": "https://claytoncrescent.org/about/"
  },
  {
    "text": "About",
    "url": "https://claytoncrescent.org/about/"
  },
  {
    "text": "Contact",
    "url": "https://claytoncrescent.org/contact/"
  },
  {
    "text": "Donors",
    "url": "https://claytoncrescent.org/donors/"
  },
  {
    "text": "Cities",
    "url": "#"
  },
  {
    "text": "Conley",
    "url": "https://claytoncrescent.org/category/conley/"
  },
  {
    "text": "College Park",
    "url": "https://claytoncrescent.org/category/college-park/"
  },
  {
    "text": "Ellenwood",
    "url": "https://claytoncrescent.org/category/ellenwood/"
  },
  {
    "text": "Forest Park",
    "url": "https://claytoncrescent.org/forest-park/"
  },
  {
    "text": "Jonesboro",
    "url": "https://claytoncrescent.org/jonesboro/"
  },
  {
    "text": "Lake City",
    "url": "https://claytoncrescent.org/category/lake-city/"
  },
  {
    "text": "Lovejoy",
    "url": "https://claytoncrescent.org/category/lovejoy/"
  },
  {
    "text": "Morrow",
    "url": "https://claytoncrescent.org/category/morrow/"
  },
  {
    "text": "Rex",
    "url": "https://claytoncrescent.org/category/rex/"
  },
  {
    "text": "Riverdale",
    "url": "https://claytoncrescent.org/category/riverdale/"
  },
  {
    "text": "Stockbridge",
    "url": "https://claytoncrescent.org/category/stockbridge/"
  },
  {
    "text": "Vote",
    "url": "https://claytoncrescent.org/events/category/vote/"
  },
  {
    "text": "Elections",
    "url": "https://claytoncrescent.org/category/elections/"
  },
  {
    "text": "2022 Elections | U.S. Senate",
    "url": "https://claytoncrescent.org/category/elections/2022-elections-u-s-senate/"
  },
  {
    "text": "2022 Elections | U.S. Senate (Warnock)",
    "url": "https://claytoncrescent.org/category/elections/2022-election-u-s-senate-warnock/"
  },
  {
    "text": "2022 Elections | Clayton County Board of Commissioners",
    "url": "https://claytoncrescent.org/category/elections/2022-clayton-county-board-of-commissioners/"
  },
  {
    "text": "2022 Election | Clayton County Board of Commissioners | District 1",
    "url": "https://claytoncrescent.org/?p=27388"
  },
  {
    "text": "2022 Elections | Clayton County Board of Commissioners 4",
    "url": "https://claytoncrescent.org/category/elections/2022-clayton-county-board-of-commissioners/2022-elections-clayton-county-board-of-commissioners-4/"
  },
  {
    "text": "2022 Elections | Clayton County Board of Education",
    "url": "https://claytoncrescent.org/category/elections/2022-elections-clayton-county-board-of-education/"
  },
  {
    "text": "2022 Elections | Clayton County Board of Education 4",
    "url": "https://claytoncrescent.org/category/elections/2022-elections-clayton-county-board-of-education/2022-elections-clayton-county-board-of-education-4/"
  },
  {
    "text": "2022 Elections | Clayton County Board of Education 8",
    "url": "https://claytoncrescent.org/category/elections/2022-elections-clayton-county-board-of-education/2022-elections-clayton-county-board-of-education-8/"
  },
  {
    "text": "2022 Elections | Clayton County Board of Education-9",
    "url": "https://claytoncrescent.org/category/elections/2022-elections-clayton-county-board-of-education/2022-elections-clayton-county-board-of-education-9/"
  },
  {
    "text": "2022 Elections | Clayton County State Court Judge",
    "url": "https://claytoncrescent.org/category/elections/2022-elections-clayton-county-state-court-judge/"
  },
  {
    "text": "2022 Elections | Clayton County State Court Judge (Garrett)",
    "url": "https://claytoncrescent.org/category/elections/2022-elections-clayton-county-state-court-judge/2022-elections-clayton-county-state-court-judge-garrett/"
  },
  {
    "text": "2022 Elections | Clayton County State Court Judge (Hayward)",
    "url": "https://claytoncrescent.org/category/elections/2022-elections-clayton-county-state-court-judge/2022-elections-clayton-county-state-court-judge-hayward/"
  },
  {
    "text": "2022 Elections | Clayton County State Court Judge (Spencer)",
    "url": "https://claytoncrescent.org/category/elections/2022-elections-clayton-county-state-court-judge/2022-elections-clayton-county-state-court-judge-spencer/"
  },
  {
    "text": "Environment",
    "url": "https://claytoncrescent.org/category/environment/"
  },
  {
    "text": "Environmental Justice",
    "url": "https://claytoncrescent.org/category/environmental-justice/"
  },
  {
    "text": "Air Quality",
    "url": "https://claytoncrescent.org/air-quality-page/"
  },
  {
    "text": "Water Quality",
    "url": "https://claytoncrescent.org/category/water-quality/"
  },
  {
    "text": "Safety",
    "url": "https://claytoncrescent.org/category/safety/"
  },
  {
    "text": "COVID-19",
    "url": "https://claytoncrescent.org/category/covid-19/"
  },
  {
    "text": "Pedestrian Safety",
    "url": "https://claytoncrescent.org/category/pedestrian-safety/"
  },
  {
    "text": "Traffic Safety",
    "url": "https://claytoncrescent.org/category/traffic-safety/"
  },
  {
    "text": "Safety",
    "url": "https://claytoncrescent.org/category/safety/"
  },
  {
    "text": "Podcast",
    "url": "https://claytoncrescent.org/the-clayton-crescent-podcast-the-real-story-with-robin-kemp/"
  },
  {
    "text": "Missing Persons",
    "url": "https://claytoncrescent.org/missing-persons/"
  },
  {
    "text": "Sunshine",
    "url": "https://claytoncrescent.org/category/sunshine/"
  },
  {
    "text": "Sunshine",
    "url": "https://claytoncrescent.org/category/sunshine/"
  },
  {
    "text": "Docs",
    "url": "https://claytoncrescent.org/docs/"
  },
  {
    "text": "Honors",
    "url": "https://claytoncrescent.org/category/honors/"
  },
  {
    "text": "Facebook Page",
    "url": "https://www.facebook.com/The-Clayton-Crescent-and-The-Real-Story-podcast-with-Robin-Kemp-103994387944123/"
  },
  {
    "text": "Twitter Username",
    "url": "https://twitter.com/ClaytonCrescent"
  },
  {
    "text": "Skip to content",
    "url": "#main"
  },
  {
    "text": "Facebook Page",
    "url": "https://www.facebook.com/The-Clayton-Crescent-and-The-Real-Story-podcast-with-Robin-Kemp-103994387944123/"
  },
  {
    "text": "Twitter Username",
    "url": "https://twitter.com/ClaytonCrescent"
  },
  {
    "text": "",
    "url": "https://claytoncrescent.org/"
  },
  {
    "text": "The Clayton Crescent",
    "url": "https://claytoncrescent.org/"
  },
  {
    "text": "Support",
    "url": "https://claytoncrescent.org/support-2/"
  },
  {
    "text": "About",
    "url": "https://claytoncrescent.org/about/"
  },
  {
    "text": "About",
    "url": "https://claytoncrescent.org/about/"
  },
  {
    "text": "Contact",
    "url": "https://claytoncrescent.org/contact/"
  },
  {
    "text": "Donors",
    "url": "https://claytoncrescent.org/donors/"
  },
  {
    "text": "Cities",
    "url": "#"
  },
  {
    "text": "Conley",
    "url": "https://claytoncrescent.org/category/conley/"
  },
  {
    "text": "College Park",
    "url": "https://claytoncrescent.org/category/college-park/"
  },
  {
    "text": "Ellenwood",
    "url": "https://claytoncrescent.org/category/ellenwood/"
  },
  {
    "text": "Forest Park",
    "url": "https://claytoncrescent.org/forest-park/"
  },
  {
    "text": "Jonesboro",
    "url": "https://claytoncrescent.org/jonesboro/"
  },
  {
    "text": "Lake City",
    "url": "https://claytoncrescent.org/category/lake-city/"
  },
  {
    "text": "Lovejoy",
    "url": "https://claytoncrescent.org/category/lovejoy/"
  },
  {
    "text": "Morrow",
    "url": "https://claytoncrescent.org/category/morrow/"
  },
  {
    "text": "Rex",
    "url": "https://claytoncrescent.org/category/rex/"
  },
  {
    "text": "Riverdale",
    "url": "https://claytoncrescent.org/category/riverdale/"
  },
  {
    "text": "Stockbridge",
    "url": "https://claytoncrescent.org/category/stockbridge/"
  },
  {
    "text": "Vote",
    "url": "https://claytoncrescent.org/events/category/vote/"
  },
  {
    "text": "Elections",
    "url": "https://claytoncrescent.org/category/elections/"
  },
  {
    "text": "2022 Elections | U.S. Senate",
    "url": "https://claytoncrescent.org/category/elections/2022-elections-u-s-senate/"
  },
  {
    "text": "2022 Elections | U.S. Senate (Warnock)",
    "url": "https://claytoncrescent.org/category/elections/2022-election-u-s-senate-warnock/"
  },
  {
    "text": "2022 Elections | Clayton County Board of Commissioners",
    "url": "https://claytoncrescent.org/category/elections/2022-clayton-county-board-of-commissioners/"
  },
  {
    "text": "2022 Election | Clayton County Board of Commissioners | District 1",
    "url": "https://claytoncrescent.org/?p=27388"
  },
  {
    "text": "2022 Elections | Clayton County Board of Commissioners 4",
    "url": "https://claytoncrescent.org/category/elections/2022-clayton-county-board-of-commissioners/2022-elections-clayton-county-board-of-commissioners-4/"
  },
  {
    "text": "2022 Elections | Clayton County Board of Education",
    "url": "https://claytoncrescent.org/category/elections/2022-elections-clayton-county-board-of-education/"
  },
  {
    "text": "2022 Elections | Clayton County Board of Education 4",
    "url": "https://claytoncrescent.org/category/elections/2022-elections-clayton-county-board-of-education/2022-elections-clayton-county-board-of-education-4/"
  },
  {
    "text": "2022 Elections | Clayton County Board of Education 8",
    "url": "https://claytoncrescent.org/category/elections/2022-elections-clayton-county-board-of-education/2022-elections-clayton-county-board-of-education-8/"
  },
  {
    "text": "2022 Elections | Clayton County Board of Education-9",
    "url": "https://claytoncrescent.org/category/elections/2022-elections-clayton-county-board-of-education/2022-elections-clayton-county-board-of-education-9/"
  },
  {
    "text": "2022 Elections | Clayton County State Court Judge",
    "url": "https://claytoncrescent.org/category/elections/2022-elections-clayton-county-state-court-judge/"
  },
  {
    "text": "2022 Elections | Clayton County State Court Judge (Garrett)",
    "url": "https://claytoncrescent.org/category/elections/2022-elections-clayton-county-state-court-judge/2022-elections-clayton-county-state-court-judge-garrett/"
  },
  {
    "text": "2022 Elections | Clayton County State Court Judge (Hayward)",
    "url": "https://claytoncrescent.org/category/elections/2022-elections-clayton-county-state-court-judge/2022-elections-clayton-county-state-court-judge-hayward/"
  },
  {
    "text": "2022 Elections | Clayton County State Court Judge (Spencer)",
    "url": "https://claytoncrescent.org/category/elections/2022-elections-clayton-county-state-court-judge/2022-elections-clayton-county-state-court-judge-spencer/"
  },
  {
    "text": "Environment",
    "url": "https://claytoncrescent.org/category/environment/"
  },
  {
    "text": "Environmental Justice",
    "url": "https://claytoncrescent.org/category/environmental-justice/"
  },
  {
    "text": "Air Quality",
    "url": "https://claytoncrescent.org/air-quality-page/"
  },
  {
    "text": "Water Quality",
    "url": "https://claytoncrescent.org/category/water-quality/"
  },
  {
    "text": "Safety",
    "url": "https://claytoncrescent.org/category/safety/"
  },
  {
    "text": "COVID-19",
    "url": "https://claytoncrescent.org/category/covid-19/"
  },
  {
    "text": "Pedestrian Safety",
    "url": "https://claytoncrescent.org/category/pedestrian-safety/"
  },
  {
    "text": "Traffic Safety",
    "url": "https://claytoncrescent.org/category/traffic-safety/"
  },
  {
    "text": "Safety",
    "url": "https://claytoncrescent.org/category/safety/"
  },
  {
    "text": "Podcast",
    "url": "https://claytoncrescent.org/the-clayton-crescent-podcast-the-real-story-with-robin-kemp/"
  },
  {
    "text": "Missing Persons",
    "url": "https://claytoncrescent.org/missing-persons/"
  },
  {
    "text": "Sunshine",
    "url": "https://claytoncrescent.org/category/sunshine/"
  },
  {
    "text": "Sunshine",
    "url": "https://claytoncrescent.org/category/sunshine/"
  },
  {
    "text": "Docs",
    "url": "https://claytoncrescent.org/docs/"
  },
  {
    "text": "Honors",
    "url": "https://claytoncrescent.org/category/honors/"
  },
  {
    "text": "\n\t\t\t\t\t\t\t\t\t\t\t\t\t\t\t\t\t\t\t\t\t\t\t\t\t\t\t\t\t\t\t\t\t\t",
    "url": "https://claytoncrescent.org/2022/07/28/ccpd-officer-in-grady-after-shooting/"
  },
  {
    "text": "\n\t\t\t\t\t\t\t\t\t\t\t\t\t\t\t\t\t\t\tNews\t\t\t\t\t\t\t\t\t\t\t\t\t\t\t\t\t\t",
    "url": "https://claytoncrescent.org/category/news/"
  },
  {
    "text": "CCPD officer in Grady after shooting",
    "url": "https://claytoncrescent.org/2022/07/28/ccpd-officer-in-grady-after-shooting/"
  },
  {
    "text": "",
    "url": "https://claytoncrescent.org/author/robin-kemp/"
  },
  {
    "text": "Robin Kemp",
    "url": "https://claytoncrescent.org/author/robin-kemp/"
  },
  {
    "text": "\n\t\t\t\t\t\t\t\t\t\t\t\t\t\t\t\t\t\t\t\t\t\t\t\t\t\t\t\t\t\t\t\t\t\t",
    "url": "https://claytoncrescent.org/2022/07/27/gold-star-fathers-receive-highway-dedication/"
  },
  {
    "text": "\n\t\t\t\t\t\t\t\t\t\t\t\t\t\t\t\t\t\t\tVeterans\t\t\t\t\t\t\t\t\t\t\t\t\t\t\t\t\t\t",
    "url": "https://claytoncrescent.org/category/veterans/"
  },
  {
    "text": "Gold Star Fathers receive highway dedication",
    "url": "https://claytoncrescent.org/2022/07/27/gold-star-fathers-receive-highway-dedication/"
  },
  {
    "text": "",
    "url": "https://claytoncrescent.org/author/elena-hubert/"
  },
  {
    "text": "Elena Hubert",
    "url": "https://claytoncrescent.org/author/elena-hubert/"
  },
  {
    "text": "\n\t\t\t\t\t\t\t\t\t\t\t\t\t\t\t\t\t\t\t\t\t\t\t\t\t\t\t\t\t\t\t\t\t\t",
    "url": "https://claytoncrescent.org/2022/07/29/20th-annual-tomato-sandwich-party-for-good-shepherd-clinic-july-30/"
  },
  {
    "text": "\n\t\t\t\t\t\t\t\t\t\t\t\t\t\t\t\t\t\t\tNews\t\t\t\t\t\t\t\t\t\t\t\t\t\t\t\t\t\t",
    "url": "https://claytoncrescent.org/category/news/"
  },
  {
    "text": "20th Annual Tomato Sandwich Party for Good Shepherd Clinic July 30",
    "url": "https://claytoncrescent.org/2022/07/29/20th-annual-tomato-sandwich-party-for-good-shepherd-clinic-july-30/"
  },
  {
    "text": "",
    "url": "https://claytoncrescent.org/author/robin-kemp/"
  },
  {
    "text": "Robin Kemp",
    "url": "https://claytoncrescent.org/author/robin-kemp/"
  },
  {
    "text": "\n\t\t\t\t\t\t\t\t\t\t\t\t\t\t\t\t\t\t\t\t\t\t\t\t\t\t\t\t\t\t\t\t\t\t",
    "url": "https://claytoncrescent.org/2022/07/29/family-fun-for-back-to-school/"
  },
  {
    "text": "\n\t\t\t\t\t\t\t\t\t\t\t\t\t\t\t\t\t\t\tNews\t\t\t\t\t\t\t\t\t\t\t\t\t\t\t\t\t\t",
    "url": "https://claytoncrescent.org/category/news/"
  },
  {
    "text": "Family fun for back to school",
    "url": "https://claytoncrescent.org/2022/07/29/family-fun-for-back-to-school/"
  },
  {
    "text": "",
    "url": "https://claytoncrescent.org/author/robin-kemp/"
  },
  {
    "text": "Robin Kemp",
    "url": "https://claytoncrescent.org/author/robin-kemp/"
  },
  {
    "text": "\n\t\t\t\t\t\t\t\t\t\t\t\t\t\t\t\t\t\t\t\t\t\t\t\t\t\t\t\t\t\t\t\t\t\t",
    "url": "https://claytoncrescent.org/2022/07/28/ccpd-officer-in-grady-after-shooting/"
  },
  {
    "text": "\n\t\t\t\t\t\t\t\t\t\t\t\t\t\t\t\t\t\t\tNews\t\t\t\t\t\t\t\t\t\t\t\t\t\t\t\t\t\t",
    "url": "https://claytoncrescent.org/category/news/"
  },
  {
    "text": "CCPD officer in Grady after shooting",
    "url": "https://claytoncrescent.org/2022/07/28/ccpd-officer-in-grady-after-shooting/"
  },
  {
    "text": "",
    "url": "https://claytoncrescent.org/author/robin-kemp/"
  },
  {
    "text": "Robin Kemp",
    "url": "https://claytoncrescent.org/author/robin-kemp/"
  },
  {
    "text": "\n\t\t\t\t\t\t\t\t\t\t\t\t\t\t\t\t\t\t\t\t\t\t\t\t\t\t\t\t\t\t\t\t\t\t",
    "url": "https://claytoncrescent.org/2022/07/27/gold-star-fathers-receive-highway-dedication/"
  },
  {
    "text": "\n\t\t\t\t\t\t\t\t\t\t\t\t\t\t\t\t\t\t\tVeterans\t\t\t\t\t\t\t\t\t\t\t\t\t\t\t\t\t\t",
    "url": "https://claytoncrescent.org/category/veterans/"
  },
  {
    "text": "Gold Star Fathers receive highway dedication",
    "url": "https://claytoncrescent.org/2022/07/27/gold-star-fathers-receive-highway-dedication/"
  },
  {
    "text": "",
    "url": "https://claytoncrescent.org/author/elena-hubert/"
  },
  {
    "text": "Elena Hubert",
    "url": "https://claytoncrescent.org/author/elena-hubert/"
  },
  {
    "text": "\n\t\t\t\t\t\t\t\t\t\t\t\t\t\t\t\t\t\t\t\t\t\t\t\t\t\t\t\t\t\t\t\t\t\t",
    "url": "https://claytoncrescent.org/2022/07/29/20th-annual-tomato-sandwich-party-for-good-shepherd-clinic-july-30/"
  },
  {
    "text": "\n\t\t\t\t\t\t\t\t\t\t\t\t\t\t\t\t\t\t\tNews\t\t\t\t\t\t\t\t\t\t\t\t\t\t\t\t\t\t",
    "url": "https://claytoncrescent.org/category/news/"
  },
  {
    "text": "20th Annual Tomato Sandwich Party for Good Shepherd Clinic July 30",
    "url": "https://claytoncrescent.org/2022/07/29/20th-annual-tomato-sandwich-party-for-good-shepherd-clinic-july-30/"
  },
  {
    "text": "",
    "url": "https://claytoncrescent.org/author/robin-kemp/"
  },
  {
    "text": "Robin Kemp",
    "url": "https://claytoncrescent.org/author/robin-kemp/"
  },
  {
    "text": "\n\t\t\t\t\t\t\t\t\t\t\t\t\t\t\t\t\t\t\t\t\t\t\t\t\t\t\t\t\t\t\t\t\t\t",
    "url": "https://claytoncrescent.org/2022/07/29/family-fun-for-back-to-school/"
  },
  {
    "text": "\n\t\t\t\t\t\t\t\t\t\t\t\t\t\t\t\t\t\t\tNews\t\t\t\t\t\t\t\t\t\t\t\t\t\t\t\t\t\t",
    "url": "https://claytoncrescent.org/category/news/"
  },
  {
    "text": "Family fun for back to school",
    "url": "https://claytoncrescent.org/2022/07/29/family-fun-for-back-to-school/"
  },
  {
    "text": "",
    "url": "https://claytoncrescent.org/author/robin-kemp/"
  },
  {
    "text": "Robin Kemp",
    "url": "https://claytoncrescent.org/author/robin-kemp/"
  },
  {
    "text": "\n\t\t\t\t\t\t\t\t\t\t\t\t\t\t\t\t\t",
    "url": "https://claytoncrescent.org/2022/07/26/splatter-e-mails-reflect-clayton-county-power-struggle/"
  },
  {
    "text": "\n\t\t\t\t\t\tTop Story\t\t\t\t\t",
    "url": "https://claytoncrescent.org/category/top-story/"
  },
  {
    "text": "Splatter e-mails reflect Clayton County power struggle",
    "url": "https://claytoncrescent.org/2022/07/26/splatter-e-mails-reflect-clayton-county-power-struggle/"
  },
  {
    "text": "\n\t\t\t\t\tKeep reading\t\t\t\t",
    "url": "https://claytoncrescent.org/2022/07/26/splatter-e-mails-reflect-clayton-county-power-struggle/"
  },
  {
    "text": "",
    "url": "https://claytoncrescent.org/author/robin-kemp/"
  },
  {
    "text": "Robin Kemp",
    "url": "https://claytoncrescent.org/author/robin-kemp/"
  },
  {
    "text": "\n\t\t\t\t\t\t\t\t\t\t\t\t\t\t\t\t\t",
    "url": "https://claytoncrescent.org/2022/07/27/hannah-payne-trial-update/"
  },
  {
    "text": "\n\t\t\t\t\t\tCourts\t\t\t\t\t",
    "url": "https://claytoncrescent.org/category/courts/"
  },
  {
    "text": "Hannah Payne trial update",
    "url": "https://claytoncrescent.org/2022/07/27/hannah-payne-trial-update/"
  },
  {
    "text": "\n\t\t\t\t\t\tCOVID-19\t\t\t\t\t",
    "url": "https://claytoncrescent.org/category/covid-19/"
  },
  {
    "text": "8 die of COVID-19, all unvaccinated",
    "url": "https://claytoncrescent.org/2022/07/25/8-die-of-covid-19-all-unvaccinated/"
  },
  {
    "text": "\n\t\t\t\t\t\tNews\t\t\t\t\t",
    "url": "https://claytoncrescent.org/category/news/"
  },
  {
    "text": "Mental health policy priorities: access, workforce, early intervention",
    "url": "https://claytoncrescent.org/2022/07/25/mental-health-policy-priorities-access-workforce-early-intervention/"
  },
  {
    "text": "\n\t\t\t\t\t\tNews\t\t\t\t\t",
    "url": "https://claytoncrescent.org/category/news/"
  },
  {
    "text": "Update: CCSO releases one jailhouse stabbing record",
    "url": "https://claytoncrescent.org/2022/07/25/update-ccso-releases-one-jailhouse-stabbing-record/"
  },
  {
    "text": "\n\t\t\t\t\t\tNews\t\t\t\t\t",
    "url": "https://claytoncrescent.org/category/news/"
  },
  {
    "text": "CCPS requires staff, vistors to mask",
    "url": "https://claytoncrescent.org/2022/07/21/ccps-requires-staff-vistors-to-mask/"
  },
  {
    "text": "\n\t\t\t\t\t\t\t\t\t\t\t\t\t\t\t\t\t",
    "url": "https://claytoncrescent.org/2022/07/20/judge-orders-giuliani-to-testify/"
  },
  {
    "text": "\n\t\t\t\t\t\tNews\t\t\t\t\t",
    "url": "https://claytoncrescent.org/category/news/"
  },
  {
    "text": "Judge orders Giuliani to testify",
    "url": "https://claytoncrescent.org/2022/07/20/judge-orders-giuliani-to-testify/"
  },
  {
    "text": "\n\t\t\t\t\t\t\t\t\t\t\t\t\t\t\t\t\t",
    "url": "https://claytoncrescent.org/2022/06/30/new-laws-take-effect-july-1/"
  },
  {
    "text": "\n\t\t\t\t\t\tNews\t\t\t\t\t",
    "url": "https://claytoncrescent.org/category/news/"
  },
  {
    "text": "New laws take effect July 1",
    "url": "https://claytoncrescent.org/2022/06/30/new-laws-take-effect-july-1/"
  },
  {
    "text": "\n\t\t\t\t\t\t\t\t\t\t\t\t\t\t\t\t\t",
    "url": "https://claytoncrescent.org/2022/06/27/interim-finance-director-retires-special-called-meeting-tuesday-june-28/"
  },
  {
    "text": "\n\t\t\t\t\t\tBreaking\t\t\t\t\t",
    "url": "https://claytoncrescent.org/category/breaking/"
  },
  {
    "text": "Interim finance director retires; special called meeting now 5 pm Tuesday, June 28",
    "url": "https://claytoncrescent.org/2022/06/27/interim-finance-director-retires-special-called-meeting-tuesday-june-28/"
  },
  {
    "text": "\n\t\t\t\t\t\t\t\t\t\t\t\t\t\t\t\t\t",
    "url": "https://claytoncrescent.org/2022/06/24/abortion-decision-splits-court-country/"
  },
  {
    "text": "\n\t\t\t\t\t\tNews\t\t\t\t\t",
    "url": "https://claytoncrescent.org/category/news/"
  },
  {
    "text": "Abortion decision splits court, country",
    "url": "https://claytoncrescent.org/2022/06/24/abortion-decision-splits-court-country/"
  },
  {
    "text": "\n\t\t\t\t\t\t\t\t\t\t\t\t\t\t\t\t\t",
    "url": "https://claytoncrescent.org/event/jonesboro-farmers-market/2022-07-30/"
  },
  {
    "text": "Jonesboro Farmers Market",
    "url": "https://claytoncrescent.org/event/jonesboro-farmers-market/2022-07-30/"
  },
  {
    "text": "\u2018The Kingdom\u2019 Gospel Concert",
    "url": "https://claytoncrescent.org/event/the-kingdom-gospel-concert/"
  },
  {
    "text": "Jonesboro City Council Work Session",
    "url": "https://claytoncrescent.org/event/jonesboro-city-council-work-session-2/"
  },
  {
    "text": "Board of Education Meeting",
    "url": "https://claytoncrescent.org/event/board-of-education-meeting/"
  },
  {
    "text": "\n\t\t\t\t\t\t\t\t\t\t\t\t\t\t\t\t\t",
    "url": "https://claytoncrescent.org/2022/07/20/bivins-hired-as-douglas-county-cfo/"
  },
  {
    "text": "Bivins hired as Douglas County CFO",
    "url": "https://claytoncrescent.org/2022/07/20/bivins-hired-as-douglas-county-cfo/"
  },
  {
    "text": "\n\t\t\t\t\t\t\t\t\t\t\t\t\t\t\t\t\t",
    "url": "https://claytoncrescent.org/2022/07/18/return-of-the-roundup-july-18-2022/"
  },
  {
    "text": "Return of the Roundup, July 18, 2022",
    "url": "https://claytoncrescent.org/2022/07/18/return-of-the-roundup-july-18-2022/"
  },
  {
    "text": "\n\t\t\t\t\t\t\t\t\t\t\t\t\t\t\t\t\t",
    "url": "https://claytoncrescent.org/2022/07/11/lake-city-council-talks-land-bank-sales-tax-repaving/"
  },
  {
    "text": "Lake City council talks Land Bank, sales tax, repaving",
    "url": "https://claytoncrescent.org/2022/07/11/lake-city-council-talks-land-bank-sales-tax-repaving/"
  },
  {
    "text": "\n\t\t\t\t\t\t\t\t\t\t\t\t\t\t\t\t\t",
    "url": "https://claytoncrescent.org/2022/07/05/a-short-work-week-many-meetings/"
  },
  {
    "text": "A short work week, many meetings",
    "url": "https://claytoncrescent.org/2022/07/05/a-short-work-week-many-meetings/"
  },
  {
    "text": "\n\t\t\t\t\t\t\t\t\t\t\t\t\t\t\t\t\t",
    "url": "https://claytoncrescent.org/2022/07/01/video-franklin-bivins-dispute-over-credit-card-reimbursement/"
  },
  {
    "text": "VIDEO: Franklin, Bivins dispute over credit card reimbursement",
    "url": "https://claytoncrescent.org/2022/07/01/video-franklin-bivins-dispute-over-credit-card-reimbursement/"
  },
  {
    "text": "\n\t\t\t\t\t\t\t\t\t\t\t\t\t\t\t\t\t",
    "url": "https://claytoncrescent.org/2022/07/05/boc-to-create-cannabis-oil-sales-zones/"
  },
  {
    "text": "BOC to create cannabis oil sales zones",
    "url": "https://claytoncrescent.org/2022/07/05/boc-to-create-cannabis-oil-sales-zones/"
  },
  {
    "text": "\n\t\t\t\t\t\t\t\t\t\t\t\t\t\t\t\t\t",
    "url": "https://claytoncrescent.org/2022/07/05/boc-considers-crackdown-on-change-orders/"
  },
  {
    "text": "BOC considers crackdown on change orders",
    "url": "https://claytoncrescent.org/2022/07/05/boc-considers-crackdown-on-change-orders/"
  },
  {
    "text": "\n\t\t\t\t\t\t\t\t\t\t\t\t\t\t\t\t\t",
    "url": "https://claytoncrescent.org/2022/07/15/gory-jail-photos-posted-same-day-of-inmate-stabbing/"
  },
  {
    "text": "Gory jail photos posted same day of detainee stabbing",
    "url": "https://claytoncrescent.org/2022/07/15/gory-jail-photos-posted-same-day-of-inmate-stabbing/"
  },
  {
    "text": "\n\t\t\t\t\t\t\t\t\t\t\t\t\t\t\t\t\t",
    "url": "https://claytoncrescent.org/2022/07/13/questions-around-alleged-stabbing-at-clayton-county-jail/"
  },
  {
    "text": "Questions around alleged stabbing at Clayton County Jail",
    "url": "https://claytoncrescent.org/2022/07/13/questions-around-alleged-stabbing-at-clayton-county-jail/"
  },
  {
    "text": "\n\t\t\t\t\t\t\t\t\t\t\t\t\t\t\t\t\t",
    "url": "https://claytoncrescent.org/2022/07/07/forest-park-council-denies-gang-task-force-funding%ef%bf%bc/"
  },
  {
    "text": "Forest Park council denies gang task force funding\ufffc",
    "url": "https://claytoncrescent.org/2022/07/07/forest-park-council-denies-gang-task-force-funding%ef%bf%bc/"
  },
  {
    "text": "\n\t\t\t\t\t\t\t\t\t\t\t\t\t\t\t\t\t",
    "url": "https://claytoncrescent.org/2022/06/30/ketanji-brown-jackson-takes-supreme-court-bench/"
  },
  {
    "text": "Ketanji Brown Jackson takes Supreme Court bench",
    "url": "https://claytoncrescent.org/2022/06/30/ketanji-brown-jackson-takes-supreme-court-bench/"
  },
  {
    "text": "\n\t\t\t\t\t\t\t\t\t\t\t\t\t\t\t\t\t",
    "url": "https://claytoncrescent.org/2022/04/25/kemp-perdue-trade-blows-in-1st-gop-debate/"
  },
  {
    "text": "Kemp, Perdue trade blows in 1st GOP debate",
    "url": "https://claytoncrescent.org/2022/04/25/kemp-perdue-trade-blows-in-1st-gop-debate/"
  },
  {
    "text": "\n\t\t\t\t\t\t\t\t\t\t\t\t\t\t\t\t\t",
    "url": "https://claytoncrescent.org/2022/04/20/wigo-am-hosts-candidate-forum/"
  },
  {
    "text": "WIGO-AM hosts candidate forum",
    "url": "https://claytoncrescent.org/2022/04/20/wigo-am-hosts-candidate-forum/"
  },
  {
    "text": "\n\t\t\t\t\t\t\t\t\t\t\t\t\t\t\t\t\t",
    "url": "https://claytoncrescent.org/2022/04/18/ossoff-brings-southern-regional-mental-health-funding/"
  },
  {
    "text": "Ossoff brings Southern Regional $1.15M in mental health funding",
    "url": "https://claytoncrescent.org/2022/04/18/ossoff-brings-southern-regional-mental-health-funding/"
  },
  {
    "text": "Support Clayton Crescent",
    "url": "/support-2"
  },
  {
    "text": "\n\t\t\t\t\t\t\t\t\t\t\t\t\t\t\t\t\t",
    "url": "https://claytoncrescent.org/2022/04/13/ccpd-drops-charges-against-arterio-crumbley/"
  },
  {
    "text": "CCPD drops charges against Arterio Crumbley",
    "url": "https://claytoncrescent.org/2022/04/13/ccpd-drops-charges-against-arterio-crumbley/"
  },
  {
    "text": "\n\t\t\t\t\t\t\t\t\t\t\t\t\t\t\t\t\t",
    "url": "https://claytoncrescent.org/2022/04/11/ccpd-releases-911-calls-bodycam-of-officer-involved-shooting/"
  },
  {
    "text": "CCPD releases 911 calls, bodycam of officer-involved shooting",
    "url": "https://claytoncrescent.org/2022/04/11/ccpd-releases-911-calls-bodycam-of-officer-involved-shooting/"
  },
  {
    "text": "\n\t\t\t\t\t\t\t\t\t\t\t\t\t\t\t\t\t",
    "url": "https://claytoncrescent.org/2022/04/06/boc-settles-ccso-inmate-suit/"
  },
  {
    "text": "BOC settles CCSO inmate suit",
    "url": "https://claytoncrescent.org/2022/04/06/boc-settles-ccso-inmate-suit/"
  },
  {
    "text": "\n\t\t\t\t\t\t\t\t\t\t\t\t\t\t\t\t\t",
    "url": "https://claytoncrescent.org/2022/03/17/ccps-cop-allegedly-shoots-burglar-at-forest-park-middle-school/"
  },
  {
    "text": "CCPS cop allegedly shoots burglar at Forest Park Middle School",
    "url": "https://claytoncrescent.org/2022/03/17/ccps-cop-allegedly-shoots-burglar-at-forest-park-middle-school/"
  },
  {
    "text": "\n\t\t\t\t\t\t\t\t\t\t\t\t\t\t\t\t\t",
    "url": "https://claytoncrescent.org/2022/07/18/covid-19-creeping-through-clayton-again/"
  },
  {
    "text": "COVID-19 creeping through Clayton again",
    "url": "https://claytoncrescent.org/2022/07/18/covid-19-creeping-through-clayton-again/"
  },
  {
    "text": "\n\t\t\t\t\t\t\t\t\t\t\t\t\t\t\t\t\t",
    "url": "https://claytoncrescent.org/2022/06/23/covid-19-on-the-rise-in-clayton-county/"
  },
  {
    "text": "COVID-19 on the rise in Clayton County",
    "url": "https://claytoncrescent.org/2022/06/23/covid-19-on-the-rise-in-clayton-county/"
  },
  {
    "text": "\n\t\t\t\t\t\t\t\t\t\t\t\t\t\t\t\t\t",
    "url": "https://claytoncrescent.org/2022/06/22/hills-federal-restraint-chair-trial-pushed-back-to-october-12/"
  },
  {
    "text": "Hill\u2019s federal restraint chair trial pushed back to October 12",
    "url": "https://claytoncrescent.org/2022/06/22/hills-federal-restraint-chair-trial-pushed-back-to-october-12/"
  },
  {
    "text": "\n\t\t\t\t\t\t\t\t\t\t\t\t\t\t\t\t\t",
    "url": "https://claytoncrescent.org/2022/07/21/ccpd-feds-net-massive-firearms-drug-bust-in-riverdale/"
  },
  {
    "text": "CCPD, feds net massive firearms, drug bust in Riverdale",
    "url": "https://claytoncrescent.org/2022/07/21/ccpd-feds-net-massive-firearms-drug-bust-in-riverdale/"
  },
  {
    "text": "CCPS seeks safety volunteers",
    "url": "https://claytoncrescent.org/2022/07/20/ccps-seeks-safety-volunteers/"
  },
  {
    "text": "Clayton County constants: Garber brothers remain detached but engaged",
    "url": "https://claytoncrescent.org/2022/07/18/clayton-county-constants-garber-brothers-remain-detached-but-engaged/"
  },
  {
    "text": "\n\t\t\t\t\t\t\t\t\t\t\t\t\t\t\t\t\t",
    "url": "https://claytoncrescent.org/2022/07/15/forest-park-city-hall-closed-at-12-noon-due-to-power-outage/"
  },
  {
    "text": "Forest Park City Hall closed at 12 noon due to power outage",
    "url": "https://claytoncrescent.org/2022/07/15/forest-park-city-hall-closed-at-12-noon-due-to-power-outage/"
  },
  {
    "text": "Celebrate Juneteenth Weekend with these events",
    "url": "https://claytoncrescent.org/2022/06/18/celebrate-juneteenth-weekend-with-these-events/"
  },
  {
    "text": "Amber Alert ends in Riverdale, 3 dead",
    "url": "https://claytoncrescent.org/2022/06/12/amber-alert-ends-in-riverdale-3-dead/"
  },
  {
    "text": "\n\t\t\t\t\t\t\t\t\t\t\t\t\t\t\t\t\t",
    "url": "https://claytoncrescent.org/2022/07/16/rep-neal-hosts-gun-safety-workshop-july-19/"
  },
  {
    "text": "Rep. Neal hosts gun safety workshop July 19",
    "url": "https://claytoncrescent.org/2022/07/16/rep-neal-hosts-gun-safety-workshop-july-19/"
  },
  {
    "text": "GBI confirms Clayton County Jail homicide arrest",
    "url": "https://claytoncrescent.org/2022/07/15/gbi-confirms-clayton-county-jail-homicide-arrest/"
  },
  {
    "text": "Bickers sentencing moved to Sept. 8",
    "url": "https://claytoncrescent.org/2022/06/28/bickers-sentencing-moved-to-sept-8/"
  },
  {
    "text": "\n\t\t\t\t\t\t\t\t\t\t\t\t\t\t\t\t\t",
    "url": "https://claytoncrescent.org/2022/04/14/tell-marta-what-you-think-about-brt/"
  },
  {
    "text": "Tell MARTA what you think about BRT",
    "url": "https://claytoncrescent.org/2022/04/14/tell-marta-what-you-think-about-brt/"
  },
  {
    "text": "Your Monday Roundup for March 14, 2022",
    "url": "https://claytoncrescent.org/2022/03/14/your-monday-roundup-for-march-14-2022/"
  },
  {
    "text": "Southlake Pkwy. closed for 1 month starting Feb. 28",
    "url": "https://claytoncrescent.org/2022/02/23/southlake-pkwy-closed-for-1-month-starting-feb-28/"
  },
  {
    "text": "\n\t\t\t\t\t\t\t\t\t\t\t\t\t\t\t\t\t",
    "url": "https://claytoncrescent.org/2022/07/11/clear-bookbags-mandatory-for-ccps-students/"
  },
  {
    "text": "Clear bookbags mandatory for CCPS students",
    "url": "https://claytoncrescent.org/2022/07/11/clear-bookbags-mandatory-for-ccps-students/"
  },
  {
    "text": "A ginger mint, a harassment campaign, an attack on democracy",
    "url": "https://claytoncrescent.org/2022/06/21/a-ginger-mint-a-harassment-campaign-an-attack-on-democracy/"
  },
  {
    "text": "How do elected officials plan to spend your tax dollars? Check the budgets",
    "url": "https://claytoncrescent.org/2022/05/23/how-do-elected-officials-plan-to-spend-your-tax-dollars-check-the-budgets/"
  },
  {
    "text": "\n\t\t\t\t\t\t\t\t\t\t\t\t\t\t\t\t\t",
    "url": "https://claytoncrescent.org/2022/02/24/ga-senate-passes-new-psc-district-map/"
  },
  {
    "text": "GA Senate passes new PSC district map",
    "url": "https://claytoncrescent.org/2022/02/24/ga-senate-passes-new-psc-district-map/"
  },
  {
    "text": "Writer, journalist, teacher Valerie Boyd dead at 58",
    "url": "https://claytoncrescent.org/2022/02/14/writer-journalist-teacher-valerie-boyd-dead-at-58/"
  },
  {
    "text": "Apply for MARTA Rider Advisory Council by April 1",
    "url": "https://claytoncrescent.org/2022/02/14/apply-for-marta-rider-advisory-council-by-april-1/"
  },
  {
    "text": "\n\t\t\t\t\t\t\t\t\t\t\t\t\t\t\t\t\t",
    "url": "https://claytoncrescent.org/2022/07/14/swat-standoff-at-legacy-of-riverdale-apts/"
  },
  {
    "text": "SWAT standoff at Legacy of Riverdale Apts.",
    "url": "https://claytoncrescent.org/2022/07/14/swat-standoff-at-legacy-of-riverdale-apts/"
  },
  {
    "text": "Woman dies after police find her bound, shot; suspect ID\u2019d",
    "url": "https://claytoncrescent.org/2022/07/19/woman-dies-after-police-find-her-bound-shot-mystery-suspect-at-large/"
  },
  {
    "text": "State initiative to reduce your need for speed this week",
    "url": "https://claytoncrescent.org/2022/07/18/state-initiative-to-reduce-your-need-for-speed-this-week/"
  },
  {
    "text": "\n\t\t\t\t\t\t\t\t\t\t\t\t\t\t\t\t\t",
    "url": "https://claytoncrescent.org/2022/02/07/morrow-pd-increase-traffic-patrols-after-dui-deaths/"
  },
  {
    "text": "Morrow PD increase traffic patrols after DUI deaths",
    "url": "https://claytoncrescent.org/2022/02/07/morrow-pd-increase-traffic-patrols-after-dui-deaths/"
  },
  {
    "text": "GBI busts 2 Clayton County men in child sex crimes sting",
    "url": "https://claytoncrescent.org/2022/07/15/gbi-busts-2-clayton-county-men-in-child-sex-crimes-sting/"
  },
  {
    "text": "GDOT, commercial real estate giant join on EV charging plans",
    "url": "https://claytoncrescent.org/2022/07/15/gdot-commercial-real-estate-giant-join-on-ev-charging-plans/"
  },
  {
    "text": "\n\t\t\t\t\t\t\t\t\t\t\t\t\t\t\t\t\t",
    "url": "https://claytoncrescent.org/2022/04/28/conley-man-shot-dead-on-front-porch/"
  },
  {
    "text": "Conley man shot dead on front porch",
    "url": "https://claytoncrescent.org/2022/04/28/conley-man-shot-dead-on-front-porch/"
  },
  {
    "text": "CCPS answers clear bookbag questions",
    "url": "https://claytoncrescent.org/2022/07/13/ccps-answers-clear-bookbag-questions/"
  },
  {
    "text": "Morrow makes Juneteenth official holiday",
    "url": "https://claytoncrescent.org/2022/07/13/morrow-makes-juneteenth-official-holiday/"
  },
  {
    "text": "\n\t\t\t\t\t\t\t\t\t\t\t\t\t\t\t\t\t",
    "url": "https://claytoncrescent.org/2022/06/07/police-joint-task-force-would-take-on-gangs-drugs-across-clayton-county/"
  },
  {
    "text": "Police joint task force would take on gangs, drugs across Clayton County",
    "url": "https://claytoncrescent.org/2022/06/07/police-joint-task-force-would-take-on-gangs-drugs-across-clayton-county/"
  },
  {
    "text": "City spending, 2018-2020",
    "url": "https://claytoncrescent.org/2022/04/11/city-spending-2018-2020/"
  },
  {
    "text": "Morehouse Med, CCHD health survey",
    "url": "https://claytoncrescent.org/2022/04/07/morehouse-med-cchd-health-survey/"
  },
  {
    "text": "\n\t\t\t\t\t\t\t\t\t\t\t\t\t\t\t\t\t",
    "url": "https://claytoncrescent.org/2022/04/12/ellenwood-prowler-sought/"
  },
  {
    "text": "Ellenwood prowler sought",
    "url": "https://claytoncrescent.org/2022/04/12/ellenwood-prowler-sought/"
  },
  {
    "text": "MATTIE\u2019S CALL: Freddie Hopkins, 80, of Ellenwood",
    "url": "https://claytoncrescent.org/2022/02/04/matties-call-freddie-hopkins-80-of-ellenwood/"
  },
  {
    "text": "BOC passes mandatory trash pickup",
    "url": "https://claytoncrescent.org/2021/12/21/boc-to-vote-on-mandatory-trash-pickup/"
  },
  {
    "text": "\n\t\t\t\t\t\t\t\t\t\t\t\t\t\t\t\t\t",
    "url": "https://claytoncrescent.org/2022/06/06/college-park-man-sentenced-for-running-guns-to-barbados/"
  },
  {
    "text": "College Park man sentenced for running guns to Barbados",
    "url": "https://claytoncrescent.org/2022/06/06/college-park-man-sentenced-for-running-guns-to-barbados/"
  },
  {
    "text": "What to do after a fire",
    "url": "https://claytoncrescent.org/2022/06/02/what-to-do-after-a-fire/"
  },
  {
    "text": "CCPS holds safety forums May 3, 10, 17",
    "url": "https://claytoncrescent.org/2022/05/02/ccps-holds-safety-forum-tues-may-3/"
  },
  {
    "text": "\n\t\t\t\t\t\t\t\t\t\t\t\t\t\t\t\t\t",
    "url": "https://claytoncrescent.org/2022/06/28/clayton-county-schools-need-more-teachers/"
  },
  {
    "text": "Clayton County Schools need more teachers",
    "url": "https://claytoncrescent.org/2022/06/28/clayton-county-schools-need-more-teachers/"
  },
  {
    "text": "\n\t\t\t\t\t\t\t\t\t\t\t\t\t\t\t\t\t",
    "url": "https://claytoncrescent.org/2022/06/24/boc-votes-to-cut-move-public-comment-hands-chairs-powers-to-coo/"
  },
  {
    "text": "BOC votes to cut, move public comment; hands chair\u2019s powers to COO",
    "url": "https://claytoncrescent.org/2022/06/24/boc-votes-to-cut-move-public-comment-hands-chairs-powers-to-coo/"
  },
  {
    "text": "\n\t\t\t\t\t\t\t\t\t\t\t\t\t\t\t\t\t",
    "url": "https://claytoncrescent.org/2022/05/04/ghsa-votes-unanimously-to-ban-trans-girls-from-school-sports/"
  },
  {
    "text": "GHSA votes unanimously to ban trans girls from school sports",
    "url": "https://claytoncrescent.org/2022/05/04/ghsa-votes-unanimously-to-ban-trans-girls-from-school-sports/"
  },
  {
    "text": "\n\t\t\t\t\t\t\t\t\t\t\t\t\t\t\t\t\t",
    "url": "https://claytoncrescent.org/2022/04/05/trans-kids-banned-from-ga-school-sports/"
  },
  {
    "text": "Trans kids banned from GA school sports",
    "url": "https://claytoncrescent.org/2022/04/05/trans-kids-banned-from-ga-school-sports/"
  },
  {
    "text": "\n\t\t\t\t\t\t\t\t\t\t\t\t\t\t\t\t\t",
    "url": "https://claytoncrescent.org/2022/07/05/boc-considers-finance-contract-with-former-atlanta-cfo-david-corbin/"
  },
  {
    "text": "\n\t\t\t\t\t\tBreaking\t\t\t\t\t",
    "url": "https://claytoncrescent.org/category/breaking/"
  },
  {
    "text": "BOC considers finance contract with former Atlanta CFO David Corbin",
    "url": "https://claytoncrescent.org/2022/07/05/boc-considers-finance-contract-with-former-atlanta-cfo-david-corbin/"
  },
  {
    "text": "\n\t\t\t\t\t\t\t\t\t\t\t\t\t\t\t\t\t",
    "url": "https://claytoncrescent.org/2022/06/15/port-of-savannah-sets-new-record/"
  },
  {
    "text": "\n\t\t\t\t\t\tPort of Savannah\t\t\t\t\t",
    "url": "https://claytoncrescent.org/category/port-of-savannah/"
  },
  {
    "text": "Port of Savannah sets new record",
    "url": "https://claytoncrescent.org/2022/06/15/port-of-savannah-sets-new-record/"
  },
  {
    "text": "\n\t\t\t\t\t\t\t\t\t\t\t\t\t\t\t\t\t",
    "url": "https://claytoncrescent.org/2022/06/16/white-parents-rallied-to-chase-a-black-educator-out-of-town-then-they-followed-her-to-the-next-one/"
  },
  {
    "text": "\n\t\t\t\t\t\tEducation\t\t\t\t\t",
    "url": "https://claytoncrescent.org/category/education/"
  },
  {
    "text": "White Parents Rallied to Chase a Black Educator Out of Town. Then, They Followed Her to the Next One.",
    "url": "https://claytoncrescent.org/2022/06/16/white-parents-rallied-to-chase-a-black-educator-out-of-town-then-they-followed-her-to-the-next-one/"
  },
  {
    "text": "\n\t\t\t\t\t\t\t\t\t\t\t\t\t\t\t\t\t",
    "url": "https://claytoncrescent.org/2022/06/15/biden-signs-lgbtq-executive-order/"
  },
  {
    "text": "\n\t\t\t\t\t\tNews\t\t\t\t\t",
    "url": "https://claytoncrescent.org/category/news/"
  },
  {
    "text": "Biden signs LGBTQ+ executive order",
    "url": "https://claytoncrescent.org/2022/06/15/biden-signs-lgbtq-executive-order/"
  },
  {
    "text": "",
    "url": "http://www.claytonchamber.org"
  },
  {
    "text": "",
    "url": "https://atlantapressclub.org/"
  },
  {
    "text": "",
    "url": "https://journalists.org/"
  },
  {
    "text": "",
    "url": "https://www.guidestar.org/profile/85-1134444"
  },
  {
    "text": "",
    "url": "https://www.guidestar.org/profile/85-1134444"
  },
  {
    "text": "\n\t\t\t\t\tProudly powered by Newspack by Automattic\t\t\t\t",
    "url": "https://newspack.pub/"
  },
  {
    "text": "Facebook Page",
    "url": "https://www.facebook.com/The-Clayton-Crescent-and-The-Real-Story-podcast-with-Robin-Kemp-103994387944123/"
  },
  {
    "text": "Twitter Username",
    "url": "https://twitter.com/ClaytonCrescent"
  },
  {
    "text": "The Clayton Crescent",
    "url": "https://claytoncrescent.org/?blackhole=8d04e8395c"
  }
]