[
  {
    "text": "Annapolis",
    "url": "https://cnsmaryland.org/category/annapolis/"
  },
  {
    "text": "D.C.",
    "url": "https://cnsmaryland.org/category/washington/"
  },
  {
    "text": "Maryland",
    "url": "https://cnsmaryland.org/category/maryland/"
  },
  {
    "text": "Data",
    "url": "https://cnsmaryland.org/category/cns-data-lab/"
  },
  {
    "text": "Video",
    "url": "https://cnsmaryland.org/category/cns-tv/"
  },
  {
    "text": "Howard Center",
    "url": "https://cnsmaryland.org/the-howard-center-for-investigative-journalism/"
  },
  {
    "text": "About CNS",
    "url": "https://cnsmaryland.org/about-capital-news-service/"
  },
  {
    "text": "Podcasts",
    "url": "https://cnsmaryland.org/cns-podcast-network/"
  },
  {
    "text": "",
    "url": "https://www.facebook.com/MarylandCNS/"
  },
  {
    "text": "",
    "url": "http://twitter.com/CNSmd"
  },
  {
    "text": "",
    "url": "https://www.instagram.com/cnsmd/"
  },
  {
    "text": "\n\n",
    "url": "https://cnsmaryland.org/"
  },
  {
    "text": "",
    "url": "#"
  },
  {
    "text": "\n\n",
    "url": "https://cnsmaryland.org/"
  },
  {
    "text": "Annapolis",
    "url": "https://cnsmaryland.org/category/annapolis/"
  },
  {
    "text": "D.C.",
    "url": "https://cnsmaryland.org/category/washington/"
  },
  {
    "text": "Data",
    "url": "https://cnsmaryland.org/category/cns-data-lab/"
  },
  {
    "text": "Video",
    "url": "https://cnsmaryland.org/category/cns-tv/"
  },
  {
    "text": "Howard Center",
    "url": "https://cnsmaryland.org/the-howard-center-for-investigative-journalism/"
  },
  {
    "text": "Povich Center",
    "url": "https://cnsmaryland.org/category/povich-sports/"
  },
  {
    "text": "More",
    "url": "https://cnsmaryland.org/"
  },
  {
    "text": "Maryland",
    "url": "https://cnsmaryland.org/category/maryland/"
  },
  {
    "text": "About CNS",
    "url": "https://cnsmaryland.org/about-capital-news-service/"
  },
  {
    "text": "",
    "url": "https://www.facebook.com/MarylandCNS/"
  },
  {
    "text": "",
    "url": "http://twitter.com/CNSmd"
  },
  {
    "text": "",
    "url": "https://www.instagram.com/cnsmd/"
  },
  {
    "text": "",
    "url": "#"
  },
  {
    "text": "\n\n",
    "url": "https://cnsmaryland.org/"
  },
  {
    "text": "Annapolis",
    "url": "https://cnsmaryland.org/category/annapolis/"
  },
  {
    "text": "D.C.",
    "url": "https://cnsmaryland.org/category/washington/"
  },
  {
    "text": "Data",
    "url": "https://cnsmaryland.org/category/cns-data-lab/"
  },
  {
    "text": "Video",
    "url": "https://cnsmaryland.org/category/cns-tv/"
  },
  {
    "text": "Howard Center",
    "url": "https://cnsmaryland.org/the-howard-center-for-investigative-journalism/"
  },
  {
    "text": "Povich Center",
    "url": "https://cnsmaryland.org/category/povich-sports/"
  },
  {
    "text": "More",
    "url": "https://cnsmaryland.org/"
  },
  {
    "text": "Maryland",
    "url": "https://cnsmaryland.org/category/maryland/"
  },
  {
    "text": "About CNS",
    "url": "https://cnsmaryland.org/about-capital-news-service/"
  },
  {
    "text": "",
    "url": "https://www.facebook.com/MarylandCNS/"
  },
  {
    "text": "",
    "url": "http://twitter.com/CNSmd"
  },
  {
    "text": "",
    "url": "https://www.instagram.com/cnsmd/"
  },
  {
    "text": "",
    "url": "#"
  },
  {
    "text": "",
    "url": "#"
  },
  {
    "text": "\n\t\t\t\t\t",
    "url": "https://cnsmaryland.org/2022/07/12/mega-billions-the-great-lottery-wealth-transfer/"
  },
  {
    "text": "The Howard Center for Investigative Journalism",
    "url": "https://cnsmaryland.org/category/the-howard-center-for-investigative-journalism/"
  },
  {
    "text": "Mega Billions: The great lottery wealth transfer",
    "url": "https://cnsmaryland.org/2022/07/12/mega-billions-the-great-lottery-wealth-transfer/"
  },
  {
    "text": "The Howard Center for Investigative Journalism",
    "url": "https://cnsmaryland.org/author/howard-center-for-investigative-journalism/"
  },
  {
    "text": "\n\t\t\t\t\t\t\t\t\t\t\t\t\t\t",
    "url": "https://cnsmaryland.org/2022/07/01/state-lottery-advertising-tells-players-half-of-the-story/"
  },
  {
    "text": "The Howard Center for Investigative Journalism",
    "url": "https://cnsmaryland.org/category/the-howard-center-for-investigative-journalism/"
  },
  {
    "text": "State lottery advertising tells players half of the story",
    "url": "https://cnsmaryland.org/2022/07/01/state-lottery-advertising-tells-players-half-of-the-story/"
  },
  {
    "text": "Vanessa G. S\u00e1nchez",
    "url": "https://cnsmaryland.org/author/vgsanchez/"
  },
  {
    "text": "Shannon Clark",
    "url": "https://cnsmaryland.org/author/shannon-clack/"
  },
  {
    "text": "Victoria A. Ifatusin",
    "url": "https://cnsmaryland.org/author/victoria-a-ifatusin/"
  },
  {
    "text": "Zoe Pierce",
    "url": "https://cnsmaryland.org/author/zoe-pierce/"
  },
  {
    "text": "Shreya Vuttaluru",
    "url": "https://cnsmaryland.org/author/shreya-vuttaluru/"
  },
  {
    "text": "Rachel Logan",
    "url": "https://cnsmaryland.org/author/rachel-logan/"
  },
  {
    "text": "Aadit Tambe",
    "url": "https://cnsmaryland.org/author/aadit-tambe/"
  },
  {
    "text": "\n\t\t\t\t\t\t\t\t\t\t\t\t\t\t",
    "url": "https://cnsmaryland.org/2022/07/01/state-lotteries-are-increasingly-ceding-control-to-companies/"
  },
  {
    "text": "The Howard Center for Investigative Journalism",
    "url": "https://cnsmaryland.org/category/the-howard-center-for-investigative-journalism/"
  },
  {
    "text": "State lotteries are increasingly ceding control to multinational firms",
    "url": "https://cnsmaryland.org/2022/07/01/state-lotteries-are-increasingly-ceding-control-to-companies/"
  },
  {
    "text": "Tinashe Chingarande",
    "url": "https://cnsmaryland.org/author/tinashe-chingarande/"
  },
  {
    "text": "Elizabeth Flood",
    "url": "https://cnsmaryland.org/author/elizabeth-flood/"
  },
  {
    "text": "Spencer Friedman",
    "url": "https://cnsmaryland.org/author/spencer-friedman/"
  },
  {
    "text": "Daniel Lawall",
    "url": "https://cnsmaryland.org/author/daniel-lawall/"
  },
  {
    "text": "\n\t\t\t\t\t\t\t\t\t\t\t\t\t\t",
    "url": "https://cnsmaryland.org/2022/07/01/scientific-games-lottery-playbook-succeeded-then-spread/"
  },
  {
    "text": "The Howard Center for Investigative Journalism",
    "url": "https://cnsmaryland.org/category/the-howard-center-for-investigative-journalism/"
  },
  {
    "text": "Scientific Games\u2019 lottery playbook succeeded, then spread",
    "url": "https://cnsmaryland.org/2022/07/01/scientific-games-lottery-playbook-succeeded-then-spread/"
  },
  {
    "text": "Jon Meltzer",
    "url": "https://cnsmaryland.org/author/jon-meltzer/"
  },
  {
    "text": "Lauren Mowry",
    "url": "https://cnsmaryland.org/author/lauren-mowry/"
  },
  {
    "text": "Victoria A. Ifatusin",
    "url": "https://cnsmaryland.org/author/victoria-a-ifatusin/"
  },
  {
    "text": "Michael Purdie",
    "url": "https://cnsmaryland.org/author/michael-purdie/"
  },
  {
    "text": "Unlevel Playing Fields",
    "url": "https://cnsmaryland.org/titleix/"
  },
  {
    "text": "\n\t\t\t\t\t\t\t\t",
    "url": "https://cnsmaryland.org/2022/04/11/title-ix-publicity-pentucket-massachusetts/"
  },
  {
    "text": "Povich Center and Howard Center",
    "url": "https://cnsmaryland.org/category/povich-center-and-howard-center/"
  },
  {
    "text": "Title IX requires girls sports get equal publicity. They often don\u2019t.",
    "url": "https://cnsmaryland.org/2022/04/11/title-ix-publicity-pentucket-massachusetts/"
  },
  {
    "text": "Emily Riley",
    "url": "https://cnsmaryland.org/author/emily-riley/"
  },
  {
    "text": "\n\t\t\t\t\t\t\t\t",
    "url": "https://cnsmaryland.org/2022/04/11/title-ix-violations-girls-sports/"
  },
  {
    "text": "Povich Center and Howard Center",
    "url": "https://cnsmaryland.org/category/povich-center-and-howard-center/"
  },
  {
    "text": "Inaction on Title IX spans decades in Congress",
    "url": "https://cnsmaryland.org/2022/04/11/title-ix-violations-girls-sports/"
  },
  {
    "text": "Tatyana Monnay",
    "url": "https://cnsmaryland.org/author/tmmonnay/"
  },
  {
    "text": "\n\t\t\t\t\t\t\t\t",
    "url": "https://cnsmaryland.org/2022/04/11/title-ix-sports-stadium-lawsuits/"
  },
  {
    "text": "Povich Center and Howard Center",
    "url": "https://cnsmaryland.org/category/povich-center-and-howard-center/"
  },
  {
    "text": "Disparities between girls\u2019 and boys\u2019 sports facilities lead to the courthouse",
    "url": "https://cnsmaryland.org/2022/04/11/title-ix-sports-stadium-lawsuits/"
  },
  {
    "text": "Kassidy McDonald",
    "url": "https://cnsmaryland.org/author/kassidy-mcdonald/"
  },
  {
    "text": "Katie Manganelli",
    "url": "https://cnsmaryland.org/author/katie-manganelli/"
  },
  {
    "text": "Ben Curtis",
    "url": "https://cnsmaryland.org/author/ben-curtis/"
  },
  {
    "text": "\n\t\t\t\t\t\t\t\t",
    "url": "https://cnsmaryland.org/2022/04/11/title-ix-rancho-buena-vista-california/"
  },
  {
    "text": "Povich Center and Howard Center",
    "url": "https://cnsmaryland.org/category/povich-center-and-howard-center/"
  },
  {
    "text": "Students level the playing fields at California high school",
    "url": "https://cnsmaryland.org/2022/04/11/title-ix-rancho-buena-vista-california/"
  },
  {
    "text": "Ashkan Motamedi",
    "url": "https://cnsmaryland.org/author/ajmotamedi/"
  },
  {
    "text": "\n\t\t\t\t\t\t\t\t",
    "url": "https://cnsmaryland.org/2022/04/11/title-ix-poll/"
  },
  {
    "text": "Povich Center and Howard Center",
    "url": "https://cnsmaryland.org/category/povich-center-and-howard-center/"
  },
  {
    "text": "Title IX a mystery to most parents and students, poll says",
    "url": "https://cnsmaryland.org/2022/04/11/title-ix-poll/"
  },
  {
    "text": "Kara Newhouse",
    "url": "https://cnsmaryland.org/author/kara-newhouse/"
  },
  {
    "text": "More Unlevel Playing Fields > ",
    "url": "https://cnsmaryland.org/titleix/"
  },
  {
    "text": "Annapolis",
    "url": "https://cnsmaryland.org/category/annapolis/"
  },
  {
    "text": "\n\t\t\t\t\t\t\t\t\t\t\t\t\t\t",
    "url": "https://cnsmaryland.org/2022/04/29/maryland-gubernatorial-candidates-financial-connections-pose-conflict-problems/"
  },
  {
    "text": "Annapolis",
    "url": "https://cnsmaryland.org/category/annapolis/"
  },
  {
    "text": "Maryland gubernatorial candidate\u2019s financial connections pose conflict problems",
    "url": "https://cnsmaryland.org/2022/04/29/maryland-gubernatorial-candidates-financial-connections-pose-conflict-problems/"
  },
  {
    "text": "Stephen Neukam",
    "url": "https://cnsmaryland.org/author/stneukam/"
  },
  {
    "text": "\n\t\t\t\t\t\t\t\t\t\t\t\t\t\t",
    "url": "https://cnsmaryland.org/2022/04/26/inside-marylands-marijuana-industry-beginning-at-the-root/"
  },
  {
    "text": "Annapolis",
    "url": "https://cnsmaryland.org/category/annapolis/"
  },
  {
    "text": "Inside Maryland\u2019s marijuana industry, beginning at the root",
    "url": "https://cnsmaryland.org/2022/04/26/inside-marylands-marijuana-industry-beginning-at-the-root/"
  },
  {
    "text": "E. A. Breeden",
    "url": "https://cnsmaryland.org/author/breedenj/"
  },
  {
    "text": "\n\t\t\t\t\t\t\t\t\t\t\t\t\t\t",
    "url": "https://cnsmaryland.org/2022/04/22/baltimore-church-rehabilitates-dying-forest-with-lots-of-help/"
  },
  {
    "text": "Annapolis",
    "url": "https://cnsmaryland.org/category/annapolis/"
  },
  {
    "text": "Baltimore church rehabilitates dying forest with lots of help",
    "url": "https://cnsmaryland.org/2022/04/22/baltimore-church-rehabilitates-dying-forest-with-lots-of-help/"
  },
  {
    "text": "Logan Hill",
    "url": "https://cnsmaryland.org/author/lrhill/"
  },
  {
    "text": "\n\t\t\t\t\t\t\t\t\t\t\t\t\t\t",
    "url": "https://cnsmaryland.org/2022/04/21/partnership-turns-maryland-environmental-disaster-into-sanctuary/"
  },
  {
    "text": "Annapolis",
    "url": "https://cnsmaryland.org/category/annapolis/"
  },
  {
    "text": "Partnership turns Maryland environmental disaster into sanctuary",
    "url": "https://cnsmaryland.org/2022/04/21/partnership-turns-maryland-environmental-disaster-into-sanctuary/"
  },
  {
    "text": "Joe Ryan",
    "url": "https://cnsmaryland.org/author/jlryan/"
  },
  {
    "text": "More Annapolis stories > ",
    "url": "https://cnsmaryland.org/category/annapolis/"
  },
  {
    "text": "Data stories",
    "url": "https://cnsmaryland.org/category/cns-data-lab/"
  },
  {
    "text": "\n\t\t\t\t\t\t\t\t",
    "url": "https://cnsmaryland.org/2022/05/05/cable-television-is-on-the-decline-in-the-age-of-the-customer/"
  },
  {
    "text": "Data Stories",
    "url": "https://cnsmaryland.org/category/cns-data-lab/"
  },
  {
    "text": "Cable television is on the decline in the \u2018Age of the Customer\u2019",
    "url": "https://cnsmaryland.org/2022/05/05/cable-television-is-on-the-decline-in-the-age-of-the-customer/"
  },
  {
    "text": "Nolan Gelbard",
    "url": "https://cnsmaryland.org/author/ndgelbard/"
  },
  {
    "text": "\n\t\t\t\t\t\t\t\t",
    "url": "https://cnsmaryland.org/2022/05/03/american-teens-are-experiencing-a-rise-in-mental-health-disorders-suicidal-thoughts/"
  },
  {
    "text": "Data Stories",
    "url": "https://cnsmaryland.org/category/cns-data-lab/"
  },
  {
    "text": "American teens are experiencing a rise in mental health disorders, suicidal thoughts",
    "url": "https://cnsmaryland.org/2022/05/03/american-teens-are-experiencing-a-rise-in-mental-health-disorders-suicidal-thoughts/"
  },
  {
    "text": "Jonathan Tercasio",
    "url": "https://cnsmaryland.org/author/jrt/"
  },
  {
    "text": "\n\t\t\t\t\t\t\t\t",
    "url": "https://cnsmaryland.org/2022/05/03/airlines-lift-cdc-mask-mandate-after-florida-judges-ruling/"
  },
  {
    "text": "Data Stories",
    "url": "https://cnsmaryland.org/category/cns-data-lab/"
  },
  {
    "text": "Airlines lift CDC mask mandate after Florida judge\u2019s ruling",
    "url": "https://cnsmaryland.org/2022/05/03/airlines-lift-cdc-mask-mandate-after-florida-judges-ruling/"
  },
  {
    "text": "Dylan Josephson",
    "url": "https://cnsmaryland.org/author/djosephson/"
  },
  {
    "text": "\n\t\t\t\t\t\t\t\t",
    "url": "https://cnsmaryland.org/2022/05/03/opioids-killed-thousands-of-maryland-residents-in-2021/"
  },
  {
    "text": "Data Stories",
    "url": "https://cnsmaryland.org/category/cns-data-lab/"
  },
  {
    "text": "Opioids killed thousands of Maryland residents in 2021",
    "url": "https://cnsmaryland.org/2022/05/03/opioids-killed-thousands-of-maryland-residents-in-2021/"
  },
  {
    "text": "Riley Brennan",
    "url": "https://cnsmaryland.org/author/rcbrennan/"
  },
  {
    "text": "\n\t\t\t\t\t\t\t\t",
    "url": "https://cnsmaryland.org/2022/05/03/fatal-vehicle-crashes-in-maryland-spike-during-pandemic-despite-less-people-on-the-road/"
  },
  {
    "text": "Data Stories",
    "url": "https://cnsmaryland.org/category/cns-data-lab/"
  },
  {
    "text": "Fatal vehicle crashes in Maryland spike during pandemic despite less people on the road",
    "url": "https://cnsmaryland.org/2022/05/03/fatal-vehicle-crashes-in-maryland-spike-during-pandemic-despite-less-people-on-the-road/"
  },
  {
    "text": "Melena DiNenna",
    "url": "https://cnsmaryland.org/author/mldinenna/"
  },
  {
    "text": "More Data stories > ",
    "url": "https://cnsmaryland.org/category/cns-data-lab/"
  },
  {
    "text": "Washington",
    "url": "https://cnsmaryland.org/category/washington/"
  },
  {
    "text": "\n\t\t\t\t\t\t\t\t\t\t\t\t\t\t",
    "url": "https://cnsmaryland.org/2022/05/17/basketballs-mo-creek-was-ensnared-in-ukraine-war-then-helped-by-a-man-he-barely-knew/"
  },
  {
    "text": "Washington",
    "url": "https://cnsmaryland.org/category/washington/"
  },
  {
    "text": "Basketball\u2019s Mo Creek was ensnared in Ukraine war, then helped by a man he barely knew",
    "url": "https://cnsmaryland.org/2022/05/17/basketballs-mo-creek-was-ensnared-in-ukraine-war-then-helped-by-a-man-he-barely-knew/"
  },
  {
    "text": "Ashkan Motamedi",
    "url": "https://cnsmaryland.org/author/ajmotamedi/"
  },
  {
    "text": "\n\t\t\t\t\t\t\t\t\t\t\t\t\t\t",
    "url": "https://cnsmaryland.org/2022/05/12/millions-of-dollars-raised-in-maryland-congressional-races-but-just-a-couple-of-real-contests/"
  },
  {
    "text": "Washington",
    "url": "https://cnsmaryland.org/category/washington/"
  },
  {
    "text": "Millions of dollars raised In Maryland congressional races, but just a couple of real contests",
    "url": "https://cnsmaryland.org/2022/05/12/millions-of-dollars-raised-in-maryland-congressional-races-but-just-a-couple-of-real-contests/"
  },
  {
    "text": "Tatyana Monnay",
    "url": "https://cnsmaryland.org/author/tmmonnay/"
  },
  {
    "text": "\n\t\t\t\t\t\t\t\t\t\t\t\t\t\t",
    "url": "https://cnsmaryland.org/2022/05/10/in-sheer-numbers-u-s-and-nato-forces-far-outstrip-russias-military/"
  },
  {
    "text": "Washington",
    "url": "https://cnsmaryland.org/category/washington/"
  },
  {
    "text": "In sheer numbers, U.S. and NATO forces far outstrip Russia\u2019s military",
    "url": "https://cnsmaryland.org/2022/05/10/in-sheer-numbers-u-s-and-nato-forces-far-outstrip-russias-military/"
  },
  {
    "text": "Ryan White",
    "url": "https://cnsmaryland.org/author/rcwhite/"
  },
  {
    "text": "\n\t\t\t\t\t\t\t\t\t\t\t\t\t\t",
    "url": "https://cnsmaryland.org/2022/05/05/supreme-court-is-now-surrounded-by-fencing-but-protests-continue/"
  },
  {
    "text": "Washington",
    "url": "https://cnsmaryland.org/category/washington/"
  },
  {
    "text": "Supreme Court is now surrounded by fencing, but protests continue",
    "url": "https://cnsmaryland.org/2022/05/05/supreme-court-is-now-surrounded-by-fencing-but-protests-continue/"
  },
  {
    "text": "Chris Barylick",
    "url": "https://cnsmaryland.org/author/chris-barylick/"
  },
  {
    "text": "More Washington stories > ",
    "url": "https://cnsmaryland.org/category/washington/"
  },
  {
    "text": "Printing Hate",
    "url": "https://lynching.cnsmaryland.org"
  },
  {
    "text": "\n\t\t\t\t\t\t\t\t",
    "url": "https://cnsmaryland.org/2022/01/27/memorials-to-lynching-victims-challenge-who-writes-nations-history/"
  },
  {
    "text": "The Howard Center for Investigative Journalism",
    "url": "https://cnsmaryland.org/category/the-howard-center-for-investigative-journalism/"
  },
  {
    "text": "Memorials to lynching victims challenge who writes nation\u2019s history",
    "url": "https://cnsmaryland.org/2022/01/27/memorials-to-lynching-victims-challenge-who-writes-nations-history/"
  },
  {
    "text": "The Howard Center for Investigative Journalism",
    "url": "https://cnsmaryland.org/author/howard-center-for-investigative-journalism/"
  },
  {
    "text": "\n\t\t\t\t\t\t\t\t",
    "url": "https://cnsmaryland.org/2022/01/27/confederate-monument-stands-at-site-of-1922-arkansas-lynching/"
  },
  {
    "text": "The Howard Center for Investigative Journalism",
    "url": "https://cnsmaryland.org/category/the-howard-center-for-investigative-journalism/"
  },
  {
    "text": "Confederate monument stands at site of 1922 Arkansas lynching",
    "url": "https://cnsmaryland.org/2022/01/27/confederate-monument-stands-at-site-of-1922-arkansas-lynching/"
  },
  {
    "text": "The Howard Center for Investigative Journalism",
    "url": "https://cnsmaryland.org/author/howard-center-for-investigative-journalism/"
  },
  {
    "text": "\n\t\t\t\t\t\t\t\t",
    "url": "https://cnsmaryland.org/2022/01/24/a-lynching-countenanced-by-the-white-press-and-church/"
  },
  {
    "text": "The Howard Center for Investigative Journalism",
    "url": "https://cnsmaryland.org/category/the-howard-center-for-investigative-journalism/"
  },
  {
    "text": "A lynching countenanced by the white press and church",
    "url": "https://cnsmaryland.org/2022/01/24/a-lynching-countenanced-by-the-white-press-and-church/"
  },
  {
    "text": "The Howard Center for Investigative Journalism",
    "url": "https://cnsmaryland.org/author/howard-center-for-investigative-journalism/"
  },
  {
    "text": "\n\t\t\t\t\t\t\t\t",
    "url": "https://cnsmaryland.org/2022/01/24/some-protestant-churches-welcomed-revival-of-the-ku-klux-klan/"
  },
  {
    "text": "The Howard Center for Investigative Journalism",
    "url": "https://cnsmaryland.org/category/the-howard-center-for-investigative-journalism/"
  },
  {
    "text": "Some Protestant churches welcomed revival of the Ku Klux Klan",
    "url": "https://cnsmaryland.org/2022/01/24/some-protestant-churches-welcomed-revival-of-the-ku-klux-klan/"
  },
  {
    "text": "The Howard Center for Investigative Journalism",
    "url": "https://cnsmaryland.org/author/howard-center-for-investigative-journalism/"
  },
  {
    "text": "More Printing Hate > ",
    "url": "https://lynching.cnsmaryland.org/"
  },
  {
    "text": "Maryland",
    "url": "https://cnsmaryland.org/category/maryland/"
  },
  {
    "text": "\n\t\t\t\t\t\t\t\t\t\t\t\t\t\t",
    "url": "https://cnsmaryland.org/2022/06/13/the-russian-war-kills-15-journalists-scatters-others-to-safe-haven-a-few-remain-in-ukraine-russia-continue-work-underground/"
  },
  {
    "text": "",
    "url": ""
  },
  {
    "text": "The Russian War Kills 15 Journalists, Scatters Others to Safe Haven A Few Remain in Ukraine, Russia, Continue Work Underground",
    "url": "https://cnsmaryland.org/2022/06/13/the-russian-war-kills-15-journalists-scatters-others-to-safe-haven-a-few-remain-in-ukraine-russia-continue-work-underground/"
  },
  {
    "text": "Mya Zepp",
    "url": "https://cnsmaryland.org/author/mya-zepp/"
  },
  {
    "text": "Ekaterina Pechenkina",
    "url": "https://cnsmaryland.org/author/ekaterina-pechenkina/"
  },
  {
    "text": "Eve Sampson",
    "url": "https://cnsmaryland.org/author/eve-sampson/"
  },
  {
    "text": "Destiny Herbers",
    "url": "https://cnsmaryland.org/author/destiny-herbers/"
  },
  {
    "text": "\n\t\t\t\t\t\t\t\t\t\t\t\t\t\t",
    "url": "https://cnsmaryland.org/2022/06/13/ukrainian-reporter-jailed-in-crimea-sent-to-crowded-cell-block-to-make-room-for-prisoners-of-war-says-u-s-funded-employer-radio-free-europe-radio-liberty/"
  },
  {
    "text": "Maryland",
    "url": "https://cnsmaryland.org/category/maryland/"
  },
  {
    "text": "Ukrainian reporter jailed in Crimea sent to crowded cell block to make room for prisoners of war, says U.S.-funded employer Radio Free Europe/Radio Liberty",
    "url": "https://cnsmaryland.org/2022/06/13/ukrainian-reporter-jailed-in-crimea-sent-to-crowded-cell-block-to-make-room-for-prisoners-of-war-says-u-s-funded-employer-radio-free-europe-radio-liberty/"
  },
  {
    "text": "John Bedard",
    "url": "https://cnsmaryland.org/author/jbedardjr/"
  },
  {
    "text": "\n\t\t\t\t\t\t\t\t\t\t\t\t\t\t",
    "url": "https://cnsmaryland.org/2022/06/13/one-reporters-story-shows-outlook-for-release-of-kurdish-journalists-worsens-under-turkeys-authoritarian-path/"
  },
  {
    "text": "",
    "url": ""
  },
  {
    "text": "One Reporter\u2019s Story Shows Outlook For Release Of Kurdish Journalists Worsens Under Turkey\u2019s Authoritarian Path",
    "url": "https://cnsmaryland.org/2022/06/13/one-reporters-story-shows-outlook-for-release-of-kurdish-journalists-worsens-under-turkeys-authoritarian-path/"
  },
  {
    "text": "Eve Sampson",
    "url": "https://cnsmaryland.org/author/eve-sampson/"
  },
  {
    "text": "\n\t\t\t\t\t\t\t\t\t\t\t\t\t\t",
    "url": "https://cnsmaryland.org/2022/06/13/hong-kong-journalists-and-activists-fear-chinas-retaliation-even-abroad/"
  },
  {
    "text": "Maryland",
    "url": "https://cnsmaryland.org/category/maryland/"
  },
  {
    "text": "Hong Kong journalists and activists fear China\u2019s retaliation, even abroad",
    "url": "https://cnsmaryland.org/2022/06/13/hong-kong-journalists-and-activists-fear-chinas-retaliation-even-abroad/"
  },
  {
    "text": "Elie Kern",
    "url": "https://cnsmaryland.org/author/elie-kern/"
  },
  {
    "text": "Kyle Heflinger",
    "url": "https://cnsmaryland.org/author/kyle-heflinger/"
  },
  {
    "text": "More Maryland stories > ",
    "url": "https://cnsmaryland.org/category/maryland/"
  },
  {
    "text": "Video",
    "url": "https://cnsmaryland.org/category/cns-tv/"
  },
  {
    "text": "\n\t\t\t\t\t\t\t\t",
    "url": "https://cnsmaryland.org/2022/05/03/umbc-president-freeman-hrabowski-retires/"
  },
  {
    "text": "CNS TV",
    "url": "https://cnsmaryland.org/category/cns-tv/"
  },
  {
    "text": "UMBC President Freeman Hrabowski retires",
    "url": "https://cnsmaryland.org/2022/05/03/umbc-president-freeman-hrabowski-retires/"
  },
  {
    "text": "Mel Coffee",
    "url": "https://cnsmaryland.org/author/mcoffee/"
  },
  {
    "text": "\n\t\t\t\t\t\t\t\t",
    "url": "https://cnsmaryland.org/2022/04/29/baltimore-to-receive-155-million-to-revitalize-inner-harbor/"
  },
  {
    "text": "CNS TV",
    "url": "https://cnsmaryland.org/category/cns-tv/"
  },
  {
    "text": "Baltimore to receive $155 million to revitalize Inner Harbor",
    "url": "https://cnsmaryland.org/2022/04/29/baltimore-to-receive-155-million-to-revitalize-inner-harbor/"
  },
  {
    "text": "Collin Riviello",
    "url": "https://cnsmaryland.org/author/cjriviello/"
  },
  {
    "text": "\n\t\t\t\t\t\t\t\t",
    "url": "https://cnsmaryland.org/2022/04/20/goats-help-people-cope-with-mental-health-issues/"
  },
  {
    "text": "CNS TV",
    "url": "https://cnsmaryland.org/category/cns-tv/"
  },
  {
    "text": "Goats help people cope with mental health issues",
    "url": "https://cnsmaryland.org/2022/04/20/goats-help-people-cope-with-mental-health-issues/"
  },
  {
    "text": "Collin Riviello",
    "url": "https://cnsmaryland.org/author/cjriviello/"
  },
  {
    "text": "\n\t\t\t\t\t\t\t\t",
    "url": "https://cnsmaryland.org/2022/04/20/montgomery-county-residents-complain-of-excessive-racing-and-exhaust-noise/"
  },
  {
    "text": "CNS TV",
    "url": "https://cnsmaryland.org/category/cns-tv/"
  },
  {
    "text": "Montgomery County residents complain of excessive racing and exhaust noise",
    "url": "https://cnsmaryland.org/2022/04/20/montgomery-county-residents-complain-of-excessive-racing-and-exhaust-noise/"
  },
  {
    "text": "Jasmine Boykin",
    "url": "https://cnsmaryland.org/author/jeiboykin/"
  },
  {
    "text": "\n\t\t\t\t\t\t\t\t",
    "url": "https://cnsmaryland.org/2022/04/15/judge-reinstates-case-against-two-police-officers-who-handcuffed-and-yelled-at-a-5-year-old-for-leaving-school/"
  },
  {
    "text": "CNS TV",
    "url": "https://cnsmaryland.org/category/cns-tv/"
  },
  {
    "text": "Judge reinstates case against two police officers who handcuffed and yelled at a 5-year-old for leaving school",
    "url": "https://cnsmaryland.org/2022/04/15/judge-reinstates-case-against-two-police-officers-who-handcuffed-and-yelled-at-a-5-year-old-for-leaving-school/"
  },
  {
    "text": "Meghan Curtis",
    "url": "https://cnsmaryland.org/author/mmcurtis/"
  },
  {
    "text": "More Video stories > ",
    "url": "https://cnsmaryland.org/category/cns-tv/"
  },
  {
    "text": "About CNS",
    "url": "https://cnsmaryland.org/about-capital-news-service/"
  },
  {
    "text": "Merrill College",
    "url": "https://merrill.umd.edu/"
  },
  {
    "text": "Capital News Service Wire",
    "url": "https://cnsmaryland.org/capital-news-service-wire/"
  },
  {
    "text": "",
    "url": "https://www.facebook.com/MarylandCNS/"
  },
  {
    "text": "",
    "url": "http://twitter.com/CNSmd"
  },
  {
    "text": "",
    "url": "https://www.youtube.com/user/CNSMaryland"
  },
  {
    "text": "",
    "url": "https://www.instagram.com/cnsmd/"
  },
  {
    "text": "",
    "url": "http://snapchat.com/add/cnsmaryland"
  },
  {
    "text": "Annapolis",
    "url": "https://cnsmaryland.org/category/annapolis/"
  },
  {
    "text": "D.C.",
    "url": "https://cnsmaryland.org/category/washington/"
  },
  {
    "text": "Maryland",
    "url": "https://cnsmaryland.org/category/maryland/"
  },
  {
    "text": "Data",
    "url": "https://cnsmaryland.org/category/cns-data-lab/"
  },
  {
    "text": "Video",
    "url": "https://cnsmaryland.org/category/cns-tv/"
  },
  {
    "text": "Howard Center",
    "url": "https://cnsmaryland.org/the-howard-center-for-investigative-journalism/"
  },
  {
    "text": "About CNS",
    "url": "https://cnsmaryland.org/about-capital-news-service/"
  },
  {
    "text": "Podcasts",
    "url": "https://cnsmaryland.org/cns-podcast-network/"
  },
  {
    "text": "",
    "url": "https://www.facebook.com/MarylandCNS/"
  },
  {
    "text": "",
    "url": "http://twitter.com/CNSmd"
  },
  {
    "text": "",
    "url": "https://www.instagram.com/cnsmd/"
  },
  {
    "text": "Lost Password",
    "url": "#"
  },
  {
    "text": "Login",
    "url": "#"
  },
  {
    "text": "Register",
    "url": "#"
  },
  {
    "text": "Lost Password?",
    "url": "#"
  }
]