[
  {
    "text": "Skip to content",
    "url": "#content"
  },
  {
    "text": "",
    "url": "https://centraloregondaily.com/"
  },
  {
    "text": "Facebook ",
    "url": "https://www.facebook.com/CentralOregonDaily/"
  },
  {
    "text": " Twitter ",
    "url": "https://twitter.com/CODaily"
  },
  {
    "text": " Instagram",
    "url": "https://www.instagram.com/centraloregondaily/"
  },
  {
    "text": "Connect With Us",
    "url": "https://centraloregondaily.com/newstips/"
  },
  {
    "text": "News",
    "url": "https://centraloregondaily.com/local-news/"
  },
  {
    "text": "Oregon Fire Information",
    "url": "https://centraloregondaily.com/fireinformation/"
  },
  {
    "text": "Morning Headlines E-Newsletter",
    "url": "https://centraloregondaily.secondstreetapp.com/Email-Signup/"
  },
  {
    "text": "COVID-19",
    "url": "https://centraloregondaily.com/covid-19/"
  },
  {
    "text": "Local",
    "url": "https://centraloregondaily.com/local-news/"
  },
  {
    "text": "State/PNW",
    "url": "https://centraloregondaily.com/state-northwest-regional-news/"
  },
  {
    "text": "National/World",
    "url": "https://centraloregondaily.com/national-world-news/"
  },
  {
    "text": "Hometown News \u2013 Redmond",
    "url": "https://centraloregondaily.com/redmond/"
  },
  {
    "text": "Hometown News \u2013 Prineville",
    "url": "https://centraloregondaily.com/prineville/"
  },
  {
    "text": "Hometown News \u2013 Madras",
    "url": "https://centraloregondaily.com/madras/"
  },
  {
    "text": "Hometown News \u2013Sisters",
    "url": "https://centraloregondaily.com/sisters/"
  },
  {
    "text": "Hometown News \u2013La Pine/Sunriver",
    "url": "https://centraloregondaily.com/lapine/"
  },
  {
    "text": "Weather",
    "url": "https://centraloregondaily.com/weather/"
  },
  {
    "text": "Forecast",
    "url": "https://centraloregondaily.com/weather/"
  },
  {
    "text": "Weather Alerts",
    "url": "https://centraloregondaily.com/weather-alerts/"
  },
  {
    "text": "ODOT TripCheck",
    "url": "https://www.tripcheck.com/"
  },
  {
    "text": "School Closures",
    "url": "https://centraloregondaily.com/school-closures/"
  },
  {
    "text": "Live",
    "url": "https://centraloregondaily.com/live/"
  },
  {
    "text": "Contests",
    "url": "https://centraloregondaily.com/contests/"
  },
  {
    "text": "Weekly Features",
    "url": "https://centraloregondaily.com/weekly-features/"
  },
  {
    "text": "War Stories",
    "url": "https://centraloregondaily.com/warstories/"
  },
  {
    "text": "Furever Friends",
    "url": "https://centraloregondaily.com/fureverfriends/"
  },
  {
    "text": "Destination Oregon",
    "url": "https://centraloregondaily.com/destination-oregon/"
  },
  {
    "text": "Taste This!",
    "url": "https://centraloregondaily.com/taste-this/"
  },
  {
    "text": "The Great Outdoors",
    "url": "https://centraloregondaily.com/the-great-outdoors/"
  },
  {
    "text": "Little Did I Know\u2026",
    "url": "https://centraloregondaily.com/littledidiknow/"
  },
  {
    "text": "Origin Story",
    "url": "https://centraloregondaily.com/origin-story/"
  },
  {
    "text": "Get Outside",
    "url": "https://centraloregondaily.com/get-outside/"
  },
  {
    "text": "KOHD \u2013 ABC",
    "url": "https://centraloregondaily.com/kohd-abc/"
  },
  {
    "text": "KBNZ \u2013 CBS",
    "url": "https://centraloregondaily.com/kbnz-cbs/"
  },
  {
    "text": "CO Visitors Network",
    "url": "https://centraloregondaily.com/co4/"
  },
  {
    "text": "COTV",
    "url": "https://centraloregondaily.com/cotv/"
  },
  {
    "text": "Community",
    "url": "https://centraloregondaily.com/cotv/cotv-community/"
  },
  {
    "text": "Events",
    "url": "https://centraloregondaily.com/cotv/cotv-events/"
  },
  {
    "text": "High School Sports/Events",
    "url": "https://centraloregondaily.com/cotv/cotv-high-school-sports/"
  },
  {
    "text": "Television Schedule",
    "url": "https://centraloregondaily.com/schedule/"
  },
  {
    "text": "Newslinks",
    "url": "https://centraloregondaily.com/newslinks/"
  },
  {
    "text": "More",
    "url": "#"
  },
  {
    "text": "About",
    "url": "https://centraloregondaily.com/about/"
  },
  {
    "text": "News Team",
    "url": "https://centraloregondaily.com/personalitiescrew-2/"
  },
  {
    "text": "Advertise With Us",
    "url": "https://centraloregondaily.com/advertise-with-us/"
  },
  {
    "text": "Commercial Production",
    "url": "https://centraloregondaily.com/creative-services/"
  },
  {
    "text": "Television Schedule",
    "url": "https://centraloregondaily.com/schedule/"
  },
  {
    "text": "",
    "url": "https://www.hilinehomes.com/locations/redmond-or/?utm_source=centraloregondaily&utm_medium=display&utm_campaign=banner_rdm"
  },
  {
    "text": "\u25b6\ufe0f Have you seen them? Man, woman suspected of stealing from cars at trailheads",
    "url": "https://centraloregondaily.com/trailhead-day-use-theft-suspects-walmart/"
  },
  {
    "text": "More Episodes",
    "url": "https://centraloregondaily.com/trailhead-day-use-theft-suspects-walmart/"
  },
  {
    "text": "",
    "url": "https://centraloregondaily.secondstreetapp.com/Email-Signup/"
  },
  {
    "text": "",
    "url": "https://centraloregondaily.com/tolo-mountain-fire-near-crescent/"
  },
  {
    "text": "\u25b6\ufe0f Tolo Mountain Fire: 41 acres, 0% contaimment, spot fires break out",
    "url": "https://centraloregondaily.com/tolo-mountain-fire-near-crescent/"
  },
  {
    "text": "",
    "url": "https://centraloregondaily.com/st-charles-hospitals-financial-crisis-severe-staff-shortages/"
  },
  {
    "text": "\u25b6\ufe0f St. Charles temporarily enacts crisis standards of care; State says no",
    "url": "https://centraloregondaily.com/st-charles-hospitals-financial-crisis-severe-staff-shortages/"
  },
  {
    "text": "",
    "url": "https://centraloregondaily.com/bend-umpire-little-league-world-series/"
  },
  {
    "text": "\u25b6\ufe0f Umpire\u2019s journey starts in Bend, leads toward Little League World Series",
    "url": "https://centraloregondaily.com/bend-umpire-little-league-world-series/"
  },
  {
    "text": "",
    "url": "https://centraloregondaily.com/bend-house-fire-oily-rags-2/"
  },
  {
    "text": "\u25b6\ufe0f House fire in SW Bend started by oily rags",
    "url": "https://centraloregondaily.com/bend-house-fire-oily-rags-2/"
  },
  {
    "text": "",
    "url": "https://centraloregondaily.com/%e2%96%b6%ef%b8%8f-resumen-semanal-del-noticiero-central-oregon-daily-news-7-29/"
  },
  {
    "text": "\u25b6\ufe0f Resumen Semanal del Noticiero Central Oregon Daily News 7-29",
    "url": "https://centraloregondaily.com/%e2%96%b6%ef%b8%8f-resumen-semanal-del-noticiero-central-oregon-daily-news-7-29/"
  },
  {
    "text": "Read More Local News",
    "url": "/top-local-news-stories/"
  },
  {
    "text": "",
    "url": "https://centraloregondaily.com/7-ways-to-spring-clean-your-finances/"
  },
  {
    "text": "7 Ways to Spring Clean Your Finances",
    "url": "https://centraloregondaily.com/7-ways-to-spring-clean-your-finances/"
  },
  {
    "text": "",
    "url": "https://centraloregondaily.com/bend-umpire-little-league-world-series/"
  },
  {
    "text": "\u25b6\ufe0f Umpire\u2019s journey starts in Bend, leads toward Little League World Series",
    "url": "https://centraloregondaily.com/bend-umpire-little-league-world-series/"
  },
  {
    "text": "",
    "url": "https://centraloregondaily.com/bend-house-fire-oily-rags-2/"
  },
  {
    "text": "\u25b6\ufe0f House fire in SW Bend started by oily rags",
    "url": "https://centraloregondaily.com/bend-house-fire-oily-rags-2/"
  },
  {
    "text": "",
    "url": "https://centraloregondaily.com/%e2%96%b6%ef%b8%8f-resumen-semanal-del-noticiero-central-oregon-daily-news-7-29/"
  },
  {
    "text": "\u25b6\ufe0f Resumen Semanal del Noticiero Central Oregon Daily News 7-29",
    "url": "https://centraloregondaily.com/%e2%96%b6%ef%b8%8f-resumen-semanal-del-noticiero-central-oregon-daily-news-7-29/"
  },
  {
    "text": "",
    "url": "https://centraloregondaily.com/heat-wave/"
  },
  {
    "text": "",
    "url": "https://centraloregondaily.com/heat-stroke-exhaustion-cramps-sunburn-rash/"
  },
  {
    "text": "How to tell heat stroke from heat exhaustion",
    "url": "https://centraloregondaily.com/heat-stroke-exhaustion-cramps-sunburn-rash/"
  },
  {
    "text": "",
    "url": "https://centraloregondaily.com/heat-wave-children-infants-safety-tips/"
  },
  {
    "text": "Never leave kids in parked cars \u2014 and other heat wave tips for children",
    "url": "https://centraloregondaily.com/heat-wave-children-infants-safety-tips/"
  },
  {
    "text": "",
    "url": "https://centraloregondaily.com/pet-heat-safety-tips/"
  },
  {
    "text": "\u25b6\ufe0f How to keep your pets safe as Central Oregon reaches 100 degrees",
    "url": "https://centraloregondaily.com/pet-heat-safety-tips/"
  },
  {
    "text": "Read More Heat Wave News and Heat Safety Tips",
    "url": "https://centraloregondaily.com/heat-wave"
  },
  {
    "text": "",
    "url": "https://centraloregondaily.com/dog-balcony-heat-wave-owner-charges/"
  },
  {
    "text": "\u25b6\ufe0f Dog in Washington state left on balcony in extreme heat dies, owner charged",
    "url": "https://centraloregondaily.com/dog-balcony-heat-wave-owner-charges/"
  },
  {
    "text": "",
    "url": "https://centraloregondaily.com/oregon-governor-debate-drazan-kotek-johnson/"
  },
  {
    "text": "Oregon governor candidates meet in 1st debate",
    "url": "https://centraloregondaily.com/oregon-governor-debate-drazan-kotek-johnson/"
  },
  {
    "text": "",
    "url": "https://centraloregondaily.com/oregon-rental-assitance-program-closing/"
  },
  {
    "text": "\u25b6\ufe0f Oregon Emergency Rental Assistance Program closing Aug. 12",
    "url": "https://centraloregondaily.com/oregon-rental-assitance-program-closing/"
  },
  {
    "text": "Read More Oregon and Regional News",
    "url": "https://centraloregondaily.com/state-northwest-regional-news/"
  },
  {
    "text": "Read National and World News",
    "url": "https://centraloregondaily.com/more-national-world-news/"
  },
  {
    "text": "",
    "url": "https://www.hilinehomes.com/locations/redmond-or/?utm_source=centraloregondaily&utm_medium=display&utm_campaign=definition_gif"
  },
  {
    "text": "Little Did I Know",
    "url": "/Little Did I Know"
  },
  {
    "text": "\u25b6\ufe0f Little Did I Know: Scott\u2019s final chapter",
    "url": "https://centraloregondaily.com/final-little-did-i-know-scott-elnes/"
  },
  {
    "text": "More Episodes",
    "url": "https://centraloregondaily.com/final-little-did-i-know-scott-elnes/"
  },
  {
    "text": "\u25b6\ufe0f Little Did I Know: Kelly Cannon-Miller and Deschutes Historical Museum",
    "url": "https://centraloregondaily.com/kelly-cannon-miller-deschutes-historical-museum/"
  },
  {
    "text": "\u25b6\ufe0f Little Did I Know: James Webb Space Telescope\u2019s 1st images",
    "url": "https://centraloregondaily.com/little-did-i-know-james-webb-space-telescopes-1st-images/"
  },
  {
    "text": "\u25b6\ufe0f Little Did I Know: The Officers Quarters in Bend",
    "url": "https://centraloregondaily.com/officers-quarters-building-bend-history/"
  },
  {
    "text": "\u25b6\ufe0f Little Did I Know: What is that post at 4th and Portland in Bend?",
    "url": "https://centraloregondaily.com/bend-4th-portland-mail-post/"
  },
  {
    "text": "\u25b6\ufe0f Little Did I Know: Electric Cars",
    "url": "https://centraloregondaily.com/%e2%96%b6%ef%b8%8f-little-did-i-know-electric-cars/"
  },
  {
    "text": "MORE EPISODES",
    "url": "/origin-story"
  },
  {
    "text": "Taste This!",
    "url": "/Taste-This!"
  },
  {
    "text": "\u25b6\ufe0f Taste This: Anita\u2019s Kitchen",
    "url": "https://centraloregondaily.com/taste-this-anitas-kitchen/"
  },
  {
    "text": "More Episodes",
    "url": "https://centraloregondaily.com/taste-this-anitas-kitchen/"
  },
  {
    "text": "\u25b6\ufe0f Taste This: Wonderland Chicken Co.",
    "url": "https://centraloregondaily.com/%e2%96%b6%ef%b8%8f-taste-this-wonderland-chicken-co/"
  },
  {
    "text": "\u25b6\ufe0f Taste This: Flights Wine Bar",
    "url": "https://centraloregondaily.com/%e2%96%b6%ef%b8%8f-taste-this-flights-wine-bar/"
  },
  {
    "text": "\u25b6\ufe0f Taste This: Newport Ave. Market Summer Cocktails",
    "url": "https://centraloregondaily.com/%e2%96%b6%ef%b8%8f-taste-this-newport-ave-market-summer-cocktails/"
  },
  {
    "text": "\u25b6\ufe0f Taste This: Prost!",
    "url": "https://centraloregondaily.com/taste-this-prost/"
  },
  {
    "text": "\u25b6\ufe0f Taste This!: Whappos",
    "url": "https://centraloregondaily.com/%e2%96%b6%ef%b8%8f-taste-this-whappos/"
  },
  {
    "text": "Origin Story",
    "url": "/origin-story"
  },
  {
    "text": "\u25b6\ufe0f Origin Story: Wild Currant Candle Company",
    "url": "https://centraloregondaily.com/%e2%96%b6%ef%b8%8f-origin-story-wild-currant-candle-company/"
  },
  {
    "text": "More Episodes",
    "url": "https://centraloregondaily.com/%e2%96%b6%ef%b8%8f-origin-story-wild-currant-candle-company/"
  },
  {
    "text": "\u25b6\ufe0f Origin Story: Kindred Creative Kitchen",
    "url": "https://centraloregondaily.com/%e2%96%b6%ef%b8%8f-origin-story-kindred-creative-kitchen/"
  },
  {
    "text": "\u25b6\ufe0f Origin Story: i3D MFG",
    "url": "https://centraloregondaily.com/%e2%96%b6%ef%b8%8f-origin-story-i3d-mfg/"
  },
  {
    "text": "\u25b6\ufe0f Origin Story: Elly\u2019s Ice Cream",
    "url": "https://centraloregondaily.com/%e2%96%b6%ef%b8%8f-origin-story-ellys-ice-cream/"
  },
  {
    "text": "\u25b6\ufe0f Origin Story: Just Cut Organic Juice Bar & Fitness",
    "url": "https://centraloregondaily.com/%e2%96%b6%ef%b8%8f-origin-story-just-cut-organic-juice-bar-fitness/"
  },
  {
    "text": "\u25b6\ufe0f Origin Story: Bend Sauce",
    "url": "https://centraloregondaily.com/%e2%96%b6%ef%b8%8f-origin-story-bend-sauce/"
  },
  {
    "text": "MORE EPISODES",
    "url": "/origin-story"
  },
  {
    "text": "MORE EPISODES",
    "url": "/taste-this/"
  },
  {
    "text": "The Great Outdoors",
    "url": "/The-Great-Outdoors"
  },
  {
    "text": "\u25b6\ufe0f The Great Outdoors: Low water, high temps threaten Crooked River fish",
    "url": "https://centraloregondaily.com/crooked-river-fish-threatened-water-levels-high-temperatures/"
  },
  {
    "text": "More Episodes",
    "url": "https://centraloregondaily.com/crooked-river-fish-threatened-water-levels-high-temperatures/"
  },
  {
    "text": "\u25b6\ufe0f The Great Outdoors: Bend teen heading to World Fly Fishing Championships",
    "url": "https://centraloregondaily.com/%e2%96%b6%ef%b8%8f-the-great-outdoors-bend-teen-heading-to-world-fly-fishing-championships/"
  },
  {
    "text": "\u25b6\ufe0f The Great Outdoors: Gravel rides made easy with e-bikes",
    "url": "https://centraloregondaily.com/%e2%96%b6%ef%b8%8f-the-great-outdoors-gravel-rides-made-easy-with-e-bikes/"
  },
  {
    "text": "\u25b6\ufe0f The Great Outdoors: Going to rafting guide school",
    "url": "https://centraloregondaily.com/rafting-guide-school-ouzel-outfitters/"
  },
  {
    "text": "\u25b6\ufe0f The Great Outdoors: Sturgeon fishing on the Columbia River",
    "url": "https://centraloregondaily.com/sturgeon-fishing-columbia-river-astoria/"
  },
  {
    "text": "\u25b6\ufe0f The Great Outdoors: Wolves in the Metolius Basin",
    "url": "https://centraloregondaily.com/great-outdoors-wolves-metolius-basin/"
  },
  {
    "text": "MORE EPISODES",
    "url": "/the-great-outdoors/"
  },
  {
    "text": "Destination Oregon",
    "url": "/Destination-Oregon"
  },
  {
    "text": "\u25b6\ufe0f Destination Oregon: Favell Museum",
    "url": "https://centraloregondaily.com/favell-museum-western-art-indian-artifacts-klamath-falls/"
  },
  {
    "text": "More Episodes",
    "url": "https://centraloregondaily.com/favell-museum-western-art-indian-artifacts-klamath-falls/"
  },
  {
    "text": "\u25b6\ufe0f Destination Oregon: Lavender Trail",
    "url": "https://centraloregondaily.com/newberg-oregon-lavender-trail/"
  },
  {
    "text": "\u25b6\ufe0f Destination Oregon: Running Y Resort",
    "url": "https://centraloregondaily.com/running-y-resort-klamath-falls/"
  },
  {
    "text": "\u25b6\ufe0f Destination Oregon: Mia and Pia\u2019s Pizzeria",
    "url": "https://centraloregondaily.com/mia-and-pia-pizzeria-klamath-falls/"
  },
  {
    "text": "\u25b6\ufe0f Destination Oregon: Washed Ashore",
    "url": "https://centraloregondaily.com/destination-oregon-washed-ashore/"
  },
  {
    "text": "\u25b6\ufe0f Destination Oregon: Train Mountain Railroad Museum",
    "url": "https://centraloregondaily.com/destination-oregon-train-mountain/"
  },
  {
    "text": "MORE EPISODES",
    "url": "/destination-oregon/"
  },
  {
    "text": "Get Outside",
    "url": "/get-outside"
  },
  {
    "text": "\u25b6\ufe0f Get Outside: Cycle Pub",
    "url": "https://centraloregondaily.com/cycle-pub/"
  },
  {
    "text": "More Episodes",
    "url": "https://centraloregondaily.com/cycle-pub/"
  },
  {
    "text": "\u25b6\ufe0f Get Outside: Earthcruiser",
    "url": "https://centraloregondaily.com/earthcruiser-overlanding-vehicles-bend/"
  },
  {
    "text": "\u25b6\ufe0f Get Outside: Redmond Rod & Gun Club",
    "url": "https://centraloregondaily.com/redmond-rod-gun-club-get-outside/"
  },
  {
    "text": "\u25b6\ufe0f Get Outside: Paintball",
    "url": "https://centraloregondaily.com/%e2%96%b6%ef%b8%8f-get-outside-paintball/"
  },
  {
    "text": "\u25b6\ufe0f Get Outside: Widgi Creek Pickleball",
    "url": "https://centraloregondaily.com/%e2%96%b6%ef%b8%8f-get-outside-widgi-creek-pickleball/"
  },
  {
    "text": "\u25b6\ufe0f Get Outside: Nordic skiing 101",
    "url": "https://centraloregondaily.com/%e2%96%b6%ef%b8%8f-get-outside-nordic-skiing-101/"
  },
  {
    "text": "MORE EPISODES",
    "url": "/get-outside/"
  },
  {
    "text": "War Stories",
    "url": "/War-Stories"
  },
  {
    "text": "\u25b6\ufe0f War Stories: Richard Piatt",
    "url": "https://centraloregondaily.com/%e2%96%b6%ef%b8%8f-war-stories-richard-piatt/"
  },
  {
    "text": "More Episodes",
    "url": "https://centraloregondaily.com/%e2%96%b6%ef%b8%8f-war-stories-richard-piatt/"
  },
  {
    "text": "\u25b6\ufe0f War Stories: Rockne Lechelt",
    "url": "https://centraloregondaily.com/%e2%96%b6%ef%b8%8f-war-stories-rockne-lechelt/"
  },
  {
    "text": "\u25b6\ufe0f War Stories: Jerry Mattox",
    "url": "https://centraloregondaily.com/war-stories-jerry-mattox/"
  },
  {
    "text": "\u25b6\ufe0f War Stories: Stephen Bergseng",
    "url": "https://centraloregondaily.com/%e2%96%b6%ef%b8%8f-war-stories-stephen-bergseng/"
  },
  {
    "text": "\u25b6\ufe0f War Stories: Mike Shears",
    "url": "https://centraloregondaily.com/%e2%96%b6%ef%b8%8f-war-stories-mike-shears/"
  },
  {
    "text": "\u25b6\ufe0f War Stories: Mike Caporale",
    "url": "https://centraloregondaily.com/war-stories-mike-caporale/"
  },
  {
    "text": "MORE EPISODES",
    "url": "/war-stories/"
  },
  {
    "text": "Advertise",
    "url": "https://centraloregondaily.com/?page_id=58"
  },
  {
    "text": "Order a Copy",
    "url": "https://centraloregondaily.com/cotv/order-a-copy/"
  },
  {
    "text": "Careers",
    "url": "https://centraloregondaily.com/careers/"
  },
  {
    "text": "Contact",
    "url": "https://centraloregondaily.com/contact/"
  },
  {
    "text": "Contests",
    "url": "https://centraloregondaily.com/contests/"
  },
  {
    "text": "FAQ",
    "url": "https://centraloregondaily.com/faq/"
  },
  {
    "text": "Press Releases",
    "url": "https://centraloregondaily.com/press-releases/"
  },
  {
    "text": "Commercial Production",
    "url": "https://centraloregondaily.com/creative-services/"
  },
  {
    "text": "EEO Public File Report",
    "url": "https://centralordaily.wpengine.com/wp-content/uploads/2020/10/2020-EEO-Public-File-Report-1.pdf"
  },
  {
    "text": "Public Inspection Files",
    "url": "https://publicfiles.fcc.gov/tv-profile/kohd"
  },
  {
    "text": "FCC Applications",
    "url": "https://centraloregondaily.com/fcc-applications/"
  },
  {
    "text": "COOKIES INFORMATION",
    "url": "https://centraloregondaily.com/privacy-policy-cookies/"
  },
  {
    "text": "",
    "url": "/co4/"
  },
  {
    "text": "",
    "url": "/cotv/"
  },
  {
    "text": "",
    "url": "/kbnz/"
  },
  {
    "text": "",
    "url": "/kohd/"
  },
  {
    "text": "Comment",
    "url": "#"
  },
  {
    "text": "Connect With Us",
    "url": "https://centraloregondaily.com/newstips/"
  },
  {
    "text": "News",
    "url": "https://centraloregondaily.com/local-news/"
  },
  {
    "text": "Oregon Fire Information",
    "url": "https://centraloregondaily.com/fireinformation/"
  },
  {
    "text": "Morning Headlines E-Newsletter",
    "url": "https://centraloregondaily.secondstreetapp.com/Email-Signup/"
  },
  {
    "text": "COVID-19",
    "url": "https://centraloregondaily.com/covid-19/"
  },
  {
    "text": "Local",
    "url": "https://centraloregondaily.com/local-news/"
  },
  {
    "text": "State/PNW",
    "url": "https://centraloregondaily.com/state-northwest-regional-news/"
  },
  {
    "text": "National/World",
    "url": "https://centraloregondaily.com/national-world-news/"
  },
  {
    "text": "Hometown News \u2013 Redmond",
    "url": "https://centraloregondaily.com/redmond/"
  },
  {
    "text": "Hometown News \u2013 Prineville",
    "url": "https://centraloregondaily.com/prineville/"
  },
  {
    "text": "Hometown News \u2013 Madras",
    "url": "https://centraloregondaily.com/madras/"
  },
  {
    "text": "Hometown News \u2013Sisters",
    "url": "https://centraloregondaily.com/sisters/"
  },
  {
    "text": "Hometown News \u2013La Pine/Sunriver",
    "url": "https://centraloregondaily.com/lapine/"
  },
  {
    "text": "Weather",
    "url": "https://centraloregondaily.com/weather/"
  },
  {
    "text": "Forecast",
    "url": "https://centraloregondaily.com/weather/"
  },
  {
    "text": "Weather Alerts",
    "url": "https://centraloregondaily.com/weather-alerts/"
  },
  {
    "text": "ODOT TripCheck",
    "url": "https://www.tripcheck.com/"
  },
  {
    "text": "School Closures",
    "url": "https://centraloregondaily.com/school-closures/"
  },
  {
    "text": "Live",
    "url": "https://centraloregondaily.com/live/"
  },
  {
    "text": "Contests",
    "url": "https://centraloregondaily.com/contests/"
  },
  {
    "text": "Weekly Features",
    "url": "https://centraloregondaily.com/weekly-features/"
  },
  {
    "text": "War Stories",
    "url": "https://centraloregondaily.com/warstories/"
  },
  {
    "text": "Furever Friends",
    "url": "https://centraloregondaily.com/fureverfriends/"
  },
  {
    "text": "Destination Oregon",
    "url": "https://centraloregondaily.com/destination-oregon/"
  },
  {
    "text": "Taste This!",
    "url": "https://centraloregondaily.com/taste-this/"
  },
  {
    "text": "The Great Outdoors",
    "url": "https://centraloregondaily.com/the-great-outdoors/"
  },
  {
    "text": "Little Did I Know\u2026",
    "url": "https://centraloregondaily.com/littledidiknow/"
  },
  {
    "text": "Origin Story",
    "url": "https://centraloregondaily.com/origin-story/"
  },
  {
    "text": "Get Outside",
    "url": "https://centraloregondaily.com/get-outside/"
  },
  {
    "text": "KOHD \u2013 ABC",
    "url": "https://centraloregondaily.com/kohd-abc/"
  },
  {
    "text": "KBNZ \u2013 CBS",
    "url": "https://centraloregondaily.com/kbnz-cbs/"
  },
  {
    "text": "CO Visitors Network",
    "url": "https://centraloregondaily.com/co4/"
  },
  {
    "text": "COTV",
    "url": "https://centraloregondaily.com/cotv/"
  },
  {
    "text": "Community",
    "url": "https://centraloregondaily.com/cotv/cotv-community/"
  },
  {
    "text": "Events",
    "url": "https://centraloregondaily.com/cotv/cotv-events/"
  },
  {
    "text": "High School Sports/Events",
    "url": "https://centraloregondaily.com/cotv/cotv-high-school-sports/"
  },
  {
    "text": "Television Schedule",
    "url": "https://centraloregondaily.com/schedule/"
  },
  {
    "text": "Newslinks",
    "url": "https://centraloregondaily.com/newslinks/"
  },
  {
    "text": "More",
    "url": "#"
  },
  {
    "text": "About",
    "url": "https://centraloregondaily.com/about/"
  },
  {
    "text": "News Team",
    "url": "https://centraloregondaily.com/personalitiescrew-2/"
  },
  {
    "text": "Advertise With Us",
    "url": "https://centraloregondaily.com/advertise-with-us/"
  },
  {
    "text": "Commercial Production",
    "url": "https://centraloregondaily.com/creative-services/"
  },
  {
    "text": "Television Schedule",
    "url": "https://centraloregondaily.com/schedule/"
  },
  {
    "text": "",
    "url": "https://www.facebook.com/ZoloMedia"
  },
  {
    "text": "",
    "url": "https://twitter.com/zolomedia"
  },
  {
    "text": "",
    "url": "#"
  },
  {
    "text": "",
    "url": "https://plus.google.com/105848492809524795142/posts"
  },
  {
    "text": "\u00a0info@centraloregondaily.com",
    "url": "mailto:info@centraloregondaily.com"
  },
  {
    "text": "Connect With Us",
    "url": "https://centraloregondaily.com/newstips/"
  },
  {
    "text": "News",
    "url": "https://centraloregondaily.com/local-news/"
  },
  {
    "text": "Oregon Fire Information",
    "url": "https://centraloregondaily.com/fireinformation/"
  },
  {
    "text": "Morning Headlines E-Newsletter",
    "url": "https://centraloregondaily.secondstreetapp.com/Email-Signup/"
  },
  {
    "text": "COVID-19",
    "url": "https://centraloregondaily.com/covid-19/"
  },
  {
    "text": "Local",
    "url": "https://centraloregondaily.com/local-news/"
  },
  {
    "text": "State/PNW",
    "url": "https://centraloregondaily.com/state-northwest-regional-news/"
  },
  {
    "text": "National/World",
    "url": "https://centraloregondaily.com/national-world-news/"
  },
  {
    "text": "Hometown News \u2013 Redmond",
    "url": "https://centraloregondaily.com/redmond/"
  },
  {
    "text": "Hometown News \u2013 Prineville",
    "url": "https://centraloregondaily.com/prineville/"
  },
  {
    "text": "Hometown News \u2013 Madras",
    "url": "https://centraloregondaily.com/madras/"
  },
  {
    "text": "Hometown News \u2013Sisters",
    "url": "https://centraloregondaily.com/sisters/"
  },
  {
    "text": "Hometown News \u2013La Pine/Sunriver",
    "url": "https://centraloregondaily.com/lapine/"
  },
  {
    "text": "Weather",
    "url": "https://centraloregondaily.com/weather/"
  },
  {
    "text": "Forecast",
    "url": "https://centraloregondaily.com/weather/"
  },
  {
    "text": "Weather Alerts",
    "url": "https://centraloregondaily.com/weather-alerts/"
  },
  {
    "text": "ODOT TripCheck",
    "url": "https://www.tripcheck.com/"
  },
  {
    "text": "School Closures",
    "url": "https://centraloregondaily.com/school-closures/"
  },
  {
    "text": "Live",
    "url": "https://centraloregondaily.com/live/"
  },
  {
    "text": "Contests",
    "url": "https://centraloregondaily.com/contests/"
  },
  {
    "text": "Weekly Features",
    "url": "https://centraloregondaily.com/weekly-features/"
  },
  {
    "text": "War Stories",
    "url": "https://centraloregondaily.com/warstories/"
  },
  {
    "text": "Furever Friends",
    "url": "https://centraloregondaily.com/fureverfriends/"
  },
  {
    "text": "Destination Oregon",
    "url": "https://centraloregondaily.com/destination-oregon/"
  },
  {
    "text": "Taste This!",
    "url": "https://centraloregondaily.com/taste-this/"
  },
  {
    "text": "The Great Outdoors",
    "url": "https://centraloregondaily.com/the-great-outdoors/"
  },
  {
    "text": "Little Did I Know\u2026",
    "url": "https://centraloregondaily.com/littledidiknow/"
  },
  {
    "text": "Origin Story",
    "url": "https://centraloregondaily.com/origin-story/"
  },
  {
    "text": "Get Outside",
    "url": "https://centraloregondaily.com/get-outside/"
  },
  {
    "text": "KOHD \u2013 ABC",
    "url": "https://centraloregondaily.com/kohd-abc/"
  },
  {
    "text": "KBNZ \u2013 CBS",
    "url": "https://centraloregondaily.com/kbnz-cbs/"
  },
  {
    "text": "CO Visitors Network",
    "url": "https://centraloregondaily.com/co4/"
  },
  {
    "text": "COTV",
    "url": "https://centraloregondaily.com/cotv/"
  },
  {
    "text": "Community",
    "url": "https://centraloregondaily.com/cotv/cotv-community/"
  },
  {
    "text": "Events",
    "url": "https://centraloregondaily.com/cotv/cotv-events/"
  },
  {
    "text": "High School Sports/Events",
    "url": "https://centraloregondaily.com/cotv/cotv-high-school-sports/"
  },
  {
    "text": "Television Schedule",
    "url": "https://centraloregondaily.com/schedule/"
  },
  {
    "text": "Newslinks",
    "url": "https://centraloregondaily.com/newslinks/"
  },
  {
    "text": "More",
    "url": "#"
  },
  {
    "text": "About",
    "url": "https://centraloregondaily.com/about/"
  },
  {
    "text": "News Team",
    "url": "https://centraloregondaily.com/personalitiescrew-2/"
  },
  {
    "text": "Advertise With Us",
    "url": "https://centraloregondaily.com/advertise-with-us/"
  },
  {
    "text": "Commercial Production",
    "url": "https://centraloregondaily.com/creative-services/"
  },
  {
    "text": "Television Schedule",
    "url": "https://centraloregondaily.com/schedule/"
  },
  {
    "text": "",
    "url": ""
  },
  {
    "text": "",
    "url": ""
  }
]