[
  {
    "text": "Skip to main content",
    "url": "#main-page-container"
  },
  {
    "text": "\n                        Sign Up\n                    ",
    "url": "https://www.columbiamissourian.com/users/signup/?referer_url=https%3A%2F%2Fwww.columbiamissourian.com%2F"
  },
  {
    "text": "\n                        Log In\n                    ",
    "url": "https://www.columbiamissourian.com/users/login/?referer_url=https%3A%2F%2Fwww.columbiamissourian.com%2F"
  },
  {
    "text": "\n                            Dashboard\n                        ",
    "url": "https://www.columbiamissourian.com/users/admin/"
  },
  {
    "text": " Dashboard",
    "url": "https://www.columbiamissourian.com/users/admin/"
  },
  {
    "text": " Profile",
    "url": ""
  },
  {
    "text": " Saved items",
    "url": "https://www.columbiamissourian.com/users/admin/list/"
  },
  {
    "text": "Home",
    "url": "/"
  },
  {
    "text": "About the Missourian",
    "url": "/about"
  },
  {
    "text": "Advertise",
    "url": "http://www.columbiamissourian.com/site/advertise.html/"
  },
  {
    "text": "e-Edition",
    "url": "/eedition/"
  },
  {
    "text": "Newsletters",
    "url": "/newsletters/"
  },
  {
    "text": "From the Newsroom",
    "url": "/from_the_newsroom/"
  },
  {
    "text": "Support the Missourian",
    "url": "http://www.columbiamissourian.com/site/support_the_missourian.html"
  },
  {
    "text": "Subscriptions",
    "url": "/subscribe/"
  },
  {
    "text": "Weather",
    "url": "/weather/"
  },
  {
    "text": "Rack locations",
    "url": "http://www.columbiamissourian.com/site/rack_locations.html/"
  },
  {
    "text": "TV Week",
    "url": "/tv_week/"
  },
  {
    "text": "News",
    "url": "/news/"
  },
  {
    "text": "COVID-19",
    "url": "/news/covid19/"
  },
  {
    "text": "Elections",
    "url": "/news/elections"
  },
  {
    "text": "2,500 Below",
    "url": "/2500below/"
  },
  {
    "text": "Local",
    "url": "/news/local/"
  },
  {
    "text": "Higher Education",
    "url": "/news/higher_education/"
  },
  {
    "text": "K-12 Education",
    "url": "/news/k12_education/"
  },
  {
    "text": "Nation & World News",
    "url": "/news/nation_world"
  },
  {
    "text": "State News",
    "url": "/news/state_news/"
  },
  {
    "text": "Missouri Business",
    "url": "/news/missouri_business/"
  },
  {
    "text": "Sports",
    "url": "/sports/"
  },
  {
    "text": "High School Sports",
    "url": "https://www.komu.com/highschoolsports/"
  },
  {
    "text": "Mizzou Football",
    "url": "/sports/mizzou_football/"
  },
  {
    "text": "Mizzou Men's Basketball",
    "url": "/sports/mizzou_mens_basketball/"
  },
  {
    "text": "Mizzou Women's Basketball",
    "url": "/sports/mizzou_womens_basketball/"
  },
  {
    "text": "Mizzou Sports",
    "url": "/sports/mizzou_sports/"
  },
  {
    "text": "Other Sports",
    "url": "/sports/other_sports"
  },
  {
    "text": "Prep Sports",
    "url": "/sports/prep_sports"
  },
  {
    "text": "Pro Sports",
    "url": "/sports/pro_sports"
  },
  {
    "text": "Tiger Kickoff",
    "url": "/sports/tiger_kickoff/"
  },
  {
    "text": "Opinion",
    "url": "/opinion/"
  },
  {
    "text": "Guest Commentaries",
    "url": "/opinion/guest_commentaries"
  },
  {
    "text": "Letters to the Editor",
    "url": "/opinion/letters_to_the_editor/"
  },
  {
    "text": "Local Columnists",
    "url": "/opinion/local_columnists/"
  },
  {
    "text": "Submit a letter",
    "url": "/site/forms/online_services/letter_to_the_editor/"
  },
  {
    "text": "Darkow",
    "url": "/opinion/darkow/"
  },
  {
    "text": "Obituaries",
    "url": "/obituaries/"
  },
  {
    "text": "Family obituary",
    "url": "/obituaries/family_obituary/"
  },
  {
    "text": "Missourian life story",
    "url": "/obituaries/missourian_life_story/"
  },
  {
    "text": "Vox",
    "url": "http://www.voxmagazine.com/"
  },
  {
    "text": "Magazine",
    "url": "http://www.voxmagazine.com/magazine/"
  },
  {
    "text": "Calendar",
    "url": "http://www.voxmagazine.com/calendar/"
  },
  {
    "text": "Visuals",
    "url": "/visuals/"
  },
  {
    "text": "Graphics",
    "url": "/visuals/graphics/"
  },
  {
    "text": "Photos",
    "url": "/visuals/photos/"
  },
  {
    "text": "Videos",
    "url": "/visuals/videos/"
  },
  {
    "text": "Special Sections",
    "url": "/special_section/"
  },
  {
    "text": "Boomtown",
    "url": "/special_section/boomtown/"
  },
  {
    "text": "100 Ages",
    "url": "/special_section/100ages/"
  },
  {
    "text": "Cannabusiness",
    "url": "/special_section/cannabusiness/"
  },
  {
    "text": "Food Spotlight",
    "url": "/special_section/spotlight/"
  },
  {
    "text": "Immigrant Stories",
    "url": "https://www.columbiamissourian.com/news/local/stories-of-peoples-journeys-to-mid-missouri-through-immigration/article_7921e6bc-aebb-11ec-915d-cfafb73bce7f.html"
  },
  {
    "text": "Collegetown",
    "url": "/special_section/collegetown/"
  },
  {
    "text": "Homecoming",
    "url": "/special_section/homecoming/"
  },
  {
    "text": "Innovations in Agriculture",
    "url": "/innovations/agriculture/"
  },
  {
    "text": "Innovations in Education",
    "url": "/innovations/education/"
  },
  {
    "text": "Innovations in Health Care",
    "url": "/innovations/health/"
  },
  {
    "text": "Progress",
    "url": "/special_section/progress/"
  },
  {
    "text": "Tourism",
    "url": "/special_section/tourism/"
  },
  {
    "text": "Welcome Back",
    "url": "/special_section/welcome_back/"
  },
  {
    "text": "Classifieds",
    "url": "/classifieds/"
  },
  {
    "text": "Subscribe",
    "url": "/subscribe/"
  },
  {
    "text": "\n            ",
    "url": "/"
  },
  {
    "text": "\n                        Sign Up\n                    ",
    "url": "https://www.columbiamissourian.com/users/signup/?referer_url=https%3A%2F%2Fwww.columbiamissourian.com%2F"
  },
  {
    "text": "\n                        Log In\n                    ",
    "url": "https://www.columbiamissourian.com/users/login/?referer_url=https%3A%2F%2Fwww.columbiamissourian.com%2F"
  },
  {
    "text": "\n                            Dashboard\n                        ",
    "url": "https://www.columbiamissourian.com/users/admin/"
  },
  {
    "text": " Dashboard",
    "url": "https://www.columbiamissourian.com/users/admin/"
  },
  {
    "text": " Profile",
    "url": ""
  },
  {
    "text": " Saved items",
    "url": "https://www.columbiamissourian.com/users/admin/list/"
  },
  {
    "text": "\n                     Home\n                ",
    "url": "/"
  },
  {
    "text": "\n                    About the Missourian\n                ",
    "url": "/about"
  },
  {
    "text": "\n                    Advertise\n                ",
    "url": "http://www.columbiamissourian.com/site/advertise.html/"
  },
  {
    "text": "\n                    e-Edition\n                ",
    "url": "/eedition/"
  },
  {
    "text": "\n                    Newsletters\n                ",
    "url": "/newsletters/"
  },
  {
    "text": "\n                    From the Newsroom\n                ",
    "url": "/from_the_newsroom/"
  },
  {
    "text": "\n                    Support the Missourian\n                ",
    "url": "http://www.columbiamissourian.com/site/support_the_missourian.html"
  },
  {
    "text": "\n                    Subscriptions\n                ",
    "url": "/subscribe/"
  },
  {
    "text": "\n                    Weather\n                ",
    "url": "/weather/"
  },
  {
    "text": "\n                    Rack locations\n                ",
    "url": "http://www.columbiamissourian.com/site/rack_locations.html/"
  },
  {
    "text": "\n                    TV Week\n                ",
    "url": "/tv_week/"
  },
  {
    "text": "\n                    News\n                ",
    "url": "/news/"
  },
  {
    "text": "\n                    COVID-19\n                ",
    "url": "/news/covid19/"
  },
  {
    "text": "\n                    Elections\n                ",
    "url": "/news/elections"
  },
  {
    "text": "\n                    2,500 Below\n                ",
    "url": "/2500below/"
  },
  {
    "text": "\n                    Local\n                ",
    "url": "/news/local/"
  },
  {
    "text": "\n                    Higher Education\n                ",
    "url": "/news/higher_education/"
  },
  {
    "text": "\n                    K-12 Education\n                ",
    "url": "/news/k12_education/"
  },
  {
    "text": "\n                    Nation & World News\n                ",
    "url": "/news/nation_world"
  },
  {
    "text": "\n                    State News\n                ",
    "url": "/news/state_news/"
  },
  {
    "text": "\n                    Missouri Business\n                ",
    "url": "/news/missouri_business/"
  },
  {
    "text": "\n                    Sports\n                ",
    "url": "/sports/"
  },
  {
    "text": "\n                    High School Sports\n                ",
    "url": "https://www.komu.com/highschoolsports/"
  },
  {
    "text": "\n                    Mizzou Football\n                ",
    "url": "/sports/mizzou_football/"
  },
  {
    "text": "\n                    Mizzou Men's Basketball\n                ",
    "url": "/sports/mizzou_mens_basketball/"
  },
  {
    "text": "\n                    Mizzou Women's Basketball\n                ",
    "url": "/sports/mizzou_womens_basketball/"
  },
  {
    "text": "\n                    Mizzou Sports\n                ",
    "url": "/sports/mizzou_sports/"
  },
  {
    "text": "\n                    Other Sports\n                ",
    "url": "/sports/other_sports"
  },
  {
    "text": "\n                    Prep Sports\n                ",
    "url": "/sports/prep_sports"
  },
  {
    "text": "\n                    Pro Sports\n                ",
    "url": "/sports/pro_sports"
  },
  {
    "text": "\n                    Tiger Kickoff\n                ",
    "url": "/sports/tiger_kickoff/"
  },
  {
    "text": "\n                    Opinion\n                ",
    "url": "/opinion/"
  },
  {
    "text": "\n                    Guest Commentaries\n                ",
    "url": "/opinion/guest_commentaries"
  },
  {
    "text": "\n                    Letters to the Editor\n                ",
    "url": "/opinion/letters_to_the_editor/"
  },
  {
    "text": "\n                    Local Columnists\n                ",
    "url": "/opinion/local_columnists/"
  },
  {
    "text": "\n                    Submit a letter\n                ",
    "url": "/site/forms/online_services/letter_to_the_editor/"
  },
  {
    "text": "\n                    Darkow\n                ",
    "url": "/opinion/darkow/"
  },
  {
    "text": "\n                    Obituaries\n                ",
    "url": "/obituaries/"
  },
  {
    "text": "\n                    Family obituary\n                ",
    "url": "/obituaries/family_obituary/"
  },
  {
    "text": "\n                    Missourian life story\n                ",
    "url": "/obituaries/missourian_life_story/"
  },
  {
    "text": "\n                    Vox\n                ",
    "url": "http://www.voxmagazine.com/"
  },
  {
    "text": "\n                    Magazine\n                ",
    "url": "http://www.voxmagazine.com/magazine/"
  },
  {
    "text": "\n                    Calendar\n                ",
    "url": "http://www.voxmagazine.com/calendar/"
  },
  {
    "text": "\n                    Visuals\n                ",
    "url": "/visuals/"
  },
  {
    "text": "\n                    Graphics\n                ",
    "url": "/visuals/graphics/"
  },
  {
    "text": "\n                    Photos\n                ",
    "url": "/visuals/photos/"
  },
  {
    "text": "\n                    Videos\n                ",
    "url": "/visuals/videos/"
  },
  {
    "text": "\n                    Special Sections\n                ",
    "url": "/special_section/"
  },
  {
    "text": "\n                    Boomtown\n                ",
    "url": "/special_section/boomtown/"
  },
  {
    "text": "\n                    100 Ages\n                ",
    "url": "/special_section/100ages/"
  },
  {
    "text": "\n                    Cannabusiness\n                ",
    "url": "/special_section/cannabusiness/"
  },
  {
    "text": "\n                    Food Spotlight\n                ",
    "url": "/special_section/spotlight/"
  },
  {
    "text": "\n                    Immigrant Stories\n                ",
    "url": "https://www.columbiamissourian.com/news/local/stories-of-peoples-journeys-to-mid-missouri-through-immigration/article_7921e6bc-aebb-11ec-915d-cfafb73bce7f.html"
  },
  {
    "text": "\n                    Collegetown\n                ",
    "url": "/special_section/collegetown/"
  },
  {
    "text": "\n                    Homecoming\n                ",
    "url": "/special_section/homecoming/"
  },
  {
    "text": "\n                    Innovations in Agriculture\n                ",
    "url": "/innovations/agriculture/"
  },
  {
    "text": "\n                    Innovations in Education\n                ",
    "url": "/innovations/education/"
  },
  {
    "text": "\n                    Innovations in Health Care\n                ",
    "url": "/innovations/health/"
  },
  {
    "text": "\n                    Progress\n                ",
    "url": "/special_section/progress/"
  },
  {
    "text": "\n                    Tourism\n                ",
    "url": "/special_section/tourism/"
  },
  {
    "text": "\n                    Welcome Back\n                ",
    "url": "/special_section/welcome_back/"
  },
  {
    "text": "\n                    Classifieds\n                ",
    "url": "/classifieds/"
  },
  {
    "text": "\n                    Subscribe\n                ",
    "url": "/subscribe/"
  },
  {
    "text": "\n                    \n                    Facebook\n                ",
    "url": "https://www.facebook.com/ColumbiaMissourian"
  },
  {
    "text": "\n                    \n                    Twitter\n                ",
    "url": "https://twitter.com/comissourian"
  },
  {
    "text": "\n                    \n                    YouTube\n                ",
    "url": "https://www.youtube.com/user/ColumbiaMissourian"
  },
  {
    "text": "\n                    \n                    Instagram\n                ",
    "url": "http://instagram.com/comissourian"
  },
  {
    "text": "\n                    \n                    Vimeo\n                ",
    "url": "https://vimeo.com/columbiamissourian"
  },
  {
    "text": "",
    "url": "https://www.columbiamissourian.com/"
  },
  {
    "text": "\n                \n                \n                    Article with images+5\n                \n                \n                \n                        \n                ",
    "url": "/sports/track-and-field-commences-at-the-show-me-state-games-second-weekend/article_ddb24c50-0fbb-11ed-93e1-63cac36f0fa1.html#tncms-source=Featured"
  },
  {
    "text": "\n        \n\n        \n            Track and field commences at the Show-Me State Games' second weekend",
    "url": "/sports/track-and-field-commences-at-the-show-me-state-games-second-weekend/article_ddb24c50-0fbb-11ed-93e1-63cac36f0fa1.html#tncms-source=Featured"
  },
  {
    "text": "\n                \n                \n                \n                \n                        \n                ",
    "url": "/news/higher_education/demolition-of-radioactive-building-at-mu-likely-years-away-but-removal-efforts-resume/article_646f2bf8-0eb5-11ed-99bb-ffe85a52c831.html"
  },
  {
    "text": "Higher Education",
    "url": "/news/higher_education"
  },
  {
    "text": "\n        \n\n        \n            Demolition of radioactive building at MU likely years away, but removal efforts resume",
    "url": "/news/higher_education/demolition-of-radioactive-building-at-mu-likely-years-away-but-removal-efforts-resume/article_646f2bf8-0eb5-11ed-99bb-ffe85a52c831.html"
  },
  {
    "text": "\n                \n                \n                \n                \n                        \n                ",
    "url": "/news/state_news/underutilized-missouri-river-barge-services-poised-for-federal-investment/article_d24cfbe4-0e99-11ed-8d38-5b1b4896b76b.html#tncms-source=Top Story"
  },
  {
    "text": "State News",
    "url": "/news/state_news"
  },
  {
    "text": "\n        \n\n        \n            'Underutilized' Missouri River barge services poised for federal investment",
    "url": "/news/state_news/underutilized-missouri-river-barge-services-poised-for-federal-investment/article_d24cfbe4-0e99-11ed-8d38-5b1b4896b76b.html#tncms-source=Top Story"
  },
  {
    "text": "\n                \n                \n                \n                \n                        \n                ",
    "url": "/news/the-grind-coffee-house-expanding-to-mu-campus/article_745b5b3e-0f52-11ed-a230-331fd9f94dc9.html#tncms-source=Top Story"
  },
  {
    "text": "News",
    "url": "/news"
  },
  {
    "text": "\n        \n\n        \n            The Grind Coffee House expanding to MU campus",
    "url": "/news/the-grind-coffee-house-expanding-to-mu-campus/article_745b5b3e-0f52-11ed-a230-331fd9f94dc9.html#tncms-source=Top Story"
  },
  {
    "text": "News",
    "url": "/news"
  },
  {
    "text": "\n        \n\n        \n            Katy Trail to close Monday at I-70 Rocheport Bridge construction site",
    "url": "/news/katy-trail-to-close-monday-at-i-70-rocheport-bridge-construction-site/article_5da8e116-0f4a-11ed-9cc0-539dc7c21dfe.html#tncms-source=Top Story"
  },
  {
    "text": "\n                \n                \n                \n                \n                        \n                ",
    "url": "/news/elections/meet-the-candidate-roy-lovelady-in-tie-breaking-race-for-ward-3-council-member/article_4645b08c-08fe-11ed-91ae-a393b81bc917.html#tncms-source=Top Story"
  },
  {
    "text": "Elections",
    "url": "/news/elections"
  },
  {
    "text": "\n        \n\n        \n            Meet the candidate: Roy Lovelady in tie-breaking race for Ward 3 council member",
    "url": "/news/elections/meet-the-candidate-roy-lovelady-in-tie-breaking-race-for-ward-3-council-member/article_4645b08c-08fe-11ed-91ae-a393b81bc917.html#tncms-source=Top Story"
  },
  {
    "text": "\n                \n                \n                \n                \n                        \n                ",
    "url": "/news/elections/meet-the-candidate-karl-skala-has-served-as-ward-3-council-member-for-15-years/article_bdf20e1e-090d-11ed-a94e-ab2664c2e59e.html#tncms-source=Top Story"
  },
  {
    "text": "Elections",
    "url": "/news/elections"
  },
  {
    "text": "\n        \n\n        \n            Meet the candidate: Karl Skala has served as Ward 3 council member for 15 years",
    "url": "/news/elections/meet-the-candidate-karl-skala-has-served-as-ward-3-council-member-for-15-years/article_bdf20e1e-090d-11ed-a94e-ab2664c2e59e.html#tncms-source=Top Story"
  },
  {
    "text": "\n                \n                \n                \n                \n                        \n                ",
    "url": "/news/state_news/underutilized-missouri-river-barge-services-poised-for-federal-investment/article_d24cfbe4-0e99-11ed-8d38-5b1b4896b76b.html#tncms-source=Top Story"
  },
  {
    "text": "State News",
    "url": "/news/state_news"
  },
  {
    "text": "\n        \n\n        \n            'Underutilized' Missouri River barge services poised for federal investment",
    "url": "/news/state_news/underutilized-missouri-river-barge-services-poised-for-federal-investment/article_d24cfbe4-0e99-11ed-8d38-5b1b4896b76b.html#tncms-source=Top Story"
  },
  {
    "text": "\n                \n                \n                \n                \n                        \n                ",
    "url": "/news/the-grind-coffee-house-expanding-to-mu-campus/article_745b5b3e-0f52-11ed-a230-331fd9f94dc9.html#tncms-source=Top Story"
  },
  {
    "text": "News",
    "url": "/news"
  },
  {
    "text": "\n        \n\n        \n            The Grind Coffee House expanding to MU campus",
    "url": "/news/the-grind-coffee-house-expanding-to-mu-campus/article_745b5b3e-0f52-11ed-a230-331fd9f94dc9.html#tncms-source=Top Story"
  },
  {
    "text": "News",
    "url": "/news"
  },
  {
    "text": "\n        \n\n        \n            Katy Trail to close Monday at I-70 Rocheport Bridge construction site",
    "url": "/news/katy-trail-to-close-monday-at-i-70-rocheport-bridge-construction-site/article_5da8e116-0f4a-11ed-9cc0-539dc7c21dfe.html#tncms-source=Top Story"
  },
  {
    "text": "\n                \n                \n                \n                \n                        \n                ",
    "url": "/news/elections/meet-the-candidate-roy-lovelady-in-tie-breaking-race-for-ward-3-council-member/article_4645b08c-08fe-11ed-91ae-a393b81bc917.html#tncms-source=Top Story"
  },
  {
    "text": "Elections",
    "url": "/news/elections"
  },
  {
    "text": "\n        \n\n        \n            Meet the candidate: Roy Lovelady in tie-breaking race for Ward 3 council member",
    "url": "/news/elections/meet-the-candidate-roy-lovelady-in-tie-breaking-race-for-ward-3-council-member/article_4645b08c-08fe-11ed-91ae-a393b81bc917.html#tncms-source=Top Story"
  },
  {
    "text": "\n                \n                \n                \n                \n                        \n                ",
    "url": "/news/elections/meet-the-candidate-karl-skala-has-served-as-ward-3-council-member-for-15-years/article_bdf20e1e-090d-11ed-a94e-ab2664c2e59e.html#tncms-source=Top Story"
  },
  {
    "text": "Elections",
    "url": "/news/elections"
  },
  {
    "text": "\n        \n\n        \n            Meet the candidate: Karl Skala has served as Ward 3 council member for 15 years",
    "url": "/news/elections/meet-the-candidate-karl-skala-has-served-as-ward-3-council-member-for-15-years/article_bdf20e1e-090d-11ed-a94e-ab2664c2e59e.html#tncms-source=Top Story"
  },
  {
    "text": "\n            ",
    "url": "https://www.columbiamissourian.com/2500below"
  },
  {
    "text": "\n                \n                Local news\n                \n                    ",
    "url": "http://www.columbiamissourian.com/news/"
  },
  {
    "text": "News",
    "url": "/news"
  },
  {
    "text": "\n        \n\n        \n            MyHouse nightclub relaunches in Columbia after two-year absence",
    "url": "/news/myhouse-nightclub-relaunches-in-columbia-after-two-year-absence/article_c0fd7330-0b7b-11ed-bd87-e39eee52b88c.html"
  },
  {
    "text": "Local",
    "url": "/news/local"
  },
  {
    "text": "\n        \n\n        \n            $80,000 worth of tools and equipment stolen from Rocheport Bridge site",
    "url": "/news/local/80-000-worth-of-tools-and-equipment-stolen-from-rocheport-bridge-site/article_9e756a98-0f63-11ed-9451-f35d0bf7ab3e.html"
  },
  {
    "text": "News",
    "url": "/news"
  },
  {
    "text": "\n        \n\n        \n            Two Missourians named 'Sunshine Heroes' for keeping public records open",
    "url": "/news/two-missourians-named-sunshine-heroes-for-keeping-public-records-open/article_d6fd0dda-0eaa-11ed-a2d6-fb193700ad4b.html"
  },
  {
    "text": "\n                \n                \n                \n                \n                        \n                ",
    "url": "/news/elections/meet-the-candidate-adrian-plank-in-the-race-for-47th-house-district-representative/article_78c96df4-0a08-11ed-9efb-ebb4ee912b6d.html"
  },
  {
    "text": "Elections",
    "url": "/news/elections"
  },
  {
    "text": "\n        \n\n        \n            Meet the candidate: Adrian Plank in the race for 47th House District representative",
    "url": "/news/elections/meet-the-candidate-adrian-plank-in-the-race-for-47th-house-district-representative/article_78c96df4-0a08-11ed-9efb-ebb4ee912b6d.html"
  },
  {
    "text": "\n                \n                \n                \n                \n                        \n                ",
    "url": "/news/local/city-manager-proposes-4-wage-increase-for-city-employees/article_ccb2d6a4-0e8a-11ed-b0a2-5338476cbaa5.html"
  },
  {
    "text": "Local",
    "url": "/news/local"
  },
  {
    "text": "\n        \n\n        \n            City manager proposes 4% wage increase for city employees",
    "url": "/news/local/city-manager-proposes-4-wage-increase-for-city-employees/article_ccb2d6a4-0e8a-11ed-b0a2-5338476cbaa5.html"
  },
  {
    "text": "News",
    "url": "/news"
  },
  {
    "text": "\n        \n\n        \n            Biscuit Center offers new takeout breakfast option",
    "url": "/news/biscuit-center-offers-new-takeout-breakfast-option/article_4e3064da-0d14-11ed-88f3-03c24f464d65.html"
  },
  {
    "text": "\n                \n                \n                \n                \n                        \n                ",
    "url": "/news/elections/meet-the-candidate-chimene-schwach-on-the-ballot-for-47th-house-district-representative/article_a782ee66-0a05-11ed-87a4-07098672096d.html"
  },
  {
    "text": "Elections",
    "url": "/news/elections"
  },
  {
    "text": "\n        \n\n        \n            Meet the candidate: Chimene Schwach on the ballot for 47th House District representative",
    "url": "/news/elections/meet-the-candidate-chimene-schwach-on-the-ballot-for-47th-house-district-representative/article_a782ee66-0a05-11ed-87a4-07098672096d.html"
  },
  {
    "text": "\n                \n                \n                \n                \n                        \n                ",
    "url": "/news/local/como-smoke-fire-barbecue-restaurant-to-open-second-location/article_78541478-0d23-11ed-bb66-af5122444e5c.html"
  },
  {
    "text": "Local",
    "url": "/news/local"
  },
  {
    "text": "\n        \n\n        \n            Como Smoke & Fire barbecue restaurant to open second location",
    "url": "/news/local/como-smoke-fire-barbecue-restaurant-to-open-second-location/article_78541478-0d23-11ed-bb66-af5122444e5c.html"
  },
  {
    "text": "\n                \n                \n                \n                \n                        \n                ",
    "url": "/news/elections/after-months-of-wavering-schmitt-comes-out-against-mcconnell-days-before-senate-primary/article_54371314-0eb9-11ed-b98f-db1a73fed514.html"
  },
  {
    "text": "Elections",
    "url": "/news/elections"
  },
  {
    "text": "\n        \n\n        \n            After months of wavering, Schmitt comes out against McConnell days before Senate primary",
    "url": "/news/elections/after-months-of-wavering-schmitt-comes-out-against-mcconnell-days-before-senate-primary/article_54371314-0eb9-11ed-b98f-db1a73fed514.html"
  },
  {
    "text": "\n                \n                \n                \n                \n                        \n                ",
    "url": "/news/new-bosses-at-hosss-well-known-columbia-restaurant-renamed-belly-market/article_0ae5a3b0-0d15-11ed-8971-6f59ed72cdf7.html"
  },
  {
    "text": "News",
    "url": "/news"
  },
  {
    "text": "\n        \n\n        \n            New bosses at Hoss's: Well-known Columbia restaurant renamed Belly Market",
    "url": "/news/new-bosses-at-hosss-well-known-columbia-restaurant-renamed-belly-market/article_0ae5a3b0-0d15-11ed-8971-6f59ed72cdf7.html"
  },
  {
    "text": "State News",
    "url": "/news/state_news"
  },
  {
    "text": "\n        \n\n        \n            Effort to put legal marijuana on the ballot goes down to the wire",
    "url": "/news/state_news/effort-to-put-legal-marijuana-on-the-ballot-goes-down-to-the-wire/article_b2c1f9e6-0df9-11ed-a2e9-0b076564b1bb.html"
  },
  {
    "text": "\n                \n                \n                \n                \n                        \n                ",
    "url": "/news/funeral-saturday-for-missourian-who-served-with-tuskegee-airmen-in-world-war-ii/article_5b8839b2-0dc0-11ed-a93a-93a0882ecccd.html"
  },
  {
    "text": "News",
    "url": "/news"
  },
  {
    "text": "\n        \n\n        \n            Funeral Saturday for Missourian who served with Tuskegee Airmen in World War II",
    "url": "/news/funeral-saturday-for-missourian-who-served-with-tuskegee-airmen-in-world-war-ii/article_5b8839b2-0dc0-11ed-a93a-93a0882ecccd.html"
  },
  {
    "text": "Local",
    "url": "/news/local"
  },
  {
    "text": "\n        \n\n        \n            Local Motion campaigns to make streets better for all kinds of transportation",
    "url": "/news/local/local-motion-campaigns-to-make-streets-better-for-all-kinds-of-transportation/article_ce8ccae2-0de6-11ed-9065-3b7f1344fddb.html"
  },
  {
    "text": "\n                \n                Sports\n                \n                    ",
    "url": "http://www.columbiamissourian.com/sports/"
  },
  {
    "text": "\n                \n                \n                \n                \n                        \n                ",
    "url": "/sports/pro_sports/judge-hits-grand-slam-for-41st-hr-yanks-rally-past-royals/article_1f7e1c96-013f-5eb0-b704-56f37bf31fa4.html"
  },
  {
    "text": "\n        \n\n        \n            Judge hits grand slam for 41st HR, Yanks rally past Royals",
    "url": "/sports/pro_sports/judge-hits-grand-slam-for-41st-hr-yanks-rally-past-royals/article_1f7e1c96-013f-5eb0-b704-56f37bf31fa4.html"
  },
  {
    "text": "\n                \n                \n                \n                \n                        \n                ",
    "url": "/sports/pro_sports/gorman-nootbaar-homer-as-cards-beat-nats-6-2-soto-1-for-4/article_528414c8-08e7-5043-97ab-d38fcdea3d90.html"
  },
  {
    "text": "\n        \n\n        \n            Gorman, Nootbaar homer as Cards beat Nats 6-2; Soto 1 for 4",
    "url": "/sports/pro_sports/gorman-nootbaar-homer-as-cards-beat-nats-6-2-soto-1-for-4/article_528414c8-08e7-5043-97ab-d38fcdea3d90.html"
  },
  {
    "text": "\n        \n\n        \n            Daniel Boone Little League softball advances to Little League World Series",
    "url": "/sports/other_sports/daniel-boone-little-league-softball-advances-to-little-league-world-series/article_99509d76-0f95-11ed-a443-fb76f558261c.html"
  },
  {
    "text": "\n                \n                \n                \n                \n                        \n                ",
    "url": "/sports/chiefs-hunt-prefers-arrowhead-renovation-over-new-stadium/article_ffa92712-43a5-591a-ac6b-bc9d60dbc959.html"
  },
  {
    "text": "\n        \n\n        \n            Chiefs' Hunt prefers Arrowhead renovation over new stadium",
    "url": "/sports/chiefs-hunt-prefers-arrowhead-renovation-over-new-stadium/article_ffa92712-43a5-591a-ac6b-bc9d60dbc959.html"
  },
  {
    "text": "\n                \n                \n                \n                \n                        \n                ",
    "url": "/sports/pro_sports/surging-dejong-reportedly-slugs-way-back-to-cards-ahead-of-trade-deadline/article_c98318e5-ca34-5e59-b84f-b70f46620ae2.html"
  },
  {
    "text": "\n        \n\n        \n            Surging DeJong reportedly slugs way back to Cards ahead of trade deadline",
    "url": "/sports/pro_sports/surging-dejong-reportedly-slugs-way-back-to-cards-ahead-of-trade-deadline/article_c98318e5-ca34-5e59-b84f-b70f46620ae2.html"
  },
  {
    "text": "\n                \n                \n                \n                \n                        \n                ",
    "url": "/sports/pro_sports/royals-trade-of-benintendi-could-be-just-the-start/article_026ee07b-a9a9-54b2-9840-6505667ad150.html"
  },
  {
    "text": "\n        \n\n        \n            Royals' trade of Benintendi could be just the start",
    "url": "/sports/pro_sports/royals-trade-of-benintendi-could-be-just-the-start/article_026ee07b-a9a9-54b2-9840-6505667ad150.html"
  },
  {
    "text": "\n                \n                \n                \n                \n                        \n                ",
    "url": "/sports/pro_sports/judges-3rd-walk-off-hr-of-year-lifts-yanks-over-royals-1-0/article_54ae9aa5-6dad-5b63-861a-096d50738a3b.html"
  },
  {
    "text": "\n        \n\n        \n            Judge's 3rd walk-off HR of year lifts Yanks over Royals 1-0",
    "url": "/sports/pro_sports/judges-3rd-walk-off-hr-of-year-lifts-yanks-over-royals-1-0/article_54ae9aa5-6dad-5b63-861a-096d50738a3b.html"
  },
  {
    "text": "\n                \n                \n                \n                \n                        \n                ",
    "url": "/sports/pro_sports/benintendi-wont-say-whether-will-get-vaccinated-with-yanks/article_b7f0463d-3b97-5dab-aff0-14f03745ef7c.html"
  },
  {
    "text": "\n        \n\n        \n            Benintendi won't say whether will get vaccinated with Yanks",
    "url": "/sports/pro_sports/benintendi-wont-say-whether-will-get-vaccinated-with-yanks/article_b7f0463d-3b97-5dab-aff0-14f03745ef7c.html"
  },
  {
    "text": "\n                \n                \n                \n                \n                        \n                ",
    "url": "/sports/mizzou_football/mus-banister-named-to-wuerffel-trophy-watch-list/article_15d0cf2e-0ec9-11ed-8888-3be5bed13f96.html"
  },
  {
    "text": "\n        \n\n        \n            MU's Banister named to Wuerffel Trophy Watch List",
    "url": "/sports/mizzou_football/mus-banister-named-to-wuerffel-trophy-watch-list/article_15d0cf2e-0ec9-11ed-8888-3be5bed13f96.html"
  },
  {
    "text": "\n        \n\n        \n            Daniel Boone Little League softball advances to Central Region title game",
    "url": "/sports/other_sports/daniel-boone-little-league-softball-advances-to-central-region-title-game/article_92eceb3c-0ec4-11ed-8f73-ebb286823961.html"
  },
  {
    "text": "\n                \n                \n                \n                \n                        \n                ",
    "url": "/sports/pro_sports/chiefs-signing-veteran-de-carlos-dunlap-to-1-year-contract/article_08aa23d1-65c9-5d91-8dab-f0b4c1775c81.html"
  },
  {
    "text": "\n        \n\n        \n            Chiefs signing veteran DE Carlos Dunlap to 1-year contract",
    "url": "/sports/pro_sports/chiefs-signing-veteran-de-carlos-dunlap-to-1-year-contract/article_08aa23d1-65c9-5d91-8dab-f0b4c1775c81.html"
  },
  {
    "text": "\n                \n                \n                \n                \n                        \n                ",
    "url": "/sports/pro_sports/chiefs-hold-first-full-squad-workout-with-jobs-to-be-won/article_04fd9b7a-6981-5bf3-aba9-456e7bf32d1d.html"
  },
  {
    "text": "\n        \n\n        \n            Chiefs hold first full-squad workout with jobs to be won",
    "url": "/sports/pro_sports/chiefs-hold-first-full-squad-workout-with-jobs-to-be-won/article_04fd9b7a-6981-5bf3-aba9-456e7bf32d1d.html"
  },
  {
    "text": "\n                \n                \n                \n                \n                        \n                ",
    "url": "/sports/mizzou_football/mevis-named-to-lou-groza-award-watch-list/article_d118b41e-0dfb-11ed-b949-d7d04274c06f.html"
  },
  {
    "text": "\n        \n\n        \n            Mevis named to Lou Groza Award Watch List",
    "url": "/sports/mizzou_football/mevis-named-to-lou-groza-award-watch-list/article_d118b41e-0dfb-11ed-b949-d7d04274c06f.html"
  },
  {
    "text": "\n                \n                Photo Galleries\n                \n                    ",
    "url": "/visuals"
  },
  {
    "text": "\n                \n                \n                    Article with images+5\n                \n                \n                \n                        \n                ",
    "url": "/sports/track-and-field-commences-at-the-show-me-state-games-second-weekend/article_ddb24c50-0fbb-11ed-93e1-63cac36f0fa1.html"
  },
  {
    "text": "\n        \n\n        \n            Track and field commences at the Show-Me State Games' second weekend",
    "url": "/sports/track-and-field-commences-at-the-show-me-state-games-second-weekend/article_ddb24c50-0fbb-11ed-93e1-63cac36f0fa1.html"
  },
  {
    "text": "\n                \n                \n                    Article with images+4\n                \n                \n                \n                        \n                ",
    "url": "/news/kids-go-birding-hiking-and-fishing-along-the-missouri-river/article_29e8bd0e-0dee-11ed-a97c-1708712c0244.html"
  },
  {
    "text": "\n        \n\n        \n            Kids go birding, hiking and fishing along the Missouri River",
    "url": "/news/kids-go-birding-hiking-and-fishing-along-the-missouri-river/article_29e8bd0e-0dee-11ed-a97c-1708712c0244.html"
  },
  {
    "text": "\n                \n                \n                    Article with images+4\n                \n                \n                \n                        \n                ",
    "url": "/news/bridges-will-help-passengers-board-easily-at-the-new-columbia-regional-airport/article_232951b0-0d2e-11ed-ae8b-abbb704321ba.html"
  },
  {
    "text": "\n        \n\n        \n            Bridges will help passengers board easily at the new Columbia Regional Airport",
    "url": "/news/bridges-will-help-passengers-board-easily-at-the-new-columbia-regional-airport/article_232951b0-0d2e-11ed-ae8b-abbb704321ba.html"
  },
  {
    "text": "\n                \n                \n                    Article with video3:31Multiple images+11\n                \n                \n                \n                        \n                ",
    "url": "/news/despite-the-hot-weather-hundreds-attended-the-boone-county-fair/article_15e0254a-0bb4-11ed-bd8b-b700906584f8.html"
  },
  {
    "text": "\n        \n\n        \n            Despite the hot weather hundreds attended the Boone County Fair",
    "url": "/news/despite-the-hot-weather-hundreds-attended-the-boone-county-fair/article_15e0254a-0bb4-11ed-bd8b-b700906584f8.html"
  },
  {
    "text": "\n                \n                \n                    Article with images+11\n                \n                \n                \n                        \n                ",
    "url": "/sports/other_sports/show-me-state-games-conclude-their-first-weekend/article_14d47126-0ba3-11ed-a457-cff73e0990e2.html"
  },
  {
    "text": "\n        \n\n        \n            Show-Me State Games conclude their first weekend",
    "url": "/sports/other_sports/show-me-state-games-conclude-their-first-weekend/article_14d47126-0ba3-11ed-a457-cff73e0990e2.html"
  },
  {
    "text": "\n                \n                \n                    Article with images+6\n                \n                \n                \n                        \n                ",
    "url": "/visuals/athletes-compete-in-martial-arts-at-the-show-me-state-games/article_907c9584-0adf-11ed-acc9-6bcbbbac3702.html"
  },
  {
    "text": "\n        \n\n        \n            Athletes compete in martial arts at the Show-Me State Games",
    "url": "/visuals/athletes-compete-in-martial-arts-at-the-show-me-state-games/article_907c9584-0adf-11ed-acc9-6bcbbbac3702.html"
  },
  {
    "text": "\n                \n                \n                    Article with video1:30Multiple images+7\n                \n                \n                \n                        \n                ",
    "url": "/news/local/ham-show-takes-fair-from-start-to-finish/article_c872d1e8-0ad4-11ed-a9fb-7bb9888c2e8a.html"
  },
  {
    "text": "\n        \n\n        \n            Ham show takes fair from start to finish",
    "url": "/news/local/ham-show-takes-fair-from-start-to-finish/article_c872d1e8-0ad4-11ed-a9fb-7bb9888c2e8a.html"
  },
  {
    "text": "\n                \n                \n                    Article with images+7\n                \n                \n                \n                        \n                ",
    "url": "/news/he-went-to-love-coffee-for-a-job-and-found-a-community/article_4c6b4d34-d198-11ec-a272-67104632309d.html"
  },
  {
    "text": "\n        \n\n        \n            He went to Love Coffee for a job, and found a community",
    "url": "/news/he-went-to-love-coffee-for-a-job-and-found-a-community/article_4c6b4d34-d198-11ec-a272-67104632309d.html"
  },
  {
    "text": "\n            ",
    "url": "https://www.bluetoad.com/view/columbia-missourian/columbia-missourian/college-town-2022"
  },
  {
    "text": "Here's a look at what incoming students should know.",
    "url": "https://www.columbiamissourian.com/special_section/collegetown/"
  },
  {
    "text": "\n                Read the ebook\n            ",
    "url": "https://www.bluetoad.com/view/columbia-missourian/columbia-missourian/college-town-2022"
  },
  {
    "text": "\n        \n\n        \n            MyHouse nightclub relaunches in Columbia after two-year absence",
    "url": "/news/myhouse-nightclub-relaunches-in-columbia-after-two-year-absence/article_c0fd7330-0b7b-11ed-bd87-e39eee52b88c.html"
  },
  {
    "text": "\n        \n\n        \n            Demolition of radioactive building at MU likely years away, but removal efforts resume",
    "url": "/news/higher_education/demolition-of-radioactive-building-at-mu-likely-years-away-but-removal-efforts-resume/article_646f2bf8-0eb5-11ed-99bb-ffe85a52c831.html"
  },
  {
    "text": "\n        \n\n        \n            $80,000 worth of tools and equipment stolen from Rocheport Bridge site",
    "url": "/news/local/80-000-worth-of-tools-and-equipment-stolen-from-rocheport-bridge-site/article_9e756a98-0f63-11ed-9451-f35d0bf7ab3e.html"
  },
  {
    "text": "\n        \n\n        \n            The Grind Coffee House expanding to MU campus",
    "url": "/news/the-grind-coffee-house-expanding-to-mu-campus/article_745b5b3e-0f52-11ed-a230-331fd9f94dc9.html"
  },
  {
    "text": "\n        \n\n        \n            New bosses at Hoss's: Well-known Columbia restaurant renamed Belly Market",
    "url": "/news/new-bosses-at-hosss-well-known-columbia-restaurant-renamed-belly-market/article_0ae5a3b0-0d15-11ed-8971-6f59ed72cdf7.html"
  },
  {
    "text": "View a sample.",
    "url": "http://columbiamissourian.com/newsletters/headlines"
  },
  {
    "text": "View a sample",
    "url": "https://www.columbiamissourian.com/newsletter/optimize/evening_update/"
  },
  {
    "text": "View a sample.",
    "url": "http://columbiamissourian.com/newsletters/sports"
  },
  {
    "text": "Manage your lists",
    "url": "https://www.columbiamissourian.com/users/admin/mailinglist/"
  },
  {
    "text": "\n                \n                Darkow cartoons\n                \n                    ",
    "url": "https://www.columbiamissourian.com/opinion/darkow/"
  },
  {
    "text": "\n                \n                \n                \n                \n                        \n                ",
    "url": "/opinion/darkow/we-are-not-in-a-recession/article_fec0932e-0eb8-11ed-bb6f-1b0e8cf84b14.html"
  },
  {
    "text": "\n        \n\n        \n            We are not in a recession",
    "url": "/opinion/darkow/we-are-not-in-a-recession/article_fec0932e-0eb8-11ed-bb6f-1b0e8cf84b14.html"
  },
  {
    "text": "\n            ",
    "url": "https://www.columbiamissourian.com/2500below"
  },
  {
    "text": "\n                \n                Opinion\n                \n                    ",
    "url": "https://www.columbiamissourian.com/opinion/"
  },
  {
    "text": "\n        \n\n        \n            We are not in a recession",
    "url": "/opinion/darkow/we-are-not-in-a-recession/article_fec0932e-0eb8-11ed-bb6f-1b0e8cf84b14.html"
  },
  {
    "text": "\n        \n\n        \n            LETTER TO THE EDITOR: City Council needs Karl Skala's experience",
    "url": "/opinion/letters_to_the_editor/letter-to-the-editor-city-council-needs-karl-skalas-experience/article_dd123ac4-0f59-11ed-acd5-973c52f682f1.html"
  },
  {
    "text": "\n        \n\n        \n            GUEST COMMENTARY: 'Rage giving': Charities get a boost from current events",
    "url": "/obituaries/family_obituary/guest-commentary-rage-giving-charities-get-a-boost-from-current-events/article_c5aad6ba-0f55-11ed-804e-5392b89a5191.html"
  },
  {
    "text": "\n        \n\n        \n            LETTER TO THE EDITOR: Chimene Schwach is tireless advocate for women and families",
    "url": "/opinion/letters_to_the_editor/letter-to-the-editor-chimene-schwach-is-tireless-advocate-for-women-and-families/article_8f119488-0f62-11ed-82ea-c3111ecce1d7.html"
  },
  {
    "text": "\n        \n\n        \n            Saint Louis Ark",
    "url": "/opinion/darkow/saint-louis-ark/article_d4718146-0df0-11ed-936c-c3368091a48f.html"
  },
  {
    "text": "\n                     Home\n                ",
    "url": "/"
  },
  {
    "text": "\n                    News\n                ",
    "url": "/news/"
  },
  {
    "text": "\n                    Sports\n                ",
    "url": "/sports/"
  },
  {
    "text": "\n                    Opinion\n                ",
    "url": "/opinion/"
  },
  {
    "text": "\n                    Obituaries\n                ",
    "url": "/obituaries/"
  },
  {
    "text": "\n                    Visuals\n                ",
    "url": "/visuals/"
  },
  {
    "text": "\n                    From Readers\n                ",
    "url": "/from_readers/"
  },
  {
    "text": "\n                    Como you know\n                ",
    "url": "/como_you_know/"
  },
  {
    "text": "\n                    Archives\n                ",
    "url": "/search"
  },
  {
    "text": "\n                    Special Sections\n                ",
    "url": "/special_section/"
  },
  {
    "text": "\n                    About Us\n                ",
    "url": "/about"
  },
  {
    "text": "\n                    Advertise With Us\n                ",
    "url": "/site/advertise.html"
  },
  {
    "text": "\n                    Contact Us\n                ",
    "url": "/site/contact.html/"
  },
  {
    "text": "\n                    Rack Locations\n                ",
    "url": "/site/rack_locations.html/"
  },
  {
    "text": "\n                    Site Forms\n                ",
    "url": "/site/forms/"
  },
  {
    "text": "\n                    Subscribe\n                ",
    "url": "/subscribe/"
  },
  {
    "text": "\n                    Search\n                ",
    "url": "/search/?q='"
  },
  {
    "text": "View a sample.",
    "url": "http://columbiamissourian.com/newsletters/headlines"
  },
  {
    "text": "Manage your lists",
    "url": "https://www.columbiamissourian.com/users/admin/mailinglist/"
  },
  {
    "text": "\n            ",
    "url": "/"
  },
  {
    "text": "news@columbiamissourian.com",
    "url": "mailto:news@columbiamissourian.com"
  },
  {
    "text": "The Columbia Missourian",
    "url": "/"
  },
  {
    "text": "Terms of Use",
    "url": "/site/terms.html"
  },
  {
    "text": "Privacy Policy",
    "url": "/site/privacy.html"
  },
  {
    "text": "BLOX Content Management System",
    "url": "https://bloxcms.com"
  },
  {
    "text": "TownNews.com",
    "url": "https://townnews.com/"
  }
]