[
  {
    "text": "\n        Skip to main navigation\n      ",
    "url": "#main-menu"
  },
  {
    "text": "\n      \n    ",
    "url": "/"
  },
  {
    "text": "About Us",
    "url": "/about"
  },
  {
    "text": "Team",
    "url": "/about/staff"
  },
  {
    "text": "Amy Walter",
    "url": "/about/staff/amy-walter"
  },
  {
    "text": "Charles E. Cook, Jr.",
    "url": "/about/staff/charles-e-cook-jr"
  },
  {
    "text": "David Wasserman",
    "url": "/about/staff/david-wasserman"
  },
  {
    "text": "Jessica Taylor",
    "url": "/about/staff/jessica-taylor"
  },
  {
    "text": "Ally Flinn",
    "url": "/about/staff/ally-flinn"
  },
  {
    "text": "Kathryn Hamm",
    "url": "/about/staff/kathryn-hamm"
  },
  {
    "text": "History",
    "url": "/history"
  },
  {
    "text": "Contact Us",
    "url": "/contact"
  },
  {
    "text": "Ratings",
    "url": "/ratings"
  },
  {
    "text": "House",
    "url": "/ratings/house-race-ratings"
  },
  {
    "text": "Senate",
    "url": "/ratings/senate-race-ratings"
  },
  {
    "text": "Governors",
    "url": "/ratings/governor-race-ratings"
  },
  {
    "text": "Electoral College (2020)",
    "url": "https://cookpolitical.com/sites/default/files/2020-10/EC%20Ratings.102820.pdf"
  },
  {
    "text": "Analysis",
    "url": "/analysis"
  },
  {
    "text": "House",
    "url": "/analysis/house"
  },
  {
    "text": "2021-2022 Redistricting",
    "url": "/redistricting"
  },
  {
    "text": "Senate",
    "url": "/analysis/senate"
  },
  {
    "text": "Governors",
    "url": "/analysis/governors"
  },
  {
    "text": "Presidential",
    "url": "/analysis/national"
  },
  {
    "text": "Charts",
    "url": "/charts"
  },
  {
    "text": "House",
    "url": "/charts/house-charts"
  },
  {
    "text": "Senate",
    "url": "/senate-charts"
  },
  {
    "text": "Governors",
    "url": "/charts/governors-charts"
  },
  {
    "text": "2020 National House Vote Tracker",
    "url": "/2020-house-vote-tracker"
  },
  {
    "text": "2020 National Popular Vote Tracker",
    "url": "/2020-national-popular-vote-tracker"
  },
  {
    "text": "Road Map to Redistricting 2021-2022",
    "url": "/redistricting-2020"
  },
  {
    "text": "Cook PVI\u2120",
    "url": "/cook-pvi"
  },
  {
    "text": "2022 Cook PVI",
    "url": "/cook-pvi/2022-partisan-voting-index"
  },
  {
    "text": "Full 2022 Cook PVI Report",
    "url": "/cook-pvi/2022-partisan-voting-index/introducing-2022-cook-partisan-voting-index"
  },
  {
    "text": "District Map and List",
    "url": "/cook-pvi/2022-partisan-voting-index/district-map-and-list"
  },
  {
    "text": "State Map and List",
    "url": "/cook-pvi/2022-partisan-voting-index/state-map-and-list"
  },
  {
    "text": "2021 Cook PVI",
    "url": "/cook-pvi/2021-partisan-voting-index"
  },
  {
    "text": "Privacy Policy",
    "url": "/privacy"
  },
  {
    "text": "Terms & Conditions",
    "url": "/terms-and-conditions"
  },
  {
    "text": "Login",
    "url": "/user/login"
  },
  {
    "text": "Subscribe Now",
    "url": "/user/register"
  },
  {
    "text": "About Us",
    "url": "/about"
  },
  {
    "text": "Team",
    "url": "/about/staff"
  },
  {
    "text": "Amy Walter",
    "url": "/about/staff/amy-walter"
  },
  {
    "text": "Charles E. Cook, Jr.",
    "url": "/about/staff/charles-e-cook-jr"
  },
  {
    "text": "David Wasserman",
    "url": "/about/staff/david-wasserman"
  },
  {
    "text": "Jessica Taylor",
    "url": "/about/staff/jessica-taylor"
  },
  {
    "text": "Ally Flinn",
    "url": "/about/staff/ally-flinn"
  },
  {
    "text": "Kathryn Hamm",
    "url": "/about/staff/kathryn-hamm"
  },
  {
    "text": "History",
    "url": "/history"
  },
  {
    "text": "Contact Us",
    "url": "/contact"
  },
  {
    "text": "Ratings",
    "url": "/ratings"
  },
  {
    "text": "House",
    "url": "/ratings/house-race-ratings"
  },
  {
    "text": "Senate",
    "url": "/ratings/senate-race-ratings"
  },
  {
    "text": "Governors",
    "url": "/ratings/governor-race-ratings"
  },
  {
    "text": "Electoral College (2020)",
    "url": "https://cookpolitical.com/sites/default/files/2020-10/EC%20Ratings.102820.pdf"
  },
  {
    "text": "Analysis",
    "url": "/analysis"
  },
  {
    "text": "House",
    "url": "/analysis/house"
  },
  {
    "text": "2021-2022 Redistricting",
    "url": "/redistricting"
  },
  {
    "text": "Senate",
    "url": "/analysis/senate"
  },
  {
    "text": "Governors",
    "url": "/analysis/governors"
  },
  {
    "text": "Presidential",
    "url": "/analysis/national"
  },
  {
    "text": "Charts",
    "url": "/charts"
  },
  {
    "text": "House",
    "url": "/charts/house-charts"
  },
  {
    "text": "Senate",
    "url": "/senate-charts"
  },
  {
    "text": "Governors",
    "url": "/charts/governors-charts"
  },
  {
    "text": "2020 National House Vote Tracker",
    "url": "/2020-house-vote-tracker"
  },
  {
    "text": "2020 National Popular Vote Tracker",
    "url": "/2020-national-popular-vote-tracker"
  },
  {
    "text": "Road Map to Redistricting 2021-2022",
    "url": "/redistricting-2020"
  },
  {
    "text": "Cook PVI\u2120",
    "url": "/cook-pvi"
  },
  {
    "text": "2022 Cook PVI",
    "url": "/cook-pvi/2022-partisan-voting-index"
  },
  {
    "text": "Full 2022 Cook PVI Report",
    "url": "/cook-pvi/2022-partisan-voting-index/introducing-2022-cook-partisan-voting-index"
  },
  {
    "text": "District Map and List",
    "url": "/cook-pvi/2022-partisan-voting-index/district-map-and-list"
  },
  {
    "text": "State Map and List",
    "url": "/cook-pvi/2022-partisan-voting-index/state-map-and-list"
  },
  {
    "text": "2021 Cook PVI",
    "url": "/cook-pvi/2021-partisan-voting-index"
  },
  {
    "text": "Privacy Policy",
    "url": "/privacy"
  },
  {
    "text": "Terms & Conditions",
    "url": "/terms-and-conditions"
  },
  {
    "text": "Subscribe Now",
    "url": "/user/register"
  },
  {
    "text": "Login",
    "url": "/user/login"
  },
  {
    "text": "\n  \n                  \n              \n                  \n\n  \n  \n    Missouri Senate July 29, 2022\n    August 2 Primary Preview: Missouri Senate\n    July 29, 2022\n  \n",
    "url": "/analysis/senate/missouri-senate/august-2-primary-preview-missouri-senate"
  },
  {
    "text": "August 2 Primary Preview: Missouri Senate",
    "url": "/analysis/senate/missouri-senate/august-2-primary-preview-missouri-senate"
  },
  {
    "text": "August 2 Primary Preview: Arizona Senate",
    "url": "/analysis/senate/arizona-senate/august-2-primary-preview-arizona-senate"
  },
  {
    "text": "Improvement or Illusion?",
    "url": "/analysis/national/national-politics/improvement-or-illusion"
  },
  {
    "text": "Pulling at Threads That May Unravel the Election Narrative",
    "url": "/analysis/national/national-politics/pulling-threads-may-unravel-election-narrative"
  },
  {
    "text": "Michigan Governor Moves From Toss Up To Lean Democrat",
    "url": "/analysis/governors/michigan-governor/michigan-governor-moves-toss-lean-democrat"
  },
  {
    "text": "Oregon Governor Moves From Likely To Lean Democrat",
    "url": "/analysis/governors/oregon-governor/oregon-governor-moves-likely-lean-democrat"
  },
  {
    "text": "Load More Articles",
    "url": "?page=1"
  },
  {
    "text": "Subscribe Today",
    "url": "/user/register"
  },
  {
    "text": "@CookPolitical",
    "url": "https://www.twitter.com/CookPolitical"
  },
  {
    "text": "https://t.co/wt2upJAEUX",
    "url": "https://t.co/wt2upJAEUX"
  },
  {
    "text": " Follow @CookPolitical",
    "url": "https://twitter.com/intent/follow?screen_name=CookPolitical"
  },
  {
    "text": "@CookPolitical",
    "url": "https://www.twitter.com/CookPolitical"
  },
  {
    "text": "https://t.co/hTG1GGEUP9",
    "url": "https://t.co/hTG1GGEUP9"
  },
  {
    "text": " Follow @CookPolitical",
    "url": "https://twitter.com/intent/follow?screen_name=CookPolitical"
  },
  {
    "text": "@CookPolitical",
    "url": "https://www.twitter.com/CookPolitical"
  },
  {
    "text": "https://t.co/VbzhTxzklw",
    "url": "https://t.co/VbzhTxzklw"
  },
  {
    "text": " Follow @CookPolitical",
    "url": "https://twitter.com/intent/follow?screen_name=CookPolitical"
  },
  {
    "text": "Subscribe",
    "url": "/user/register"
  },
  {
    "text": "\n        \n      ",
    "url": "/"
  },
  {
    "text": "Facebook",
    "url": "https://www.facebook.com/CookPolitical"
  },
  {
    "text": "Twitter",
    "url": "https://twitter.com/CookPolitical"
  },
  {
    "text": "Contact",
    "url": "/contact"
  },
  {
    "text": "Contact Us",
    "url": "/contact"
  },
  {
    "text": "About Us",
    "url": "/about"
  },
  {
    "text": "Ratings",
    "url": "/ratings"
  },
  {
    "text": "Analysis",
    "url": "/analysis"
  },
  {
    "text": "Charts",
    "url": "/charts"
  },
  {
    "text": "Cook PVI\u2120",
    "url": "/cook-pvi"
  },
  {
    "text": "Privacy Policy",
    "url": "/privacy"
  },
  {
    "text": "Terms & Conditions",
    "url": "/terms-and-conditions"
  }
]