[
  {
    "text": "Crime & Justice",
    "url": "https://carolinapublicpress.org/category/crime-and-justice/"
  },
  {
    "text": "Economy",
    "url": "https://carolinapublicpress.org/category/jobs-economy/"
  },
  {
    "text": "Education",
    "url": "https://carolinapublicpress.org/category/education/"
  },
  {
    "text": "Environment",
    "url": "https://carolinapublicpress.org/category/environment/"
  },
  {
    "text": "Health",
    "url": "https://carolinapublicpress.org/category/healthcare/"
  },
  {
    "text": "Politics & Government",
    "url": "https://carolinapublicpress.org/category/politics/"
  },
  {
    "text": "En Espa\u00f1ol",
    "url": "https://carolinapublicpress.org/category/en-espanol/"
  },
  {
    "text": "About",
    "url": "https://carolinapublicpress.org/mission-2/"
  },
  {
    "text": "Newsletters",
    "url": "https://carolinapublicpress.org/subscribe/"
  },
  {
    "text": "Special Reports",
    "url": "https://carolinapublicpress.org/#special-reports"
  },
  {
    "text": "Donate",
    "url": "https://checkout.fundjournalism.org/memberform?org_id=carolinapublicpress&campaign=7013h000000MS12AAG"
  },
  {
    "text": "CPP East",
    "url": "https://carolinapublicpress.org/carolina-public-press-east/"
  },
  {
    "text": "Shop",
    "url": "https://bit.ly/cppshop"
  },
  {
    "text": "Events",
    "url": "https://carolinapublicpress.org/events/"
  },
  {
    "text": "Facebook",
    "url": "https://www.facebook.com/CarolinaPublicPress"
  },
  {
    "text": "Twitter",
    "url": "https://twitter.com/cpublicpress"
  },
  {
    "text": "Instagram",
    "url": "https://www.instagram.com/carolinapublicpress/"
  },
  {
    "text": "RSS",
    "url": "/feed"
  },
  {
    "text": "Skip to content",
    "url": "#main"
  },
  {
    "text": "About",
    "url": "https://carolinapublicpress.org/mission-2/"
  },
  {
    "text": "Newsletters",
    "url": "https://carolinapublicpress.org/subscribe/"
  },
  {
    "text": "Special Reports",
    "url": "https://carolinapublicpress.org/#special-reports"
  },
  {
    "text": "Donate",
    "url": "https://checkout.fundjournalism.org/memberform?org_id=carolinapublicpress&campaign=7013h000000MS12AAG"
  },
  {
    "text": "CPP East",
    "url": "https://carolinapublicpress.org/carolina-public-press-east/"
  },
  {
    "text": "Shop",
    "url": "https://bit.ly/cppshop"
  },
  {
    "text": "Events",
    "url": "https://carolinapublicpress.org/events/"
  },
  {
    "text": "Facebook",
    "url": "https://www.facebook.com/CarolinaPublicPress"
  },
  {
    "text": "Twitter",
    "url": "https://twitter.com/cpublicpress"
  },
  {
    "text": "Instagram",
    "url": "https://www.instagram.com/carolinapublicpress/"
  },
  {
    "text": "RSS",
    "url": "/feed"
  },
  {
    "text": "",
    "url": "https://carolinapublicpress.org/"
  },
  {
    "text": "Carolina Public Press",
    "url": "https://carolinapublicpress.org/"
  },
  {
    "text": "Give now",
    "url": "https://checkout.fundjournalism.org/memberform?org_id=carolinapublicpress&campaign=7013h000000MS12AAG"
  },
  {
    "text": "Crime & Justice",
    "url": "https://carolinapublicpress.org/category/crime-and-justice/"
  },
  {
    "text": "Economy",
    "url": "https://carolinapublicpress.org/category/jobs-economy/"
  },
  {
    "text": "Education",
    "url": "https://carolinapublicpress.org/category/education/"
  },
  {
    "text": "Environment",
    "url": "https://carolinapublicpress.org/category/environment/"
  },
  {
    "text": "Health",
    "url": "https://carolinapublicpress.org/category/healthcare/"
  },
  {
    "text": "Politics & Government",
    "url": "https://carolinapublicpress.org/category/politics/"
  },
  {
    "text": "En Espa\u00f1ol",
    "url": "https://carolinapublicpress.org/category/en-espanol/"
  },
  {
    "text": "Contribute now",
    "url": "https://bit.ly/cppdonate"
  },
  {
    "text": "Become a member.",
    "url": "https://checkout.fundjournalism.org/memberform?org_id=carolinapublicpress&campaign=%207013h000000HzqfAAC&_gl=1*15i5bap*_ga*YW1wLVJaYjk4RTI4RElmRHBVd21sUzktbHc"
  },
  {
    "text": "\n\t\t\t\t\t\t\t\t\t\t\t\t\t\t\t\t\t",
    "url": "https://carolinapublicpress.org/55315/mountain-trails-face-stress-from-cyclists-and-climate-change-2/"
  },
  {
    "text": "\n\t\t\t\t\t\tEnvironment\t\t\t\t\t",
    "url": "https://carolinapublicpress.org/category/environment/"
  },
  {
    "text": "Mountain trails face stress from cyclists and climate change",
    "url": "https://carolinapublicpress.org/55315/mountain-trails-face-stress-from-cyclists-and-climate-change-2/"
  },
  {
    "text": "",
    "url": "https://carolinapublicpress.org/author/jack-igelman/"
  },
  {
    "text": "Jack Igelman",
    "url": "https://carolinapublicpress.org/author/jack-igelman/"
  },
  {
    "text": "\n\t\t\t\t\t\t\t\t\t\t\t\t\t\t\t\t\t",
    "url": "https://carolinapublicpress.org/55312/lose-the-red-spruce-lose-an-entire-suite-of-species-2/"
  },
  {
    "text": "\n\t\t\t\t\t\tEnvironment\t\t\t\t\t",
    "url": "https://carolinapublicpress.org/category/environment/"
  },
  {
    "text": "Lose the red spruce, lose an entire suite of species",
    "url": "https://carolinapublicpress.org/55312/lose-the-red-spruce-lose-an-entire-suite-of-species-2/"
  },
  {
    "text": "Jack Igelman",
    "url": "https://carolinapublicpress.org/author/jack-igelman/"
  },
  {
    "text": "\n\t\t\t\t\t\t\t\t\t\t\t\t\t\t\t\t\t",
    "url": "https://carolinapublicpress.org/55308/black-farmers-markets-grow-in-north-carolina-2/"
  },
  {
    "text": "\n\t\t\t\t\t\tEconomy\t\t\t\t\t",
    "url": "https://carolinapublicpress.org/category/jobs-economy/"
  },
  {
    "text": "Black farmers markets grow in North Carolina",
    "url": "https://carolinapublicpress.org/55308/black-farmers-markets-grow-in-north-carolina-2/"
  },
  {
    "text": "Jodi Helmer",
    "url": "https://carolinapublicpress.org/author/jodi-helmer/"
  },
  {
    "text": "\n\t\t\t\t\t\tEconomy\t\t\t\t\t",
    "url": "https://carolinapublicpress.org/category/jobs-economy/"
  },
  {
    "text": "Glimpsing the end of the pier? Future hazy for NC coastal icons",
    "url": "https://carolinapublicpress.org/55302/glimpsing-the-end-of-the-pier-future-hazy-for-nc-coastal-icons-2/"
  },
  {
    "text": "Jack Igelman",
    "url": "https://carolinapublicpress.org/author/jack-igelman/"
  },
  {
    "text": "\n\t\t\t\t\t\tEnvironment\t\t\t\t\t",
    "url": "https://carolinapublicpress.org/category/environment/"
  },
  {
    "text": "Oyster trail designed to protect threatened industry",
    "url": "https://carolinapublicpress.org/55299/oyster-trail-designed-to-protect-threatened-industry-2/"
  },
  {
    "text": "Jodi Helmer",
    "url": "https://carolinapublicpress.org/author/jodi-helmer/"
  },
  {
    "text": "\n\t\t\t\t\t\tEnvironment\t\t\t\t\t",
    "url": "https://carolinapublicpress.org/category/environment/"
  },
  {
    "text": "Seeking solutions for NC shoreline and fisheries",
    "url": "https://carolinapublicpress.org/55296/seeking-solutions-for-nc-shoreline-and-fisheries-2/"
  },
  {
    "text": "Jack Igelman",
    "url": "https://carolinapublicpress.org/author/jack-igelman/"
  },
  {
    "text": "Read More Latest News",
    "url": "https://carolinapublicpress.org/recent-news/"
  },
  {
    "text": "Shop now",
    "url": "https://bit.ly/cppshop"
  },
  {
    "text": "Learn more",
    "url": "https://carolinapublicpress.org/10years/"
  },
  {
    "text": "Visit the page",
    "url": "https://carolinapublicpress.org/carolina-public-press-east/"
  },
  {
    "text": "Fraught Forests",
    "url": "https://carolinapublicpress.org/fraught-forests/"
  },
  {
    "text": "Dodging Standards",
    "url": "https://carolinapublicpress.org/dodging%20standards/"
  },
  {
    "text": "Changing Tides",
    "url": "https://carolinapublicpress.org/changing-tides/"
  },
  {
    "text": "Finding Nurses",
    "url": "https://carolinapublicpress.org/finding-nurses/"
  },
  {
    "text": "Seeking Conviction",
    "url": "https://carolinapublicpress.org/seeking-conviction/"
  },
  {
    "text": "Raising Jails",
    "url": "https://carolinapublicpress.org/raising-jails/"
  },
  {
    "text": "Patchwork Protection",
    "url": "https://carolinapublicpress.org/patchwork-protection/"
  },
  {
    "text": "What ails NC prisons?",
    "url": "https://carolinapublicpress.org/what-ails-nc-prisons/"
  },
  {
    "text": "Questionable Care",
    "url": "https://carolinapublicpress.org/questionable-care/"
  },
  {
    "text": "\n\t\t\t\t\t\t\t\t\t\t\t\t\t\t\t\t\t",
    "url": "https://carolinapublicpress.org/54705/why-small-nc-mountain-city-is-taking-on-nations-largest-hospital-system/"
  },
  {
    "text": "Why small NC mountain city is taking on nation\u2019s largest hospital system",
    "url": "https://carolinapublicpress.org/54705/why-small-nc-mountain-city-is-taking-on-nations-largest-hospital-system/"
  },
  {
    "text": "Shelby Harris",
    "url": "https://carolinapublicpress.org/author/shelby-harris/"
  },
  {
    "text": "\n\t\t\t\t\t\t\t\t\t\t\t\t\t\t\t\t\t",
    "url": "https://carolinapublicpress.org/55049/nc-county-settles-child-removal-lawsuits-for-42-million/"
  },
  {
    "text": "NC county settles child removal lawsuits for $42 million",
    "url": "https://carolinapublicpress.org/55049/nc-county-settles-child-removal-lawsuits-for-42-million/"
  },
  {
    "text": "Kate Martin",
    "url": "https://carolinapublicpress.org/author/kate-martin/"
  },
  {
    "text": "\n\t\t\t\t\t\t\t\t\t\t\t\t\t\t\t\t\t",
    "url": "https://carolinapublicpress.org/55120/would-cape-fear-river-barrier-wall-do-enough-to-stop-contaminants/"
  },
  {
    "text": "Would Cape Fear River barrier wall do enough to stop contaminants?",
    "url": "https://carolinapublicpress.org/55120/would-cape-fear-river-barrier-wall-do-enough-to-stop-contaminants/"
  },
  {
    "text": "Ben Sessoms",
    "url": "https://carolinapublicpress.org/author/ben-sessoms/"
  },
  {
    "text": "\n\t\t\t\t\t\t\t\t\t\t\t\t\t\t\t\t\t",
    "url": "https://carolinapublicpress.org/55038/abortion-raises-stakes-for-nc-legislative-high-court-elections/"
  },
  {
    "text": "Abortion raises stakes for NC legislative, high court elections",
    "url": "https://carolinapublicpress.org/55038/abortion-raises-stakes-for-nc-legislative-high-court-elections/"
  },
  {
    "text": "Kate Martin",
    "url": "https://carolinapublicpress.org/author/kate-martin/"
  },
  {
    "text": "\n\t\t\t\t\t\t\t\t\t\t\t\t\t\t\t\t\t",
    "url": "https://carolinapublicpress.org/53692/arpa-to-the-rescue-as-nc-city-seeks-to-shore-up-firefighting-staff/"
  },
  {
    "text": "ARPA to the rescue as NC city seeks to shore up firefighting staff",
    "url": "https://carolinapublicpress.org/53692/arpa-to-the-rescue-as-nc-city-seeks-to-shore-up-firefighting-staff/"
  },
  {
    "text": "Shelby Harris",
    "url": "https://carolinapublicpress.org/author/shelby-harris/"
  },
  {
    "text": "\n\t\t\t\t\t\t\t\t\t\t\t\t\t\t\t\t\t",
    "url": "https://carolinapublicpress.org/55292/toxins-and-mislabeling-threaten-nc-seafood-2/"
  },
  {
    "text": "Toxins and mislabeling threaten NC seafood",
    "url": "https://carolinapublicpress.org/55292/toxins-and-mislabeling-threaten-nc-seafood-2/"
  },
  {
    "text": "",
    "url": "https://carolinapublicpress.org/author/jack-igelman/"
  },
  {
    "text": "Jack Igelman",
    "url": "https://carolinapublicpress.org/author/jack-igelman/"
  },
  {
    "text": "\n\t\t\t\t\t\t\t\t\t\t\t\t\t\t\t\t\t",
    "url": "https://carolinapublicpress.org/55283/changing-climate-poses-burden-as-people-count-on-fishing-2/"
  },
  {
    "text": "Changing climate poses burden as people count on fishing",
    "url": "https://carolinapublicpress.org/55283/changing-climate-poses-burden-as-people-count-on-fishing-2/"
  },
  {
    "text": "",
    "url": "https://carolinapublicpress.org/author/jack-igelman/"
  },
  {
    "text": "Jack Igelman",
    "url": "https://carolinapublicpress.org/author/jack-igelman/"
  },
  {
    "text": "\n\t\t\t\t\t\t\t\t\t\t\t\t\t\t\t\t\t",
    "url": "https://carolinapublicpress.org/55273/commercial-fishing-in-nc-adapts-to-threat-of-warming-seas-2/"
  },
  {
    "text": "Commercial fishing in NC adapts to threat of warming seas",
    "url": "https://carolinapublicpress.org/55273/commercial-fishing-in-nc-adapts-to-threat-of-warming-seas-2/"
  },
  {
    "text": "",
    "url": "https://carolinapublicpress.org/author/jack-igelman/"
  },
  {
    "text": "Jack Igelman",
    "url": "https://carolinapublicpress.org/author/jack-igelman/"
  },
  {
    "text": "\n\t\t\t\t\t\t\t\t\t\t\t\t\t\t\t\t\t",
    "url": "https://carolinapublicpress.org/55270/lose-the-seagrass-and-lose-the-fisheries-2/"
  },
  {
    "text": "Lose the seagrass and lose the fisheries",
    "url": "https://carolinapublicpress.org/55270/lose-the-seagrass-and-lose-the-fisheries-2/"
  },
  {
    "text": "",
    "url": "https://carolinapublicpress.org/author/jack-igelman/"
  },
  {
    "text": "Jack Igelman",
    "url": "https://carolinapublicpress.org/author/jack-igelman/"
  },
  {
    "text": "\n\t\t\t\t\t\t\t\t\t\t\t\t\t\t\t\t\t",
    "url": "https://carolinapublicpress.org/55329/monkeypox-cases-spreading-in-nc/"
  },
  {
    "text": "Monkeypox cases spreading in NC",
    "url": "https://carolinapublicpress.org/55329/monkeypox-cases-spreading-in-nc/"
  },
  {
    "text": "",
    "url": "https://carolinapublicpress.org/author/imari-scarborough/"
  },
  {
    "text": "Imari Scarbrough",
    "url": "https://carolinapublicpress.org/author/imari-scarborough/"
  },
  {
    "text": "\n\t\t\t\t\t\t\t\t\t\t\t\t\t\t\t\t\t",
    "url": "https://carolinapublicpress.org/54987/nc-town-set-to-cease-existence-as-state-treasurer-calls-for-criminal-charges/"
  },
  {
    "text": "NC town set to cease existence as state treasurer calls for criminal charges",
    "url": "https://carolinapublicpress.org/54987/nc-town-set-to-cease-existence-as-state-treasurer-calls-for-criminal-charges/"
  },
  {
    "text": "",
    "url": "https://carolinapublicpress.org/author/mark-darrough/"
  },
  {
    "text": "Mark Darrough",
    "url": "https://carolinapublicpress.org/author/mark-darrough/"
  },
  {
    "text": "Crime & Justice",
    "url": "/category/crime-and-justice/"
  },
  {
    "text": "\n\t\t\t\t\t\t\t\t\t\t\t\t\t\t\t\t\t",
    "url": "https://carolinapublicpress.org/54891/nc-senate-waters-down-dna-collection-bill/"
  },
  {
    "text": "NC Senate waters down DNA collection bill",
    "url": "https://carolinapublicpress.org/54891/nc-senate-waters-down-dna-collection-bill/"
  },
  {
    "text": "Kate Martin",
    "url": "https://carolinapublicpress.org/author/kate-martin/"
  },
  {
    "text": "Proposed NC legislation would collect DNA in violent crime arrests",
    "url": "https://carolinapublicpress.org/54635/proposed-nc-legislation-would-collect-dna-in-violent-crime-arrests/"
  },
  {
    "text": "Not all crime-fighting ideas created equal: City unveils scoring system for grant applicants",
    "url": "https://carolinapublicpress.org/53709/not-all-crime-fighting-ideas-created-equal-city-unveils-scoring-system-for-grant-applicants/"
  },
  {
    "text": "Andrew Brown Jr. wrongful-death lawsuit takes step forward",
    "url": "https://carolinapublicpress.org/53599/andrew-brown-jr-wrongful-death-lawsuit-takes-step-forward/"
  },
  {
    "text": "Economy",
    "url": "/category/jobs-economy/"
  },
  {
    "text": "\n\t\t\t\t\t\t\t\t\t\t\t\t\t\t\t\t\t",
    "url": "https://carolinapublicpress.org/55067/sustaining-local-farmers-with-creative-arpa-funds-application/"
  },
  {
    "text": "Sustaining local farmers with creative ARPA funds application",
    "url": "https://carolinapublicpress.org/55067/sustaining-local-farmers-with-creative-arpa-funds-application/"
  },
  {
    "text": "Shelby Harris",
    "url": "https://carolinapublicpress.org/author/shelby-harris/"
  },
  {
    "text": "Grant program helps small NC towns use ARPA funds to boost economy",
    "url": "https://carolinapublicpress.org/54910/grant-program-helps-small-nc-towns-use-arpa-funds-to-boost-economy/"
  },
  {
    "text": "Morganton ARPA-funded sewer project could lead to expanded housing",
    "url": "https://carolinapublicpress.org/54100/morganton-arpa-funded-sewer-project-could-lead-to-expanded-housing/"
  },
  {
    "text": "Modular home builder expansion to bring 182 jobs to southeastern NC",
    "url": "https://carolinapublicpress.org/54054/modular-home-builder-expansion-to-bring-182-jobs-to-southeastern-nc/"
  },
  {
    "text": "Education",
    "url": "/category/education/"
  },
  {
    "text": "\n\t\t\t\t\t\t\t\t\t\t\t\t\t\t\t\t\t",
    "url": "https://carolinapublicpress.org/55093/pilot-sexual-assault-nurse-training-program-would-get-boost-from-nc-budget/"
  },
  {
    "text": "Pilot sexual assault nurse training program would get boost from NC budget",
    "url": "https://carolinapublicpress.org/55093/pilot-sexual-assault-nurse-training-program-would-get-boost-from-nc-budget/"
  },
  {
    "text": "Kate Martin",
    "url": "https://carolinapublicpress.org/author/kate-martin/"
  },
  {
    "text": "Buncombe commits $3M in ARPA funds to preschool programs",
    "url": "https://carolinapublicpress.org/53856/buncombe-commits-3m-in-arpa-funds-to-preschool-programs/"
  },
  {
    "text": "Pilot program brings sexual assault nurse training to historically Black university",
    "url": "https://carolinapublicpress.org/53627/pilot-program-brings-sexual-assault-nurse-training-to-historically-black-university/"
  },
  {
    "text": "New library structure could be recipient of ARPA funds in Fletcher",
    "url": "https://carolinapublicpress.org/53218/new-library-structure-could-be-recipient-of-arpa-funds-in-fletcher/"
  },
  {
    "text": "Environment",
    "url": "https://carolinapublicpress.org/category/environment/"
  },
  {
    "text": "\n\t\t\t\t\t\t\t\t\t\t\t\t\t\t\t\t\t",
    "url": "https://carolinapublicpress.org/55018/hyde-wildfire-no-longer-moving-forward-its-burning-down/"
  },
  {
    "text": "Hyde wildfire no longer moving forward, it\u2019s burning down",
    "url": "https://carolinapublicpress.org/55018/hyde-wildfire-no-longer-moving-forward-its-burning-down/"
  },
  {
    "text": "Coastal Review Online",
    "url": "https://carolinapublicpress.org/author/coastal-review-online/"
  },
  {
    "text": "New EPA standards: PFAS too high in 1,700 more Cumberland wells",
    "url": "https://carolinapublicpress.org/54867/new-epa-standards-pfas-too-high-in-1700-more-cumberland-wells/"
  },
  {
    "text": "Objections to proposed plan for Western NC national forests delay process",
    "url": "https://carolinapublicpress.org/54825/objections-to-proposed-plan-for-western-nc-national-forests-delay-process/"
  },
  {
    "text": "How can we save NC forests?",
    "url": "https://carolinapublicpress.org/54670/panel-recording-fraught-forests/"
  },
  {
    "text": "Health",
    "url": "/category/healthcare/"
  },
  {
    "text": "\n\t\t\t\t\t\t\t\t\t\t\t\t\t\t\t\t\t",
    "url": "https://carolinapublicpress.org/54665/covid-19-medications-widely-available-in-nc-but-how-are-they-being-used/"
  },
  {
    "text": "COVID-19 medications widely available in NC, but how are they being used?",
    "url": "https://carolinapublicpress.org/54665/covid-19-medications-widely-available-in-nc-but-how-are-they-being-used/"
  },
  {
    "text": "Caroline Willingham",
    "url": "https://carolinapublicpress.org/author/caroline-willingham/"
  },
  {
    "text": "Cumberland leaders coalition backs plan to train and retain sexual assault nurses",
    "url": "https://carolinapublicpress.org/54692/cumberland-leaders-coalition-backs-plan-to-train-and-retain-sexual-assault-nurses/"
  },
  {
    "text": "City of Brevard sues HCA, alleges predatory tactics to monopolize health care market",
    "url": "https://carolinapublicpress.org/54579/city-of-brevard-sues-hca-alleges-predatory-tactics-to-monopolize-health-care-market/"
  },
  {
    "text": "Cumberland adds opioid settlement funds to budget",
    "url": "https://carolinapublicpress.org/53823/cumberland-adds-opioid-settlement-funds-to-budget/"
  },
  {
    "text": "Politics & Government",
    "url": "/category/politics/"
  },
  {
    "text": "\n\t\t\t\t\t\t\t\t\t\t\t\t\t\t\t\t\t",
    "url": "https://carolinapublicpress.org/55263/nc-counties-rethinking-original-arpa-spending-plans/"
  },
  {
    "text": "NC counties rethinking original ARPA spending plans",
    "url": "https://carolinapublicpress.org/55263/nc-counties-rethinking-original-arpa-spending-plans/"
  },
  {
    "text": "Shelby Harris",
    "url": "https://carolinapublicpress.org/author/shelby-harris/"
  },
  {
    "text": "DHHS findings suggest Bertie DSS director acted unlawfully",
    "url": "https://carolinapublicpress.org/55240/dhhs-findings-suggest-bertie-dss-director-acted-unlawfully/"
  },
  {
    "text": "Fort Liberty: Divided views on changing Fort Bragg\u2019s name",
    "url": "https://carolinapublicpress.org/55209/fort-liberty-divided-views-on-changing-fort-braggs-name/"
  },
  {
    "text": "Waiting for the feds: Some NC counties sat on ARPA funds for months due to unclear rules",
    "url": "https://carolinapublicpress.org/55179/waiting-for-the-feds-some-nc-counties-sat-on-arpa-funds-for-months-due-to-unclear-rules/"
  },
  {
    "text": "\n\t\t\t\t\t\t\t\t\t",
    "url": "https://carolinapublicpress.org/"
  },
  {
    "text": "Facebook",
    "url": "https://www.facebook.com/CarolinaPublicPress"
  },
  {
    "text": "Twitter",
    "url": "https://twitter.com/cpublicpress"
  },
  {
    "text": "Instagram",
    "url": "https://www.instagram.com/carolinapublicpress/"
  },
  {
    "text": "RSS",
    "url": "/feed"
  },
  {
    "text": "Republish Our Content",
    "url": "https://carolinapublicpress.org/share-our-content-2/"
  },
  {
    "text": "Careers, Freelancing & Internships",
    "url": "https://carolinapublicpress.org/career-opportunities/"
  },
  {
    "text": "Staff & Contributors",
    "url": "https://carolinapublicpress.org/staff-contributors/"
  },
  {
    "text": "Annual Report 2021",
    "url": "https://carolinapublicpress.org/annual-report-2021/"
  },
  {
    "text": "Editorial & Privacy Policies",
    "url": "https://carolinapublicpress.org/editorial-policy-terms-of-use/"
  },
  {
    "text": "Sign Up For Free",
    "url": "https://carolinapublicpress.org/sign-up-for-our-mailing-list/"
  },
  {
    "text": "Speakers Bureau",
    "url": "https://carolinapublicpress.org/speakers/"
  },
  {
    "text": "828-774-5290",
    "url": "tel:828-774-5290"
  },
  {
    "text": "info@carolinapublicpress.org",
    "url": "mailto:info@carolinapublicpress.org"
  },
  {
    "text": "Your support funds important public interest journalism",
    "url": "https://checkout.fundjournalism.org/memberform?org_id=carolinapublicpress&campaign=7013h000000MS12AAG"
  },
  {
    "text": "\n\t\t\t\t\tProudly powered by Newspack by Automattic\t\t\t\t",
    "url": "https://newspack.pub/"
  }
]