[
  {
    "text": "",
    "url": "https://dainik-b-alternate.app.link?db_metadata={\"link\":{\"uri\":\"bhaskar://newsfeed\"}}&feature=website&channel=&campaign=Epaper Banner"
  },
  {
    "text": "",
    "url": "/"
  },
  {
    "text": "\u0939\u094b\u092e",
    "url": "/"
  },
  {
    "text": "\u0935\u0940\u0921\u093f\u092f\u094b",
    "url": "/videos"
  },
  {
    "text": "\u0938\u0930\u094d\u091a",
    "url": "/search"
  },
  {
    "text": "\u0908-\u092a\u0947\u092a\u0930",
    "url": "https://epaper.bhaskar.com/"
  },
  {
    "text": "\u091f\u0949\u092a \u0928\u094d\u092f\u0942\u095b",
    "url": "/"
  },
  {
    "text": "\u0930\u093e\u091c\u094d\u092f-\u0936\u0939\u0930",
    "url": "/local/"
  },
  {
    "text": "DB \u0913\u0930\u093f\u091c\u093f\u0928\u0932",
    "url": "/db-original/"
  },
  {
    "text": "\u0915\u094d\u0930\u093f\u0915\u0947\u091f",
    "url": "/sports/cricket/"
  },
  {
    "text": "\u092c\u0949\u0932\u0940\u0935\u0941\u0921",
    "url": "/entertainment/"
  },
  {
    "text": "\u0926\u0947\u0936",
    "url": "/national/"
  },
  {
    "text": "\u0935\u093f\u0926\u0947\u0936",
    "url": "/international/"
  },
  {
    "text": "\u0938\u094d\u092a\u094b\u0930\u094d\u091f\u094d\u0938",
    "url": "/sports/"
  },
  {
    "text": "\u092c\u093f\u091c\u0928\u0947\u0938",
    "url": "/business/"
  },
  {
    "text": "\u0930\u093e\u0936\u093f\u092b\u0932",
    "url": "/rashifal/"
  },
  {
    "text": "\u0915\u0930\u093f\u0905\u0930",
    "url": "/career/"
  },
  {
    "text": "\u091f\u0947\u0915 & \u0911\u091f\u094b",
    "url": "/tech-auto/"
  },
  {
    "text": "\u0915\u094b\u0930\u094b\u0928\u093e",
    "url": "/coronavirus/"
  },
  {
    "text": "\u0930\u0942\u0938-\u092f\u0942\u0915\u094d\u0930\u0947\u0928 \u091c\u0902\u0917",
    "url": "/international/russia-ukraine-war/"
  },
  {
    "text": "\u091c\u0940\u0935\u0928 \u092e\u0902\u0924\u094d\u0930",
    "url": "/jeevan-mantra/"
  },
  {
    "text": "\u0935\u0941\u092e\u0928",
    "url": "/women/"
  },
  {
    "text": "\u092f\u0942\u091f\u093f\u0932\u093f\u091f\u0940",
    "url": "/utility/"
  },
  {
    "text": "\u0932\u093e\u0907\u092b & \u0938\u093e\u0907\u0902\u0938",
    "url": "/happylife/"
  },
  {
    "text": "\u092b\u0947\u0915 \u0928\u094d\u092f\u0942\u091c \u090f\u0915\u094d\u0938\u092a\u094b\u095b",
    "url": "/no-fake-news/"
  },
  {
    "text": "\u0913\u092a\u093f\u0928\u093f\u092f\u0928",
    "url": "/opinion/"
  },
  {
    "text": "\u092e\u0927\u0941\u0930\u093f\u092e\u093e",
    "url": "/madhurima/"
  },
  {
    "text": "\u092e\u0948\u0917\u091c\u0940\u0928",
    "url": "/magazine/"
  },
  {
    "text": "MP \u0928\u093f\u0915\u093e\u092f \u091a\u0941\u0928\u093e\u0935",
    "url": "/mp-panchayat-election/"
  },
  {
    "text": "\u091f\u0949\u092a \u0928\u094d\u092f\u0942\u095b",
    "url": "/"
  },
  {
    "text": "\u0930\u093e\u091c\u094d\u092f-\u0936\u0939\u0930",
    "url": "/local/"
  },
  {
    "text": "DB \u0913\u0930\u093f\u091c\u093f\u0928\u0932",
    "url": "/db-original/"
  },
  {
    "text": "\u0915\u094d\u0930\u093f\u0915\u0947\u091f",
    "url": "/sports/cricket/"
  },
  {
    "text": "\u092c\u0949\u0932\u0940\u0935\u0941\u0921",
    "url": "/entertainment/"
  },
  {
    "text": "\u0926\u0947\u0936",
    "url": "/national/"
  },
  {
    "text": "\u0935\u093f\u0926\u0947\u0936",
    "url": "/international/"
  },
  {
    "text": "\u0938\u094d\u092a\u094b\u0930\u094d\u091f\u094d\u0938",
    "url": "/sports/"
  },
  {
    "text": "\u092c\u093f\u091c\u0928\u0947\u0938",
    "url": "/business/"
  },
  {
    "text": "\u0930\u093e\u0936\u093f\u092b\u0932",
    "url": "/rashifal/"
  },
  {
    "text": "\u0915\u0930\u093f\u0905\u0930",
    "url": "/career/"
  },
  {
    "text": "\u091f\u0947\u0915 & \u0911\u091f\u094b",
    "url": "/tech-auto/"
  },
  {
    "text": "\u0915\u094b\u0930\u094b\u0928\u093e",
    "url": "/coronavirus/"
  },
  {
    "text": "\u0930\u0942\u0938-\u092f\u0942\u0915\u094d\u0930\u0947\u0928 \u091c\u0902\u0917",
    "url": "/international/russia-ukraine-war/"
  },
  {
    "text": "\u091c\u0940\u0935\u0928 \u092e\u0902\u0924\u094d\u0930",
    "url": "/jeevan-mantra/"
  },
  {
    "text": "\u0935\u0941\u092e\u0928",
    "url": "/women/"
  },
  {
    "text": "\u092f\u0942\u091f\u093f\u0932\u093f\u091f\u0940",
    "url": "/utility/"
  },
  {
    "text": "\u0932\u093e\u0907\u092b & \u0938\u093e\u0907\u0902\u0938",
    "url": "/happylife/"
  },
  {
    "text": "\u092b\u0947\u0915 \u0928\u094d\u092f\u0942\u091c \u090f\u0915\u094d\u0938\u092a\u094b\u095b",
    "url": "/no-fake-news/"
  },
  {
    "text": "\u0913\u092a\u093f\u0928\u093f\u092f\u0928",
    "url": "/opinion/"
  },
  {
    "text": "\u092e\u0927\u0941\u0930\u093f\u092e\u093e",
    "url": "/madhurima/"
  },
  {
    "text": "\u092e\u0948\u0917\u091c\u0940\u0928",
    "url": "/magazine/"
  },
  {
    "text": "MP \u0928\u093f\u0915\u093e\u092f \u091a\u0941\u0928\u093e\u0935",
    "url": "/mp-panchayat-election/"
  },
  {
    "text": "",
    "url": "https://play.google.com/store/apps/details?id=com.ak.ta.dainikbhaskar.activity&hl=en"
  },
  {
    "text": "",
    "url": "https://apps.apple.com/in/app/dainik-bhaskar-for-iphone/id782321678"
  },
  {
    "text": "",
    "url": "https://www.facebook.com/dainikbhaskar"
  },
  {
    "text": "",
    "url": "https://twitter.com/dainikbhaskar?lang=en"
  },
  {
    "text": "",
    "url": "https://www.instagram.com/dainikbhaskar_/?hl=en"
  },
  {
    "text": "",
    "url": "https://www.youtube.com/channel/UCVZ57OkKPAuRJ_wA_Rt4XFg"
  },
  {
    "text": "\u092d\u093e\u0938\u094d\u0915\u0930 \u090f\u0915\u094d\u0938\u0915\u094d\u0932\u0942\u0938\u093f\u0935\u092b\u093e\u091c\u093f\u0932 \u0915\u0940 \u0939\u0924\u094d\u092f\u093e \u092a\u0930 \u0926\u094b \u092c\u093e\u0924\u0947\u0902 \u0905\u092b\u0947\u092f\u0930 \u0915\u0947 \u0926\u093e\u0935\u0947 \u092a\u0930 \u092a\u0930\u093f\u0935\u093e\u0930 \u092c\u094b\u0932\u093e- \u092c\u0924\u093e\u0913 \u0932\u095c\u0915\u0940 \u0915\u094c\u0928; \u0938\u093e\u0927\u0941 \u0915\u0940 \u0927\u092e\u0915\u0940- \u092f\u0939 \u092a\u0939\u0932\u093e \u0936\u093f\u0915\u093e\u0930, 9 \u092c\u093e\u0915\u0940",
    "url": "/db-original/news/karnataka-mangaluru-murder-controversy-mohammed-fazil-father-on-basavaraj-bommai-130124032.html"
  },
  {
    "text": "DB \u0913\u0930\u093f\u091c\u093f\u0928\u0932",
    "url": "/db-original/"
  },
  {
    "text": "\u092d\u093e\u0938\u094d\u0915\u0930 \u090f\u0915\u094d\u0938\u0915\u094d\u0932\u0942\u0938\u093f\u0935\u092b\u093e\u091c\u093f\u0932 \u0915\u0940 \u0939\u0924\u094d\u092f\u093e \u092a\u0930 \u0926\u094b \u092c\u093e\u0924\u0947\u0902: \u0905\u092b\u0947\u092f\u0930 \u0915\u0947 \u0926\u093e\u0935\u0947 \u092a\u0930 \u092a\u0930\u093f\u0935\u093e\u0930 \u092c\u094b\u0932\u093e- \u092c\u0924\u093e\u0913 \u0932\u095c\u0915\u0940 \u0915\u094c\u0928; \u0938\u093e\u0927\u0941 \u0915\u0940 \u0927\u092e\u0915\u0940- \u092f\u0939 \u092a\u0939\u0932\u093e \u0936\u093f\u0915\u093e\u0930, 9 \u092c\u093e\u0915\u0940",
    "url": "/db-original/news/karnataka-mangaluru-murder-controversy-mohammed-fazil-father-on-basavaraj-bommai-130124032.html"
  },
  {
    "text": "DB \u0913\u0930\u093f\u091c\u093f\u0928\u0932",
    "url": "/db-original/"
  },
  {
    "text": "LIVE\u0915\u0949\u092e\u0928\u0935\u0947\u0932\u094d\u0925 \u0917\u0947\u092e\u094d\u0938 \u0915\u093e \u0926\u0942\u0938\u0930\u093e \u0926\u093f\u0928: \u092d\u093e\u0930\u0924 \u0915\u094b \u092a\u0939\u0932\u093e \u092e\u0947\u0921\u0932 \u092e\u093f\u0932\u093e, \u0935\u0947\u091f\u0932\u093f\u092b\u094d\u091f\u0930 \u0938\u0902\u0915\u0947\u0924 \u0928\u0947 248 KG \u0909\u0920\u093e\u0915\u0930 \u0926\u093f\u0932\u093e\u092f\u093e \u0938\u093f\u0932\u094d\u0935\u0930",
    "url": "/sports/news/commonwealth-games-2022-updates-mirabai-chanu-amit-panghal-boxing-weightlifting-boxing-table-tennis-womens-hockey-130123388.html"
  },
  {
    "text": "\u0938\u094d\u092a\u094b\u0930\u094d\u091f\u094d\u0938",
    "url": "/sports/"
  },
  {
    "text": "LIVE\u0915\u0949\u092e\u0928\u0935\u0947\u0932\u094d\u0925 \u0917\u0947\u092e\u094d\u0938 \u0915\u093e \u0926\u0942\u0938\u0930\u093e \u0926\u093f\u0928: \u092d\u093e\u0930\u0924 \u0915\u094b \u092a\u0939\u0932\u093e \u092e\u0947\u0921\u0932 \u092e\u093f\u0932\u093e, \u0935\u0947\u091f\u0932\u093f\u092b\u094d\u091f\u0930 \u0938\u0902\u0915\u0947\u0924 \u0928\u0947 248 KG \u0909\u0920\u093e\u0915\u0930 \u0926\u093f\u0932\u093e\u092f\u093e \u0938\u093f\u0932\u094d\u0935\u0930",
    "url": "/sports/news/commonwealth-games-2022-updates-mirabai-chanu-amit-panghal-boxing-weightlifting-boxing-table-tennis-womens-hockey-130123388.html"
  },
  {
    "text": "\u0938\u094d\u092a\u094b\u0930\u094d\u091f\u094d\u0938",
    "url": "/sports/"
  },
  {
    "text": "\u092e\u0939\u093e\u0930\u093e\u0937\u094d\u091f\u094d\u0930 \u0915\u0947 \u0930\u093e\u091c\u094d\u092f\u092a\u093e\u0932 \u0915\u0947 \u092c\u092f\u093e\u0928 \u092a\u0930 \u0935\u093f\u0935\u093e\u0926: \u092c\u094b\u0932\u0947- \u092e\u0941\u0902\u092c\u0908 \u0938\u0947 \u0930\u093e\u091c\u0938\u094d\u0925\u093e\u0928\u093f\u092f\u094b\u0902-\u0917\u0941\u091c\u0930\u093e\u0924\u093f\u092f\u094b\u0902 \u0915\u094b \u0928\u093f\u0915\u093e\u0932 \u0926\u094b \u0924\u094b \u092f\u0939\u093e\u0902 \u092a\u0948\u0938\u093e \u0928\u0939\u0940\u0902 \u092c\u091a\u0947\u0917\u093e; \u0935\u093f\u092a\u0915\u094d\u0937 \u0928\u0947 \u0915\u0939\u093e- \u092f\u0939 \u092e\u0930\u093e\u0920\u093f\u092f\u094b\u0902 \u0915\u093e \u0905\u092a\u092e\u093e\u0928",
    "url": "/national/news/giving-credit-of-mumbai-being-the-financial-capital-to-gujaratis-and-rajasthanis-opposition-said-apologize-130123879.html"
  },
  {
    "text": "\u0926\u0947\u0936",
    "url": "/national/"
  },
  {
    "text": "\u092e\u0939\u093e\u0930\u093e\u0937\u094d\u091f\u094d\u0930 \u0915\u0947 \u0930\u093e\u091c\u094d\u092f\u092a\u093e\u0932 \u0915\u0947 \u092c\u092f\u093e\u0928 \u092a\u0930 \u0935\u093f\u0935\u093e\u0926: \u092c\u094b\u0932\u0947- \u092e\u0941\u0902\u092c\u0908 \u0938\u0947 \u0930\u093e\u091c\u0938\u094d\u0925\u093e\u0928\u093f\u092f\u094b\u0902-\u0917\u0941\u091c\u0930\u093e\u0924\u093f\u092f\u094b\u0902 \u0915\u094b \u0928\u093f\u0915\u093e\u0932 \u0926\u094b \u0924\u094b \u092f\u0939\u093e\u0902 \u092a\u0948\u0938\u093e \u0928\u0939\u0940\u0902 \u092c\u091a\u0947\u0917\u093e; \u0935\u093f\u092a\u0915\u094d\u0937 \u0928\u0947 \u0915\u0939\u093e- \u092f\u0939 \u092e\u0930\u093e\u0920\u093f\u092f\u094b\u0902 \u0915\u093e \u0905\u092a\u092e\u093e\u0928",
    "url": "/national/news/giving-credit-of-mumbai-being-the-financial-capital-to-gujaratis-and-rajasthanis-opposition-said-apologize-130123879.html"
  },
  {
    "text": "\u0926\u0947\u0936",
    "url": "/national/"
  },
  {
    "text": "\u092d\u093e\u0938\u094d\u0915\u0930 \u090f\u0915\u094d\u0938\u0915\u094d\u0932\u0942\u0938\u093f\u0935\u0915\u0930\u094b\u095c\u092a\u0924\u093f \u0905\u0930\u094d\u092a\u093f\u0924\u093e \u0915\u0940 \u092e\u093e\u0902 \u091f\u0942\u091f\u0947 \u0918\u0930 \u092e\u0947\u0902 \u0930\u0939\u0924\u0940 \u0939\u0948\u0902: \u0916\u093f\u0921\u093c\u0915\u0940 \u0938\u0947 \u091a\u093e\u092c\u0940 \u0926\u0947\u0915\u0930 \u0916\u0941\u0932\u0935\u093e\u092f\u093e \u0918\u0930 \u0915\u093e \u0924\u093e\u0932\u093e, \u0928\u0939\u0940\u0902 \u091c\u093e\u0928\u0924\u0940 \u0925\u0940\u0902 \u0905\u0930\u094d\u092a\u093f\u0924\u093e \u0915\u0947 \u092a\u093e\u0938 \u0907\u0924\u0928\u093e \u092a\u0948\u0938\u093e \u0939\u0948",
    "url": "/db-original/news/arpita-mukherjee-ground-report-form-her-hometown-west-bengal-minister-partha-130121317.html"
  },
  {
    "text": "DB \u0913\u0930\u093f\u091c\u093f\u0928\u0932",
    "url": "/db-original/"
  },
  {
    "text": "VIDEO: \u092c\u093e\u0909\u0902\u0921\u094d\u0930\u0940 \u092a\u0930 \u0905\u092f\u094d\u092f\u0930 \u0928\u0947 \u091b\u0932\u093e\u0902\u0917 \u0932\u0917\u093e\u0915\u0930 \u0930\u094b\u0915\u093e \u091b\u0915\u094d\u0915\u093e: \u092a\u0942\u0930\u0928 \u0928\u0947 \u0921\u0940\u092a \u092e\u093f\u0921\u0935\u093f\u0915\u0947\u091f \u092a\u0930 \u0936\u0949\u091f \u0932\u0917\u093e\u092f\u093e \u0925\u093e; \u092a\u0902\u0924 \u092c\u094b\u0932\u0947- \u0926\u0947\u0916\u0915\u0930 \u0910\u0938\u093e \u0932\u0917\u0924\u093e \u0939\u0948 \u092c\u0902\u0926\u0930 \u0939\u094b",
    "url": "/sports/cricket/news/india-vs-west-indies-shreyas-iyer-brilliant-catch-130123808.html"
  },
  {
    "text": "\u0915\u094d\u0930\u093f\u0915\u0947\u091f",
    "url": "/sports/cricket/"
  },
  {
    "text": "\u091a\u0940\u0928 \u0938\u0947 \u091c\u094d\u092f\u093e\u0926\u093e \u092d\u093e\u0930\u0924 \u0915\u0940 \u0928\u093f\u0917\u0930\u093e\u0928\u0940 \u0915\u0930\u0924\u093e \u0939\u0948 USA: \u0906\u092a\u0915\u0940 \u0939\u0930 \u091a\u0948\u091f, \u0930\u0940\u0932 \u0914\u0930 \u092a\u094b\u0938\u094d\u091f \u092a\u0930 \u0926\u0947\u0936 \u0939\u0940 \u0928\u0939\u0940\u0902 \u0935\u093f\u0926\u0947\u0936 \u092e\u0947\u0902 \u092d\u0940 \u0928\u091c\u0930",
    "url": "/db-original/news/your-every-chat-reel-and-post-is-not-only-in-the-country-but-abroad-130123372.html"
  },
  {
    "text": "DB \u0913\u0930\u093f\u091c\u093f\u0928\u0932",
    "url": "/db-original/"
  },
  {
    "text": "\u0917\u093e\u092f\u092c \u0939\u094b\u0928\u0947 \u0935\u093e\u0932\u0940 \u0939\u0948 Sprite \u0915\u0940 \u0939\u0930\u0947 \u0930\u0902\u0917 \u0915\u0940 \u092c\u094b\u0924\u0932: 61 \u0938\u093e\u0932 \u092c\u093e\u0926 \u092c\u0926\u0932\u0947\u0917\u093e \u0930\u0902\u0917, \u0905\u092c \u0938\u092b\u0947\u0926 \u0926\u093f\u0916\u0947\u0917\u0940; \u0939\u0930\u0947 \u0930\u0902\u0917 \u0938\u0947 \u0925\u093e \u0927\u0930\u0924\u0940 \u0915\u094b \u092c\u0921\u093c\u093e \u0928\u0941\u0915\u0938\u093e\u0928",
    "url": "/db-original/explainer/news/coca-cola-company-sprite-green-clear-plastic-bottle-130121811.html"
  },
  {
    "text": "\u090f\u0915\u094d\u0938\u092a\u094d\u0932\u0947\u0928\u0930",
    "url": "/db-original/explainer/"
  },
  {
    "text": "\u0938\u093f\u0924\u093e\u0930\u093e \u0926\u0947\u0935\u0940 \u0915\u094b \u092a\u0948\u0926\u093e \u0939\u094b\u0924\u0947 \u0939\u0940 \u092a\u0947\u0930\u0947\u0902\u091f\u094d\u0938 \u0928\u0947 \u091b\u094b\u0921\u093c\u093e \u092e\u0941\u0902\u0939 \u091f\u0947\u095d\u093e \u0925\u093e \u0924\u094b \u0928\u094c\u0915\u0930\u093e\u0928\u0940 \u0928\u0947 \u092a\u093e\u0932\u093e, 8 \u0938\u093e\u0932 \u092e\u0947\u0902 \u092a\u0922\u093c\u093e\u0908 \u0915\u0947 \u0932\u093f\u090f \u0924\u094b\u0921\u093c \u0926\u0940 \u0925\u0940 \u0936\u093e\u0926\u0940",
    "url": "/entertainment/news/when-the-face-was-crooked-the-maid-brought-up-broke-the-marriage-for-studies-in-8-years-130123379.html"
  },
  {
    "text": "\u092c\u0949\u0932\u0940\u0935\u0941\u0921",
    "url": "/entertainment/"
  },
  {
    "text": "1 \u0938\u0941\u0908, 1 \u0938\u093f\u0930\u093f\u0902\u091c, 40 \u092c\u093e\u0930: \u090f\u0915 \u0939\u0940 \u0938\u093f\u0930\u093f\u0902\u091c \u0938\u0947 40 \u092c\u091a\u094d\u091a\u094b\u0902 \u0915\u094b \u0932\u0917\u093e \u0926\u0940 \u0935\u0948\u0915\u094d\u0938\u0940\u0928, \u0905\u092c \u0907\u0928\u092e\u0947\u0902 \u0939\u0947\u092a\u0947\u091f\u093e\u0907\u091f\u093f\u0938 \u0915\u093e \u0916\u0924\u0930\u093e; 3 \u092e\u0939\u0940\u0928\u0947 \u0930\u0939\u0947\u0902\u0917\u0947 \u0928\u093f\u0917\u0930\u093e\u0928\u0940 \u092e\u0947\u0902",
    "url": "/utility/zaroorat-ki-khabar/news/vaccine-given-to-40-children-with-a-single-syringe-now-they-are-at-risk-of-hepatitis-will-be-under-observation-for-3-months-130123354.html"
  },
  {
    "text": "\u091c\u0930\u0941\u0930\u0924 \u0915\u0940 \u0916\u092c\u0930",
    "url": "/utility/zaroorat-ki-khabar/"
  },
  {
    "text": "\u092d\u093e\u0938\u094d\u0915\u0930 \u0913\u092a\u093f\u0928\u093f\u092f\u0928\u0915\u0930\u094d\u0928\u093e\u091f\u0915 \u092e\u0947\u0902 \u0915\u094b\u0939\u0930\u093e\u092e: \u0932\u0917\u093e\u0924\u093e\u0930 \u0939\u0924\u094d\u092f\u093e\u0913\u0902 \u0915\u094b \u0926\u0947\u0916 \u0938\u0930\u0915\u093e\u0930 \u092f\u094b\u0917\u0940 \u092e\u0949\u0921\u0932 \u0905\u092a\u0928\u093e\u0928\u0947 \u0915\u0940 \u0924\u0948\u092f\u093e\u0930\u0940 \u092e\u0947\u0902",
    "url": "/national/news/praveen-nettaru-mohammed-fazil-murder-case-karnataka-cm-adopt-yogi-buldozer-model-130121382.html"
  },
  {
    "text": "\u0926\u0947\u0936",
    "url": "/national/"
  },
  {
    "text": "\u0905\u0930\u094d\u092a\u093f\u0924\u093e \u0938\u0947 \u091c\u0941\u0921\u093c\u0940 8 \u0915\u0902\u092a\u0928\u093f\u092f\u094b\u0902 \u0915\u0947 \u092c\u0948\u0902\u0915 \u0916\u093e\u0924\u0947 \u092b\u094d\u0930\u0940\u091c: ED \u0939\u093f\u0930\u093e\u0938\u0924 \u092e\u0947\u0902 \u092a\u093e\u0930\u094d\u0925 \u091a\u091f\u0930\u094d\u091c\u0940 \u0915\u093e \u0916\u0941\u0932\u093e\u0938\u093e, \u092c\u094b\u0932\u0947- \u0928\u0947\u0924\u093e\u0913\u0902 \u0915\u0947 \u0915\u0939\u0928\u0947 \u092a\u0930 \u0928\u094c\u0915\u0930\u093f\u092f\u093e\u0902 \u0926\u0940\u0902",
    "url": "/national/news/partha-chatterjee-latest-update-arpita-mukherjee-flats-cash-recover-penthouse-130123834.html"
  },
  {
    "text": "\u0926\u0947\u0936",
    "url": "/national/"
  },
  {
    "text": "\u0938\u093f\u0930\u094d\u092b \u090f\u0915 \u092e\u093f\u0928\u091f \u092e\u0947\u0902: \u092a\u0947\u092e\u0947\u0902\u091f \u0911\u092a\u094d\u0936\u0928 \u092a\u0930 \u092a\u0939\u0941\u0902\u091a\u0928\u0947 \u0924\u0915 \u0935\u0947\u091f\u093f\u0902\u0917 \u092e\u0947\u0902 \u091a\u0932\u093e \u091c\u093e\u0924\u093e \u0939\u0948 \u091f\u093f\u0915\u091f, \u091c\u093e\u0928\u093f\u090f \u0915\u0902\u092b\u0930\u094d\u092e \u0924\u0924\u094d\u0915\u093e\u0932 \u091f\u093f\u0915\u091f \u092c\u0941\u0915 \u0915\u0930\u0928\u0947 \u0915\u093e \u0906\u0938\u093e\u0928 \u0924\u0930\u0940\u0915\u093e",
    "url": "/db-original/news/irctc-train-ticket-tatkal-booking-and-reservation-130123367.html"
  },
  {
    "text": "DB \u0913\u0930\u093f\u091c\u093f\u0928\u0932",
    "url": "/db-original/"
  },
  {
    "text": "\u0938\u090a\u0926\u0940 \u0938\u093f\u0938\u094d\u091f\u0930\u094d\u0938 \u0915\u0940 \u092e\u0930\u094d\u0921\u0930 \u092e\u093f\u0938\u094d\u091f\u094d\u0930\u0940 \u092e\u0947\u0902 \u0909\u0932\u091d\u0940 \u0911\u0938\u094d\u091f\u094d\u0930\u0947\u0932\u093f\u092f\u093e\u0908 \u092a\u0941\u0932\u093f\u0938: \u0926\u094b \u092e\u0939\u0940\u0928\u0947 \u092c\u093e\u0926 \u092d\u0940 \u0915\u0924\u094d\u0932 \u0915\u093e \u0915\u094b\u0908 \u0938\u0941\u0930\u093e\u0917 \u0928\u0939\u0940\u0902, \u0905\u092c FBI \u0915\u0930\u0947\u0917\u0940 \u092e\u0926\u0926",
    "url": "/international/news/saudi-sisters-murder-mystery-us-agency-fbi-australian-police-130123198.html"
  },
  {
    "text": "\u0935\u093f\u0926\u0947\u0936",
    "url": "/international/"
  },
  {
    "text": "LIVE\u092d\u093e\u0938\u094d\u0915\u0930 \u0905\u092a\u0921\u0947\u091f\u094d\u0938: ED \u0928\u0947 HAL \u0915\u0947 \u092b\u0902\u0921 \u0915\u0940 \u0939\u0947\u0930\u093e\u092b\u0947\u0930\u0940 \u0915\u0947 \u092e\u093e\u092e\u0932\u0947 \u092e\u0947\u0902 2.39 \u0915\u0930\u094b\u095c \u0930\u0941\u092a\u090f \u0915\u0940 \u0938\u0902\u092a\u0924\u094d\u0924\u093f \u091c\u092c\u094d\u0924 \u0915\u0940",
    "url": "/national/news/breaking-news-headlines-today-update-suspected-monkeypox-case-in-hp-130121631.html"
  },
  {
    "text": "\u0926\u0947\u0936",
    "url": "/national/"
  },
  {
    "text": "\u091f\u0940\u092e \u0907\u0902\u0921\u093f\u092f\u093e \u0915\u0940 \u0927\u092e\u093e\u0915\u0947\u0926\u093e\u0930 \u091c\u0940\u0924: \u092a\u0939\u0932\u0947 \u091f\u0940-20 \u092e\u0947\u0902 \u0935\u0947\u0938\u094d\u091f\u0907\u0902\u0921\u0940\u091c \u0915\u094b 68 \u0930\u0928 \u0938\u0947 \u0939\u0930\u093e\u092f\u093e, 19 \u0917\u0947\u0902\u0926 \u092e\u0947\u0902 41 \u0930\u0928 \u092c\u0928\u093e\u0928\u0947 \u0935\u093e\u0932\u0947 \u0915\u093e\u0930\u094d\u0924\u093f\u0915 \u092c\u0928\u0947 \u092e\u0948\u0928 \u0911\u092b \u0926 \u092e\u0948\u091a",
    "url": "/sports/cricket/news/india-vs-westindies-t20-live-score-rohit-sharma-hardik-pandya-suryakumar-yadav-dinesh-karthik-130119168.html"
  },
  {
    "text": "\u0915\u094d\u0930\u093f\u0915\u0947\u091f",
    "url": "/sports/cricket/"
  },
  {
    "text": "\u0938\u092d\u0940 \u0916\u092c\u0930\u0947\u0902",
    "url": "/international/"
  },
  {
    "text": "\u092f\u0942\u0930\u094b\u092a \u092e\u0947\u0902 \u092e\u0902\u0915\u0940\u092a\u0949\u0915\u094d\u0938 \u0938\u0947 \u092a\u0939\u0932\u0940 \u092e\u094c\u0924: \u092e\u0930\u0928\u0947 \u0935\u093e\u0932\u093e \u092e\u0930\u0940\u091c \u0938\u094d\u092a\u0947\u0928 \u0915\u093e \u0930\u0939\u0928\u0947 \u0935\u093e\u0932\u093e \u0925\u093e, \u0905\u092c \u0924\u0915 \u0926\u0941\u0928\u093f\u092f\u093e \u092e\u0947\u0902 \u0915\u0941\u0932 7 \u0932\u094b\u0917\u094b\u0902 \u0915\u0940 \u091c\u093e\u0928 \u0917\u0908",
    "url": "/international/news/spain-reports-first-monkeypox-related-death-in-europe-monkeypox-guidelines-130124304.html"
  },
  {
    "text": "\u0935\u093f\u0926\u0947\u0936",
    "url": "/international/"
  },
  {
    "text": "\u0905\u092e\u0947\u0930\u093f\u0915\u093e \u0915\u0947 \u0915\u0947\u0902\u091f\u0915\u0940 \u092e\u0947\u0902 \u092c\u093e\u0922\u093c, 25 \u0932\u094b\u0917\u094b\u0902 \u0915\u0940 \u092e\u094c\u0924: \u092e\u0930\u0928\u0947 \u0935\u093e\u0932\u094b\u0902 \u092e\u0947\u0902 \u090f\u0915 \u0939\u0940 \u092a\u0930\u093f\u0935\u093e\u0930 \u0915\u0947 4 \u092c\u091a\u094d\u091a\u0947 \u092d\u0940 \u0936\u093e\u092e\u093f\u0932, 50 \u0939\u0947\u0932\u093f\u0915\u0949\u092a\u094d\u091f\u0930 \u0930\u0947\u0938\u094d\u0915\u094d\u092f\u0942 \u092e\u0947\u0902 \u091c\u0941\u091f\u0947",
    "url": "/international/news/deadly-flooding-in-kentucky-25-dead-four-children-of-the-same-family-were-also-among-the-dead-50-helicopters-involved-in-the-rescue-130124015.html"
  },
  {
    "text": "\u0935\u093f\u0926\u0947\u0936",
    "url": "/international/"
  },
  {
    "text": "\u0907\u091c\u0930\u093e\u0907\u0932 \u092e\u0947\u0902 1 \u0928\u0935\u0902\u092c\u0930 \u0915\u094b \u091a\u0941\u0928\u093e\u0935: \u092d\u094d\u0930\u0937\u094d\u091f\u093e\u091a\u093e\u0930 \u0915\u0947 \u0906\u0930\u094b\u092a\u094b\u0902 \u0915\u0947 \u092c\u093e\u0926 \u092d\u0940 \u0928\u0947\u0924\u0928\u094d\u092f\u093e\u0939\u0942 \u0938\u092c\u0915\u0940 \u092a\u0938\u0902\u0926, \u0938\u0926\u0928 \u092e\u0947\u0902 \u0938\u092c\u0938\u0947 \u091c\u094d\u092f\u093e\u0926\u093e 57 \u0938\u0940\u091f \u092e\u093f\u0932 \u0938\u0915\u0924\u0940 \u0939\u0948\u0902",
    "url": "/international/news/israel-elections-despite-allegations-of-corruption-netanyahu-is-everyones-choice-can-get-57-seats-in-the-house-130123730.html"
  },
  {
    "text": "\u0935\u093f\u0926\u0947\u0936",
    "url": "/international/"
  },
  {
    "text": "\u0938\u092d\u0940 \u0916\u092c\u0930\u0947\u0902",
    "url": "/entertainment/"
  },
  {
    "text": "\u092e\u0928\u0940\u0937 \u092e\u0932\u094d\u0939\u094b\u0924\u094d\u0930\u093e \u0915\u0947 \u0932\u093f\u090f \u0930\u0948\u0902\u092a \u092a\u0930 \u0909\u0924\u0930\u0947 \u0930\u0923\u0935\u0940\u0930-\u0926\u0940\u092a\u093f\u0915\u093e \u090f\u0915-\u0926\u0942\u0938\u0930\u0947 \u0915\u093e \u0939\u093e\u0925 \u092a\u0915\u0921\u093c\u0947 \u0915\u093f\u092f\u093e \u0930\u0948\u0902\u092a \u0935\u0949\u0915, \u0938\u094d\u091f\u0947\u091c \u092a\u0930 \u0915\u093f\u092f\u093e \u092a\u0924\u094d\u0928\u0940 \u0915\u094b \u0915\u093f\u0938",
    "url": "/entertainment/bollywood/news/ranveer-deepika-walked-the-ramp-for-manish-malhotra-walked-the-ramp-holding-each-others-hands-kissed-wife-on-stage-130124123.html"
  },
  {
    "text": "\u092c\u0949\u0932\u0940\u0935\u0941\u0921",
    "url": "/entertainment/bollywood/"
  },
  {
    "text": "\u0938\u094b\u0928\u092e \u0915\u092a\u0942\u0930 \u0928\u0947 \u0906\u0928\u0902\u0926 \u0906\u0939\u0942\u091c\u093e \u0915\u094b \u0935\u093f\u0936 \u0915\u093f\u092f\u093e \u092c\u0930\u094d\u0925\u0921\u0947: \u0939\u093e\u0930\u094d\u091f\u092b\u0947\u0932\u094d\u091f \u0928\u094b\u091f \u0936\u0947\u092f\u0930 \u0915\u0930 \u0932\u093f\u0916\u093e- \u0906\u092a \u0926\u0941\u0928\u093f\u092f\u093e \u0915\u0947 \u092c\u0947\u0938\u094d\u091f \u0921\u0948\u0921 \u092c\u0928\u0947\u0902\u0917\u0947",
    "url": "/entertainment/bollywood/news/sonam-kapoor-wishes-anand-ahuja-birthday-sharing-heartfelt-note-you-will-be-the-best-dad-in-the-world-130123995.html"
  },
  {
    "text": "\u092c\u0949\u0932\u0940\u0935\u0941\u0921",
    "url": "/entertainment/bollywood/"
  },
  {
    "text": "\u0935\u093f\u0932 \u0938\u094d\u092e\u093f\u0925 \u0915\u093e \u090f\u0915 \u0914\u0930 \u092e\u093e\u092b\u0940\u0928\u093e\u092e\u093e: \u0935\u0940\u0921\u093f\u092f\u094b \u0936\u0947\u092f\u0930 \u0915\u0930 \u0915\u094d\u0930\u093f\u0938 \u0930\u0949\u0915 \u0938\u0947 \u092e\u093e\u0902\u0917\u0940 \u092e\u093e\u092b\u0940, \u092c\u094b\u0932\u0947- \u0935\u0947 \u0905\u092d\u0940 \u092e\u0941\u091d\u0938\u0947 \u092c\u093e\u0924 \u0915\u0930\u0928\u0947 \u0915\u0947 \u0932\u093f\u090f \u0924\u0948\u092f\u093e\u0930 \u0928\u0939\u0940\u0902",
    "url": "/entertainment/news/will-smith-chris-rock-oscars-slap-incident-130123930.html"
  },
  {
    "text": "\u092c\u0949\u0932\u0940\u0935\u0941\u0921",
    "url": "/entertainment/"
  },
  {
    "text": "\u092e\u0941\u0902\u092c\u0908 \u0915\u0947 \u0905\u0902\u0927\u0947\u0930\u0940 \u0935\u0947\u0938\u094d\u091f \u092e\u0947\u0902 \u0932\u0917\u0940 \u0906\u0917: \u0930\u0923\u092c\u0940\u0930 \u0915\u092a\u0942\u0930 \u0914\u0930 \u0936\u094d\u0930\u0926\u094d\u0927\u093e \u0915\u092a\u0942\u0930 \u0915\u0940 \u092b\u093f\u0932\u094d\u092e \u0915\u0947 \u0938\u0947\u091f \u092a\u0930 \u0932\u0917\u0940 \u0906\u0917 \u092e\u0947\u0902 \u090f\u0915 \u0935\u094d\u092f\u0915\u094d\u0924\u093f \u0915\u0940 \u092e\u094c\u0924",
    "url": "/entertainment/bollywood/news/one-person-dies-in-a-fire-that-broke-out-on-the-sets-of-ranbir-kapoor-and-shraddha-kapoors-film-130123853.html"
  },
  {
    "text": "\u092c\u0949\u0932\u0940\u0935\u0941\u0921",
    "url": "/entertainment/bollywood/"
  },
  {
    "text": "\u0930\u0938\u093f\u0915 \u0926\u0935\u0947 \u0915\u093e \u0915\u093f\u0921\u0928\u0940 \u092b\u0947\u0932\u093f\u092f\u0930 \u0938\u0947 \u0939\u0941\u0906 \u0928\u093f\u0927\u0928: \u0926\u094b \u0938\u093e\u0932 \u0938\u0947 \u0921\u093e\u092f\u0932\u093f\u0938\u093f\u0938 \u092a\u0930 \u0925\u0947 \u090f\u0915\u094d\u091f\u0930, \u092e\u0939\u093e\u092d\u093e\u0930\u0924 \u092e\u0947\u0902 \u0915\u093f\u092f\u093e \u0928\u0902\u0926 \u0915\u093e \u0930\u094b\u0932 \u092a\u094d\u0932\u0947",
    "url": "/entertainment/bollywood/news/rasik-dev-died-of-kidney-failure-actor-was-on-dialysis-for-two-years-played-the-role-of-nand-in-mahabharata-130123744.html"
  },
  {
    "text": "\u092c\u0949\u0932\u0940\u0935\u0941\u0921",
    "url": "/entertainment/"
  },
  {
    "text": "\u0938\u092d\u0940 \u0916\u092c\u0930\u0947\u0902",
    "url": "/national/"
  },
  {
    "text": "\u092a\u0939\u0932\u0940 \u092c\u093e\u0930 \u090f\u0915 \u092e\u0902\u091a \u092a\u0930 \u092e\u094b\u0926\u0940-CJI \u0930\u092e\u0928\u093e: PM \u092c\u094b\u0932\u0947- \u0911\u0928\u0932\u093e\u0907\u0928 \u092a\u0947\u092e\u0947\u0902\u091f \u092e\u0947\u0902 \u092d\u093e\u0930\u0924 \u0938\u092c\u0938\u0947 \u0906\u0917\u0947; \u0935\u0940\u0921\u093f\u092f\u094b \u0915\u0949\u0928\u094d\u092b\u094d\u0930\u0947\u0902\u0938\u093f\u0902\u0917 \u0938\u0947 \u091c\u093f\u0932\u093e \u0915\u094b\u0930\u094d\u091f \u092e\u0947\u0902 1 \u0915\u0930\u094b\u095c \u0915\u0947\u0938\u094b\u0902 \u0915\u0940 \u0938\u0941\u0928\u0935\u093e\u0908",
    "url": "/national/news/pm-narendra-modi-cji-ramana-update-all-india-district-legal-service-authorities-meet-130123978.html"
  },
  {
    "text": "\u0926\u0947\u0936",
    "url": "/national/"
  },
  {
    "text": "31 \u091c\u0941\u0932\u093e\u0908 \u0924\u0915 \u0926\u093e\u0916\u093f\u0932 \u0915\u0930 \u0926\u0947\u0902 \u0907\u0928\u0915\u092e \u091f\u0948\u0915\u094d\u0938 \u0930\u093f\u091f\u0930\u094d\u0928: \u0907\u0938\u0915\u0947 \u092c\u093e\u0926 \u0926\u0947\u0928\u0940 \u0939\u094b\u0917\u0940 5 \u0939\u091c\u093e\u0930 \u0930\u0941\u092a\u090f \u0932\u0947\u091f \u092b\u0940\u0938, \u0928\u094b\u091f\u093f\u0938 \u0906\u0928\u0947 \u0915\u093e \u092d\u0940 \u0930\u0939\u0924\u093e \u0939\u0948 \u0921\u0930",
    "url": "/business/news/itr-late-filing-penalty-2022-income-tax-return-last-date-extension-immediately-130124258.html"
  },
  {
    "text": "\u092c\u093f\u091c\u0928\u0947\u0938",
    "url": "/business/"
  },
  {
    "text": "\u0938\u0902\u0938\u0926 \u092e\u0947\u0902 10 \u0926\u093f\u0928 \u092e\u0947\u0902 \u091f\u0948\u0915\u094d\u0938\u092a\u0947\u092f\u0930\u094d\u0938 \u0915\u0947 100 \u0915\u0930\u094b\u095c \u0916\u0930\u094d\u091a: \u0926\u094b\u0928\u094b\u0902 \u0938\u0926\u0928\u094b\u0902 \u092e\u0947\u0902 120 \u0918\u0902\u091f\u0947 \u0915\u0940 \u091c\u0917\u0939 26.8 \u0918\u0902\u091f\u0947 \u0915\u093e\u092e \u0939\u0941\u0906, \u0938\u093f\u0930\u094d\u092b \u0926\u094b \u092c\u093f\u0932 \u092a\u093e\u0938",
    "url": "/national/news/not-a-single-pass-from-rajya-sabha-in-two-weeks-now-what-will-happen-to-the-remaining-30-bills-130123770.html"
  },
  {
    "text": "\u0926\u0947\u0936",
    "url": "/national/"
  },
  {
    "text": "\u0938\u092d\u0940 \u0916\u092c\u0930\u0947\u0902",
    "url": "/business/"
  },
  {
    "text": "\u0938\u094b\u0928\u0947-\u091a\u093e\u0902\u0926\u0940 \u092e\u0947\u0902 \u0936\u093e\u0928\u0926\u093e\u0930 \u0924\u0947\u091c\u0940: \u0907\u0938 \u0939\u092b\u094d\u0924\u0947 \u0938\u094b\u0928\u093e 663 \u0930\u0941\u092a\u090f \u092e\u0939\u0902\u0917\u093e \u0939\u0941\u0906, \u091a\u093e\u0902\u0926\u0940 3,152 \u0930\u0941\u092a\u090f \u091a\u095d\u0915\u0930 \u0938\u093e\u095d\u0947 57 \u0939\u091c\u093e\u0930 \u0915\u0947 \u092a\u093e\u0930 \u0928\u093f\u0915\u0932\u0940",
    "url": "/business/news/gold-silver-price-30-july-update-sona-chandi-ka-rate-per-gram-kya-hai-in-india-mumbai-delhi-130123910.html"
  },
  {
    "text": "\u092c\u093f\u091c\u0928\u0947\u0938",
    "url": "/business/"
  },
  {
    "text": "\u0917\u094d\u0930\u0948\u0902\u0921 \u0935\u093f\u091f\u093e\u0930\u093e \u0915\u0940 \u0932\u0949\u0928\u094d\u091a\u093f\u0902\u0917 \u0938\u0947 \u092a\u0939\u0932\u0947 \u0932\u0940\u0915 \u0939\u0941\u0908 \u0915\u0940\u092e\u0924: \u0938\u093e\u0924 \u0935\u0948\u0930\u093f\u090f\u0902\u091f\u094d\u0938 \u092e\u0947\u0902 \u092e\u093f\u0932\u0947\u0917\u0940, 9.50 \u0932\u093e\u0916 \u0930\u0941\u092a\u090f \u0938\u0947 \u0936\u0941\u0930\u0942 \u0939\u094b \u0938\u0915\u0924\u0940 \u0939\u0948 \u0915\u0940\u092e\u0924, 20 \u0939\u091c\u093e\u0930 \u0938\u0947 \u091c\u094d\u092f\u093e\u0926\u093e \u0939\u0941\u0908 \u092c\u0941\u0915\u093f\u0902\u0917",
    "url": "/tech-auto/news/maruti-grand-vitara-prices-leak-online-to-be-cheaper-than-the-hyundai-creta-130123798.html"
  },
  {
    "text": "\u091f\u0947\u0915 & \u0911\u091f\u094b",
    "url": "/tech-auto/"
  },
  {
    "text": "\u092e\u092a\u094d\u0930-\u091b\u0917 \u092e\u0947\u0902 \u091c\u093f\u092f\u094b \u0915\u093e \u0926\u092c\u0926\u092c\u093e \u0915\u093e\u092f\u092e: \u0915\u0902\u092a\u0928\u0940 \u0915\u0947 7.70 \u0915\u0930\u094b\u0921\u093c \u0917\u094d\u0930\u093e\u0939\u0915 \u0939\u0941\u090f, \u092e\u093e\u0930\u094d\u0915\u0947\u091f \u0936\u0947\u092f\u0930 \u092e\u0947\u0902 \u092d\u0940 \u0938\u092c\u0938\u0947 \u090a\u092a\u0930, BSNL \u0915\u094b \u0928\u0941\u0915\u0938\u093e\u0928",
    "url": "/tech-auto/news/jio-company-has-770-crore-customers-also-tops-the-market-share-loss-to-bsnl-130124158.html"
  },
  {
    "text": "\u091f\u0947\u0915 & \u0911\u091f\u094b",
    "url": "/tech-auto/"
  },
  {
    "text": "\u0938\u092d\u0940 \u0916\u092c\u0930\u0947\u0902",
    "url": "/women/"
  },
  {
    "text": "\u0906\u091c \u0915\u0940 \u092e\u0940\u0920\u0940 \u0916\u092c\u0930\u0947\u0902 \u0935\u0947\u091f\u0932\u093f\u092b\u094d\u091f\u0930 \u0938\u0902\u0915\u0947\u0924 \u0928\u0947 \u092d\u093e\u0930\u0924 \u0915\u094b \u0926\u093f\u0932\u093e\u092f\u093e \u092a\u0939\u0932\u093e \u092e\u0947\u0921\u0932, \u092a\u093e\u0915\u093f\u0938\u094d\u0924\u093e\u0928 \u092e\u0947\u0902 \u0939\u093f\u0902\u0926\u0942 \u0932\u095c\u0915\u0940 \u092c\u0928\u0940 DSP, \u0930\u091a\u093e \u0907\u0924\u093f\u0939\u093e\u0938",
    "url": "/women/news/weightlifter-sanket-won-indias-first-medal-hindu-girl-became-dsp-in-pakistan-created-history-130124542.html"
  },
  {
    "text": "\u0935\u0941\u092e\u0928",
    "url": "/women/"
  },
  {
    "text": "\u0935\u093f\u0926\u0947\u0936\u0940 \u0917\u0930\u094d\u0932\u092b\u094d\u0930\u0947\u0902\u0921 \u0915\u093e \u092a\u094d\u092f\u093e\u0930: \u0915\u094b\u0908 \u0914\u0930\u0924, \u092e\u0930\u094d\u0926\u094b\u0902 \u0915\u094b \u092c\u0939\u0915\u093e\u0924\u0940 \u0928\u0939\u0940\u0902, \u091c\u092c \u0924\u0915 \u0935\u0939 \u0916\u0941\u0926 \u0928 \u091a\u093e\u0939\u0947, \u0905\u0925\u0930\u094d\u0935 \u091a\u094c\u0902\u0915\u0915\u0930 \u0928\u0948\u0902\u0938\u0940 \u0915\u094b \u0926\u0947\u0916\u0928\u0947 \u0932\u0917\u093e",
    "url": "/women/emotional-stories/news/a-woman-does-not-seduce-men-unless-she-herself-wants-it-atharva-looks-at-nancy-in-shock-130124550.html"
  },
  {
    "text": "\u0915\u0939\u093e\u0928\u0940",
    "url": "/women/emotional-stories/"
  },
  {
    "text": "\u0915\u091f\u0930\u0940\u0928\u093e \u0915\u0948\u092b \u0915\u093e \u092a\u0940\u091b\u093e \u0915\u0930\u0928\u0947 \u0935\u093e\u0932\u093e \u0915\u094c\u0928: \u0938\u092c\u094d\u091c\u0940 \u0932\u0947\u0924\u0940 \u092e\u0939\u093f\u0932\u093e \u0939\u094b \u092f\u093e \u0928\u094c\u0915\u0930\u0940 \u0915\u0930\u0924\u0940, \u0915\u094b\u0908 \u092a\u0941\u0930\u0941\u0937 \u0915\u093f\u0938\u0940 \u0915\u093e \u092a\u0940\u091b\u093e \u0915\u094d\u092f\u094b\u0902 \u0915\u0930\u0924\u093e \u0939\u0948, \u0915\u094d\u092f\u093e \u0915\u0930\u0947\u0902",
    "url": "/women/rishtey/news/whether-it-is-a-woman-taking-vegetables-or-doing-a-job-why-does-a-man-chase-someone-what-to-do-in-such-a-situation-130120528.html"
  },
  {
    "text": "\u0930\u093f\u0932\u0947\u0936\u0928\u0936\u093f\u092a",
    "url": "/women/rishtey/"
  },
  {
    "text": "\u0910\u092a \u0916\u094b\u0932\u0947\u0902",
    "url": "https://dainik-b-alternate.app.link?db_metadata={\"link\":{\"uri\":\"bhaskar://newsfeed\"}}&feature=website&channel=&campaign=Open In App Floating Button"
  },
  {
    "text": "\u092a\u0922\u093c\u0947\u0902",
    "url": "/"
  },
  {
    "text": "\u0926\u0947\u0916\u0947\u0902",
    "url": "/videos/auto"
  },
  {
    "text": "\u0916\u094b\u091c\u0947\u0902",
    "url": "/search"
  },
  {
    "text": "\u0935\u0940\u0921\u093f\u092f\u094b\u0914\u0930 \u0926\u0947\u0916\u0947\u0902",
    "url": "/?ref=inbound_RHS"
  },
  {
    "text": "Advertise with Us",
    "url": "/advertise-with-us?ref=inbound_RHS"
  },
  {
    "text": "Terms & Conditions and Grievance Redressal Policy",
    "url": "/terms-and-conditions?ref=inbound_RHS"
  },
  {
    "text": "Contact Us",
    "url": "/contact-us?ref=inbound_RHS"
  },
  {
    "text": "RSS",
    "url": "/rss?ref=inbound_RHS"
  },
  {
    "text": "Cookie Policy",
    "url": "/cookie-policy?ref=inbound_RHS"
  },
  {
    "text": "Privacy Policy",
    "url": "/privacy-policy?ref=inbound_RHS"
  },
  {
    "text": "DainikBhaskar.com",
    "url": "https://www.bhaskar.com/?ref=inbound_RHS"
  },
  {
    "text": "DivyaBhaskar.com",
    "url": "https://www.divyabhaskar.co.in/?ref=inbound_RHS"
  },
  {
    "text": "DivyaMarathi.com",
    "url": "https://divyamarathi.bhaskar.com/?ref=inbound_RHS"
  },
  {
    "text": "MoneyBhaskar.com",
    "url": "https://money.bhaskar.com/?ref=inbound_RHS"
  },
  {
    "text": "HomeOnline.com",
    "url": "https://www.homeonline.com/?ref=inbound_RHS"
  },
  {
    "text": "BhaskarAd.com",
    "url": "https://www.bhaskarad.com/?ref=inbound_RHS"
  },
  {
    "text": "DNPA Code of Ethics",
    "url": "/dnpa-code-of-ethics-for-digital-news-websites"
  },
  {
    "text": "\u092b\u0940\u0921\u092c\u0948\u0915 \u0926\u0947\u0902",
    "url": "mailto:help@dainikbhaskar.com?subject=Dainik%20Bhaskar%20desktop%20website%20feedback&body=%0A%20%20DB%20Version:%201.21.76%0A%20%20Platform:%20Linux%20x86_64%0A%20%20User%20Agent:%20Mozilla/5.0%20(Macintosh;%20Intel%20Mac%20OS%20X%2012_4)%20AppleWebKit/537.36%20(KHTML,%20like%20Gecko)%20Chrome/103.0.0.0%20Safari/537.36%0A%20%20Vendor:%20Google%20Inc.%0A%20%20Product:%20Gecko%0A%20%20Device%20Width:%201280px%0A%20%20Device%20Height:%20720px%0A%0A%20%20---%E0%A4%86%E0%A4%AA%E0%A4%95%E0%A4%BE%20%E0%A4%B8%E0%A5%81%E0%A4%9D%E0%A4%BE%E0%A4%B5%20%E0%A4%AF%E0%A4%BE%20%E0%A4%B8%E0%A4%AE%E0%A4%B8%E0%A5%8D%E0%A4%AF%E0%A4%BE%20%E0%A4%AF%E0%A4%B9%E0%A4%BE%E0%A4%81%20%E0%A4%B2%E0%A4%BF%E0%A4%96%E0%A5%87%E0%A4%82%20%E0%A4%94%E0%A4%B0%20%E0%A4%85%E0%A4%AA%E0%A4%A8%E0%A4%BE%20%E0%A4%AE%E0%A5%8B%E0%A4%AC%E0%A4%BE%E0%A4%87%E0%A4%B2%20%E0%A4%A8%E0%A4%82%E0%A4%AC%E0%A4%B0%20%E0%A4%AD%E0%A5%80%20%E0%A4%A6%E0%A5%87%E0%A4%82---%0A%20%20"
  }
]