[
  {
    "text": "National",
    "url": "/"
  },
  {
    "text": "Albany",
    "url": "/albany"
  },
  {
    "text": "Albuquerque",
    "url": "/albuquerque"
  },
  {
    "text": "Atlanta",
    "url": "/atlanta"
  },
  {
    "text": "Austin",
    "url": "/austin"
  },
  {
    "text": "Baltimore",
    "url": "/baltimore"
  },
  {
    "text": "Birmingham",
    "url": "/birmingham"
  },
  {
    "text": "Boston",
    "url": "/boston"
  },
  {
    "text": "Buffalo",
    "url": "/buffalo"
  },
  {
    "text": "Charlotte",
    "url": "/charlotte"
  },
  {
    "text": "Chicago",
    "url": "/chicago"
  },
  {
    "text": "Cincinnati",
    "url": "/cincinnati"
  },
  {
    "text": "Cleveland",
    "url": "/cleveland"
  },
  {
    "text": "Columbus",
    "url": "/columbus"
  },
  {
    "text": "Dallas",
    "url": "/dallas"
  },
  {
    "text": "Dayton",
    "url": "/dayton"
  },
  {
    "text": "Denver",
    "url": "/denver"
  },
  {
    "text": "Greensboro/Winston-Salem",
    "url": "/triad"
  },
  {
    "text": "Honolulu",
    "url": "/pacific"
  },
  {
    "text": "Houston",
    "url": "/houston"
  },
  {
    "text": "Jacksonville",
    "url": "/jacksonville"
  },
  {
    "text": "Kansas City",
    "url": "/kansascity"
  },
  {
    "text": "Los Angeles",
    "url": "/losangeles"
  },
  {
    "text": "Louisville",
    "url": "/louisville"
  },
  {
    "text": "Memphis",
    "url": "/memphis"
  },
  {
    "text": "Miami/Fort Lauderdale",
    "url": "/southflorida"
  },
  {
    "text": "Milwaukee",
    "url": "/milwaukee"
  },
  {
    "text": "Minneapolis/St. Paul",
    "url": "/twincities"
  },
  {
    "text": "Nashville",
    "url": "/nashville"
  },
  {
    "text": "New York",
    "url": "/newyork"
  },
  {
    "text": "Orlando",
    "url": "/orlando"
  },
  {
    "text": "Philadelphia",
    "url": "/philadelphia"
  },
  {
    "text": "Phoenix",
    "url": "/phoenix"
  },
  {
    "text": "Pittsburgh",
    "url": "/pittsburgh"
  },
  {
    "text": "Portland",
    "url": "/portland"
  },
  {
    "text": "Providence",
    "url": "/rhodeisland"
  },
  {
    "text": "Raleigh/Durham",
    "url": "/triangle"
  },
  {
    "text": "Sacramento",
    "url": "/sacramento"
  },
  {
    "text": "San Antonio",
    "url": "/sanantonio"
  },
  {
    "text": "San Francisco",
    "url": "/sanfrancisco"
  },
  {
    "text": "Seattle",
    "url": "/seattle"
  },
  {
    "text": "Silicon Valley",
    "url": "/sanjose"
  },
  {
    "text": "St. Louis",
    "url": "/stlouis"
  },
  {
    "text": "Tampa Bay",
    "url": "/tampabay"
  },
  {
    "text": "Washington, D.C.",
    "url": "/washington"
  },
  {
    "text": "Wichita",
    "url": "/wichita"
  },
  {
    "text": "",
    "url": "dallas"
  },
  {
    "text": "DFW RELOCATION CENTER Your comprehensive source on relocating to Dallas-Fort Worth",
    "url": "/dallas/news/feature/dfw-relocation-center/2020"
  },
  {
    "text": "Latest News",
    "url": "/dallas/news"
  },
  {
    "text": "Lists & Leads",
    "url": "/dallas/datacenter"
  },
  {
    "text": "Commercial Real Estate",
    "url": "/dallas/news/commercial-real-estate"
  },
  {
    "text": "Banking",
    "url": "/dallas/news/banking-and-financial-services"
  },
  {
    "text": "Technology",
    "url": "/dallas/news/technology"
  },
  {
    "text": "Health Care",
    "url": "/dallas/news/health-care"
  },
  {
    "text": "Residential Real Estate",
    "url": "/dallas/news/residential-real-estate"
  },
  {
    "text": "North Texas Inno",
    "url": "https://www.bizjournals.com/dallas/inno"
  },
  {
    "text": "Events",
    "url": "/dallas/event"
  },
  {
    "text": "Nominations",
    "url": "/dallas/nomination"
  },
  {
    "text": "Latest News",
    "url": "/dallas/news"
  },
  {
    "text": "Lists & Leads",
    "url": "/dallas/datacenter"
  },
  {
    "text": "Commercial Real Estate",
    "url": "/dallas/news/commercial-real-estate"
  },
  {
    "text": "Banking",
    "url": "/dallas/news/banking-and-financial-services"
  },
  {
    "text": "Technology",
    "url": "/dallas/news/technology"
  },
  {
    "text": "Health Care",
    "url": "/dallas/news/health-care"
  },
  {
    "text": "Residential Real Estate",
    "url": "/dallas/news/residential-real-estate"
  },
  {
    "text": "North Texas Inno",
    "url": "https://www.bizjournals.com/dallas/inno"
  },
  {
    "text": "Events",
    "url": "/dallas/event"
  },
  {
    "text": "Nominations",
    "url": "/dallas/nomination"
  },
  {
    "text": "Banking & Financial Services",
    "url": "/dallas/news/banking-and-financial-services"
  },
  {
    "text": "Career & Workplace",
    "url": "/dallas/news/career-and-workplace"
  },
  {
    "text": "Commercial Real Estate",
    "url": "/dallas/news/commercial-real-estate"
  },
  {
    "text": "Diversity, Equity and Inclusion",
    "url": "/dallas/news/career-and-workplace/diversity-equity-and-inclusion"
  },
  {
    "text": "Education",
    "url": "/dallas/news/education"
  },
  {
    "text": "Energy",
    "url": "/dallas/news/energy"
  },
  {
    "text": "Food & Lifestyle",
    "url": "/dallas/news/food-and-lifestyle"
  },
  {
    "text": "Government & Regulations",
    "url": "/dallas/news/government-and-regulations"
  },
  {
    "text": "Health Care",
    "url": "/dallas/news/health-care"
  },
  {
    "text": "Manufacturing",
    "url": "/dallas/news/manufacturing"
  },
  {
    "text": "Media & Marketing",
    "url": "/dallas/news/media-and-marketing"
  },
  {
    "text": "Philanthropy & Nonprofits",
    "url": "/dallas/news/philanthropy-and-nonprofits"
  },
  {
    "text": "Professional Services",
    "url": "/dallas/news/professional-services"
  },
  {
    "text": "Residential Real Estate",
    "url": "/dallas/news/residential-real-estate"
  },
  {
    "text": "Retailing",
    "url": "/dallas/news/retailing"
  },
  {
    "text": "Sports Business",
    "url": "/dallas/news/sports"
  },
  {
    "text": "Technology",
    "url": "/dallas/news/technology"
  },
  {
    "text": "Transportation",
    "url": "/dallas/news/transportation"
  },
  {
    "text": "Travel & Tourism",
    "url": "/dallas/news/travel-and-tourism"
  },
  {
    "text": "North Texas Inno",
    "url": "https://www.bizjournals.com/dallas/inno"
  },
  {
    "text": "Texas Business Minds podcast",
    "url": "/dallas/news/feature/texas-business-minds/2020"
  },
  {
    "text": "DFW Relocation Center",
    "url": "/dallas/news/feature/dfw-relocation-center/2020"
  },
  {
    "text": "Crane Watch",
    "url": "/dallas/feature/crane-watch"
  },
  {
    "text": "Partner Content",
    "url": "/dallas/partner-content"
  },
  {
    "text": "Better Construction Outcomes",
    "url": "/dallas/news/partners/better-construction-outcomes/2022"
  },
  {
    "text": "Caring For Those Who Serve You",
    "url": "/bizjournals/news/partners/caring-for-those-who-serve-you"
  },
  {
    "text": "A New Horizon for Dallas Businesses",
    "url": "/dallas/news/partners/a-new-horizon-for-dallas-businesses"
  },
  {
    "text": "Trends in CRE Financing",
    "url": "/bizjournals/news/partners/trends-in-cre-financing"
  },
  {
    "text": "Greater DFW: The Bigger and Better Choice",
    "url": "https://partners.bizjournals.com/greater-dallas-fort-worth-the-bigger-and-better-choice/"
  },
  {
    "text": "DBJ Events",
    "url": "/dallas/event"
  },
  {
    "text": "Nominations",
    "url": "/dallas/nomination"
  },
  {
    "text": "Business Events Calendar",
    "url": "/dallas/calendar"
  },
  {
    "text": "Women in Business Awards",
    "url": "/dallas/women-in-business/"
  },
  {
    "text": "Middle Market 50",
    "url": "/dallas/middle-market-50/"
  },
  {
    "text": "40 Under 40 Awards",
    "url": "/dallas/40-under-40/"
  },
  {
    "text": "Most Admired CEO Awards",
    "url": "/dallas/most-admired-ceos/"
  },
  {
    "text": "Book of Lists",
    "url": "/dallas/datacenter/lists"
  },
  {
    "text": "Book of Lists Unlimited",
    "url": "/dallas/datacenter/lists/book-of-lists-unlimited"
  },
  {
    "text": "People on the Move",
    "url": "/dallas/potm"
  },
  {
    "text": "BizSpotlight",
    "url": "/dallas/press-release"
  },
  {
    "text": "Home of the Day",
    "url": "/dallas/listings/1"
  },
  {
    "text": "Property Showcase",
    "url": "/dallas/listings/9"
  },
  {
    "text": "Cool Spaces",
    "url": "/dallas/listings/11"
  },
  {
    "text": "BizLeads",
    "url": "https://www.bizjournals.com/bizleads"
  },
  {
    "text": "BizEquity",
    "url": "https://www.bizequity.com/"
  },
  {
    "text": "Store",
    "url": "https://promo.bizjournals.com/dallas/store/"
  },
  {
    "text": "Leads",
    "url": "/dallas/datacenter/leads"
  },
  {
    "text": "Crane Watch",
    "url": "/dallas/feature/crane-watch"
  },
  {
    "text": "Advertise With Us",
    "url": "https://advertise.bizjournals.com/brands/dallas/"
  },
  {
    "text": "Leadership Trust",
    "url": "/dallas/news/leadership-trust"
  },
  {
    "text": "Research Intelligence",
    "url": "/business-intelligence"
  },
  {
    "text": "Newsletter Sign-Up",
    "url": "/account/dallas/newsletters"
  },
  {
    "text": "Start a Subscription",
    "url": "/dallas/subscribe"
  },
  {
    "text": "Subscriber-Only Content",
    "url": "/dallas/news/subscribers"
  },
  {
    "text": "Weekly Digital Edition",
    "url": "https://www.bizjournals.com/dallas/digital-edition?issue_id=19785"
  },
  {
    "text": "\n                Dallas residential firm hits 21,000 agents and 'just getting started'            ",
    "url": "dallas/news/2022/07/29/united-real-estate-rick-haase.html"
  },
  {
    "text": "\n                Texas M&A dealmaking hits another record in first half of 2022            ",
    "url": "dallas/news/2022/07/28/texas-m-a-activity.html"
  },
  {
    "text": "\n                FC Dallas' Homegrown Partner Program helps DFW small businesses            ",
    "url": "dallas/news/2022/07/29/fc-dallas-homegrown-partner-program.html"
  },
  {
    "text": "\n                Alabama construction firm expands in Dallas with new office space            ",
    "url": "dallas/news/2022/07/29/brasfield-gorrie-dallas.html"
  },
  {
    "text": "\n                Get to know the top leaders under 40 in North Texas            ",
    "url": "dallas/news/2022/07/27/get-to-know-our-40-under-40-class-of-2022.html"
  },
  {
    "text": "\n                Dallas-Fort Worth posts fastest-rising home prices in Texas            ",
    "url": "dallas/news/2022/07/28/home-prices-dallas-fort-worth.html"
  },
  {
    "text": "",
    "url": "/dallas/news/subscribers/"
  },
  {
    "text": "View this week's edition",
    "url": "https://www.bizjournals.com/dallas/digital-edition?issue_id=19785&loc=pcmod"
  },
  {
    "text": "Book of Lists",
    "url": "https://www.bizjournals.com/dallas/digital-edition?issue_id=18386"
  },
  {
    "text": "More business news ",
    "url": "dallas/news/"
  },
  {
    "text": "Commercial Real Estate More",
    "url": "/dallas/news/commercial-real-estate"
  },
  {
    "text": "\n                            CRE Brokerages\n                        ",
    "url": "https://www.bizjournals.com/dallas/topic/cre-brokerages"
  },
  {
    "text": "\n                            CRE Developers\n                        ",
    "url": "https://www.bizjournals.com/dallas/topic/cre-developers"
  },
  {
    "text": "\n                            Construction\n                        ",
    "url": "https://www.bizjournals.com/dallas/topic/construction"
  },
  {
    "text": "\n                            LEED\n                        ",
    "url": "https://www.bizjournals.com/dallas/topic/leed"
  },
  {
    "text": "\n                            Retail Development\n                        ",
    "url": "https://www.bizjournals.com/dallas/topic/retail-development"
  },
  {
    "text": "People on the Move More",
    "url": "https://www.bizjournals.com/dallas/potm"
  },
  {
    "text": "Submit People on the Move ",
    "url": "https://www.bizjournals.com/dallas/people-on-the-move"
  },
  {
    "text": " More",
    "url": "https://www.bizjournals.com/dallas/datacenter/lists"
  },
  {
    "text": "Book of Lists Unlimited ",
    "url": "https://www.bizjournals.com/dallas/datacenter/lists/book-of-lists-unlimited"
  },
  {
    "text": "Home of the Day More",
    "url": "https://www.bizjournals.com/dallas/listings/1"
  },
  {
    "text": "View featured properties ",
    "url": "https://www.bizjournals.com/dallas/listings/1"
  },
  {
    "text": "Banking & Financial Services More",
    "url": "/dallas/news/banking-and-financial-services"
  },
  {
    "text": "\n                            Credit Unions\n                        ",
    "url": "https://www.bizjournals.com/dallas/topic/credit-unions"
  },
  {
    "text": "\n                            Cryptocurrency\n                        ",
    "url": "https://www.bizjournals.com/dallas/topic/cryptocurrency"
  },
  {
    "text": "\n                            Financial Planning\n                        ",
    "url": "https://www.bizjournals.com/dallas/topic/financial-planning"
  },
  {
    "text": "\n                            Mergers and Acquisitions\n                        ",
    "url": "https://www.bizjournals.com/dallas/topic/mergers-and-acquisitions"
  },
  {
    "text": "\n                            Mortgages\n                        ",
    "url": "https://www.bizjournals.com/dallas/topic/mortgages"
  },
  {
    "text": "\n                            Private equity\n                        ",
    "url": "https://www.bizjournals.com/dallas/topic/private-equity"
  },
  {
    "text": "\n                            Property & Casualty Insurance\n                        ",
    "url": "https://www.bizjournals.com/dallas/topic/property--casualty-insurance"
  },
  {
    "text": "\n                            Venture capital\n                        ",
    "url": "https://www.bizjournals.com/dallas/topic/venture-capital"
  },
  {
    "text": "Events More",
    "url": "https://www.bizjournals.com/dallas/event"
  },
  {
    "text": "See all current nominations ",
    "url": "https://www.bizjournals.com/dallas/nominations"
  },
  {
    "text": "BizSpotlight More",
    "url": "https://www.bizjournals.com/dallas/press-release"
  },
  {
    "text": "Submit BizSpotlight Press Release ",
    "url": "https://www.bizjournals.com/dallas/bizspotlight"
  },
  {
    "text": "Leadership Trust More",
    "url": "/dallas/news/leadership-trust"
  },
  {
    "text": "Sales Leads More",
    "url": "https://www.bizjournals.com/dallas/datacenter/leads"
  },
  {
    "text": "See all public records ",
    "url": "https://www.bizjournals.com/dallas/datacenter/leads"
  },
  {
    "text": "Advertising  More",
    "url": "https://advertise.bizjournals.com/"
  },
  {
    "text": "\n                        Connect with our audience\u00a0",
    "url": "https://advertise.bizjournals.com/"
  },
  {
    "text": "Back to Top \n                    ",
    "url": "javascript:void(0);"
  },
  {
    "text": "\n                            \n                        ",
    "url": "/dallas"
  },
  {
    "text": "Home",
    "url": "https://www.bizjournals.com/dallas"
  },
  {
    "text": "News",
    "url": "https://www.bizjournals.com/dallas/news"
  },
  {
    "text": "Lists & Leads",
    "url": "https://www.bizjournals.com/dallas/datacenter"
  },
  {
    "text": "People",
    "url": "https://www.bizjournals.com/dallas/potm"
  },
  {
    "text": "Companies",
    "url": "https://www.bizjournals.com/dallas/datacenter/companies"
  },
  {
    "text": "Events",
    "url": "https://www.bizjournals.com/dallas/calendar"
  },
  {
    "text": "Store",
    "url": "https://promo.bizjournals.com/dallas/store/"
  },
  {
    "text": "\n                Start a Subscription\n                        ",
    "url": "https://www.bizjournals.com/dallas/subscribe?iana=csnav&csrc=6315"
  },
  {
    "text": "\n                Subscriber-Only Content\n                        ",
    "url": "https://www.bizjournals.com/dallas/news/subscribers"
  },
  {
    "text": "\n                Digital Edition\n                        ",
    "url": "https://www.bizjournals.com/dallas/digital-edition?issue_id=19785"
  },
  {
    "text": "\n                Book of Lists\n                        ",
    "url": "/dallas/book-of-lists"
  },
  {
    "text": "\n                Book of Lists - Unlimited\n                        ",
    "url": "https://www.bizjournals.com/dallas/datacenter/lists/book-of-lists-unlimited"
  },
  {
    "text": "\n                Manage your Account\n                        ",
    "url": "/myaccount?market=dallas"
  },
  {
    "text": "\n                Manage My Advertising\n                        ",
    "url": "https://www.bizjournals.com/ads"
  },
  {
    "text": "\n                                \n                            ",
    "url": "/dallas/news/subscribers/"
  },
  {
    "text": "\n                About Us\n                        ",
    "url": "https://www.bizjournals.com/dallas/about-us"
  },
  {
    "text": "\n                About The Business Journals\n                        ",
    "url": "https://www.bizjournals.com/about-us/"
  },
  {
    "text": "\n                Advertise\n                        ",
    "url": "https://advertise.bizjournals.com/brands/dallas/?ana=om_dal_wb_dg_ftr"
  },
  {
    "text": "\n                Help & FAQs\n                        ",
    "url": "https://support.bizjournals.com/en/"
  },
  {
    "text": "\n                Circulation Sales Center Directory\n                        ",
    "url": "https://www.bizjournals.com/dallas/about-us/call-center"
  },
  {
    "text": "\n                Mobile Apps\n                        ",
    "url": "https://www.bizjournals.com/dallas/apps"
  },
  {
    "text": "\n                Syndication/RSS\n                        ",
    "url": "https://www.bizjournals.com/dallas/syndication"
  },
  {
    "text": "\n                             Twitter\n                        ",
    "url": "https://twitter.com/DallasBizNews"
  },
  {
    "text": "\n                             LinkedIn\n                        ",
    "url": "http://www.linkedin.com/company/dallas-business-journal"
  },
  {
    "text": "\n                             Facebook\n                        ",
    "url": "https://www.facebook.com/dallasbizjournal"
  },
  {
    "text": "\n                             Instagram\n                        ",
    "url": "https://instagram.com/dallasbizjournal"
  },
  {
    "text": "\n                Sign Up Now\n                        ",
    "url": "https://www.bizjournals.com/account/dallas/newsletters"
  },
  {
    "text": "\n                American City Business Journals\n                        ",
    "url": "http://www.acbj.com/"
  },
  {
    "text": "\n                AmericanInno\n                        ",
    "url": "https://www.bizjournals.com/inno"
  },
  {
    "text": "\n                BizEquity\n                        ",
    "url": "https://www.bizequity.com/"
  },
  {
    "text": "\n                BizLeads\n                        ",
    "url": "https://www.bizleads.com/"
  },
  {
    "text": "\n                Bizwomen\n                        ",
    "url": "https://www.bizjournals.com/dallas/bizwomen"
  },
  {
    "text": "\n                Hemmings\n                        ",
    "url": "http://www.hemmings.com/"
  },
  {
    "text": "User Agreement",
    "url": "/useragreement"
  },
  {
    "text": "Privacy Policy",
    "url": "/privacy"
  },
  {
    "text": "Your California Privacy Rights",
    "url": "/privacy#X"
  },
  {
    "text": "Ad Choices",
    "url": "/privacy#VII"
  },
  {
    "text": "User Agreement",
    "url": "/useragreement"
  },
  {
    "text": "Privacy Policy and Cookie Statement",
    "url": "/privacy"
  },
  {
    "text": "CCPA Sale Opt Out Form",
    "url": "#optout"
  },
  {
    "text": "CCPA Sale Opt Out Form",
    "url": "#optout"
  },
  {
    "text": "Privacy Policy and Cookie Statement",
    "url": "https://bizjournals.com/privacy"
  },
  {
    "text": "IAB\u2019s CCPA Compliance Signatory Identification List ",
    "url": "\u201chttps://www.iabprivacy.com/optout.html\u201d"
  },
  {
    "text": "California Data Broker Registry",
    "url": "\u201chttps://oag.ca.gov/data-brokers\u201d"
  },
  {
    "text": "",
    "url": "https://onetrust.com/poweredbyonetrust"
  }
]