[
  {
    "text": "5 cringiest athlete actors",
    "url": "https://deadspin.com/5-cringiest-athlete-actors-1849320597"
  },
  {
    "text": "01:58Now playing\n\t\n\t\t\n\t\t\t\n\t\t\n\t\nBarkley's BS | Google is Free",
    "url": "https://deadspin.com/barkleys-bs-google-is-free-1849319243"
  },
  {
    "text": "02:06Now playing\n\t\n\t\t\n\t\t\t\n\t\t\n\t\n27 is the new 30 for NFL running backs | Stats That Will Blow Your Mind",
    "url": "https://deadspin.com/27-is-the-new-30-for-nfl-running-backs-stats-that-wil-1849315756"
  },
  {
    "text": "01:25Now playing\n\t\n\t\t\n\t\t\t\n\t\t\n\t\nWho deserves a biopic? | The Weigh In",
    "url": "https://deadspin.com/who-deserves-a-biopic-the-weigh-in-1849217749"
  },
  {
    "text": "00:55Now playing\n\t\n\t\t\n\t\t\t\n\t\t\n\t\nCFB's biggest QB transfers recap",
    "url": "https://deadspin.com/cfbs-biggest-qb-transfers-recap-1849314897"
  },
  {
    "text": "",
    "url": "https://deadspin.com/explain-to-me-how-every-mlb-team-can-be-a-top-suitor-1849342685"
  },
  {
    "text": "MLB",
    "url": "https://deadspin.com/baseball/mlb"
  },
  {
    "text": "Explain to me how every MLB team can be a 'top suitor' for Juan SotoEvery day there seems to be a new team leading the race \u2014 making me think nothing will happen",
    "url": "https://deadspin.com/explain-to-me-how-every-mlb-team-can-be-a-top-suitor-1849342685"
  },
  {
    "text": "Jon Hoefling",
    "url": "/author/jonmhoefling"
  },
  {
    "text": "",
    "url": "https://deadspin.com/max-scherzer-is-just-crazy-enough-to-be-right-1849342186"
  },
  {
    "text": "The Mourning After",
    "url": "https://deadspin.com/locker/the-mourning-after"
  },
  {
    "text": "Max Scherzer is just crazy enough to be right?",
    "url": "https://deadspin.com/max-scherzer-is-just-crazy-enough-to-be-right-1849342186"
  },
  {
    "text": "Sam Fels",
    "url": "/author/samfels27"
  },
  {
    "text": "",
    "url": "https://deadspin.com/biden-approves-prisoner-swap-in-attempt-to-bring-brittn-1849340345"
  },
  {
    "text": "WNBA",
    "url": "https://deadspin.com/basketball/wnba"
  },
  {
    "text": "Biden approves prisoner swap in attempt to bring Brittney Griner and Paul Whelan home",
    "url": "https://deadspin.com/biden-approves-prisoner-swap-in-attempt-to-bring-brittn-1849340345"
  },
  {
    "text": "DJ Dunson",
    "url": "/author/djdunson"
  },
  {
    "text": "",
    "url": "https://deadspin.com/vaxxed-unvaxxed-going-to-be-vaxxed-it-doesn-t-matte-1849343841"
  },
  {
    "text": "MLB",
    "url": "https://deadspin.com/baseball/mlb"
  },
  {
    "text": "Vaxxed, unvaxxed, going to be vaxxed \u2014 it doesn\u2019t matter anymore to the Yankees (or any team really)",
    "url": "https://deadspin.com/vaxxed-unvaxxed-going-to-be-vaxxed-it-doesn-t-matte-1849343841"
  },
  {
    "text": "Sean Beckwith",
    "url": "/author/seanebeckwith"
  },
  {
    "text": "",
    "url": "https://deadspin.com/is-this-the-beginning-of-the-end-of-brittney-griner-s-d-1849343615"
  },
  {
    "text": "WNBA",
    "url": "https://deadspin.com/basketball/wnba"
  },
  {
    "text": "Is this the beginning of the end of Brittney Griner\u2019s detainment?",
    "url": "https://deadspin.com/is-this-the-beginning-of-the-end-of-brittney-griner-s-d-1849343615"
  },
  {
    "text": "DJ Dunson",
    "url": "/author/djdunson"
  },
  {
    "text": "Hand Picked Deals for Our Readers",
    "url": "https://theinventory.com"
  },
  {
    "text": "",
    "url": "https://theinventory.com/best-deals-of-the-day-lg-tv-leantravel-packing-cubes-1847628359"
  },
  {
    "text": "Best Deals of the Day: Ray-Ban Stories, Canon Pixma Inkjet Printer, WWE...",
    "url": "https://theinventory.com/best-deals-of-the-day-lg-tv-leantravel-packing-cubes-1847628359"
  },
  {
    "text": "",
    "url": "https://theinventory.com/the-best-tvs-to-buy-in-august-2022-1849344023"
  },
  {
    "text": "The Best TVs to Buy in August 2022",
    "url": "https://theinventory.com/the-best-tvs-to-buy-in-august-2022-1849344023"
  },
  {
    "text": "",
    "url": "https://www.amazon.com/dp/B08KXPRJ5D?psc=1&linkCode=ogi&th=1&smid=A2KZ7X05DCDJDL"
  },
  {
    "text": "Govee LED Smart Light BarsThese light bars  have over 16 million colors, can be controlled using your voice, and have an array of different presets to choose as well as being customisable as you like.",
    "url": "https://www.amazon.com/dp/B08KXPRJ5D?psc=1&linkCode=ogi&th=1&smid=A2KZ7X05DCDJDL"
  },
  {
    "text": "",
    "url": "https://deadspin.com/moving-to-a-16-team-college-football-playoff-isn-t-easy-1849342619"
  },
  {
    "text": "NCAA",
    "url": "https://deadspin.com/football/ncaa"
  },
  {
    "text": "Moving to a 16-team College Football Playoff isn\u2019t easy \u2014 but may very well happenOhio State AD Gene Smith thinks it\u2019s a possibility, but let\u2019s explore how to actually get there",
    "url": "https://deadspin.com/moving-to-a-16-team-college-football-playoff-isn-t-easy-1849342619"
  },
  {
    "text": "Grace McDermott",
    "url": "/author/gmcdermott"
  },
  {
    "text": "",
    "url": "https://deadspin.com/golfers-reasonings-for-joining-liv-were-nothing-but-ex-1849339871"
  },
  {
    "text": "Golf",
    "url": "https://deadspin.com/golf"
  },
  {
    "text": "Golfers\u2019 reasonings for joining Saudi Tour were nothing but excuses",
    "url": "https://deadspin.com/golfers-reasonings-for-joining-liv-were-nothing-but-ex-1849339871"
  },
  {
    "text": "Grace McDermott",
    "url": "/author/gmcdermott"
  },
  {
    "text": "",
    "url": "https://deadspin.com/nfl-training-camps-are-open-and-the-leadership-porn-is-1849340124"
  },
  {
    "text": "NFL",
    "url": "https://deadspin.com/football/nfl"
  },
  {
    "text": "NFL training camps are open and the leadership porn is sizzling",
    "url": "https://deadspin.com/nfl-training-camps-are-open-and-the-leadership-porn-is-1849340124"
  },
  {
    "text": "Sean Beckwith",
    "url": "/author/seanebeckwith"
  },
  {
    "text": "",
    "url": "https://deadspin.com/nfl-reminds-lamar-jackson-patrick-mahomes-and-kyler-m-1849338636"
  },
  {
    "text": "NFL",
    "url": "https://deadspin.com/football/nfl"
  },
  {
    "text": "NFL reminds Lamar Jackson, Patrick Mahomes, and Kyler Murray that, despite being QB1s, they\u2019re still second-class citizens",
    "url": "https://deadspin.com/nfl-reminds-lamar-jackson-patrick-mahomes-and-kyler-m-1849338636"
  },
  {
    "text": "Carron J. Phillips",
    "url": "/author/carronjphillips"
  },
  {
    "text": "",
    "url": "https://deadspin.com/the-dodgers-will-be-buyers-at-the-deadline-here-s-who-1849339985"
  },
  {
    "text": "MLB",
    "url": "https://deadspin.com/baseball/mlb"
  },
  {
    "text": "The Dodgers will be buyers at the deadline \u2014 here\u2019s who they should target",
    "url": "https://deadspin.com/the-dodgers-will-be-buyers-at-the-deadline-here-s-who-1849339985"
  },
  {
    "text": "Football",
    "url": "https://deadspin.com/football"
  },
  {
    "text": "Show all",
    "url": "https://deadspin.com/football"
  },
  {
    "text": "",
    "url": "https://deadspin.com/cardinals-cave-to-public-remove-independent-study-clau-1849349760"
  },
  {
    "text": "NFL",
    "url": "https://deadspin.com/football/nfl"
  },
  {
    "text": "Cardinals cave to public, remove independent study clause from Kyler\u2019s contract",
    "url": "https://deadspin.com/cardinals-cave-to-public-remove-independent-study-clau-1849349760"
  },
  {
    "text": "Jon Hoefling",
    "url": "/author/jonmhoefling"
  },
  {
    "text": "",
    "url": "https://deadspin.com/well-this-is-uncomfortable-1849349654"
  },
  {
    "text": "NFL",
    "url": "https://deadspin.com/football/nfl"
  },
  {
    "text": "Well, this is uncomfortable\u2026",
    "url": "https://deadspin.com/well-this-is-uncomfortable-1849349654"
  },
  {
    "text": "Sean Beckwith",
    "url": "/author/seanebeckwith"
  },
  {
    "text": "",
    "url": "https://deadspin.com/the-ravens-need-to-pay-lamar-jackson-his-worth-1849349251"
  },
  {
    "text": "NFL",
    "url": "https://deadspin.com/football/nfl"
  },
  {
    "text": "The Ravens need to pay Lamar Jackson his worth",
    "url": "https://deadspin.com/the-ravens-need-to-pay-lamar-jackson-his-worth-1849349251"
  },
  {
    "text": "Rob Parker",
    "url": "/author/getrobbedds"
  },
  {
    "text": "",
    "url": "https://deadspin.com/looking-back-at-the-nfls-qb-roulette-1849349090"
  },
  {
    "text": "NFL",
    "url": "https://deadspin.com/football/nfl"
  },
  {
    "text": "Looking back at the NFL's QB roulette",
    "url": "https://deadspin.com/looking-back-at-the-nfls-qb-roulette-1849349090"
  },
  {
    "text": "Eric Blum",
    "url": "/author/ericblum"
  },
  {
    "text": "Baseball",
    "url": "https://deadspin.com/baseball"
  },
  {
    "text": "Show all",
    "url": "https://deadspin.com/baseball"
  },
  {
    "text": "",
    "url": "https://deadspin.com/vaxxed-unvaxxed-going-to-be-vaxxed-it-doesn-t-matte-1849343841"
  },
  {
    "text": "MLB",
    "url": "https://deadspin.com/baseball/mlb"
  },
  {
    "text": "Vaxxed, unvaxxed, going to be vaxxed \u2014 it doesn\u2019t matter anymore to the Yankees (or any team really)",
    "url": "https://deadspin.com/vaxxed-unvaxxed-going-to-be-vaxxed-it-doesn-t-matte-1849343841"
  },
  {
    "text": "Sean Beckwith",
    "url": "/author/seanebeckwith"
  },
  {
    "text": "",
    "url": "https://deadspin.com/will-mike-trout-regret-remaining-with-rudderless-angels-1849343234"
  },
  {
    "text": "MLB",
    "url": "https://deadspin.com/baseball/mlb"
  },
  {
    "text": "Will Mike Trout regret remaining with rudderless Angels?",
    "url": "https://deadspin.com/will-mike-trout-regret-remaining-with-rudderless-angels-1849343234"
  },
  {
    "text": "",
    "url": "https://deadspin.com/explain-to-me-how-every-mlb-team-can-be-a-top-suitor-1849342685"
  },
  {
    "text": "MLB",
    "url": "https://deadspin.com/baseball/mlb"
  },
  {
    "text": "Explain to me how every MLB team can be a 'top suitor' for Juan Soto",
    "url": "https://deadspin.com/explain-to-me-how-every-mlb-team-can-be-a-top-suitor-1849342685"
  },
  {
    "text": "Jon Hoefling",
    "url": "/author/jonmhoefling"
  },
  {
    "text": "",
    "url": "https://deadspin.com/the-dodgers-will-be-buyers-at-the-deadline-here-s-who-1849339985"
  },
  {
    "text": "MLB",
    "url": "https://deadspin.com/baseball/mlb"
  },
  {
    "text": "The Dodgers will be buyers at the deadline \u2014 here\u2019s who they should target",
    "url": "https://deadspin.com/the-dodgers-will-be-buyers-at-the-deadline-here-s-who-1849339985"
  },
  {
    "text": "Basketball",
    "url": "https://deadspin.com/basketball"
  },
  {
    "text": "Show all",
    "url": "https://deadspin.com/basketball"
  },
  {
    "text": "",
    "url": "https://deadspin.com/draymond-green-s-chasing-that-farewell-contract-but-do-1849347514"
  },
  {
    "text": "NBA",
    "url": "https://deadspin.com/basketball/nba"
  },
  {
    "text": "Draymond Green\u2019s chasing that farewell contract, but do the Warriors love him like that?",
    "url": "https://deadspin.com/draymond-green-s-chasing-that-farewell-contract-but-do-1849347514"
  },
  {
    "text": "DJ Dunson",
    "url": "/author/djdunson"
  },
  {
    "text": "",
    "url": "https://deadspin.com/is-this-the-beginning-of-the-end-of-brittney-griner-s-d-1849343615"
  },
  {
    "text": "WNBA",
    "url": "https://deadspin.com/basketball/wnba"
  },
  {
    "text": "Is this the beginning of the end of Brittney Griner\u2019s detainment?",
    "url": "https://deadspin.com/is-this-the-beginning-of-the-end-of-brittney-griner-s-d-1849343615"
  },
  {
    "text": "DJ Dunson",
    "url": "/author/djdunson"
  },
  {
    "text": "",
    "url": "https://deadspin.com/biden-approves-prisoner-swap-in-attempt-to-bring-brittn-1849340345"
  },
  {
    "text": "WNBA",
    "url": "https://deadspin.com/basketball/wnba"
  },
  {
    "text": "Biden approves prisoner swap in attempt to bring Brittney Griner and Paul Whelan home",
    "url": "https://deadspin.com/biden-approves-prisoner-swap-in-attempt-to-bring-brittn-1849340345"
  },
  {
    "text": "DJ Dunson",
    "url": "/author/djdunson"
  },
  {
    "text": "",
    "url": "https://deadspin.com/bronny-james-might-be-in-for-a-gap-year-if-the-nba-age-1849333644"
  },
  {
    "text": "NBA",
    "url": "https://deadspin.com/basketball/nba"
  },
  {
    "text": "Bronny James might be in for a gap year if the NBA age limit isn\u2019t lowered",
    "url": "https://deadspin.com/bronny-james-might-be-in-for-a-gap-year-if-the-nba-age-1849333644"
  },
  {
    "text": "Sean Beckwith",
    "url": "/author/seanebeckwith"
  },
  {
    "text": "Hockey",
    "url": "https://deadspin.com/hockey"
  },
  {
    "text": "Show all",
    "url": "https://deadspin.com/hockey"
  },
  {
    "text": "",
    "url": "https://deadspin.com/the-calgary-flames-will-not-go-quietly-into-that-good-n-1849333323"
  },
  {
    "text": "NHL",
    "url": "https://deadspin.com/hockey/nhl"
  },
  {
    "text": "The Calgary Flames will not go quietly into that good night",
    "url": "https://deadspin.com/the-calgary-flames-will-not-go-quietly-into-that-good-n-1849333323"
  },
  {
    "text": "Sam Fels",
    "url": "/author/samfels27"
  },
  {
    "text": "",
    "url": "https://deadspin.com/the-penguins-and-evgeni-malkin-wouldnt-really-split-ove-1849170253"
  },
  {
    "text": "NHL",
    "url": "https://deadspin.com/hockey/nhl"
  },
  {
    "text": "The Penguins and Evgeni Malkin wouldn't really split over one year, would they?",
    "url": "https://deadspin.com/the-penguins-and-evgeni-malkin-wouldnt-really-split-ove-1849170253"
  },
  {
    "text": "Sam Fels",
    "url": "/author/samfels27"
  },
  {
    "text": "",
    "url": "https://deadspin.com/duncan-keith-a-shutdown-corner-on-ice-1849164758"
  },
  {
    "text": "NHL",
    "url": "https://deadspin.com/hockey/nhl"
  },
  {
    "text": "Duncan Keith, a shutdown corner on ice",
    "url": "https://deadspin.com/duncan-keith-a-shutdown-corner-on-ice-1849164758"
  },
  {
    "text": "Sam Fels",
    "url": "/author/samfels27"
  },
  {
    "text": "Now playing\n\t\n\t\t\n\t\t\t\n\t\t\n\t\n",
    "url": "https://deadspin.com/the-griers-are-the-obamas-of-the-front-office-1849164413"
  },
  {
    "text": "NHL",
    "url": "https://deadspin.com/hockey/nhl"
  },
  {
    "text": "The Griers are the Obamas of the front office",
    "url": "https://deadspin.com/the-griers-are-the-obamas-of-the-front-office-1849164413"
  },
  {
    "text": "DJ Dunson",
    "url": "/author/djdunson"
  },
  {
    "text": "Andy Mills",
    "url": "/author/amills"
  },
  {
    "text": "Lists",
    "url": "https://deadspin.com/lists"
  },
  {
    "text": "Show all",
    "url": "https://deadspin.com/lists"
  },
  {
    "text": "",
    "url": "https://deadspin.com/idiot-of-the-month-independence-day-edition-1849139395"
  },
  {
    "text": "Idiots of Month/Year",
    "url": "https://deadspin.com/lists/idiots-of-month-year"
  },
  {
    "text": "Idiot of the Month: Independence Day edition",
    "url": "https://deadspin.com/idiot-of-the-month-independence-day-edition-1849139395"
  },
  {
    "text": "Deadspin Staff",
    "url": "https://deadspin.com/author/deadspinstaff"
  },
  {
    "text": "",
    "url": "https://deadspin.com/this-july-4th-lets-celebrate-athletes-who-changed-the-1849139830"
  },
  {
    "text": "Lists",
    "url": "https://deadspin.com/lists"
  },
  {
    "text": "This July 4th, let's celebrate athletes who revolutionized the game",
    "url": "https://deadspin.com/this-july-4th-lets-celebrate-athletes-who-changed-the-1849139830"
  },
  {
    "text": "DJ Dunson",
    "url": "/author/djdunson"
  },
  {
    "text": "",
    "url": "https://deadspin.com/which-players-have-played-on-the-most-teams-in-each-spo-1849137649"
  },
  {
    "text": "Lists",
    "url": "https://deadspin.com/lists"
  },
  {
    "text": "Which players have played on the most teams in each sport?",
    "url": "https://deadspin.com/which-players-have-played-on-the-most-teams-in-each-spo-1849137649"
  },
  {
    "text": "Eric Blum",
    "url": "/author/ericblum"
  },
  {
    "text": "",
    "url": "https://deadspin.com/the-most-exhausted-pro-athletes-are-1849082719"
  },
  {
    "text": "Lists",
    "url": "https://deadspin.com/lists"
  },
  {
    "text": "The most exhausted pro athletes are\u2026",
    "url": "https://deadspin.com/the-most-exhausted-pro-athletes-are-1849082719"
  },
  {
    "text": "Sean Beckwith",
    "url": "/author/seanebeckwith"
  },
  {
    "text": "Soccer",
    "url": "https://deadspin.com/soccer"
  },
  {
    "text": "Show all",
    "url": "https://deadspin.com/soccer"
  },
  {
    "text": "",
    "url": "https://deadspin.com/it-had-to-be-germany-1849342249"
  },
  {
    "text": "Soccer",
    "url": "https://deadspin.com/soccer"
  },
  {
    "text": "It had to be Germany",
    "url": "https://deadspin.com/it-had-to-be-germany-1849342249"
  },
  {
    "text": "Sam Fels",
    "url": "/author/samfels27"
  },
  {
    "text": "",
    "url": "https://deadspin.com/wtf-a-backheeled-nutmeg-winner-at-womens-euro-2022-1849337139"
  },
  {
    "text": "Soccer",
    "url": "https://deadspin.com/soccer"
  },
  {
    "text": "WTF! A backheeled nutmeg winner at Women's Euro 2022",
    "url": "https://deadspin.com/wtf-a-backheeled-nutmeg-winner-at-womens-euro-2022-1849337139"
  },
  {
    "text": "Sam Fels",
    "url": "/author/samfels27"
  },
  {
    "text": "",
    "url": "https://deadspin.com/american-keepers-who-found-success-in-england-1849180244"
  },
  {
    "text": "Soccer",
    "url": "https://deadspin.com/soccer"
  },
  {
    "text": "American keepers who found success in England",
    "url": "https://deadspin.com/american-keepers-who-found-success-in-england-1849180244"
  },
  {
    "text": "Eric Blum",
    "url": "/author/ericblum"
  },
  {
    "text": "",
    "url": "https://deadspin.com/darwin-nunez-s-courting-of-liverpool-holdouts-is-underw-1849318571"
  },
  {
    "text": "Soccer",
    "url": "https://deadspin.com/soccer"
  },
  {
    "text": "Darwin N\u00fa\u00f1ez\u2019s courting of Liverpool holdouts is underway",
    "url": "https://deadspin.com/darwin-nunez-s-courting-of-liverpool-holdouts-is-underw-1849318571"
  },
  {
    "text": "Sean Beckwith",
    "url": "/author/seanebeckwith"
  }
]