[
  {
    "text": " Skip to content",
    "url": "#genesis-content"
  },
  {
    "text": " Skip to primary sidebar",
    "url": "#genesis-sidebar-primary"
  },
  {
    "text": " Skip to footer",
    "url": "#genesis-footer-widgets"
  },
  {
    "text": "Decision Desk HQ",
    "url": "https://decisiondeskhq.com/"
  },
  {
    "text": "Home",
    "url": "https://decisiondeskhq.com"
  },
  {
    "text": "Results",
    "url": "https://results.decisiondeskhq.com/"
  },
  {
    "text": "Forecasting",
    "url": "https://forecast.decisiondeskhq.com/"
  },
  {
    "text": "Services",
    "url": "https://ddhq.io/"
  },
  {
    "text": "July 28, 2022",
    "url": "https://decisiondeskhq.com/primary-season-is-back-a-rundown-of-the-august-2nd-contests-to-watch/"
  },
  {
    "text": "Primary Season is Back: A Rundown of the August 2nd Contests to Watch",
    "url": "https://decisiondeskhq.com/primary-season-is-back-a-rundown-of-the-august-2nd-contests-to-watch/"
  },
  {
    "text": "DDHQ News Spotlight: DCCC Spends Against Meijer in MI-03, Lasry Drops out of WI Senate Primary",
    "url": "https://decisiondeskhq.com/ddhq-election-day-spotlight-dccc-spends-against-meijer-in-mi-03-lasry-drops-out-of-wi-senate-primary/"
  },
  {
    "text": "July 26, 2022",
    "url": "https://decisiondeskhq.com/election-results-charlotte-and-greensboro-nc-mayoral/"
  },
  {
    "text": "Election Results: Charlotte and Greensboro, NC Mayoral",
    "url": "https://decisiondeskhq.com/election-results-charlotte-and-greensboro-nc-mayoral/"
  },
  {
    "text": "DDHQ Election Day Spotlight: Trump, Wes Moore Score Wins in Maryland",
    "url": "https://decisiondeskhq.com/ddhq-election-day-spotlight-trump-wes-moore-score-wins-in-maryland/"
  },
  {
    "text": "July 21, 2022",
    "url": "https://decisiondeskhq.com/decision-desk-hq-2022-forecast-model-answering-some-of-your-questions/"
  },
  {
    "text": "Decision Desk HQ 2022 Forecast Model: Answering Some Of Your Questions",
    "url": "https://decisiondeskhq.com/decision-desk-hq-2022-forecast-model-answering-some-of-your-questions/"
  },
  {
    "text": "Introducing The 2022 Decision Desk HQ Forecast Model",
    "url": "https://decisiondeskhq.com/introducing-the-2022-decision-desk-hq-forecast-model/"
  },
  {
    "text": "DDHQ Staff",
    "url": "https://decisiondeskhq.com/author/ddhq-staff/"
  },
  {
    "text": "DDHQ Election Day Spotlight: Competitive Primaries in Maryland",
    "url": "https://decisiondeskhq.com/ddhq-election-day-spotlight-competitive-primaries-in-maryland/"
  },
  {
    "text": "Ryan Gest",
    "url": "https://decisiondeskhq.com/author/ryan-gest/"
  },
  {
    "text": "DDHQ News Spotlight: Manchin Further Weakens Potential Reconciliation Bill, plus GOP Worries About Senate Intensifies",
    "url": "https://decisiondeskhq.com/ddhq-news-spotlight-manchin-further-weakens-potential-reconciliation-bill-plus-gop-worries-about-senate-intensifies/"
  },
  {
    "text": "Zachary Donnini",
    "url": "https://decisiondeskhq.com/author/zachary-donnini/"
  },
  {
    "text": "DDHQ News Spotlight: Republicans Scramble to Delay Trump\u2019s 2024 Campaign Announcement",
    "url": "https://decisiondeskhq.com/ddhq-news-spotlight-republicans-scramble-to-delay-trumps-2024-campaign-announcement/"
  },
  {
    "text": "Ryan Gest",
    "url": "https://decisiondeskhq.com/author/ryan-gest/"
  },
  {
    "text": "DDHQ News Spotlight: Inflation in US Nearing Record High, plus Democrats are Back to Meddling in GOP Governor Primaries",
    "url": "https://decisiondeskhq.com/ddhq-news-spotlight-inflation-in-us-nearing-record-high-plus-democrats-are-back-to-meddling-in-gop-governor-primaries/"
  },
  {
    "text": "Zachary Donnini",
    "url": "https://decisiondeskhq.com/author/zachary-donnini/"
  },
  {
    "text": "DDHQ News Spotlight: Democrats Don\u2019t Want Biden in 2024, Republicans Iffy on Trump",
    "url": "https://decisiondeskhq.com/ddhq-news-spotlight-democrats-dont-want-biden-in-2024-republicans-iffy-on-trump/"
  },
  {
    "text": "Ryan Gest",
    "url": "https://decisiondeskhq.com/author/ryan-gest/"
  },
  {
    "text": "Previewing the Wide-Open Maryland Gubernatorial Primaries",
    "url": "https://decisiondeskhq.com/previewing-the-wide-open-maryland-gubernatorial-primaries/"
  },
  {
    "text": "Nick Field",
    "url": "https://decisiondeskhq.com/author/nick_field/"
  },
  {
    "text": "DDHQ News Spotlight: Trump and Ducey Set to Square Off in AZ Gov Primary, Democrats\u2019 Working Majority Decreases After COVID Positives",
    "url": "https://decisiondeskhq.com/ddhq-news-spotlight-trump-and-ducey-set-to-square-off-in-az-gov-primary-democrats-working-majority-decreases-after-covid-positives/"
  },
  {
    "text": "Zachary Donnini",
    "url": "https://decisiondeskhq.com/author/zachary-donnini/"
  },
  {
    "text": "A Conversation With G. Elliott Morris Author Of \u201cSTRENGTH IN NUMBERS: How Polls Work and Why We Need Them\u201d",
    "url": "https://decisiondeskhq.com/a-conversation-with-g-elliott-morris-author-of-strength-in-numbers-how-polls-work-and-why-we-need-them/"
  },
  {
    "text": "DDHQ Staff",
    "url": "https://decisiondeskhq.com/author/ddhq-staff/"
  },
  {
    "text": "DDHQ News Spotlight: Former Japan PM Abe Assassinated, Plus Biden Signs Executive Order on Abortion Rights",
    "url": "https://decisiondeskhq.com/ddhq-news-spotlight-former-japan-pm-abe-assassinated-plus-biden-signs-executive-order-on-abortion-rights/"
  },
  {
    "text": "Zachary Donnini",
    "url": "https://decisiondeskhq.com/author/zachary-donnini/"
  },
  {
    "text": "Facebook",
    "url": "https://www.facebook.com/DecisionDeskHQ/"
  },
  {
    "text": "LinkedIn",
    "url": "https://www.linkedin.com/company/decisiondeskhq"
  },
  {
    "text": "Twitter",
    "url": "https://twitter.com/DecisionDeskHQ"
  },
  {
    "text": "YouTube",
    "url": "https://www.youtube.com/channel/UC0zIez_iBFIOvJumpyKm7yA"
  },
  {
    "text": "2020 Election Forecasting",
    "url": "https://forecast.decisiondeskhq.com/"
  },
  {
    "text": "2020/2021 Election Results Dashboard",
    "url": "https://results.decisiondeskhq.com/"
  },
  {
    "text": "2018 Midterm Forecasting",
    "url": "https://forecasting2018.decisiondeskhq.com/"
  },
  {
    "text": "2018 Midterm Simulator",
    "url": "https://forecasting2018.decisiondeskhq.com/simulator"
  },
  {
    "text": "2020 President",
    "url": "https://decisiondeskhq.com/category/2020-president/"
  },
  {
    "text": "Ad Spending",
    "url": "https://decisiondeskhq.com/category/ad-spending/"
  },
  {
    "text": "Analysis",
    "url": "https://decisiondeskhq.com/category/analysis/"
  },
  {
    "text": "Covid-19",
    "url": "https://decisiondeskhq.com/category/covid-19/"
  },
  {
    "text": "Delegate Count",
    "url": "https://decisiondeskhq.com/category/delegate-count/"
  },
  {
    "text": "Forecasting Model",
    "url": "https://decisiondeskhq.com/category/forecasting-model/"
  },
  {
    "text": "Governor",
    "url": "https://decisiondeskhq.com/category/governor/"
  },
  {
    "text": "Guest Editorial",
    "url": "https://decisiondeskhq.com/category/guest-editorial/"
  },
  {
    "text": "House",
    "url": "https://decisiondeskhq.com/category/house/"
  },
  {
    "text": "International Elections",
    "url": "https://decisiondeskhq.com/category/international-elections/"
  },
  {
    "text": "Mapping",
    "url": "https://decisiondeskhq.com/category/mapping/"
  },
  {
    "text": "Methodology",
    "url": "https://decisiondeskhq.com/category/methodology/"
  },
  {
    "text": "municipal elections",
    "url": "https://decisiondeskhq.com/category/municipal-elections/"
  },
  {
    "text": "News",
    "url": "https://decisiondeskhq.com/category/news/"
  },
  {
    "text": "Podcast",
    "url": "https://decisiondeskhq.com/category/podcast/"
  },
  {
    "text": "Polling",
    "url": "https://decisiondeskhq.com/category/polling/"
  },
  {
    "text": "Predictions",
    "url": "https://decisiondeskhq.com/category/predictions/"
  },
  {
    "text": "Race Preview",
    "url": "https://decisiondeskhq.com/category/race-preview/"
  },
  {
    "text": "Race Update",
    "url": "https://decisiondeskhq.com/category/race-update/"
  },
  {
    "text": "Ranked-Choice Voting",
    "url": "https://decisiondeskhq.com/category/ranked-choice-voting/"
  },
  {
    "text": "Results",
    "url": "https://decisiondeskhq.com/category/results/"
  },
  {
    "text": "Senate",
    "url": "https://decisiondeskhq.com/category/senate/"
  },
  {
    "text": "Special Election - Congressional",
    "url": "https://decisiondeskhq.com/category/special-election-congressional/"
  },
  {
    "text": "Special Election- State Legislature",
    "url": "https://decisiondeskhq.com/category/special-election-state-legislature/"
  },
  {
    "text": "UK 2019 Election",
    "url": "https://decisiondeskhq.com/category/uk-2019-election/"
  },
  {
    "text": "Uncategorized",
    "url": "https://decisiondeskhq.com/category/uncategorized/"
  },
  {
    "text": "Virgina Legislative Results",
    "url": "https://decisiondeskhq.com/category/virgina-legislative-results/"
  },
  {
    "text": "Services",
    "url": "https://ddhq.io/"
  },
  {
    "text": "About",
    "url": "https://decisiondeskhq.com/about/"
  },
  {
    "text": "Contact Us",
    "url": "https://decisiondeskhq.com/contact-us/"
  },
  {
    "text": "Privacy Policy",
    "url": "https://decisiondeskhq.com/privacy-policy/"
  },
  {
    "text": "Facebook",
    "url": "https://www.facebook.com/DecisionDeskHQ/"
  },
  {
    "text": "LinkedIn",
    "url": "https://www.linkedin.com/company/decisiondeskhq"
  },
  {
    "text": "Twitter",
    "url": "https://twitter.com/DecisionDeskHQ"
  },
  {
    "text": "YouTube",
    "url": "https://www.youtube.com/channel/UC0zIez_iBFIOvJumpyKm7yA"
  },
  {
    "text": "Powered by Cookie Information",
    "url": "https://cookieinformation.com/?utm_campaign=van-ons-go-premium&utm_source=van-ons-wp&utm_medium=referral"
  },
  {
    "text": "",
    "url": "https://publir.com/"
  }
]