[
  {
    "text": "DESERT ORACLE",
    "url": "https://desertoracle.com"
  },
  {
    "text": "DESERT ORACLE RADIO",
    "url": "https://www.desertoracle.com/radio/"
  },
  {
    "text": "SUBSCRIBE",
    "url": "https://www.desertoracle.com/"
  },
  {
    "text": "EVENTS",
    "url": "https://www.desertoracle.com/event-calendar/"
  },
  {
    "text": "NEWS",
    "url": "https://www.desertoracle.com/press/"
  },
  {
    "text": "GET OUR BOOK",
    "url": "https://www.amazon.com/Desert-Oracle-Strange-American-Southwest/dp/0374139687/"
  },
  {
    "text": "STOCKISTS",
    "url": "https://www.desertoracle.com/for-retailers/"
  },
  {
    "text": "BECOME A PATRON!",
    "url": "https://www.patreon.com/bePatron?u=26080998"
  },
  {
    "text": "ending the publication of its magazine",
    "url": "https://twitter.com/Desert_Oracle/status/1483525177396719616"
  },
  {
    "text": "please do so at our Patreon page.",
    "url": "https://www.patreon.com/desertoracle"
  },
  {
    "text": "FACEBOOK",
    "url": "http://facebook.com/desertoracle"
  },
  {
    "text": "TWITTER",
    "url": "http://twitter.com/desert_oracle"
  },
  {
    "text": "INSTAGRAM",
    "url": "http://instagram.com/desertoracle"
  },
  {
    "text": "TUMBLR",
    "url": "http://desert-oracle.tumblr.com"
  },
  {
    "text": "Facebook",
    "url": "https://www.desertoracle.com/?share=facebook&nb=1"
  },
  {
    "text": "Twitter",
    "url": "https://www.desertoracle.com/?share=twitter&nb=1"
  },
  {
    "text": "Tumblr",
    "url": "https://www.desertoracle.com/?share=tumblr&nb=1"
  },
  {
    "text": "LinkedIn",
    "url": "https://www.desertoracle.com/?share=linkedin&nb=1"
  },
  {
    "text": "Pinterest1",
    "url": "https://www.desertoracle.com/?share=pinterest&nb=1"
  },
  {
    "text": "",
    "url": "#header"
  },
  {
    "text": "DESERT ORACLE RADIO",
    "url": "https://www.desertoracle.com/radio/"
  },
  {
    "text": "SUBSCRIBE",
    "url": "https://www.desertoracle.com/"
  },
  {
    "text": "EVENTS",
    "url": "https://www.desertoracle.com/event-calendar/"
  },
  {
    "text": "NEWS",
    "url": "https://www.desertoracle.com/press/"
  },
  {
    "text": "GET OUR BOOK",
    "url": "https://www.amazon.com/Desert-Oracle-Strange-American-Southwest/dp/0374139687/"
  },
  {
    "text": "STOCKISTS",
    "url": "https://www.desertoracle.com/for-retailers/"
  },
  {
    "text": "BECOME A PATRON!",
    "url": "https://www.patreon.com/bePatron?u=26080998"
  },
  {
    "text": "DESERT ORACLE",
    "url": "https://www.desertoracle.com"
  },
  {
    "text": "WordPress",
    "url": "http://wordpress.org"
  },
  {
    "text": "Themify WordPress Themes",
    "url": "http://themify.me"
  }
]