[
  {
    "text": "\n        \n  \n  \n    \n  \n    \n    \n    \n    \n\n\n  \n\n  \n\n\n    ",
    "url": "https://go.discovery.com/watch/discovery"
  },
  {
    "text": "\n    Stream Now\u00a0\n\n    \n\n    \n      \n        \n    \n\n\n        \n      \n    \n    \n      \n        \n      \n    \n  ",
    "url": "https://www.discoveryplus.com/?xp=dsc_nav_streamnow"
  },
  {
    "text": "\n    \n    \n\n    \n\n    \n      \n      \n  \n    \n  \n    \n    \n    \n    \n    \n    \n    \n\n\n  \n\n  \n\n    \n  ",
    "url": "//www.discovery.com"
  },
  {
    "text": "Shows",
    "url": "//www.discovery.com/shows"
  },
  {
    "text": "Shark Week",
    "url": "//www.discovery.com/shark-week"
  },
  {
    "text": "Naked and Afraid XL",
    "url": "//www.discovery.com/shows/naked-and-afraid-xl"
  },
  {
    "text": "Street Outlaws: End Game",
    "url": "//www.discovery.com/shows/street-outlaws-end-game"
  },
  {
    "text": "Expedition Unknown",
    "url": "//www.discovery.com/shows/expedition-unknown"
  },
  {
    "text": "Gold Rush: Parker's Trail",
    "url": "//www.discovery.com/shows/gold-rush-parkers-trail"
  },
  {
    "text": "BattleBots",
    "url": "//www.discovery.com/shows/battlebots"
  },
  {
    "text": "Gold Rush: Dave Turin's Lost Mine",
    "url": "//www.discovery.com/shows/gold-rush-dave-turins-lost-mine"
  },
  {
    "text": "Deadliest Catch",
    "url": "//www.discovery.com/shows/deadliest-catch"
  },
  {
    "text": "Expedition X",
    "url": "//www.discovery.com/shows/expedition-x"
  },
  {
    "text": "Gold Rush",
    "url": "//www.discovery.com/shows/gold-rush"
  },
  {
    "text": "TV Schedule",
    "url": "//www.discovery.com/shows/tv-schedule"
  },
  {
    "text": "Watch Live Now",
    "url": "https://go.discovery.com/watch/discovery"
  },
  {
    "text": "See All Shows",
    "url": "//www.discovery.com/shows"
  },
  {
    "text": "\n\n              \n                \n                \n                  \n  \n    \n    \n    \n      \n    \n    \n  \n  \n\n                \n                \n              \n              BattleBots Will Slug it Out to Win the Coveted Golden Bolt Trophy\n            ",
    "url": "//www.discovery.com/shows/battlebots/articles/battlebots-champions-golden-bolt-trophy-tournament-slugfest-new-watch"
  },
  {
    "text": "\n\n              \n                \n                \n                  \n  \n    \n    \n    \n      \n    \n    \n  \n  \n\n                \n                \n              \n              Remarkable Moments From The Bond\n            ",
    "url": "//www.discovery.com/shows/the-bond/remarkable-moments-from-the-bond"
  },
  {
    "text": "\n\n              \n                \n                \n                  \n  \n    \n    \n    \n      \n    \n    \n  \n  \n\n                \n                \n              \n              Celebrating 300 Episodes of Deadliest Catch\n            ",
    "url": "//www.discovery.com/shows/deadliest-catch/300-episodes-of-deadliest-catch-pictures"
  },
  {
    "text": "\n\n              \n                \n                \n                  \n  \n    \n    \n    \n      \n    \n    \n  \n  \n\n                \n                \n              \n              Meet the Winter Warriors of Naked and Afraid XL: Frozen\n            ",
    "url": "//www.discovery.com/shows/naked-and-afraid-xl/naked-and-afraid-xl-frozen-all-stars-pictures"
  },
  {
    "text": "\n\n              \n                \n                \n                  \n  \n    \n    \n    \n      \n    \n    \n  \n  \n\n                \n                \n              \n              Naked and Afraid XL Has Frozen Over\n            ",
    "url": "//www.discovery.com/shows/naked-and-afraid-xl/articles/naked-and-afraid-xl-frozen"
  },
  {
    "text": "\n\n              \n                \n                \n                  \n  \n    \n    \n    \n      \n    \n    \n  \n  \n\n                \n                \n              \n              Top Racers Put Their Building Skills to the Test on STREET OUTLAWS: END GAME\n            ",
    "url": "//www.discovery.com/shows/street-outlaws-end-game/top-drivers-return-to-their-roots-on-street-outlaws--end-game-pictures"
  },
  {
    "text": "\n\n              \n                \n                \n                  \n  \n    \n    \n    \n      \n    \n    \n  \n  \n\n                \n                \n              \n              The Explorer's Passport: Follow the Adventures of Expedition Unknown and Expedition X!\n            ",
    "url": "//www.discovery.com/shows/expedition-unknown/the-explorer-s-passport--see-where-we-ve-traveled-with-adventure-pictures"
  },
  {
    "text": "\n\n              \n                \n                \n                  \n  \n    \n    \n    \n      \n    \n    \n  \n  \n\n                \n                \n              \n              Gold Rush: Parker\u2019s Trail heads to New Zealand\n            ",
    "url": "//www.discovery.com/shows/gold-rush-parkers-trail/gold-rush--parker-s-trail-heads-to-new-zealand-pictures"
  },
  {
    "text": "\n\n              \n                \n                \n                  \n  \n    \n    \n    \n      \n    \n    \n  \n  \n\n                \n                \n              \n              Parker Schnabel is Traveling Further Than Ever in the Name of Gold\n            ",
    "url": "//www.discovery.com/shows/gold-rush-parkers-trail/articles/parker-schnabel-new-zealand-adventure"
  },
  {
    "text": "\n\n              \n                \n                \n                  \n  \n    \n    \n    \n      \n    \n    \n  \n  \n\n                \n                \n              \n              Journey to the Finals: Master Distiller Tournament of Champions\n            ",
    "url": "//www.discovery.com/shows/moonshiners-master-distiller/articles/master-distiller-tournament-of-champions-finals-winner-richard-daniel-mark-digger-tim"
  },
  {
    "text": "See All Shows",
    "url": "//www.discovery.com/shows"
  },
  {
    "text": "DNews",
    "url": "//www.discovery.com/dnews"
  },
  {
    "text": "All DNews Articles",
    "url": "//www.discovery.com/dnews/all-dnews-articles"
  },
  {
    "text": "All DNews Photos",
    "url": "//www.discovery.com/dnews/all-dnews-photos-pictures"
  },
  {
    "text": "See All DNews",
    "url": "//www.discovery.com/dnews"
  },
  {
    "text": "\n\n              \n                \n                \n                  \n  \n    \n    \n    \n      \n    \n    \n  \n  \n\n                \n                \n              \n              Hero Rats Are Being Trained to Rescue Earthquake Survivors\n            ",
    "url": "//www.discovery.com/nature/rats-are-being-trained-to-rescue-earthquake-survivors-"
  },
  {
    "text": "\n\n              \n                \n                \n                  \n  \n    \n    \n    \n      \n    \n    \n  \n  \n\n                \n                \n              \n              Can the Los Angeles River be Restored?\n            ",
    "url": "//www.discovery.com/nature/la-river-pictures"
  },
  {
    "text": "\n\n              \n                \n                \n                  \n  \n    \n    \n    \n      \n    \n    \n  \n  \n\n                \n                \n              \n              Helping the Los Angeles River Change Course\n            ",
    "url": "//www.discovery.com/nature/la-river"
  },
  {
    "text": "\n\n              \n                \n                \n                  \n  \n    \n    \n    \n      \n    \n    \n  \n  \n\n                \n                \n              \n              The Fascinating Plants of Mount Latimojong\n            ",
    "url": "//www.discovery.com/nature/fascinating-plants-from-mount-latimojong-pictures"
  },
  {
    "text": "\n\n              \n                \n                \n                  \n  \n    \n    \n    \n      \n    \n    \n  \n  \n\n                \n                \n              \n              New Zealand's Sea Lions Have Returned: Crashing Soccer Games, Golf Courses, and Public Pools\n            ",
    "url": "//www.discovery.com/nature/new-zealand-s-sea-lions-have-returned--crashing-soccer-games--go"
  },
  {
    "text": "\n\n              \n                \n                \n                  \n  \n    \n    \n    \n      \n    \n    \n  \n  \n\n                \n                \n              \n              Spreading the Love for World Kindness Day\n            ",
    "url": "//www.discovery.com/nature/spreading-the-love-for-world-kindness-day-pictures"
  },
  {
    "text": "\n\n              \n                \n                \n                  \n  \n    \n    \n    \n      \n    \n    \n  \n  \n\n                \n                \n              \n              Bat Pups Babble like Babies\n            ",
    "url": "//www.discovery.com/nature/bat-pups-babble-like-babies"
  },
  {
    "text": "\n\n              \n                \n                \n                  \n  \n    \n    \n    \n      \n    \n    \n  \n  \n\n                \n                \n              \n              Virgin Births: The First California Condor Chicks Born from Unfertilized Eggs\n            ",
    "url": "//www.discovery.com/nature/virgin-births--the-first-california-condor-chicks-born-from-unfe"
  },
  {
    "text": "\n\n              \n                \n                \n                  \n  \n    \n    \n    \n      \n    \n    \n  \n  \n\n                \n                \n              \n              An Amazonian Tree Sought Refuge with the Norwegian Embassy\n            ",
    "url": "//www.discovery.com/nature/an-amazonian-tree-sought-refuge-with-the-norwegian-embassy"
  },
  {
    "text": "\n\n              \n                \n                \n                  \n  \n    \n    \n    \n      \n    \n    \n  \n  \n\n                \n                \n              \n              The King of Chunks Has Been Crowned\n            ",
    "url": "//www.discovery.com/nature/the-king-of-chunks-has-been-crowned-"
  },
  {
    "text": "See All DNews",
    "url": "//www.discovery.com/dnews"
  },
  {
    "text": "Nature",
    "url": "//www.discovery.com/nature"
  },
  {
    "text": "All Nature Articles",
    "url": "//www.discovery.com/nature/all-nature-articles"
  },
  {
    "text": "All Nature Photos",
    "url": "//www.discovery.com/nature/all-nature-photos-pictures"
  },
  {
    "text": "Nature in Focus",
    "url": "//www.discovery.com/shows/nature-in-focus"
  },
  {
    "text": "See All Nature",
    "url": "//www.discovery.com/nature"
  },
  {
    "text": "\n\n              \n                \n                \n                  \n  \n    \n    \n    \n      \n    \n    \n  \n  \n\n                \n                \n              \n              The Highest Animal on the Food Chain: Megalodon Sharks\n            ",
    "url": "//www.discovery.com/nature/megalodon"
  },
  {
    "text": "\n\n              \n                \n                \n                  \n  \n    \n    \n    \n      \n    \n    \n  \n  \n\n                \n                \n              \n              Using Drone Photography to Capture a Mermaid and Sharks\n            ",
    "url": "//www.discovery.com/nature/mermaid-pictures"
  },
  {
    "text": "\n\n              \n                \n                \n                  \n  \n    \n    \n    \n      \n    \n    \n  \n  \n\n                \n                \n              \n              Sharks and Mermaids, oh my!\n            ",
    "url": "//www.discovery.com/nature/mermaid"
  },
  {
    "text": "\n\n              \n                \n                \n                  \n  \n    \n    \n    \n      \n    \n    \n  \n  \n\n                \n                \n              \n              Do Dolphins Have a New Skin Care Routine?\n            ",
    "url": "//www.discovery.com/nature/dolphin-s-skin-care-routine"
  },
  {
    "text": "\n\n              \n                \n                \n                  \n  \n    \n    \n    \n      \n    \n    \n  \n  \n\n                \n                \n              \n              The Best Way to Help Found Kittens\n            ",
    "url": "//www.discovery.com/nature/how-to-help-kittens-pictures"
  },
  {
    "text": "\n\n              \n                \n                \n                  \n  \n    \n    \n    \n      \n    \n    \n  \n  \n\n                \n                \n              \n              This Summer, Lake Tahoe Will Get 100,000 Fish Back\n            ",
    "url": "//www.discovery.com/nature/lake-tahoe-is-getting-it-s-fish-back"
  },
  {
    "text": "\n\n              \n                \n                \n                  \n  \n    \n    \n    \n      \n    \n    \n  \n  \n\n                \n                \n              \n              Two Orcas Are Hunting Great White Sharks in South Africa\n            ",
    "url": "//www.discovery.com/nature/killer-whales-hunt-down-great-white-sharks"
  },
  {
    "text": "\n\n              \n                \n                \n                  \n  \n    \n    \n    \n      \n    \n    \n  \n  \n\n                \n                \n              \n              Are Sharks Coming Closer to Our Shores?\n            ",
    "url": "//www.discovery.com/nature/are-sharks-coming-closer-to-our-shores--"
  },
  {
    "text": "\n\n              \n                \n                \n                  \n  \n    \n    \n    \n      \n    \n    \n  \n  \n\n                \n                \n              \n              Why the Long Face? Extinct Headbutting Relatives Reveal Giraffes' Neck Evolution\n            ",
    "url": "//www.discovery.com/nature/why-giraffes-evolved-to-have-long-necks"
  },
  {
    "text": "\n\n              \n                \n                \n                  \n  \n    \n    \n    \n      \n    \n    \n  \n  \n\n                \n                \n              \n              There is Hope for the Future of Polar Bears Threatened by Climate Change\n            ",
    "url": "//www.discovery.com/nature/polar-bears-surviving-without-glacial-ice"
  },
  {
    "text": "See All Nature",
    "url": "//www.discovery.com/nature"
  },
  {
    "text": "Exploration",
    "url": "//www.discovery.com/exploration"
  },
  {
    "text": "All Exploration Articles",
    "url": "//www.discovery.com/exploration/all-exploration-articles"
  },
  {
    "text": "All Exploration Photos",
    "url": "//www.discovery.com/exploration/all-exploration-photos-pictures"
  },
  {
    "text": "Nature is Fly",
    "url": "//www.discovery.com/shows/nature-is-fly"
  },
  {
    "text": "The Explorers Club Discovery Expedition Grantees",
    "url": "//www.discovery.com/exploration/the-explorers-club-discovery-expedition-grant-program"
  },
  {
    "text": "See All Exploration",
    "url": "//www.discovery.com/exploration"
  },
  {
    "text": "\n\n              \n                \n                \n                  \n  \n    \n    \n    \n      \n    \n    \n  \n  \n\n                \n                \n              \n              The World's Largest Salt Flat is Nature's Mirror\n            ",
    "url": "//www.discovery.com/exploration/bolivian-salt-flats-pictures"
  },
  {
    "text": "\n\n              \n                \n                \n                  \n  \n    \n    \n    \n      \n    \n    \n  \n  \n\n                \n                \n              \n              Discover this Quaint Gem on the English Coast\n            ",
    "url": "//www.discovery.com/exploration/cornwall"
  },
  {
    "text": "\n\n              \n                \n                \n                  \n  \n    \n    \n    \n      \n    \n    \n  \n  \n\n                \n                \n              \n              Belize's Jungles are Wild, Mysterious and Full of Discovery\n            ",
    "url": "//www.discovery.com/exploration/exploring-belize-s-wild-jungles"
  },
  {
    "text": "\n\n              \n                \n                \n                  \n  \n    \n    \n    \n      \n    \n    \n  \n  \n\n                \n                \n              \n              New Zealand is a Gold Mine of Adventure\n            ",
    "url": "//www.discovery.com/exploration/exploring-the-best-of-new-zealand-pictures"
  },
  {
    "text": "\n\n              \n                \n                \n                  \n  \n    \n    \n    \n      \n    \n    \n  \n  \n\n                \n                \n              \n              The Best of Akaka Falls State Park\n            ",
    "url": "//www.discovery.com/exploration/akaka-falls-state-park-pictures"
  },
  {
    "text": "\n\n              \n                \n                \n                  \n  \n    \n    \n    \n      \n    \n    \n  \n  \n\n                \n                \n              \n              50 Changemakers the World Show Know About\n            ",
    "url": "//www.discovery.com/exploration/ec50-pictures"
  },
  {
    "text": "\n\n              \n                \n                \n                  \n  \n    \n    \n    \n      \n    \n    \n  \n  \n\n                \n                \n              \n              Panama has Hundreds of Islands, Each More Beautiful than the Last\n            ",
    "url": "//www.discovery.com/exploration/panama-has-hundreds-of-islands--each-more-beautiful-than-the-las"
  },
  {
    "text": "\n\n              \n                \n                \n                  \n  \n    \n    \n    \n      \n    \n    \n  \n  \n\n                \n                \n              \n              Giant\u2019s Causeway: The Fascinating Legend Behind Ireland\u2019s Most Famous Landmark\n            ",
    "url": "//www.discovery.com/exploration/ireland-s-giant-s-causeway"
  },
  {
    "text": "\n\n              \n                \n                \n                  \n  \n    \n    \n    \n      \n    \n    \n  \n  \n\n                \n                \n              \n              Yosemite National Park is a Visitor's Paradise\n            ",
    "url": "//www.discovery.com/exploration/yosemite-pictures"
  },
  {
    "text": "\n\n              \n                \n                \n                  \n  \n    \n    \n    \n      \n    \n    \n  \n  \n\n                \n                \n              \n              Enjoy Views from the Pacific Crest Trail\n            ",
    "url": "//www.discovery.com/exploration/pacific-crest-trail-pictures"
  },
  {
    "text": "See All Exploration",
    "url": "//www.discovery.com/exploration"
  },
  {
    "text": "Space",
    "url": "//www.discovery.com/space"
  },
  {
    "text": "All Space Articles",
    "url": "//www.discovery.com/space/all-space-articles"
  },
  {
    "text": "All Space Photos",
    "url": "//www.discovery.com/space/all-space-photos-pictures"
  },
  {
    "text": "Space Out",
    "url": "//www.discovery.com/shows/space-out"
  },
  {
    "text": "See All Space",
    "url": "//www.discovery.com/space"
  },
  {
    "text": "\n\n              \n                \n                \n                  \n  \n    \n    \n    \n      \n    \n    \n  \n  \n\n                \n                \n              \n              Chinese Space Debris is Heading for a Crash Landing on Earth\n            ",
    "url": "//www.discovery.com/space/chinese-space-debris"
  },
  {
    "text": "\n\n              \n                \n                \n                  \n  \n    \n    \n    \n      \n    \n    \n  \n  \n\n                \n                \n              \n              Curiosity Daily Podcast: Why Symmetry Wins, Solar-Covered Canals, Plants on the Moon\n            ",
    "url": "//www.discovery.com/podcasts/curiosity-daily-podcast/why-symmetry-wins"
  },
  {
    "text": "\n\n              \n                \n                \n                  \n  \n    \n    \n    \n      \n    \n    \n  \n  \n\n                \n                \n              \n              Space Debris Reaches Critical Levels Threatening Future Science\n            ",
    "url": "//www.discovery.com/space/space-junk-threatens-our-future"
  },
  {
    "text": "\n\n              \n                \n                \n                  \n  \n    \n    \n    \n      \n    \n    \n  \n  \n\n                \n                \n              \n              We\u2019re Watching a Giant Star Die Before Our Very Eyes\n            ",
    "url": "//www.discovery.com/space/giant-star"
  },
  {
    "text": "\n\n              \n                \n                \n                  \n  \n    \n    \n    \n      \n    \n    \n  \n  \n\n                \n                \n              \n              The James Webb Space Telescope Searches for Our Cosmic Origins\n            ",
    "url": "//www.discovery.com/space/james-webb-telescope-images-pictures"
  },
  {
    "text": "\n\n              \n                \n                \n                  \n  \n    \n    \n    \n      \n    \n    \n  \n  \n\n                \n                \n              \n              The First Full-Color Image From the James Webb Telescope is Here\n            ",
    "url": "//www.discovery.com/space/first-images-from-the-james-webb-telescope"
  },
  {
    "text": "\n\n              \n                \n                \n                  \n  \n    \n    \n    \n      \n    \n    \n  \n  \n\n                \n                \n              \n              10 Years of the Higgs Boson\n            ",
    "url": "//www.discovery.com/space/higgs-boson"
  },
  {
    "text": "\n\n              \n                \n                \n                  \n  \n    \n    \n    \n      \n    \n    \n  \n  \n\n                \n                \n              \n              The Latest Thing to Blow Your Mind: A \u201cBlack Widow\u201d Binary\n            ",
    "url": "//www.discovery.com/space/black-widow-binary"
  },
  {
    "text": "\n\n              \n                \n                \n                  \n  \n    \n    \n    \n      \n    \n    \n  \n  \n\n                \n                \n              \n              There Isn\u2019t a Door on Mars, but there are Some Cool Rocks\n            ",
    "url": "//www.discovery.com/space/rocks-on-mars"
  },
  {
    "text": "\n\n              \n                \n                \n                  \n  \n    \n    \n    \n      \n    \n    \n  \n  \n\n                \n                \n              \n              NASA Launches CAPSTONE to Test Experimental Orbit Around the Moon\n            ",
    "url": "//www.discovery.com/space/nasa-sends-capstone-to-the-moon"
  },
  {
    "text": "See All Space",
    "url": "//www.discovery.com/space"
  },
  {
    "text": "Science",
    "url": "//www.discovery.com/science"
  },
  {
    "text": "All Science Articles",
    "url": "//www.discovery.com/science/all-science-articles"
  },
  {
    "text": "All Science Photos",
    "url": "//www.discovery.com/science/all-science-photos-pictures"
  },
  {
    "text": "Curiosity Daily Podcast",
    "url": "//www.discovery.com/podcasts/curiosity-daily-podcast"
  },
  {
    "text": "See All Science",
    "url": "//www.discovery.com/science"
  },
  {
    "text": "\n\n              \n                \n                \n                  \n  \n    \n    \n    \n      \n    \n    \n  \n  \n\n                \n                \n              \n              Can this New Wetsuit Technology Protect Against Shark Bites?\n            ",
    "url": "//www.discovery.com/science/shark-stop-wetsuit"
  },
  {
    "text": "\n\n              \n                \n                \n                  \n  \n    \n    \n    \n      \n    \n    \n  \n  \n\n                \n                \n              \n              Canadian Museum Rediscovers a New Ancient Shark Species - The First of its Kind\n            ",
    "url": "//www.discovery.com/science/shark-fossil-rediscovered-in-canadian-museum"
  },
  {
    "text": "\n\n              \n                \n                \n                  \n  \n    \n    \n    \n      \n    \n    \n  \n  \n\n                \n                \n              \n              Supercomputers and Artificial Intelligence Create Future Green Industries\n            ",
    "url": "//www.discovery.com/science/computational-materials"
  },
  {
    "text": "\n\n              \n                \n                \n                  \n  \n    \n    \n    \n      \n    \n    \n  \n  \n\n                \n                \n              \n              Gaming and VR Unleash Wave of Digital Therapies for Improved Health\n            ",
    "url": "//www.discovery.com/science/gaming-therapy"
  },
  {
    "text": "\n\n              \n                \n                \n                  \n  \n    \n    \n    \n      \n    \n    \n  \n  \n\n                \n                \n              \n              This Storm Made the Skies Turn Green in South Dakota\n            ",
    "url": "//www.discovery.com/science/green-skies"
  },
  {
    "text": "\n\n              \n                \n                \n                  \n  \n    \n    \n    \n      \n    \n    \n  \n  \n\n                \n                \n              \n              Insect Feed Can Transform the Farming Industry\n            ",
    "url": "//www.discovery.com/science/insect-feed-can-transform-the-farming-industry"
  },
  {
    "text": "\n\n              \n                \n                \n                  \n  \n    \n    \n    \n      \n    \n    \n  \n  \n\n                \n                \n              \n              Gold Miner Discovers Mummified Baby Woolly Mammoth in Canada\n            ",
    "url": "//www.discovery.com/science/baby-woolly-mammoth"
  },
  {
    "text": "\n\n              \n                \n                \n                  \n  \n    \n    \n    \n      \n    \n    \n  \n  \n\n                \n                \n              \n              How Do We Know How Old the Sun Is?\n            ",
    "url": "//www.discovery.com/science/how-old-is-the-sun-"
  },
  {
    "text": "\n\n              \n                \n                \n                  \n  \n    \n    \n    \n      \n    \n    \n  \n  \n\n                \n                \n              \n              Canada Bans Single-Use Plastics to Combat Climate Change\n            ",
    "url": "//www.discovery.com/science/canada-bans-single-use-plastics"
  },
  {
    "text": "\n\n              \n                \n                \n                  \n  \n    \n    \n    \n      \n    \n    \n  \n  \n\n                \n                \n              \n              Astronomers May Have Found a Rare \u201cFree-Floating\u201d Black Hole\n            ",
    "url": "//www.discovery.com/science/free-floating-black-hole"
  },
  {
    "text": "See All Science",
    "url": "//www.discovery.com/science"
  },
  {
    "text": "Motor",
    "url": "//www.discovery.com/motor"
  },
  {
    "text": "All Motor Articles",
    "url": "//www.discovery.com/motor/all-motor-articles"
  },
  {
    "text": "All Motor Photos",
    "url": "//www.discovery.com/motor/all-motor-photos-pictures"
  },
  {
    "text": "See All Motor",
    "url": "//www.discovery.com/motor"
  },
  {
    "text": "\n\n              \n                \n                \n                  \n  \n    \n    \n    \n      \n    \n    \n  \n  \n\n                \n                \n              \n              California Proposes Ban on New Gas-Fueled Cars by 2035\n            ",
    "url": "//www.discovery.com/motor/ban-on-gas-cars"
  },
  {
    "text": "\n\n              \n                \n                \n                  \n  \n    \n    \n    \n      \n    \n    \n  \n  \n\n                \n                \n              \n              How Lithium Batteries Will Improve EV Range and Rapid Charging\n            ",
    "url": "//www.discovery.com/motor/lithium-battery"
  },
  {
    "text": "\n\n              \n                \n                \n                  \n  \n    \n    \n    \n      \n    \n    \n  \n  \n\n                \n                \n              \n              Air Taxis Bring Electric Flight Hype to Life in Busy Cities\n            ",
    "url": "//www.discovery.com/motor/air-taxi"
  },
  {
    "text": "\n\n              \n                \n                \n                  \n  \n    \n    \n    \n      \n    \n    \n  \n  \n\n                \n                \n              \n              Recycled Lithium-Ion Batteries are Outlasting Brand New Ones\n            ",
    "url": "//www.discovery.com/motor/recycled-lithium-ion-batteries-are-outlasting-brand-new-ones"
  },
  {
    "text": "\n\n              \n                \n                \n                  \n  \n    \n    \n    \n      \n    \n    \n  \n  \n\n                \n                \n              \n              Retrofitting Older Cars with Electric Motors Could Transform Transport\n            ",
    "url": "//www.discovery.com/motor/retrofitting-older-cars-with-electric-motors-could-transform-tra"
  },
  {
    "text": "\n\n              \n                \n                \n                  \n  \n    \n    \n    \n      \n    \n    \n  \n  \n\n                \n                \n              \n              Hydrogen Ready to Ignite as Transport Network and Technology Takes Off\n            ",
    "url": "//www.discovery.com/motor/hydrogen-ready-to-ignite-as-transport-network-and-technology-tak"
  },
  {
    "text": "\n\n              \n                \n                \n                  \n  \n    \n    \n    \n      \n    \n    \n  \n  \n\n                \n                \n              \n              Catch-22: How the Clean Energy Industry is Perpetuating Deep-Sea Mining\n            ",
    "url": "//www.discovery.com/motor/catch-22--how-the-clean-energy-industry-is-perpetuating-deep-sea"
  },
  {
    "text": "\n\n              \n                \n                \n                  \n  \n    \n    \n    \n      \n    \n    \n  \n  \n\n                \n                \n              \n              Are Electric Highways the Way of the Future?\n            ",
    "url": "//www.discovery.com/motor/are-electric-highways-the-way-of-the-future-"
  },
  {
    "text": "\n\n              \n                \n                \n                  \n  \n    \n    \n    \n      \n    \n    \n  \n  \n\n                \n                \n              \n              Solid State Batteries Promise Long Life and Rapid Refuel Electric Vehicles\n            ",
    "url": "//www.discovery.com/motor/solid-state-batteries-promise-long-life-and-rapid-refuel-electri"
  },
  {
    "text": "\n\n              \n                \n                \n                  \n  \n    \n    \n    \n      \n    \n    \n  \n  \n\n                \n                \n              \n              Electric vs. Hydrogen: The Pros and Cons of Greener Transportation\n            ",
    "url": "//www.discovery.com/motor/electric-vs--hydrogen--the-pros-and-cons-of-greener-transportati"
  },
  {
    "text": "See All Motor",
    "url": "//www.discovery.com/motor"
  },
  {
    "text": "\n    Schedule\n  ",
    "url": "//www.discovery.com/shows/tv-schedule"
  },
  {
    "text": "Sweepstakes",
    "url": "//www.discovery.com/sweepstakes"
  },
  {
    "text": "Shop",
    "url": "https://store.discovery.com"
  },
  {
    "text": "My Videos",
    "url": "https://www.discovery.com/my-videos"
  },
  {
    "text": "Casting",
    "url": "//www.discovery.com/discovery-casting"
  },
  {
    "text": "Submissions",
    "url": "//www.discovery.com/about-us/submissions"
  },
  {
    "text": "\n          \n  \n    \n  \n    \n    \n    \n\n\n  \n\n  \n\n        ",
    "url": "https://www.facebook.com/Discovery"
  },
  {
    "text": "\n          \n  \n    \n  \n    \n    \n    \n\n\n  \n\n  \n\n        ",
    "url": "https://twitter.com/Discovery"
  },
  {
    "text": "\n          \n  \n    \n  \n    \n    \n    \n\n\n  \n\n  \n\n        ",
    "url": "https://www.instagram.com/discovery/?hl=en"
  },
  {
    "text": "\n          \n  \n    \n  \n    \n    \n    \n\n\n  \n\n  \n\n        ",
    "url": "https://www.youtube.com/user/DiscoveryNetworks"
  },
  {
    "text": "\n    \n    \n    \n    \n  ",
    "url": "//www.discovery.com/shark-week/shark-week-schedule-2022-pictures"
  },
  {
    "text": "\n      The 2022 Shark Week Schedule is Here! \n      \n    ",
    "url": "//www.discovery.com/shark-week/shark-week-schedule-2022-pictures"
  },
  {
    "text": "\n    \n    \n    \n    \n  ",
    "url": "//www.discovery.com/shark-week/shark-week-2022-pictures"
  },
  {
    "text": "\n      Jawsome Moments From Shark Week 2022\n      \n    ",
    "url": "//www.discovery.com/shark-week/shark-week-2022-pictures"
  },
  {
    "text": "\n    \n    \n    \n    \n  ",
    "url": "//www.discovery.com/videos/nature-is-fly-shark-camp-in-montauk-5227015"
  },
  {
    "text": "\n    \n  \n    \n  \n  \n    \n  \n    \n    \n    \n    \n\n\n  \n\n  \n\n\n    \n    \n    \n    \n  \n\n    Watch Now\n    \n  ",
    "url": "//www.discovery.com/videos/nature-is-fly-shark-camp-in-montauk-5227015"
  },
  {
    "text": "\n      Shark Camp in Montauk with the Tipple Family\n      \n    ",
    "url": "//www.discovery.com/videos/nature-is-fly-shark-camp-in-montauk-5227015"
  },
  {
    "text": "\n    \n    \n    \n    \n  ",
    "url": "//www.discovery.com/videos/nature-in-focus-mermaids-and-leopard-sharks-5227016"
  },
  {
    "text": "\n    \n  \n    \n  \n  \n    \n  \n    \n    \n  \n\n  \n\n\n    \n    \n    \n    \n  \n\n    Watch Now\n    \n  ",
    "url": "//www.discovery.com/videos/nature-in-focus-mermaids-and-leopard-sharks-5227016"
  },
  {
    "text": "\n      Explore Mermaids and Leopard Sharks with Ian Shive\n      \n    ",
    "url": "//www.discovery.com/videos/nature-in-focus-mermaids-and-leopard-sharks-5227016"
  },
  {
    "text": "\n    \n    \n    \n      \n    \n    \n  ",
    "url": "//www.discovery.com/videos/nature-is-fly-shark-camp-in-montauk-5227015"
  },
  {
    "text": "\n    \n  \n    \n  \n  \n    \n  \n    \n    \n  \n\n  \n\n\n    \n    \n    \n    \n  \n\n    Watch Now\n    \n  ",
    "url": "//www.discovery.com/videos/nature-is-fly-shark-camp-in-montauk-5227015"
  },
  {
    "text": "\n      Nature is Fly | Shark Camp in Montauk\n      \n    ",
    "url": "//www.discovery.com/videos/nature-is-fly-shark-camp-in-montauk-5227015"
  },
  {
    "text": "\n    \n    \n    \n      \n    \n    \n  ",
    "url": "//www.discovery.com/videos/nature-in-focus-mermaids-and-leopard-sharks-5227016"
  },
  {
    "text": "\n    \n  \n    \n  \n  \n    \n  \n    \n    \n  \n\n  \n\n\n    \n    \n    \n    \n  \n\n    Watch Now\n    \n  ",
    "url": "//www.discovery.com/videos/nature-in-focus-mermaids-and-leopard-sharks-5227016"
  },
  {
    "text": "\n      Nature in Focus | Mermaids and Leopard Sharks\n      \n    ",
    "url": "//www.discovery.com/videos/nature-in-focus-mermaids-and-leopard-sharks-5227016"
  },
  {
    "text": "\n    \n    \n    \n      \n    \n    \n  ",
    "url": "//www.discovery.com/videos/battlebots-champions-race-for-the-golden-bolt-5227017"
  },
  {
    "text": "\n    \n  \n    \n  \n  \n    \n  \n    \n    \n  \n\n  \n\n\n    \n    \n    \n    \n  \n\n    Watch Now\n    \n  ",
    "url": "//www.discovery.com/videos/battlebots-champions-race-for-the-golden-bolt-5227017"
  },
  {
    "text": "\n      BattleBots Champions | Race for The Golden Bolt\n      \n    ",
    "url": "//www.discovery.com/videos/battlebots-champions-race-for-the-golden-bolt-5227017"
  },
  {
    "text": "\n    \n    \n    \n      \n    \n    \n  ",
    "url": "//www.discovery.com/videos/the-bond-trailer-5227018"
  },
  {
    "text": "\n    \n  \n    \n  \n  \n    \n  \n    \n    \n  \n\n  \n\n\n    \n    \n    \n    \n  \n\n    Watch Now\n    \n  ",
    "url": "//www.discovery.com/videos/the-bond-trailer-5227018"
  },
  {
    "text": "\n      The Bond: Trailer\n      \n    ",
    "url": "//www.discovery.com/videos/the-bond-trailer-5227018"
  },
  {
    "text": "\n    \n    \n    \n      \n    \n    \n  ",
    "url": "//www.discovery.com/videos/naked-and-afraid-xl-frozen-5227019"
  },
  {
    "text": "\n    \n  \n    \n  \n  \n    \n  \n    \n    \n  \n\n  \n\n\n    \n    \n    \n    \n  \n\n    Watch Now\n    \n  ",
    "url": "//www.discovery.com/videos/naked-and-afraid-xl-frozen-5227019"
  },
  {
    "text": "\n      Naked and Afraid XL: Frozen\n      \n    ",
    "url": "//www.discovery.com/videos/naked-and-afraid-xl-frozen-5227019"
  },
  {
    "text": "\n    \n    \n    \n      \n    \n    \n  ",
    "url": "//www.discovery.com/videos/shark-week-seal-cam-5227020"
  },
  {
    "text": "\n    \n  \n    \n  \n  \n    \n  \n    \n    \n  \n\n  \n\n\n    \n    \n    \n    \n  \n\n    Watch Now\n    \n  ",
    "url": "//www.discovery.com/videos/shark-week-seal-cam-5227020"
  },
  {
    "text": "\n      Shark Week | Seal Cam\n      \n    ",
    "url": "//www.discovery.com/videos/shark-week-seal-cam-5227020"
  },
  {
    "text": "\n    \n    \n    \n      \n    \n    \n  ",
    "url": "//www.discovery.com/videos/nature-in-focus-conserving-the-los-angeles-river-5227021"
  },
  {
    "text": "\n    \n  \n    \n  \n  \n    \n  \n    \n    \n  \n\n  \n\n\n    \n    \n    \n    \n  \n\n    Watch Now\n    \n  ",
    "url": "//www.discovery.com/videos/nature-in-focus-conserving-the-los-angeles-river-5227021"
  },
  {
    "text": "\n      Nature in Focus | Conserving the Los Angeles River\n      \n    ",
    "url": "//www.discovery.com/videos/nature-in-focus-conserving-the-los-angeles-river-5227021"
  },
  {
    "text": "\n    \n    \n    \n      \n    \n    \n  ",
    "url": "//www.discovery.com/videos/space-launch-live-crew-3-splashdown-5227022"
  },
  {
    "text": "\n    \n  \n    \n  \n  \n    \n  \n    \n    \n  \n\n  \n\n\n    \n    \n    \n    \n  \n\n    Watch Now\n    \n  ",
    "url": "//www.discovery.com/videos/space-launch-live-crew-3-splashdown-5227022"
  },
  {
    "text": "\n      Space Launch Live | Crew-3 Splashdown\n      \n    ",
    "url": "//www.discovery.com/videos/space-launch-live-crew-3-splashdown-5227022"
  },
  {
    "text": "\n    \n    \n    \n      \n    \n    \n  ",
    "url": "//www.discovery.com/videos/expedition-unknown-the-biggest-season-yet-5227024"
  },
  {
    "text": "\n    \n  \n    \n  \n  \n    \n  \n    \n    \n  \n\n  \n\n\n    \n    \n    \n    \n  \n\n    Watch Now\n    \n  ",
    "url": "//www.discovery.com/videos/expedition-unknown-the-biggest-season-yet-5227024"
  },
  {
    "text": "\n      Expedition Unknown | The Biggest Season Yet\n      \n    ",
    "url": "//www.discovery.com/videos/expedition-unknown-the-biggest-season-yet-5227024"
  },
  {
    "text": "\n    \n    \n    \n      \n    \n    \n  ",
    "url": "//www.discovery.com/videos/expedition-x-the-paranormal-returns-5227023"
  },
  {
    "text": "\n    \n  \n    \n  \n  \n    \n  \n    \n    \n  \n\n  \n\n\n    \n    \n    \n    \n  \n\n    Watch Now\n    \n  ",
    "url": "//www.discovery.com/videos/expedition-x-the-paranormal-returns-5227023"
  },
  {
    "text": "\n      Expedition X | The Paranormal Returns\n      \n    ",
    "url": "//www.discovery.com/videos/expedition-x-the-paranormal-returns-5227023"
  },
  {
    "text": "\n    \n    \n    \n      \n    \n    \n  ",
    "url": "//www.discovery.com/shark-week/jaws-vs--the-blob-pictures"
  },
  {
    "text": "\n      Behind the Blob: Jaws vs. The Blob\n      \n    ",
    "url": "//www.discovery.com/shark-week/jaws-vs--the-blob-pictures"
  },
  {
    "text": "\n    \n    \n    \n      \n    \n    \n  ",
    "url": "//www.discovery.com/shark-week/shark-women--ghosted-by-great-whites-pictures"
  },
  {
    "text": "\n      Behind the Disappearance \u2013 Shark Women: Ghosted by Great Whites\n      \n    ",
    "url": "//www.discovery.com/shark-week/shark-women--ghosted-by-great-whites-pictures"
  },
  {
    "text": "\n    \n    \n    \n      \n    \n    \n  ",
    "url": "//www.discovery.com/shark-week/clash-of-killers--great-white-vs-mako-pictures"
  },
  {
    "text": "\n      Behind the Scenes - Clash of Killers: Great White vs Mako\n      \n    ",
    "url": "//www.discovery.com/shark-week/clash-of-killers--great-white-vs-mako-pictures"
  },
  {
    "text": "\n    \n    \n    \n      \n    \n    \n  ",
    "url": "//www.discovery.com/shark-week/monster-mako-under-the-rig-pictures"
  },
  {
    "text": "\n      Behind the Shark: Monster Mako Under the Rig\n      \n    ",
    "url": "//www.discovery.com/shark-week/monster-mako-under-the-rig-pictures"
  },
  {
    "text": "\n    \n    \n    \n      \n    \n    \n  ",
    "url": "//www.discovery.com/shark-week/shark-house-pictures"
  },
  {
    "text": "\n      Best Moments: Shark House\n      \n    ",
    "url": "//www.discovery.com/shark-week/shark-house-pictures"
  },
  {
    "text": "\n    \n    \n    \n      \n    \n    \n  ",
    "url": "//www.discovery.com/shark-week/sharks-with-tracy-morgan"
  },
  {
    "text": "\n      Tracy Morgan's Best Shark Week Quotes\n      \n    ",
    "url": "//www.discovery.com/shark-week/sharks-with-tracy-morgan"
  },
  {
    "text": "\n    \n    \n    \n      \n    \n    \n  ",
    "url": "//www.discovery.com/shark-week/mission-shark-dome-pictures"
  },
  {
    "text": "\n      Moments from Mission Shark Dome\n      \n    ",
    "url": "//www.discovery.com/shark-week/mission-shark-dome-pictures"
  },
  {
    "text": "\n    \n    \n    \n      \n    \n    \n  ",
    "url": "//www.discovery.com/shark-week/mechashark-love-down-under-pictures"
  },
  {
    "text": "\n      Go Behind the Scenes of MechaShark: Love Down Under\n      \n    ",
    "url": "//www.discovery.com/shark-week/mechashark-love-down-under-pictures"
  },
  {
    "text": "\n    \n    \n    \n      \n    \n    \n  ",
    "url": "//www.discovery.com/shark-week/the-island-of-walking-sharks-pictures"
  },
  {
    "text": "\n      Behind the Science: Island of the Walking Sharks\n      \n    ",
    "url": "//www.discovery.com/shark-week/the-island-of-walking-sharks-pictures"
  },
  {
    "text": "\n    \n    \n    \n      \n    \n    \n  ",
    "url": "//www.discovery.com/shark-week/raging-bulls-pictures"
  },
  {
    "text": "\n      Behind the Shark: Raging Bulls\n      \n    ",
    "url": "//www.discovery.com/shark-week/raging-bulls-pictures"
  },
  {
    "text": "Stream Now on discovery+",
    "url": "https://www.discoveryplus.com/?xp=dsc_homepage_marketingcomponent"
  },
  {
    "text": "\n    \n    \n    \n      \n    \n    \n  ",
    "url": "//www.discovery.com/shows/shark-women-ghosted-by-great-whites/episodes/shark-women-ghosted-by-great-whites"
  },
  {
    "text": "\n    \n  \n    \n  \n  \n    \n  \n    \n    \n  \n\n  \n\n\n    \n    \n    \n    \n  \n\n    Watch Now\n    \n  ",
    "url": "//www.discovery.com/shows/shark-women-ghosted-by-great-whites/episodes/shark-women-ghosted-by-great-whites"
  },
  {
    "text": "\n      Shark Women: Ghosted by Great Whites\n      \n    ",
    "url": "//www.discovery.com/shows/shark-women-ghosted-by-great-whites/episodes/shark-women-ghosted-by-great-whites"
  },
  {
    "text": "\n    \n    \n    \n      \n    \n    \n  ",
    "url": "//www.discovery.com/shows/clash-of-killers-great-white-vs-mako/episodes/clash-of-killers-great-white-vs-mako"
  },
  {
    "text": "\n    \n  \n    \n  \n  \n    \n  \n    \n    \n  \n\n  \n\n\n    \n    \n    \n    \n  \n\n    Watch Now\n    \n  ",
    "url": "//www.discovery.com/shows/clash-of-killers-great-white-vs-mako/episodes/clash-of-killers-great-white-vs-mako"
  },
  {
    "text": "\n      Clash of Killers: Great White vs Mako\n      \n    ",
    "url": "//www.discovery.com/shows/clash-of-killers-great-white-vs-mako/episodes/clash-of-killers-great-white-vs-mako"
  },
  {
    "text": "\n    \n    \n    \n      \n    \n    \n  ",
    "url": "//www.discovery.com/shows/jaws-vs-the-blob/episodes/jaws-vs-the-blob"
  },
  {
    "text": "\n    \n  \n    \n  \n  \n    \n  \n    \n    \n  \n\n  \n\n\n    \n    \n    \n    \n  \n\n    Watch Now\n    \n  ",
    "url": "//www.discovery.com/shows/jaws-vs-the-blob/episodes/jaws-vs-the-blob"
  },
  {
    "text": "\n      Jaws vs The Blob\n      \n    ",
    "url": "//www.discovery.com/shows/jaws-vs-the-blob/episodes/jaws-vs-the-blob"
  },
  {
    "text": "\n    \n    \n    \n      \n    \n    \n  ",
    "url": "//www.discovery.com/shows/sw20-great-white-serial-killer-extinction/episodes/great-white-serial-killer-extinction"
  },
  {
    "text": "\n    Watch Now\n    \n \t  \n  \n    \n  \n  \n    \n  \n    \n    \n  \n\n  \n\n\n    \n    \n    \n    \n  \n\n  ",
    "url": "//www.discovery.com/shows/sw20-great-white-serial-killer-extinction/episodes/great-white-serial-killer-extinction"
  },
  {
    "text": "\n      Great White Serial Killer Extinction\n      Serial Killer Extinction\n      41:00\n      \n      \n   ",
    "url": "//www.discovery.com/shows/sw20-great-white-serial-killer-extinction/episodes/great-white-serial-killer-extinction"
  },
  {
    "text": "\n    \n    \n    \n      \n    \n    \n  ",
    "url": "//www.discovery.com/shows/shark-week/episodes/shark-house"
  },
  {
    "text": "\n    \n  \n    \n  \n  \n    \n  \n    \n    \n  \n\n  \n\n\n    \n    \n    \n    \n  \n\n    Watch Now\n    \n  ",
    "url": "//www.discovery.com/shows/shark-week/episodes/shark-house"
  },
  {
    "text": "\n      Shark House\n      \n    ",
    "url": "//www.discovery.com/shows/shark-week/episodes/shark-house"
  },
  {
    "text": "\n    \n    \n    \n      \n    \n    \n  ",
    "url": "//www.discovery.com/shows/mega-jaws-of-bird-island/episodes/mega-jaws-of-bird-island"
  },
  {
    "text": "\n    Watch Now\n    \n \t  \n  \n    \n  \n  \n    \n  \n    \n    \n  \n\n  \n\n\n    \n    \n    \n    \n  \n\n  ",
    "url": "//www.discovery.com/shows/mega-jaws-of-bird-island/episodes/mega-jaws-of-bird-island"
  },
  {
    "text": "\n      Mega Jaws of Bird Island\n      Mega Jaws of Bird Island\n      \n      \n      \n   ",
    "url": "//www.discovery.com/shows/mega-jaws-of-bird-island/episodes/mega-jaws-of-bird-island"
  },
  {
    "text": "\n    \n    \n    \n      \n    \n    \n  ",
    "url": "//www.discovery.com/shows/sw20-great-white-double-trouble/episodes/great-white-double-trouble"
  },
  {
    "text": "\n    Watch Now\n    \n \t  \n  \n    \n  \n  \n    \n  \n    \n    \n  \n\n  \n\n\n    \n    \n    \n    \n  \n\n  ",
    "url": "//www.discovery.com/shows/sw20-great-white-double-trouble/episodes/great-white-double-trouble"
  },
  {
    "text": "\n      Great White Double Trouble\n      Great White Double Trouble\n      41:00\n      \n      \n   ",
    "url": "//www.discovery.com/shows/sw20-great-white-double-trouble/episodes/great-white-double-trouble"
  },
  {
    "text": "\n    \n    \n    \n      \n    \n    \n  ",
    "url": "//www.discovery.com/shows/monster-mako-under-the-rig/episodes/monster-mako-under-the-rig"
  },
  {
    "text": "\n    \n  \n    \n  \n  \n    \n  \n    \n    \n  \n\n  \n\n\n    \n    \n    \n    \n  \n\n    Watch Now\n    \n  ",
    "url": "//www.discovery.com/shows/monster-mako-under-the-rig/episodes/monster-mako-under-the-rig"
  },
  {
    "text": "\n      Monster Mako Under the Rig\n      \n    ",
    "url": "//www.discovery.com/shows/monster-mako-under-the-rig/episodes/monster-mako-under-the-rig"
  },
  {
    "text": "See All Episodes",
    "url": "https://go.discovery.com/tv-shows/"
  },
  {
    "text": "\n    \n    \n      \n    \n    \n      \n        \n      \n    \n  ",
    "url": "//www.discovery.com/shark-week/jaws-vs--the-blob-pictures"
  },
  {
    "text": "\n      Behind the Blob: Jaws vs. The Blob\n      \n    ",
    "url": "//www.discovery.com/shark-week/jaws-vs--the-blob-pictures"
  },
  {
    "text": "\n    \n    \n      \n    \n    \n      \n        \n      \n    \n  ",
    "url": "//www.discovery.com/space/chinese-space-debris"
  },
  {
    "text": "\n      Chinese Space Debris is Heading for a Crash Landing on Earth\n      \n    ",
    "url": "//www.discovery.com/space/chinese-space-debris"
  },
  {
    "text": "\n    \n    \n      \n    \n    \n      \n        \n      \n    \n  ",
    "url": "//www.discovery.com/shark-week/shark-women--ghosted-by-great-whites-pictures"
  },
  {
    "text": "\n      Behind the Disappearance \u2013 Shark Women: Ghosted by Great Whites\n      \n    ",
    "url": "//www.discovery.com/shark-week/shark-women--ghosted-by-great-whites-pictures"
  },
  {
    "text": "\n    \n    \n      \n    \n    \n      \n        \n      \n    \n  ",
    "url": "//www.discovery.com/shark-week/clash-of-killers--great-white-vs-mako-pictures"
  },
  {
    "text": "\n      Behind the Scenes - Clash of Killers: Great White vs Mako\n      \n    ",
    "url": "//www.discovery.com/shark-week/clash-of-killers--great-white-vs-mako-pictures"
  },
  {
    "text": "\n    \n    \n      \n    \n    \n      \n        \n      \n    \n  ",
    "url": "//www.discovery.com/podcasts/curiosity-daily-podcast/extinct-super-sharks"
  },
  {
    "text": "\n      Curiosity Daily Podcast: Extinct Super Sharks, Mysterious Die Offs, Stopping Attacks\n      \n    ",
    "url": "//www.discovery.com/podcasts/curiosity-daily-podcast/extinct-super-sharks"
  },
  {
    "text": "\n    \n    \n      \n    \n    \n      \n        \n      \n    \n  ",
    "url": "//www.discovery.com/shark-week/monster-mako-under-the-rig-pictures"
  },
  {
    "text": "\n      Behind the Shark: Monster Mako Under the Rig\n      \n    ",
    "url": "//www.discovery.com/shark-week/monster-mako-under-the-rig-pictures"
  },
  {
    "text": "\n    \n    \n      \n    \n    \n      \n        \n      \n    \n  ",
    "url": "//www.discovery.com/shark-week/shark-house-pictures"
  },
  {
    "text": "\n      Best Moments: Shark House\n      \n    ",
    "url": "//www.discovery.com/shark-week/shark-house-pictures"
  },
  {
    "text": "\n    \n    \n      \n    \n    \n      \n        \n      \n    \n  ",
    "url": "//www.discovery.com/shark-week/sharks-with-tracy-morgan"
  },
  {
    "text": "\n      Tracy Morgan's Best Shark Week Quotes\n      \n    ",
    "url": "//www.discovery.com/shark-week/sharks-with-tracy-morgan"
  },
  {
    "text": "\n    \n    \n      \n    \n    \n      \n        \n      \n    \n  ",
    "url": "//www.discovery.com/podcasts/curiosity-daily-podcast/blood-brothers"
  },
  {
    "text": "\n      Curiosity Daily Podcast: Blood Brothers, Seeing-Eye Shark, Bark vs. Bite\n      \n    ",
    "url": "//www.discovery.com/podcasts/curiosity-daily-podcast/blood-brothers"
  },
  {
    "text": " Privacy Policy",
    "url": "https://corporate.discovery.com/privacy-policy/"
  },
  {
    "text": "\n    \n    \n    \n      \n    \n    \n  ",
    "url": "//www.discovery.com/exploration/the-last-unspoiled-places-on-earth-pictures"
  },
  {
    "text": "\n      The Last Unspoiled Places on Earth\n      \n    ",
    "url": "//www.discovery.com/exploration/the-last-unspoiled-places-on-earth-pictures"
  },
  {
    "text": "\n    \n    \n    \n      \n    \n    \n  ",
    "url": "//www.discovery.com/exploration/the-ultimate-guide-to-road-tripping-through-death-valley-pictures"
  },
  {
    "text": "\n      The Ultimate Guide to Road-Tripping Through Death Valley\n      \n    ",
    "url": "//www.discovery.com/exploration/the-ultimate-guide-to-road-tripping-through-death-valley-pictures"
  },
  {
    "text": "\n    \n    \n    \n      \n    \n    \n  ",
    "url": "//www.discovery.com/exploration/longest-cave-system"
  },
  {
    "text": "\n      Exploring the World\u2019s Longest Cave System\n      \n    ",
    "url": "//www.discovery.com/exploration/longest-cave-system"
  },
  {
    "text": "\n    \n    \n    \n      \n    \n    \n  ",
    "url": "//www.discovery.com/exploration/rugged-adventures-near-big-cities-pictures"
  },
  {
    "text": "\n      10 Rugged Adventures Near Big Cities\n      \n    ",
    "url": "//www.discovery.com/exploration/rugged-adventures-near-big-cities-pictures"
  },
  {
    "text": "\n    \n    \n    \n      \n    \n    \n  ",
    "url": "//www.discovery.com/exploration/Angels-Landing"
  },
  {
    "text": "\n      Angels Landing Is One of the Most Dangerous Hikes in the US\n      \n    ",
    "url": "//www.discovery.com/exploration/Angels-Landing"
  },
  {
    "text": "See More Stories",
    "url": "//www.discovery.com/exploration/outdoor-more"
  },
  {
    "text": "Site Map",
    "url": "//www.discovery.com/site-map"
  },
  {
    "text": "Visitor Agreement",
    "url": "https://corporate.discovery.com/visitor-agreement"
  },
  {
    "text": "Privacy Notice",
    "url": "https://corporate.discovery.com/privacy-policy/"
  },
  {
    "text": "AdChoices",
    "url": "https://info.evidon.com/pub_info/1212?v=1&nt=1&nw=false"
  },
  {
    "text": "About",
    "url": "https://corporate.discovery.com"
  },
  {
    "text": "Advertise",
    "url": "https://corporate.discovery.com/contact/advertising"
  },
  {
    "text": "Careers at Discovery",
    "url": "https://corporate.discovery.com/careers"
  },
  {
    "text": "TV Ratings",
    "url": "http://www.tvguidelines.org/ratings.html"
  },
  {
    "text": "Help",
    "url": "https://help.discovery.com"
  },
  {
    "text": "California Privacy Notice",
    "url": "https://corporate.discovery.com/privacy-policy/#cappi"
  },
  {
    "text": "CA Do Not Sell My Info",
    "url": "https://corporate.discovery.com/california_dns/"
  },
  {
    "text": "Accessibility",
    "url": "https://corporate.discovery.com/website-accessibility-statement/"
  },
  {
    "text": "The Discovery Family of Networks",
    "url": "javascript:void(0);"
  },
  {
    "text": "HGTV",
    "url": "https://www.hgtv.com/?xp=sistersite"
  },
  {
    "text": "Animal Planet",
    "url": "https://www.animalplanet.com/?xp=sistersite"
  },
  {
    "text": "Cooking Channel",
    "url": "https://www.cookingchanneltv.com/?xp=sistersite"
  },
  {
    "text": "Discovery Life",
    "url": "https://www.discoverylife.com/?xp=sistersite"
  },
  {
    "text": "Food Network",
    "url": "https://www.foodnetwork.com/?xp=sistersite"
  },
  {
    "text": "Travel Channel",
    "url": "https://www.travelchannel.com/?xp=sistersite"
  },
  {
    "text": "MotorTrend",
    "url": "https://www.motortrend.com"
  },
  {
    "text": "TLC",
    "url": "https://www.tlc.com/?xp=sistersite"
  },
  {
    "text": "Science Channel",
    "url": "https://www.sciencechannel.com/?xp=sistersite"
  },
  {
    "text": "Destination America",
    "url": "https://www.destinationamerica.com/?xp=sistersite"
  },
  {
    "text": "Investigation Discovery",
    "url": "https://www.investigationdiscovery.com/?xp=sistersite"
  },
  {
    "text": "Food.com",
    "url": "https://www.food.com/?xp=sistersite"
  },
  {
    "text": "HGTV Poland",
    "url": "https://hgtv.pl/"
  },
  {
    "text": "American Heroes Channel",
    "url": "https://www.ahctv.com/?xp=sistersite"
  }
]