[
  {
    "text": "RECESSION 2022:  White House insists economy strong as allies grow uneasy about Fed...",
    "url": "https://www.msn.com/en-us/news/politics/white-house-insists-economy-is-strong-as-allies-grow-uneasy-about-fed/ar-AA105XbV"
  },
  {
    "text": "INFLATION NOW HIGHEST SINCE 1982...",
    "url": "https://www.cnbc.com/2022/07/29/inflation-figure-that-the-fed-follows-closely-hits-highest-level-since-january-1982.html"
  },
  {
    "text": "WALMART hawks USED goods...",
    "url": "https://www.bnnbloomberg.ca/walmart-hawks-refurbished-goods-to-inflation-squeezed-shoppers-1.1799006"
  },
  {
    "text": "Big Tech Results Spotlight Breadth of Upheaval...",
    "url": "https://www.wsj.com/articles/from-apple-to-microsoft-big-tech-results-spotlight-breadth-of-economic-upheaval-11659094604"
  },
  {
    "text": "How other half lives: Luxury companies thrive...",
    "url": "https://news.yahoo.com/other-half-lives-luxury-companies-110416220.html"
  },
  {
    "text": "$2,245.62 A SECOND: EXXON SCORES ENORMOUS PROFIT...",
    "url": "https://www.cnn.com/2022/07/29/energy/exxonmobil-chevron-earnings/index.html"
  },
  {
    "text": "Stocks best month since '20...",
    "url": "https://www.cnbc.com/2022/07/28/stock-market-news-updates-open-to-close-future.html"
  },
  {
    "text": "US, CHINA WARSHIPS FACE OFF IN SOUTH SEA",
    "url": "https://www.msn.com/en-xl/news/other/pelosi-taiwan-visit-region-tense-as-chinese-navy-watches-us-warships-holds-drills-in-south-china-sea/ar-AA106hMn"
  },
  {
    "text": "THREAT TO SHOOT DOWN PELOSI PLANE",
    "url": "https://freebeacon.com/national-security/china-warns-pelosi-trip-marks-invasion-and-military-has-right-to-fire-on-her-plane/"
  },
  {
    "text": "'PREPARING FOR WAR'",
    "url": "https://www.globaltimes.cn/page/202207/1271742.shtml"
  },
  {
    "text": "",
    "url": "https://www.drudgereport.com"
  },
  {
    "text": "BEST BUY opens store with virtual employees...",
    "url": "https://www.fox5ny.com/news/best-buy-digital-first-store-north-carolina"
  },
  {
    "text": "BOOK: Kushner details West Wing war with 'toxic' Bannon...",
    "url": "https://www.cnn.com/2022/07/29/politics/jared-kushner-steve-bannon-west-wing/index.html"
  },
  {
    "text": "'I will break you in half. Don't f*ck with me'...",
    "url": "https://news.yahoo.com/trump-son-law-jared-kushner-223700017.html"
  },
  {
    "text": "Biden Rivals Grab 2024 Spotlight...",
    "url": "https://www.nbcnews.com/politics/2022-election/bidens-soft-power-not-enough-stop-rivals-grabbing-2024-spotlight-rcna40365"
  },
  {
    "text": "What if AOC runs?",
    "url": "https://thehill.com/homenews/house/3578887-the-memo-no-really-what-if-alexandria-ocasio-cortez-runs-for-president/"
  },
  {
    "text": "Oz struggles have Republicans pitching alternate path to Senate takeover...",
    "url": "https://www.politico.com/news/2022/07/29/alarm-bell-gop-donors-oz-00048747"
  },
  {
    "text": "Fringe candidates putting hopes at risk...",
    "url": "https://news.yahoo.com/fringe-candidates-putting-republicans-u-100550032.html"
  },
  {
    "text": "POLL: Raffensperger leads race after resisting The Don...",
    "url": "https://www.fltimes.com/news/nation/poll-raffensperger-leads-ga-elections-race-after-resisting-trump/article_af4c8cc2-a50b-5b74-a260-a9df457f7bf3.html"
  },
  {
    "text": "Dems donate to Cheney...",
    "url": "https://www.yahoo.com/now/dont-agree-her-anything-california-160636156.html"
  },
  {
    "text": "MAGA influencer upset after docs detailing 'substantial' cooperation with FBI released...",
    "url": "https://www.nbcnews.com/politics/justice-department/-trump-influencer-upset-documents-detailing-substantial-cooperation-fb-rcna40576"
  },
  {
    "text": "Inside secret Manchin-Schumer deal: Dems shocked, Republicans betrayed...",
    "url": "https://thehill.com/homenews/senate/3578689-inside-the-secret-manchin-schumer-deal-dems-shocked-gop-feels-betrayed/"
  },
  {
    "text": "CEOs, labor bosses and Bill Gates...",
    "url": "https://www.politico.com/news/2022/07/29/the-manchin-pressure-campaign-ceos-labor-bosses-and-bill-gates-00048621"
  },
  {
    "text": "Sinema verdict has Washington waiting...",
    "url": "https://thehill.com/homenews/senate/3579387-democrats-waiting-anxiously-for-sinemas-verdict-on-tax-and-climate-deal/"
  },
  {
    "text": "McConnell Outfoxed -- With Own Playbook...",
    "url": "https://news.yahoo.com/getting-rolled-mcconnell-outfoxed-own-003309429.html"
  },
  {
    "text": "City in New Mexico facing dire water emergency...",
    "url": "https://abcnews.go.com/US/las-vegas-declares-emergency-50-days-clean-water/story?id=87623219"
  },
  {
    "text": "CA drought official quits, blasting Newsom for inaction...",
    "url": "https://www.sfgate.com/news/article/California-drought-official-quits-blasting-17335952.php"
  },
  {
    "text": "Toxic culture and 'race to bottom': Pilots on why air travel in chaos...",
    "url": "https://www.cnbc.com/2022/07/29/air-travel-chaos-pilots-describe-toxic-culture-and-airline-errors.html"
  },
  {
    "text": "The Country That Wants to 'Be Average' vs. Bezos and His $500 Million Yacht...",
    "url": "https://dnyuz.com/2022/07/29/the-country-that-wants-to-be-average-vs-jeff-bezos-and-his-500-million-yacht/"
  },
  {
    "text": "Rise of Sperm Bro: Men Fathering Children and Undercutting Fertility Industry...",
    "url": "https://www.vice.com/en/article/y3ppvw/serial-sperm-donor-industry"
  },
  {
    "text": "FRONT PAGES UK",
    "url": "http://www.thepaperboy.com/uk/front-pages.cfm"
  },
  {
    "text": "THE PAPERS",
    "url": "https://news.sky.com/topic/newspapers-5993"
  },
  {
    "text": "WORLD HEADLINES",
    "url": "http://www.newseum.org/todaysfrontpages/"
  },
  {
    "text": "BOXOFFICE",
    "url": "http://boxofficemojo.com/daily/chart/"
  },
  {
    "text": "THE GOOD NEWS FILE...",
    "url": "https://www.msn.com/en-us/news/good-news"
  },
  {
    "text": "ABCNEWS",
    "url": "http://www.abcnews.com/"
  },
  {
    "text": "ATLANTIC",
    "url": "http://www.theatlantic.com/"
  },
  {
    "text": "ASIA TIMES",
    "url": "https://www.asiatimes.com/"
  },
  {
    "text": "AXIOS",
    "url": "https://www.axios.com/"
  },
  {
    "text": "BBC",
    "url": "http://news.bbc.co.uk/default.stm"
  },
  {
    "text": "BILD",
    "url": "http://www.bild.com"
  },
  {
    "text": "BILLBOARD ",
    "url": "http://www.billboard.com"
  },
  {
    "text": "BOSTON GLOBE",
    "url": "http://www.boston.com/globe/"
  },
  {
    "text": "BOSTON HERALD",
    "url": "http://bostonherald.com/news"
  },
  {
    "text": "BREITBART",
    "url": "https://www.breitbart.com/"
  },
  {
    "text": "BUSINESS INSIDER",
    "url": "http://www.businessinsider.com/"
  },
  {
    "text": "BUZZFEED",
    "url": "http://www.buzzfeed.com/"
  },
  {
    "text": "CBS NEWS",
    "url": "http://www.cbsnews.com"
  },
  {
    "text": "CBS NEWS LOCAL",
    "url": "http://cbslocal.com/2015/08/31/daily-news-tips-from-cbs-local-sites/"
  },
  {
    "text": "C-SPAN",
    "url": "http://www.c-span.org"
  },
  {
    "text": "CHICAGO SUN-TIMES",
    "url": "http://www.suntimes.com/"
  },
  {
    "text": "CHICAGO TRIB",
    "url": "http://www.chicagotribune.com"
  },
  {
    "text": "CHRISTIAN SCIENCE",
    "url": "http://www.csmonitor.com/"
  },
  {
    "text": "CNBC",
    "url": "http://www.cnbc.com/"
  },
  {
    "text": "CNN",
    "url": "http://www.cnn.com"
  },
  {
    "text": "DAILY BEAST",
    "url": "http://thedailybeast.com"
  },
  {
    "text": "DAILY CALLER",
    "url": "http://dailycaller.com/"
  },
  {
    "text": "DEADLINE HOLLYWOOD",
    "url": "http://www.deadline.com/hollywood/"
  },
  {
    "text": "DER SPIEGEL",
    "url": "http://www.spiegel.de/international"
  },
  {
    "text": "E!",
    "url": "http://www.eonline.com/index.jsp"
  },
  {
    "text": "ENT WEEKLY",
    "url": "http://www.ew.com/ew/"
  },
  {
    "text": "FINANCIAL TIMES",
    "url": "http://www.ft.com"
  },
  {
    "text": "FORBES",
    "url": "http://www.forbes.com/"
  },
  {
    "text": "FOXNEWS",
    "url": "http://www.foxnews.com"
  },
  {
    "text": "FRANCE 24",
    "url": "http://www.france24.com/en/"
  },
  {
    "text": "FREE BEACON",
    "url": "http://freebeacon.com/"
  },
  {
    "text": "HILL",
    "url": "http://thehill.com"
  },
  {
    "text": "HILL: JUST IN",
    "url": "http://thehill.com/news"
  },
  {
    "text": "H'WOOD REPORTER",
    "url": "http://www.hollywoodreporter.com"
  },
  {
    "text": "HUFFINGTON POST",
    "url": "http://www.huffingtonpost.com"
  },
  {
    "text": "INFOWARS",
    "url": "http://www.infowars.com/"
  },
  {
    "text": "INTERCEPT",
    "url": "https://firstlook.org/theintercept/"
  },
  {
    "text": "JERUSALEM POST",
    "url": "http://www.jpost.com"
  },
  {
    "text": "LA DAILY NEWS",
    "url": "http://www.dailynewslosangeles.com/"
  },
  {
    "text": "LA TIMES",
    "url": "http://www.latimes.com"
  },
  {
    "text": "MARKETWATCH",
    "url": "https://www.marketwatch.com/"
  },
  {
    "text": "MEDIAITE",
    "url": "http://www.mediaite.com/"
  },
  {
    "text": "MOTHER JONES",
    "url": "http://www.motherjones.com/"
  },
  {
    "text": "NATION",
    "url": "http://www.TheNation.com"
  },
  {
    "text": "NATIONAL REVIEW",
    "url": "http://www.nationalreview.com"
  },
  {
    "text": "NBC NEWS",
    "url": "http://www.nbcnews.com/"
  },
  {
    "text": "NEW REPUBLIC",
    "url": "http://www.thenewrepublic.com/"
  },
  {
    "text": "NEW YORK",
    "url": "http://nymag.com"
  },
  {
    "text": "NY DAILY NEWS",
    "url": "http://www.nydailynews.com/"
  },
  {
    "text": "NY POST",
    "url": "http://www.nypost.com/"
  },
  {
    "text": "NY TIMES",
    "url": "http://www.nytimes.com"
  },
  {
    "text": "NY TIMES WIRE",
    "url": "http://www.nytimes.com/timeswire/"
  },
  {
    "text": "NEW YORKER",
    "url": "http://www.newyorker.com"
  },
  {
    "text": "NEWSMAX",
    "url": "http://www.newsmax.com"
  },
  {
    "text": "OK!",
    "url": "https://okmagazine.com/"
  },
  {
    "text": "PEOPLE",
    "url": "http://www.people.com"
  },
  {
    "text": "POLITICO",
    "url": "http://www.politico.com/"
  },
  {
    "text": "RADAR",
    "url": "https://radaronline.com/"
  },
  {
    "text": "REAL CLEAR POLITICS",
    "url": "http://realclearpolitics.com"
  },
  {
    "text": "REASON",
    "url": "https://reason.org/"
  },
  {
    "text": "ROLL CALL",
    "url": "http://www.rollcall.com/"
  },
  {
    "text": "ROLLING STONE",
    "url": "http://www.rollingstone.com"
  },
  {
    "text": "SALON",
    "url": "http://www.salon.com/"
  },
  {
    "text": "SAN FRAN CHRON",
    "url": "http://www.sfgate.com/chronicle/"
  },
  {
    "text": "SKY NEWS",
    "url": "http://news.sky.com/"
  },
  {
    "text": "SLATE",
    "url": "http://www.slate.com"
  },
  {
    "text": "SMOKING GUN",
    "url": "http://thesmokinggun.com/"
  },
  {
    "text": "SPACE DAILY",
    "url": "https://www.spacedaily.com/"
  },
  {
    "text": "SUN",
    "url": "https://www.the-sun.com/"
  },
  {
    "text": "TMZ",
    "url": "http://www.TMZ.com"
  },
  {
    "text": "[UK] DAILY MAIL",
    "url": "http://www.dailymail.co.uk/home/index.html"
  },
  {
    "text": "[UK] DAILY MAIL FEED",
    "url": "http://www.dailymail.co.uk/news/headlines/index.html"
  },
  {
    "text": "[UK] DAILY MIRROR",
    "url": "http://www.mirror.co.uk"
  },
  {
    "text": "[UK] EXPRESS",
    "url": "http://www.express.co.uk"
  },
  {
    "text": "[UK] GUARDIAN",
    "url": "http://www.guardian.co.uk/world"
  },
  {
    "text": "[UK] INDEPENDENT ",
    "url": "http://www.independent.co.uk/"
  },
  {
    "text": "[UK] METRO",
    "url": "https://metro.co.uk/"
  },
  {
    "text": "[UK] SUN",
    "url": "http://www.thesun.co.uk"
  },
  {
    "text": "[UK] TELEGRAPH",
    "url": "http://www.telegraph.co.uk/"
  },
  {
    "text": "US NEWS",
    "url": "http://www.usnews.com/usnews/home.htm"
  },
  {
    "text": "USA TODAY",
    "url": "http://www.usatoday.com/"
  },
  {
    "text": "VANITY FAIR",
    "url": "http://www.vanityfair.com"
  },
  {
    "text": "VARIETY",
    "url": "http://www.variety.com/"
  },
  {
    "text": "WALL STREET JOURNAL",
    "url": "http://online.wsj.com/home-page"
  },
  {
    "text": "WASH EXAMINER",
    "url": "http://www.washingtonexaminer.com/"
  },
  {
    "text": "WASH POST",
    "url": "http://www.washingtonpost.com/"
  },
  {
    "text": "WASH TIMES",
    "url": "http://www.washingtontimes.com"
  },
  {
    "text": "ZEROHEDGE",
    "url": "https://www.zerohedge.com/"
  },
  {
    "text": "Biden building border wall gaps...",
    "url": "https://www.nbcnews.com/politics/immigration/biden-administration-fill-border-wall-gaps-yuma-arizona-rcna40567"
  },
  {
    "text": "Joe's young defender Rep. Auchincloss wants Dems to fight for their president...",
    "url": "https://news.yahoo.com/bidens-young-defender-rep-jake-auchincloss-wants-democrats-to-fight-for-their-president-090039365.html"
  },
  {
    "text": "AI predicts last selfie on Earth...",
    "url": "https://www.the-sun.com/tech/5881528/dall-e-ai-last-selfie-on-earth-prediction-tiktok/"
  },
  {
    "text": "Outrage as 100 bottlenose dolphins slaughtered... ",
    "url": "https://www.dailystar.co.uk/news/world-news/outrage-100-bottlenose-dolphins-slaughtered-27614947"
  },
  {
    "text": "PEACOCK Flatlines: Streaming's First Casualty?",
    "url": "https://theankler.com/p/will-peacock-exist-in-a-year#details"
  },
  {
    "text": "Wall Street to Hollywood: STOP SPENDING ON CONTENT...",
    "url": "https://www.thewrap.com/wall-street-hollywood-spend-less-on-streaming/"
  },
  {
    "text": "DC Journalists Doing Mushrooms For 'Performance-Enhancing Brain Boost'...",
    "url": "https://www.politico.com/news/2022/07/29/legalizing-the-trip-one-shroom-advocates-playbook-00048207"
  },
  {
    "text": "'Now fairly common'...",
    "url": "https://www.mediaite.com/politics/politico-reports-washington-d-c-media-journos-are-doing-mushrooms-for-performance-enhancing-brain-boost/"
  },
  {
    "text": "TROUBLES: NEWSWEEK Engulfed in Legal Drama as Owners Sue Each Other...",
    "url": "https://www.wsj.com/articles/newsweek-engulfed-in-legal-drama-as-co-owners-sue-each-other-11659096002"
  },
  {
    "text": "Reporter barred from Alabama execution for 'too short' skirt...",
    "url": "https://nypost.com/2022/07/29/ivana-shatara-barred-from-alabama-execution-for-short-skirt/"
  },
  {
    "text": "Black women who once hated guns embracing them as crime soars...",
    "url": "https://www.msn.com/en-us/news/us/black-women-who-once-hated-guns-are-embracing-them-as-violence-rises/ar-AA102x3k"
  },
  {
    "text": "STUDY: Stress -- Good For You?",
    "url": "https://www.studyfinds.org/stress-benefit-the-brain/"
  },
  {
    "text": "Intense Vegas thunderstrom leaves multiple casinos, Strip, airport under water...",
    "url": "https://nypost.com/2022/07/29/las-vegas-flooding-multiple-casinos-entire-strip-airport-under-water-amid-storm/"
  },
  {
    "text": "Appalachian floods kill at least 16 as rescue teams deploy...",
    "url": "https://apnews.com/article/floods-storms-kentucky-f3b72930d5d1994066752eaa8c6d1462"
  },
  {
    "text": "Entire towns submerged in Kentucky...",
    "url": "https://www.accuweather.com/en/severe-weather/catastrophic-flash-flooding-event-leaves-towns-underwater-in-kentucky/1223842"
  },
  {
    "text": "Truss '90% Chance' of Becoming UK PM...",
    "url": "https://www.thesun.co.uk/news/politics/19359667/rishi-sunak-gambles-on-interview/"
  },
  {
    "text": "Private buyer spends $6.1 million on dinosaur skeleton as scientists fume...",
    "url": "https://www.msn.com/en-us/news/us/private-buyer-spends-61-million-on-dinosaur-skeleton-as-scientists-fume/ar-AA106fTG"
  },
  {
    "text": "Taking Vitamin D For Bone Health? Wasting Money, Study Concludes...",
    "url": "https://www.studyfinds.org/vitamin-d-supplements-bone-health/"
  },
  {
    "text": "Are these furry creatures to blame for pandemic?",
    "url": "https://www.yahoo.com/gma/furry-creatures-blame-pandemic-study-090011613.html"
  },
  {
    "text": "WORLD SICK MAP...",
    "url": "https://www.arcgis.com/apps/opsdashboard/index.html#/bda7594740fd40299423467b48e9ecf6"
  },
  {
    "text": "3 AM GIRLS",
    "url": "http://www.mirror.co.uk/3am/"
  },
  {
    "text": "CINDY ADAMS",
    "url": "http://pagesix.com/author/cindy-adams/"
  },
  {
    "text": "MIKE ALLEN",
    "url": "https://www.axios.com/axios-am/"
  },
  {
    "text": "GERARD BAKER",
    "url": "https://www.wsj.com/news/types/free-expression"
  },
  {
    "text": "PETER BAKER",
    "url": "https://www.nytimes.com/by/peter-baker"
  },
  {
    "text": "BAZ BAMIGBOYE",
    "url": "https://deadline.com/author/baz-bamigboye/"
  },
  {
    "text": "PETER BART",
    "url": "https://deadline.com/author/peter-bart/"
  },
  {
    "text": "CHARLES BLOW",
    "url": "https://www.nytimes.com/column/charles-m-blow"
  },
  {
    "text": "DAVID BROOKS",
    "url": "http://topics.nytimes.com/top/opinion/editorialsandoped/oped/columnists/davidbrooks/index.html"
  },
  {
    "text": "PAT BUCHANAN",
    "url": "http://buchanan.org/blog/columns"
  },
  {
    "text": "MAUREEN CALLAHAN",
    "url": "https://nypost.com/author/maureen-callahan/"
  },
  {
    "text": "DAVID CORN",
    "url": "http://www.motherjones.com/author/david-corn/"
  },
  {
    "text": "ANN COULTER",
    "url": "http://www.anncoulter.com"
  },
  {
    "text": "S.E. CUPP",
    "url": "https://www.nydailynews.com/ny-se-cupp-staff.html"
  },
  {
    "text": "MIRANDA DEVINE",
    "url": "https://nypost.com/author/miranda-devine/"
  },
  {
    "text": "MAUREEN DOWD",
    "url": "http://topics.nytimes.com/top/opinion/editorialsandoped/oped/columnists/maureendowd/index.html"
  },
  {
    "text": "LARRY ELDER",
    "url": "https://townhall.com/columnists/larryelder/"
  },
  {
    "text": "ROGER FRIEDMAN",
    "url": "http://www.showbiz411.com"
  },
  {
    "text": "MICHAEL FLEMING",
    "url": "https://deadline.com/author/mikefleming/"
  },
  {
    "text": "BILL GERTZ",
    "url": "https://www.gertzfile.com"
  },
  {
    "text": "NICK GILLESPIE",
    "url": "https://reason.com/search?f[author][]=nick-gillespie&q=*&s=-pubdate"
  },
  {
    "text": "JONAH GOLDBERG",
    "url": "http://www.nationalreview.com/author/897"
  },
  {
    "text": "MICHAEL GOODWIN",
    "url": "https://nypost.com/author/michael-goodwin/"
  },
  {
    "text": "GLENN GREENWALD",
    "url": "https://greenwald.substack.com/"
  },
  {
    "text": "VICTOR DAVIS HANSON",
    "url": "http://www.nationalreview.com/author/victor-davis-hanson"
  },
  {
    "text": "CHARLES HURT",
    "url": "https://www.washingtontimes.com/staff/charles-hurt/"
  },
  {
    "text": "RICHARD JOHNSON",
    "url": "https://www.nydailynews.com/author-all/richard-johnson/0/"
  },
  {
    "text": "KRISTOL",
    "url": "https://thebulwark.com/author/billkristol/"
  },
  {
    "text": "KRUGMAN",
    "url": "http://www.nytimes.com/top/opinion/editorialsandoped/oped/columnists/paulkrugman/index.html"
  },
  {
    "text": "HOWIE KURTZ",
    "url": "http://www.foxnews.com/category/media-buzz"
  },
  {
    "text": "MATT LABASH",
    "url": "https://mattlabash.substack.com/archive?utm_source=menu-dropdown"
  },
  {
    "text": "RICH LOWRY",
    "url": "http://www.nationalreview.com/author/56473"
  },
  {
    "text": "PIERS MORGAN",
    "url": "https://nypost.com/author/piers-morgan/"
  },
  {
    "text": "PEGGY NOONAN",
    "url": "https://www.wsj.com/news/author/peggy-noonan"
  },
  {
    "text": "CANDACE OWENS",
    "url": "https://www.dailywire.com/show/candace"
  },
  {
    "text": "BILL O'REILLY",
    "url": "https://www.billoreilly.com/currentcolumn"
  },
  {
    "text": "PAGE SIX",
    "url": "http://pagesix.com/"
  },
  {
    "text": "POLITICO PLAYBOOK",
    "url": "http://www.politico.com/playbook/"
  },
  {
    "text": "REX REED",
    "url": "http://www.observer.com/author/rex-reed"
  },
  {
    "text": "JOE ROGAN",
    "url": "https://open.spotify.com/show/4rOoJ6Egrf8K2IrywzwOMk"
  },
  {
    "text": "JIM RUTENBERG",
    "url": "http://topics.nytimes.com/top/reference/timestopics/people/r/jim_rutenberg/index.html"
  },
  {
    "text": "MICHAEL SAVAGE",
    "url": "https://michaelsavage.com/"
  },
  {
    "text": "BEN SHAPIRO",
    "url": "https://www.creators.com/features/ben-shapiro"
  },
  {
    "text": "BEN SMITH",
    "url": "https://www.nytimes.com/by/ben-smith"
  },
  {
    "text": "KYLE SMITH",
    "url": "https://www.nationalreview.com/author/kyle-smith/"
  },
  {
    "text": "SNOWDEN",
    "url": "https://edwardsnowden.substack.com/lifting-the-mask"
  },
  {
    "text": "ANDREW SULLIVAN",
    "url": "https://andrewsullivan.substack.com/"
  },
  {
    "text": "JONATHAN SWAN",
    "url": "https://www.axios.com/authors/jonathanswan"
  },
  {
    "text": "MATT TAIBBI",
    "url": "https://taibbi.substack.com/"
  },
  {
    "text": "CAL THOMAS",
    "url": "http://www.jewishworldreview.com/cols/thomas1.asp"
  },
  {
    "text": "GEORGE WILL",
    "url": "https://www.washingtonpost.com/syndication/columnists/george-f-will/"
  },
  {
    "text": "BYRON YORK",
    "url": "http://www.washingtonexaminer.com/author/byron-york"
  },
  {
    "text": "Chinese invasion of Taiwan may come sooner than expected...",
    "url": "https://www.axios.com/2022/07/29/china-taiwan-xi-pelosi-biden"
  },
  {
    "text": "US Air Force grounds F-35As, threatening fighter jets worldwide...",
    "url": "https://www.militarytimes.com/news/your-air-force/2022/07/29/air-force-grounds-f-35as-as-ejection-seat-issue-threatens-fighter-jets-worldwide/"
  },
  {
    "text": "Crazy Russians branded with red hot 'Z' poker to show love for Vlad...",
    "url": "https://www.dailystar.co.uk/news/world-news/crazy-russians-branded-red-hot-27615033"
  },
  {
    "text": "Video of Soldier Allegedly Castrating Ukraine POW Sparks Outrage...",
    "url": "https://www.newsweek.com/russia-ukraine-castrate-torture-video-1728988"
  },
  {
    "text": "MORE NUKE FEARS...",
    "url": "https://www.dailystar.co.uk/news/world-news/growing-fears-putin-use-nukes-27607458"
  },
  {
    "text": "Kremlin prepares evacuation plans for Putin?",
    "url": "https://www.dailymail.co.uk/news/article-11061625/Russia-prepared-EVACUATION-plans-Putin-case-army-defeated-Ukraine.html"
  },
  {
    "text": "Plundering African gold in to boost war effort...",
    "url": "https://www.cnn.com/2022/07/29/africa/sudan-russia-gold-investigation-cmd-intl/index.html"
  },
  {
    "text": "Dry Fountains, Cold Pools, Less Beer? Germans Prepare for Energy Savings...",
    "url": "https://dnyuz.com/2022/07/29/dry-fountains-cold-pools-less-beer-germans-tip-toe-up-the-path-to-energy-savings/"
  },
  {
    "text": "First person dies of monkeypox in Europe...",
    "url": "https://www.mirror.co.uk/news/world-news/breaking-spain-confirms-first-monkeypox-27614361"
  },
  {
    "text": "Brazil outbreak turns deadly...",
    "url": "https://news.yahoo.com/brazil-confirms-first-monkeypox-related-152506807.html"
  },
  {
    "text": "San Fran, NYC declare emergencies...",
    "url": "https://www.axios.com/2022/07/28/sf-ny-declare-health-emergencies-monkeypox-outbreak"
  },
  {
    "text": "Musk flips bird at TWITTER: Files counter-suit in legal battle...",
    "url": "https://nypost.com/2022/07/29/elon-musk-flips-bird-at-twitter-files-counter-suit-in-legal-battle/"
  },
  {
    "text": "Brin magically reappears -- in TESLA...",
    "url": "https://www.dailymail.co.uk/news/article-11062931/Sergey-Brin-whisks-blonde-date-away-TESLA-date-claims-wife-slept-Elon-Musk.html"
  },
  {
    "text": "Trump uses presidential seal at Saudi golf tournament...",
    "url": "https://www.yahoo.com/news/trump-uses-presidential-seal-jersey-111021794.html"
  },
  {
    "text": "Criminal complaint...",
    "url": "https://www.mediaite.com/news/criminal-complaint-filed-against-trumps-saudi-golf-tourney-hosting-resort-after-presidential-seal-spotted-on-course/"
  },
  {
    "text": "Defends Kingdom From 9/11 Families...",
    "url": "https://www.mediaite.com/sports/trump-defends-saudi-arabia-from-9-11-families-in-shocking-comments-nobodys-gotten-to-the-bottom-of-9-11/"
  },
  {
    "text": "Barr subpoenaed by SMARTMATIC in defamation lawsuit against FOX...",
    "url": "https://www.cnn.com/2022/07/29/media/bill-barr-smartmatic-subpoena/index.html"
  },
  {
    "text": "'World's Biggest Cannabis Scam' Totally Unravelling...",
    "url": "https://www.vice.com/en/article/7k88by/juicyfields-cannabis-scam"
  },
  {
    "text": "Fireman accused of being serial fire starter...",
    "url": "https://www.france24.com/en/live-news/20220729-french-fireman-accused-of-being-serial-fire-starter"
  },
  {
    "text": "Prosecutors to seek 8-year prison term for Shakira...",
    "url": "https://www.msn.com/en-us/news/us/spain-prosecutors-to-seek-8-year-prison-term-for-shakira/ar-AA1061th"
  },
  {
    "text": "UPDATE:  DRUDGE APP IPHONE, IPAD...",
    "url": "https://apps.apple.com/us/app/official-drudge-report-free/id375614185"
  },
  {
    "text": "ANDROID...",
    "url": "https://play.google.com/store/apps/details?id=com.idrudgereport.iDrudgeReportUniversal"
  },
  {
    "text": "AGENCE FRANCE-PRESSE",
    "url": "http://www.france24.com/en/timeline/global/"
  },
  {
    "text": "AP TOP",
    "url": "https://apnews.com/"
  },
  {
    "text": "AP RADIO",
    "url": "http://player.streamguys.com/apnews/sgplayer/player.php"
  },
  {
    "text": "BLOOMBERG",
    "url": "http://www.bloomberg.com/?pid=20601087&sid=a0giIbmAzkss&pos=7"
  },
  {
    "text": "DEUTSCHE PRESSE-AGENTUR",
    "url": "http://www.dpa-international.com/news/international/"
  },
  {
    "text": "INDO-ASIAN NEWS SERVICE",
    "url": "http://www.ians.in"
  },
  {
    "text": "INTERFAX",
    "url": "http://www.interfax.com/news.asp"
  },
  {
    "text": "ITAR-TASS",
    "url": "http://www.itar-tass.com/en/"
  },
  {
    "text": "KYODO",
    "url": "https://english.kyodonews.net/"
  },
  {
    "text": "MCCLATCHY [DC]",
    "url": "http://www.mcclatchydc.com"
  },
  {
    "text": "NHK",
    "url": "https://www3.nhk.or.jp/nhkworld/en/news/"
  },
  {
    "text": "PRAVDA",
    "url": "http://www.pravdareport.com/world/"
  },
  {
    "text": "PRESS TRUST INDIA",
    "url": "http://www.ptinews.com/"
  },
  {
    "text": "REUTERS",
    "url": "http://www.reuters.com/"
  },
  {
    "text": "REUTERS POLITICS",
    "url": "http://www.reuters.com/news/archive/politicsNews?date=today"
  },
  {
    "text": "REUTERS WORLD",
    "url": "http://www.reuters.com/news/archive/worldNews?date=today"
  },
  {
    "text": "XINHUA",
    "url": "http://www.xinhuanet.com/english/world/index.htm"
  },
  {
    "text": "UPI",
    "url": "http://www.upi.com/NewsTrack/"
  },
  {
    "text": "YONHAP",
    "url": "http://english.yonhapnews.co.kr/"
  },
  {
    "text": "ARCHIVES",
    "url": "http://www.drudgereportArchives.com/"
  },
  {
    "text": "RECENT HEADLINES...",
    "url": "http://www.drudgereportarchives.com/dsp/timeline_html.htm"
  },
  {
    "text": "WEATHER ACTION",
    "url": "/wx.htm"
  },
  {
    "text": "ZOOM EARTH",
    "url": "https://zoom.earth/"
  },
  {
    "text": "QUAKE SHEET",
    "url": "/quake.htm"
  },
  {
    "text": "REFERENCE DESK",
    "url": "http://www.refdesk.com/"
  },
  {
    "text": "EMAIL: DRUDGE@DRUDGEREPORT.COM",
    "url": "mailto:drudge@drudgereport.com"
  },
  {
    "text": "BE SEEN! RUN ADS ON DRUDGE REPORT...",
    "url": "https://voranda.com/advertise/drudge-report/"
  },
  {
    "text": "CALIFORNIA NOTICE",
    "url": "/privacy/california/"
  },
  {
    "text": "DO NOT SELL MY INFO",
    "url": "/privacy/opt-out/"
  },
  {
    "text": "PRIVACY POLICY",
    "url": "/privacy/"
  }
]