[
  {
    "text": "Data Storage Policy",
    "url": "https://www.medianewsgroup.com/privacy-policy/"
  },
  {
    "text": "Skip to content",
    "url": "#content"
  },
  {
    "text": "\n\t\t\t\t\t\t\t\t\tSubscribe Now\t\t\t\t\t\t\t\t",
    "url": "https://checkout.eastbaytimes.com/?g2i_source=Event&g2i_medium=link&g2i_campaign=nav&g2i_or_o=event&g2i_or_p=nav&returnUrl=https%253A%252F%252Fwww.eastbaytimes.com%252F"
  },
  {
    "text": "\n\t\t\t58\u00b0F\n\t\t\t\n\t\t",
    "url": "http://www.accuweather.com/en/us/walnut-creek-ca/94596/weather-warnings/39591_pc?lang=en-us&partner=mng_28"
  },
  {
    "text": "\n\t\t\t\t\t\t\t\t\tToday's e-Edition\t\t\t\t\t\t\t\t\t",
    "url": "https://enewspaper.eastbaytimes.com/"
  },
  {
    "text": "\n\t\t\t\t\t\t\t\t\t\n\t\t\t\t\t\t\t\t\t\n\t\t\t\t\t\t\t\t\t\n\t\t\t\t\t\t\t\t\tHome Page\n\t\t\t\t\t\t\t\t",
    "url": "https://www.eastbaytimes.com"
  },
  {
    "text": "News",
    "url": "https://www.eastbaytimes.com/news/"
  },
  {
    "text": "News",
    "url": "https://www.eastbaytimes.com/news/"
  },
  {
    "text": "Latest Headlines",
    "url": "https://www.eastbaytimes.com/latest-headlines/"
  },
  {
    "text": "Crime and Public Safety",
    "url": "https://www.eastbaytimes.com/news/crime-public-safety/"
  },
  {
    "text": "California News",
    "url": "https://www.eastbaytimes.com/news/california/"
  },
  {
    "text": "National News",
    "url": "https://www.eastbaytimes.com/news/national-news/"
  },
  {
    "text": "World News",
    "url": "https://www.eastbaytimes.com/news/world-news/"
  },
  {
    "text": "Politics",
    "url": "https://www.eastbaytimes.com/news/politics/"
  },
  {
    "text": "Education",
    "url": "https://www.eastbaytimes.com/news/education/"
  },
  {
    "text": "Environment",
    "url": "https://www.eastbaytimes.com/news/environment/"
  },
  {
    "text": "Mr. Roadshow",
    "url": "https://www.eastbaytimes.com/tag/mr-roadshow/"
  },
  {
    "text": "Transportation",
    "url": "https://www.eastbaytimes.com/news/transportation/"
  },
  {
    "text": "Weather",
    "url": "https://www.accuweather.com/en/us/walnut-creek/94596/current-weather/337291?lang=en-us&partner=mng_28"
  },
  {
    "text": "SiliconValley.com",
    "url": "http://www.siliconvalley.com"
  },
  {
    "text": "The Cannifornian",
    "url": "http://thecannifornian.com"
  },
  {
    "text": "Local",
    "url": "https://www.eastbaytimes.com/location/california/bay-area/"
  },
  {
    "text": "Local News Map",
    "url": "https://www.eastbaytimes.com/news-near-me-map/"
  },
  {
    "text": "Bay Area",
    "url": "/location/california/bay-area/"
  },
  {
    "text": "Oakland",
    "url": "https://www.eastbaytimes.com/location/california/bay-area/east-bay/alameda-county/oakland/"
  },
  {
    "text": "Alameda County",
    "url": "https://www.eastbaytimes.com/location/california/bay-area/east-bay/alameda-county/"
  },
  {
    "text": "Contra Costa County",
    "url": "https://www.eastbaytimes.com/location/california/bay-area/east-bay/contra-costa-county/"
  },
  {
    "text": "East Contra Costa",
    "url": "https://www.eastbaytimes.com/location/california/bay-area/east-bay/contra-costa-county/east-contra-costa/"
  },
  {
    "text": "West Contra Costa",
    "url": "https://www.eastbaytimes.com/location/california/bay-area/east-bay/contra-costa-county/west-contra-costa/"
  },
  {
    "text": "Central Contra Costa",
    "url": "https://www.eastbaytimes.com/location/california/bay-area/east-bay/contra-costa-county/central-contra-costa/"
  },
  {
    "text": "Obituaries",
    "url": "https://www.eastbaytimes.com/news/obituaries/"
  },
  {
    "text": "Obituaries in the News",
    "url": "https://www.eastbaytimes.com/news/obituaries/"
  },
  {
    "text": "Local Obituaries",
    "url": "https://www.legacy.com/obituaries/eastbaytimes/?_ga=2.161877052.1486875644.1541542006-42413358.1525709230"
  },
  {
    "text": "Place an Obituary",
    "url": "http://www.oakdove.com/"
  },
  {
    "text": "Opinion",
    "url": "https://www.eastbaytimes.com/opinion/"
  },
  {
    "text": "Opinion",
    "url": "https://www.eastbaytimes.com/opinion/"
  },
  {
    "text": "Editorials",
    "url": "/opinion/editorials/"
  },
  {
    "text": "Opinion Columnists",
    "url": "/tag/opinion-columnists/"
  },
  {
    "text": "Letters to the Editor",
    "url": "/opinion/letters/"
  },
  {
    "text": "Commentary",
    "url": "/opinion/commentary/"
  },
  {
    "text": "Cartoons",
    "url": "https://www.eastbaytimes.com/tag/cartoons/"
  },
  {
    "text": "Election Endorsements",
    "url": "https://www.eastbaytimes.com/opinion/endorsements/"
  },
  {
    "text": "Sports",
    "url": "https://www.eastbaytimes.com/sports/"
  },
  {
    "text": "Sports",
    "url": "https://www.eastbaytimes.com/sports/"
  },
  {
    "text": "Oakland Athletics",
    "url": "https://www.eastbaytimes.com/sports/mlb/oakland-athletics/"
  },
  {
    "text": "Golden State Warriors",
    "url": "https://www.eastbaytimes.com/sports/nba/golden-state-warriors/"
  },
  {
    "text": "Raiders",
    "url": "https://www.eastbaytimes.com/sports/nfl/raiders/"
  },
  {
    "text": "San Francisco 49ers",
    "url": "https://www.eastbaytimes.com/sports/nfl/san-francisco-49ers/"
  },
  {
    "text": "San Francisco Giants",
    "url": "https://www.eastbaytimes.com/sports/mlb/san-francisco-giants/"
  },
  {
    "text": "San Jose Sharks",
    "url": "https://www.eastbaytimes.com/sports/nhl/san-jose-sharks/"
  },
  {
    "text": "San Jose Earthquakes",
    "url": "https://www.eastbaytimes.com/sports/soccer/san-jose-earthquakes/"
  },
  {
    "text": "College Sports",
    "url": "https://www.eastbaytimes.com/sports/college-sports/"
  },
  {
    "text": "Pac-12 Hotline",
    "url": "/tag/pac-12-hotline/"
  },
  {
    "text": "High School Sports",
    "url": "https://www.eastbaytimes.com/sports/high-school-sports/"
  },
  {
    "text": "Other Sports",
    "url": "https://www.eastbaytimes.com/sports/other-sports/"
  },
  {
    "text": "Sports Blogs",
    "url": "https://www.eastbaytimes.com/blogs/"
  },
  {
    "text": "Sports Columnists",
    "url": "https://www.eastbaytimes.com/sports/columnists/"
  },
  {
    "text": "Things To Do",
    "url": "https://www.eastbaytimes.com/things-to-do/"
  },
  {
    "text": "Things To Do",
    "url": "https://www.eastbaytimes.com/things-to-do/"
  },
  {
    "text": "Entertainment",
    "url": "https://www.eastbaytimes.com/things-to-do/entertainment/"
  },
  {
    "text": "Restaurants, Food and Drink",
    "url": "https://www.eastbaytimes.com/things-to-do/restaurants-food-drink/"
  },
  {
    "text": "Celebrities",
    "url": "https://www.eastbaytimes.com/tag/celebrities/"
  },
  {
    "text": "TV Streaming",
    "url": "https://www.eastbaytimes.com/things-to-do/tv-streaming/"
  },
  {
    "text": "Movies",
    "url": "https://www.eastbaytimes.com/things-to-do/movies/"
  },
  {
    "text": "Music",
    "url": "https://www.eastbaytimes.com/things-to-do/music/"
  },
  {
    "text": "Theater",
    "url": "https://www.eastbaytimes.com/things-to-do/theater/"
  },
  {
    "text": "Lifestyle",
    "url": "https://www.eastbaytimes.com/things-to-do/lifestyle/"
  },
  {
    "text": "Advice",
    "url": "https://www.eastbaytimes.com/advice/"
  },
  {
    "text": "Travel",
    "url": "https://www.eastbaytimes.com/things-to-do/travel/"
  },
  {
    "text": "Pets and Animals",
    "url": "https://www.eastbaytimes.com/things-to-do/pets-animals/"
  },
  {
    "text": "Comics",
    "url": "https://www.eastbaytimes.com/comics/"
  },
  {
    "text": "Puzzles and Games",
    "url": "https://www.eastbaytimes.com/puzzles-and-games/"
  },
  {
    "text": "Horoscopes",
    "url": "https://www.eastbaytimes.com/things-to-do/horoscopes/"
  },
  {
    "text": "Local Events",
    "url": "https://www.eastbaytimes.com/local-events/"
  },
  {
    "text": "Business",
    "url": "https://www.eastbaytimes.com/business/"
  },
  {
    "text": "Business",
    "url": "https://www.eastbaytimes.com/business/"
  },
  {
    "text": "Housing",
    "url": "https://www.eastbaytimes.com/news/housing/"
  },
  {
    "text": "Economy",
    "url": "https://www.eastbaytimes.com/business/economy/"
  },
  {
    "text": "Technology",
    "url": "https://www.eastbaytimes.com/business/technology/"
  },
  {
    "text": "Real Estate",
    "url": "https://www.eastbaytimes.com/business/real-estate/"
  },
  {
    "text": "Marketplace",
    "url": "https://www.eastbaytimes.com/sponsored-content/"
  },
  {
    "text": "Subscribe",
    "url": "https://checkout.eastbaytimes.com/?g2i_source=Event&g2i_medium=link&g2i_campaign=nav&g2i_or_o=event&g2i_or_p=nav&returnUrl=https%253A%252F%252Fwww.eastbaytimes.com%252F"
  },
  {
    "text": "Log in",
    "url": "https://eastbaytimes.com/login?returnUrl=https%3A%2F%2Fwww.eastbaytimes.com%2F"
  },
  {
    "text": "Logout",
    "url": "https://www.eastbaytimes.com/logout"
  },
  {
    "text": "\n\t\t\t\tSign Up",
    "url": "https://myaccount.eastbaytimes.com/ebt/preference"
  },
  {
    "text": "",
    "url": "https://www.eastbaytimes.com"
  },
  {
    "text": "Subscribe",
    "url": "https://checkout.eastbaytimes.com/?g2i_source=Event&g2i_medium=link&g2i_campaign=nav&g2i_or_o=event&g2i_or_p=nav&returnUrl=https%253A%252F%252Fwww.eastbaytimes.com%252F"
  },
  {
    "text": "Log in",
    "url": "https://eastbaytimes.com/login?returnUrl=https%3A%2F%2Fwww.eastbaytimes.com%2F"
  },
  {
    "text": "Contact Us",
    "url": "/contact-us"
  },
  {
    "text": "Log Out",
    "url": "/logout"
  },
  {
    "text": "\n\t\t\t\tSign Up",
    "url": "https://myaccount.eastbaytimes.com/ebt/preference"
  },
  {
    "text": "Subscribe",
    "url": "https://checkout.eastbaytimes.com/?g2i_source=Event&g2i_medium=link&g2i_campaign=nav&g2i_or_o=event&g2i_or_p=nav&returnUrl=https%253A%252F%252Fwww.eastbaytimes.com%252F"
  },
  {
    "text": "Log in",
    "url": "https://eastbaytimes.com/login?returnUrl=https%3A%2F%2Fwww.eastbaytimes.com%2F"
  },
  {
    "text": "\n\t\t\t58\u00b0F\n\t\t\t\n\t\t",
    "url": "http://www.accuweather.com/en/us/walnut-creek-ca/94596/weather-warnings/39591_pc?lang=en-us&partner=mng_28"
  },
  {
    "text": "\n\t\t\t\t\t\t\t\t\tToday's e-Edition\t\t\t\t\t\t\t\t\t",
    "url": "https://enewspaper.eastbaytimes.com/"
  },
  {
    "text": "",
    "url": "https://www.eastbaytimes.com"
  },
  {
    "text": "News",
    "url": "https://www.eastbaytimes.com/news/"
  },
  {
    "text": "Local",
    "url": "https://www.eastbaytimes.com/location/california/bay-area/"
  },
  {
    "text": "Obituaries",
    "url": "https://www.legacy.com/obituaries/eastbaytimes/"
  },
  {
    "text": "Sports",
    "url": "https://www.eastbaytimes.com/sports/"
  },
  {
    "text": "Things to Do",
    "url": "https://www.eastbaytimes.com/things-to-do/"
  },
  {
    "text": "Business",
    "url": "https://www.eastbaytimes.com/business/"
  },
  {
    "text": "Real Estate",
    "url": "https://www.eastbaytimes.com/business/real-estate/"
  },
  {
    "text": "Opinion",
    "url": "https://www.eastbaytimes.com/opinion/"
  },
  {
    "text": "Marketplace",
    "url": "https://www.eastbaytimes.com/sponsored-content/"
  },
  {
    "text": "e-Edition",
    "url": "https://enewspaper.eastbaytimes.com"
  },
  {
    "text": "Horoscopes | ",
    "url": "https://www.eastbaytimes.com/things-to-do/horoscopes/"
  },
  {
    "text": "\n\t\n\t\t\t\t\n\t\t\tRenting on minimum wage\t\t\n\n\t\t\t",
    "url": "https://www.eastbaytimes.com/2022/07/29/renting-in-the-bay-area-on-a-minimum-wage-salary-youll-need-at-least-3-jobs/"
  },
  {
    "text": "Horoscopes | ",
    "url": "https://www.eastbaytimes.com/things-to-do/horoscopes/"
  },
  {
    "text": "\n\t\n\t\t\t\t\n\t\t\tLast call at Rocky\u2019s\t\t\n\n\t\t\t",
    "url": "https://www.eastbaytimes.com/2022/07/28/its-last-call-at-rockys-brooklyn-basin-beloved-oakland-venue/"
  },
  {
    "text": "Horoscopes | ",
    "url": "https://www.eastbaytimes.com/things-to-do/horoscopes/"
  },
  {
    "text": "\n\t\n\t\t\t\t\n\t\t\tAudubon name change?\t\t\n\n\t\t\t",
    "url": "https://www.eastbaytimes.com/2022/07/28/have-the-past-misdeeds-of-john-james-audubon-come-home-to-roost/"
  },
  {
    "text": "Horoscopes | ",
    "url": "https://www.eastbaytimes.com/things-to-do/horoscopes/"
  },
  {
    "text": "\n\t\n\t\t\t\t\n\t\t\tAyn Wieskamp retires\t\t\n\n\t\t\t",
    "url": "https://www.eastbaytimes.com/2022/07/28/longtime-east-bay-regional-park-district-board-director-to-retire/"
  },
  {
    "text": "Horoscopes | ",
    "url": "https://www.eastbaytimes.com/things-to-do/horoscopes/"
  },
  {
    "text": "\n\t\n\t\t\t\t\n\t\t\tSharks to honor Wilson\t\t\n\n\t\t\t",
    "url": "https://www.eastbaytimes.com/2022/07/29/san-jose-sharks-will-raise-banner-for-longtime-gm-next-season/"
  },
  {
    "text": "Horoscopes | ",
    "url": "https://www.eastbaytimes.com/things-to-do/horoscopes/"
  },
  {
    "text": "\n\t\n\t\t\t\t\n\t\t\tSmith's new apology to Rock\t\t\n\n\t\t\t",
    "url": "https://www.eastbaytimes.com/2022/07/29/in-chris-rock-apology-will-smith-reveals-the-agony-of-hurting-others/"
  },
  {
    "text": "Horoscopes | ",
    "url": "https://www.eastbaytimes.com/things-to-do/horoscopes/"
  },
  {
    "text": "\n\t\n\t\t\t\t\n\t\t\tMega Millions winning numbers: Check your tickets for Friday\u2019s drawing worth $1.28 billion\t\t\n\n\t\t\t",
    "url": "https://www.eastbaytimes.com/2022/07/29/mega-millions-winning-numbers-check-your-tickets-for-fridays-drawing-worth-1-28-billion/"
  },
  {
    "text": "",
    "url": "#"
  },
  {
    "text": "Horoscopes | ",
    "url": "https://www.eastbaytimes.com/things-to-do/horoscopes/"
  },
  {
    "text": "\n\t\n\t\t\t\t\n\t\t\tMega Millions winning numbers: Check your tickets for Friday\u2019s drawing worth $1.28 billion\t\t\n\n\t\t\t",
    "url": "https://www.eastbaytimes.com/2022/07/29/mega-millions-winning-numbers-check-your-tickets-for-fridays-drawing-worth-1-28-billion/"
  },
  {
    "text": "",
    "url": "https://www.eastbaytimes.com/2022/07/29/mega-millions-winning-numbers-check-your-tickets-for-fridays-drawing-worth-1-28-billion/"
  },
  {
    "text": "\n\t\t\t",
    "url": "https://www.eastbaytimes.com/2022/07/29/mega-millions-winning-numbers-check-your-tickets-for-fridays-drawing-worth-1-28-billion/"
  },
  {
    "text": "",
    "url": "https://www.eastbaytimes.com/2022/07/29/mega-millions-winning-numbers-check-your-tickets-for-fridays-drawing-worth-1-28-billion/"
  },
  {
    "text": "",
    "url": "https://www.eastbaytimes.com/2022/07/29/california-public-health-officials-ramp-up-efforts-to-address-monkeypox-outbreaks-say-more-vaccines-are-on-the-way/"
  },
  {
    "text": "\n\t\t\t",
    "url": "https://www.eastbaytimes.com/2022/07/29/california-public-health-officials-ramp-up-efforts-to-address-monkeypox-outbreaks-say-more-vaccines-are-on-the-way/"
  },
  {
    "text": "Horoscopes | ",
    "url": "https://www.eastbaytimes.com/things-to-do/horoscopes/"
  },
  {
    "text": "\n\t\n\t\t\t\t\n\t\t\tCalifornia public health officials ramp up efforts to address monkeypox outbreaks with more vaccines on the way\t\t\n\n\t\t\t",
    "url": "https://www.eastbaytimes.com/2022/07/29/california-public-health-officials-ramp-up-efforts-to-address-monkeypox-outbreaks-say-more-vaccines-are-on-the-way/"
  },
  {
    "text": "",
    "url": "https://www.eastbaytimes.com/2022/07/29/video-images-released-of-suspects-sought-in-oakland-attempted-robbery-killing/"
  },
  {
    "text": "\n\t\t\t",
    "url": "https://www.eastbaytimes.com/2022/07/29/video-images-released-of-suspects-sought-in-oakland-attempted-robbery-killing/"
  },
  {
    "text": "Horoscopes | ",
    "url": "https://www.eastbaytimes.com/things-to-do/horoscopes/"
  },
  {
    "text": "\n\t\n\t\t\t\t\n\t\t\tVideo images released of suspects sought in Oakland attempted robbery-killing\t\t\n\n\t\t\t",
    "url": "https://www.eastbaytimes.com/2022/07/29/video-images-released-of-suspects-sought-in-oakland-attempted-robbery-killing/"
  },
  {
    "text": "",
    "url": "https://www.eastbaytimes.com/2022/07/29/developers-step-up-to-build-dense-housing-at-north-concord-bart-station/"
  },
  {
    "text": "\n\t\t\t",
    "url": "https://www.eastbaytimes.com/2022/07/29/developers-step-up-to-build-dense-housing-at-north-concord-bart-station/"
  },
  {
    "text": "Horoscopes | ",
    "url": "https://www.eastbaytimes.com/things-to-do/horoscopes/"
  },
  {
    "text": "\n\t\n\t\t\t\t\n\t\t\tThese developers want to build a lot of housing at the North Concord BART Station\t\t\n\n\t\t\t",
    "url": "https://www.eastbaytimes.com/2022/07/29/developers-step-up-to-build-dense-housing-at-north-concord-bart-station/"
  },
  {
    "text": "",
    "url": "https://www.eastbaytimes.com/2022/07/29/taste-off-frozen-chocolate-fudge-pops-ranked-from-best-to-worst/"
  },
  {
    "text": "\n\t\t\t",
    "url": "https://www.eastbaytimes.com/2022/07/29/taste-off-frozen-chocolate-fudge-pops-ranked-from-best-to-worst/"
  },
  {
    "text": "Horoscopes | ",
    "url": "https://www.eastbaytimes.com/things-to-do/horoscopes/"
  },
  {
    "text": "\n\t\n\t\t\t\t\n\t\t\tTaste-Off: Frozen chocolate fudge pops ranked from best to worst\t\t\n\n\t\t\t",
    "url": "https://www.eastbaytimes.com/2022/07/29/taste-off-frozen-chocolate-fudge-pops-ranked-from-best-to-worst/"
  },
  {
    "text": "",
    "url": "https://www.eastbaytimes.com/2022/07/29/house-passes-assault-style-weapons-ban/"
  },
  {
    "text": "Horoscopes | ",
    "url": "https://www.eastbaytimes.com/things-to-do/horoscopes/"
  },
  {
    "text": "\n\t\n\t\t\t\t\n\t\t\tHouse passes assault-style weapons ban\t\t\n\n\t\t\t",
    "url": "https://www.eastbaytimes.com/2022/07/29/house-passes-assault-style-weapons-ban/"
  },
  {
    "text": "",
    "url": "https://www.eastbaytimes.com/2022/07/29/drone-pilot-gets-federal-probation-for-dropping-profane-leaflets-over-levis-stadium-and-oakland-coliseum/"
  },
  {
    "text": "Horoscopes | ",
    "url": "https://www.eastbaytimes.com/things-to-do/horoscopes/"
  },
  {
    "text": "\n\t\n\t\t\t\t\n\t\t\tDrone pilot gets federal probation for dropping profane leaflets over Levi\u2019s Stadium and Oakland Coliseum\t\t\n\n\t\t\t",
    "url": "https://www.eastbaytimes.com/2022/07/29/drone-pilot-gets-federal-probation-for-dropping-profane-leaflets-over-levis-stadium-and-oakland-coliseum/"
  },
  {
    "text": "",
    "url": "https://www.eastbaytimes.com/2022/07/30/ask-amy-i-demoted-my-maid-of-honor/"
  },
  {
    "text": "Horoscopes | ",
    "url": "https://www.eastbaytimes.com/things-to-do/horoscopes/"
  },
  {
    "text": "\n\t\n\t\t\t\t\n\t\t\tAsk Amy: I demoted my maid of honor, and I wonder if I was wrong\t\t\n\n\t\t\t",
    "url": "https://www.eastbaytimes.com/2022/07/30/ask-amy-i-demoted-my-maid-of-honor/"
  },
  {
    "text": "",
    "url": "https://www.eastbaytimes.com/2022/07/30/review-red-hot-chili-peppers-show-their-gratitude-to-bay-area-fans/"
  },
  {
    "text": "Horoscopes | ",
    "url": "https://www.eastbaytimes.com/things-to-do/horoscopes/"
  },
  {
    "text": "\n\t\n\t\t\t\t\n\t\t\tReview: Red Hot Chili Peppers show their gratitude to Bay Area fans\t\t\n\n\t\t\t",
    "url": "https://www.eastbaytimes.com/2022/07/30/review-red-hot-chili-peppers-show-their-gratitude-to-bay-area-fans/"
  },
  {
    "text": "",
    "url": "https://www.eastbaytimes.com/2022/07/30/harriette-cole-he-doesnt-look-dirty-but-his-odor-drives-me-away/"
  },
  {
    "text": "Horoscopes | ",
    "url": "https://www.eastbaytimes.com/things-to-do/horoscopes/"
  },
  {
    "text": "\n\t\n\t\t\t\t\n\t\t\tHarriette Cole: He doesn\u2019t look dirty but his odor drives me away\t\t\n\n\t\t\t",
    "url": "https://www.eastbaytimes.com/2022/07/30/harriette-cole-he-doesnt-look-dirty-but-his-odor-drives-me-away/"
  },
  {
    "text": "",
    "url": "https://www.eastbaytimes.com/2022/07/30/miss-manners-my-babysitting-plan-irritated-her-was-i-wrong/"
  },
  {
    "text": "Horoscopes | ",
    "url": "https://www.eastbaytimes.com/things-to-do/horoscopes/"
  },
  {
    "text": "\n\t\n\t\t\t\t\n\t\t\tMiss Manners: She defied me and went ahead with her ill-advised toast\t\t\n\n\t\t\t",
    "url": "https://www.eastbaytimes.com/2022/07/30/miss-manners-my-babysitting-plan-irritated-her-was-i-wrong/"
  },
  {
    "text": "",
    "url": "https://www.eastbaytimes.com/2022/07/30/dear-abby-her-irritating-habit-is-driving-me-toward-divorce/"
  },
  {
    "text": "Horoscopes | ",
    "url": "https://www.eastbaytimes.com/things-to-do/horoscopes/"
  },
  {
    "text": "\n\t\n\t\t\t\t\n\t\t\tDear Abby: Her irritating habit is driving me toward divorce\t\t\n\n\t\t\t",
    "url": "https://www.eastbaytimes.com/2022/07/30/dear-abby-her-irritating-habit-is-driving-me-toward-divorce/"
  },
  {
    "text": "\n\t\tSubscribe",
    "url": "https://myaccount.eastbaytimes.com/ebt/preference"
  },
  {
    "text": "\n\t\t\t\t\t\tFacebook\n\t\t\t\t\t",
    "url": "https://facebook.com/eastbaytimes"
  },
  {
    "text": "\n\t\t\t\t\t\tTwitter\n\t\t\t\t\t",
    "url": "https://twitter.com/eastbaytimes"
  },
  {
    "text": "\n\t\t\t\t\t\tInstagram\n\t\t\t\t\t",
    "url": "https://instagram.com/ebtimes"
  },
  {
    "text": "\n\t\t\t\t\t\tRSS\n\t\t\t\t\t",
    "url": "https://www.eastbaytimes.com/feed/"
  },
  {
    "text": "\n                Video images released of suspects sought in Oakland attempted robbery-killing\n            ",
    "url": "https://www.eastbaytimes.com/2022/07/29/video-images-released-of-suspects-sought-in-oakland-attempted-robbery-killing/"
  },
  {
    "text": "\n                Mega Millions is up to $1.28 billion. When is tonight\u2019s drawing? And how late can you buy a ticket?\n            ",
    "url": "https://www.eastbaytimes.com/2022/07/29/mega-millions-is-up-to-1-28-billion-when-is-tonights-drawing-and-how-late-can-you-buy-a-ticket/"
  },
  {
    "text": "\n                House passes assault-style weapons ban\n            ",
    "url": "https://www.eastbaytimes.com/2022/07/29/house-passes-assault-style-weapons-ban/"
  },
  {
    "text": "\n                Man shot walking in downtown Oakland\n            ",
    "url": "https://www.eastbaytimes.com/2022/07/29/man-shot-in-downtown-oakland-2/"
  },
  {
    "text": "\n                San Jose sues property owner, claiming his Rose Garden home endangers the public\n            ",
    "url": "https://www.eastbaytimes.com/2022/07/29/san-jose-sues-oakland-based-attorney-arguing-his-rose-garden-home-is-a-public-nuisance/"
  },
  {
    "text": "\n                These developers want to build a lot of housing at the North Concord BART Station\n            ",
    "url": "https://www.eastbaytimes.com/2022/07/29/developers-step-up-to-build-dense-housing-at-north-concord-bart-station/"
  },
  {
    "text": "\n                Woman dies after fall from historic California hotel\u2019s rotunda\n            ",
    "url": "https://www.eastbaytimes.com/2022/07/29/woman-dies-after-fall-from-rotunda-at-mission-inn-in-riverside/"
  },
  {
    "text": "\n                Miss Manners: We fled the wedding, humiliated. Were we really behaving like \u2018bumpkins\u2019?\n            ",
    "url": "https://www.eastbaytimes.com/2022/07/29/miss-manners-we-fled-the-wedding-humiliated-were-we-really-behaving-like-bumpkins/"
  },
  {
    "text": "\n                Drone pilot gets federal probation for dropping profane leaflets over Levi\u2019s Stadium and Oakland Coliseum\n            ",
    "url": "https://www.eastbaytimes.com/2022/07/29/drone-pilot-gets-federal-probation-for-dropping-profane-leaflets-over-levis-stadium-and-oakland-coliseum/"
  },
  {
    "text": "\n                San Francisco: Daytime road rage shooting on tourist strip\n            ",
    "url": "https://www.eastbaytimes.com/2022/07/29/san-francisco-daytime-road-rage-shooting-on-tourist-strip/"
  },
  {
    "text": "\n\t\t\t\tCrime and Public Safety\n\t\t\t",
    "url": "https://www.eastbaytimes.com/news/crime-public-safety/"
  },
  {
    "text": "",
    "url": "https://www.eastbaytimes.com/2022/07/29/man-charged-with-murder-in-stabbing-death-of-hayward-neighbor/"
  },
  {
    "text": "\n\t\t\t",
    "url": "https://www.eastbaytimes.com/2022/07/29/man-charged-with-murder-in-stabbing-death-of-hayward-neighbor/"
  },
  {
    "text": "Horoscopes | ",
    "url": "https://www.eastbaytimes.com/things-to-do/horoscopes/"
  },
  {
    "text": "\n\t\n\t\t\t\t\n\t\t\tMan charged with murder in stabbing death of Hayward neighbor\t\t\n\n\t\t\t",
    "url": "https://www.eastbaytimes.com/2022/07/29/man-charged-with-murder-in-stabbing-death-of-hayward-neighbor/"
  },
  {
    "text": "",
    "url": "https://www.eastbaytimes.com/2022/07/29/attorney-david-nisson-who-represented-some-mater-dei-football-players-disbarred/"
  },
  {
    "text": "Horoscopes | ",
    "url": "https://www.eastbaytimes.com/things-to-do/horoscopes/"
  },
  {
    "text": "\n\t\n\t\t\t\t\n\t\t\tCalifornia attorney who represented some Mater Dei football players in controversial cases, disbarred\t\t\n\n\t\t\t",
    "url": "https://www.eastbaytimes.com/2022/07/29/attorney-david-nisson-who-represented-some-mater-dei-football-players-disbarred/"
  },
  {
    "text": "",
    "url": "https://www.eastbaytimes.com/2022/07/29/theme-park-fights-escalate-into-a-nationwide-problem/"
  },
  {
    "text": "Horoscopes | ",
    "url": "https://www.eastbaytimes.com/things-to-do/horoscopes/"
  },
  {
    "text": "\n\t\n\t\t\t\t\n\t\t\tTheme park fights escalate into a nationwide problem\t\t\n\n\t\t\t",
    "url": "https://www.eastbaytimes.com/2022/07/29/theme-park-fights-escalate-into-a-nationwide-problem/"
  },
  {
    "text": "",
    "url": "https://www.eastbaytimes.com/2022/07/29/perjury-charge-against-long-beach-officer-prompts-release-of-prison-inmate-2/"
  },
  {
    "text": "Horoscopes | ",
    "url": "https://www.eastbaytimes.com/things-to-do/horoscopes/"
  },
  {
    "text": "\n\t\n\t\t\t\t\n\t\t\tCalifornia man imprisoned for 11 years released after police officer is charged with perjury\t\t\n\n\t\t\t",
    "url": "https://www.eastbaytimes.com/2022/07/29/perjury-charge-against-long-beach-officer-prompts-release-of-prison-inmate-2/"
  },
  {
    "text": "\n\t\t\t\tSports\n\t\t\t",
    "url": "https://www.eastbaytimes.com/sports/"
  },
  {
    "text": "",
    "url": "https://www.eastbaytimes.com/2022/07/29/sf-giants-fall-back-into-losing-ways-with-loss-to-cubs/"
  },
  {
    "text": "\n\t\t\t",
    "url": "https://www.eastbaytimes.com/2022/07/29/sf-giants-fall-back-into-losing-ways-with-loss-to-cubs/"
  },
  {
    "text": "Horoscopes | ",
    "url": "https://www.eastbaytimes.com/things-to-do/horoscopes/"
  },
  {
    "text": "\n\t\n\t\t\t\t\n\t\t\tSF Giants find hits, but no runs in frustrating loss to Cubs\t\t\n\n\t\t\t",
    "url": "https://www.eastbaytimes.com/2022/07/29/sf-giants-fall-back-into-losing-ways-with-loss-to-cubs/"
  },
  {
    "text": "",
    "url": "https://www.eastbaytimes.com/2022/07/29/as-seth-brown-returns-from-paternity-list-and-sons-the-white-sox/"
  },
  {
    "text": "Horoscopes | ",
    "url": "https://www.eastbaytimes.com/things-to-do/horoscopes/"
  },
  {
    "text": "\n\t\n\t\t\t\t\n\t\t\tNew dad Seth Brown homers twice in A\u2019s win over White Sox\t\t\n\n\t\t\t",
    "url": "https://www.eastbaytimes.com/2022/07/29/as-seth-brown-returns-from-paternity-list-and-sons-the-white-sox/"
  },
  {
    "text": "",
    "url": "https://www.eastbaytimes.com/2022/07/29/joc-pederson-diagnosed-with-concussion-from-wall-collision-vosler-recalled/"
  },
  {
    "text": "Horoscopes | ",
    "url": "https://www.eastbaytimes.com/things-to-do/horoscopes/"
  },
  {
    "text": "\n\t\n\t\t\t\t\n\t\t\tSF Giants: Joc Pederson diagnosed with concussion from wall collision; Vosler recalled\t\t\n\n\t\t\t",
    "url": "https://www.eastbaytimes.com/2022/07/29/joc-pederson-diagnosed-with-concussion-from-wall-collision-vosler-recalled/"
  },
  {
    "text": "",
    "url": "https://www.eastbaytimes.com/2022/07/29/growing-weary-of-pac-12-realignment-get-cozy-this-could-take-months/"
  },
  {
    "text": "Horoscopes | ",
    "url": "https://www.eastbaytimes.com/things-to-do/horoscopes/"
  },
  {
    "text": "\n\t\n\t\t\t\t\n\t\t\tGrowing weary of Pac-12 realignment? Get cozy; this could take months\t\t\n\n\t\t\t",
    "url": "https://www.eastbaytimes.com/2022/07/29/growing-weary-of-pac-12-realignment-get-cozy-this-could-take-months/"
  },
  {
    "text": "\n\t\t\t\tReal Estate\n\t\t\t",
    "url": "https://www.eastbaytimes.com/business/real-estate/"
  },
  {
    "text": "",
    "url": "https://www.eastbaytimes.com/2022/07/29/san-jose-sues-oakland-based-attorney-arguing-his-rose-garden-home-is-a-public-nuisance/"
  },
  {
    "text": "\n\t\t\t",
    "url": "https://www.eastbaytimes.com/2022/07/29/san-jose-sues-oakland-based-attorney-arguing-his-rose-garden-home-is-a-public-nuisance/"
  },
  {
    "text": "Horoscopes | ",
    "url": "https://www.eastbaytimes.com/things-to-do/horoscopes/"
  },
  {
    "text": "\n\t\n\t\t\t\t\n\t\t\tSan Jose sues Oakland attorney, claiming his Rose Garden neighborhood home endangers the public\t\t\n\n\t\t\t",
    "url": "https://www.eastbaytimes.com/2022/07/29/san-jose-sues-oakland-based-attorney-arguing-his-rose-garden-home-is-a-public-nuisance/"
  },
  {
    "text": "",
    "url": "https://www.eastbaytimes.com/2022/07/29/renting-in-the-bay-area-on-a-minimum-wage-salary-youll-need-at-least-3-jobs/"
  },
  {
    "text": "Horoscopes | ",
    "url": "https://www.eastbaytimes.com/things-to-do/horoscopes/"
  },
  {
    "text": "\n\t\n\t\t\t\t\n\t\t\tRenting in the Bay Area on minimum wage? You\u2019ll need at least 3 jobs\t\t\n\n\t\t\t",
    "url": "https://www.eastbaytimes.com/2022/07/29/renting-in-the-bay-area-on-a-minimum-wage-salary-youll-need-at-least-3-jobs/"
  },
  {
    "text": "",
    "url": "https://www.eastbaytimes.com/2022/07/29/santa-cruz-area-trails-only-sf-for-high-rental-costs/"
  },
  {
    "text": "Horoscopes | ",
    "url": "https://www.eastbaytimes.com/things-to-do/horoscopes/"
  },
  {
    "text": "\n\t\n\t\t\t\t\n\t\t\tSanta Cruz area trails only San Francisco for high rental costs\t\t\n\n\t\t\t",
    "url": "https://www.eastbaytimes.com/2022/07/29/santa-cruz-area-trails-only-sf-for-high-rental-costs/"
  },
  {
    "text": "",
    "url": "https://www.eastbaytimes.com/2022/07/28/home-sale-prices-from-alameda-county-july-24-2022-2/"
  },
  {
    "text": "Horoscopes | ",
    "url": "https://www.eastbaytimes.com/things-to-do/horoscopes/"
  },
  {
    "text": "\n\t\n\t\t\t\t\n\t\t\tHome sale prices from Alameda County, July 24, 2022\t\t\n\n\t\t\t",
    "url": "https://www.eastbaytimes.com/2022/07/28/home-sale-prices-from-alameda-county-july-24-2022-2/"
  },
  {
    "text": "Photos",
    "url": "/tag/photo-galleries-videos/"
  },
  {
    "text": "",
    "url": "https://www.eastbaytimes.com/2022/07/28/photos-burckhalter-elementary-school-gets-new-playground-makeover-from-carmax-and-kaboom-volunteers/"
  },
  {
    "text": "\n\t\t\t",
    "url": "https://www.eastbaytimes.com/2022/07/28/photos-burckhalter-elementary-school-gets-new-playground-makeover-from-carmax-and-kaboom-volunteers/"
  },
  {
    "text": "Horoscopes | ",
    "url": "https://www.eastbaytimes.com/things-to-do/horoscopes/"
  },
  {
    "text": "\n\t\n\t\t\t\t\n\t\t\tPhotos: Burckhalter Elementary School gets new playground makeover from CarMax and KABOOM! volunteers\t\t\n\n\t\t\t",
    "url": "https://www.eastbaytimes.com/2022/07/28/photos-burckhalter-elementary-school-gets-new-playground-makeover-from-carmax-and-kaboom-volunteers/"
  },
  {
    "text": "",
    "url": "https://www.eastbaytimes.com/2022/07/28/travel-you-can-learn-how-to-be-a-mermaid-on-maui/"
  },
  {
    "text": "\n\t\t\t",
    "url": "https://www.eastbaytimes.com/2022/07/28/travel-you-can-learn-how-to-be-a-mermaid-on-maui/"
  },
  {
    "text": "Horoscopes | ",
    "url": "https://www.eastbaytimes.com/things-to-do/horoscopes/"
  },
  {
    "text": "\n\t\n\t\t\t\t\n\t\t\tYou can learn how to be a mermaid on Maui\t\t\n\n\t\t\t",
    "url": "https://www.eastbaytimes.com/2022/07/28/travel-you-can-learn-how-to-be-a-mermaid-on-maui/"
  },
  {
    "text": "",
    "url": "https://www.eastbaytimes.com/2022/07/28/take-a-look-inside-the-golden-girls-inspired-pop-up-restaurant-opening-in-beverly-hills/"
  },
  {
    "text": "\n\t\t\t",
    "url": "https://www.eastbaytimes.com/2022/07/28/take-a-look-inside-the-golden-girls-inspired-pop-up-restaurant-opening-in-beverly-hills/"
  },
  {
    "text": "Horoscopes | ",
    "url": "https://www.eastbaytimes.com/things-to-do/horoscopes/"
  },
  {
    "text": "\n\t\n\t\t\t\t\n\t\t\tTake a look inside \u2018The Golden Girls\u2019 inspired pop-up restaurant opening in Beverly Hills\t\t\n\n\t\t\t",
    "url": "https://www.eastbaytimes.com/2022/07/28/take-a-look-inside-the-golden-girls-inspired-pop-up-restaurant-opening-in-beverly-hills/"
  },
  {
    "text": "",
    "url": "https://www.eastbaytimes.com/2022/07/28/jon-stewart-and-democrats-rail-against-stalled-burn-pits-legislation-to-help-vets-this-is-bull/"
  },
  {
    "text": "\n\t\t\t",
    "url": "https://www.eastbaytimes.com/2022/07/28/jon-stewart-and-democrats-rail-against-stalled-burn-pits-legislation-to-help-vets-this-is-bull/"
  },
  {
    "text": "Horoscopes | ",
    "url": "https://www.eastbaytimes.com/things-to-do/horoscopes/"
  },
  {
    "text": "\n\t\n\t\t\t\t\n\t\t\tJon Stewart and Democrats rail against stalled burn pits legislation to help vets: \u2018This is bull****\u2019\t\t\n\n\t\t\t",
    "url": "https://www.eastbaytimes.com/2022/07/28/jon-stewart-and-democrats-rail-against-stalled-burn-pits-legislation-to-help-vets-this-is-bull/"
  },
  {
    "text": "",
    "url": "https://www.eastbaytimes.com/2022/07/28/oakland-fortune-factory-redefines-what-a-fortune-cookie-represents/"
  },
  {
    "text": "\n\t\t\t",
    "url": "https://www.eastbaytimes.com/2022/07/28/oakland-fortune-factory-redefines-what-a-fortune-cookie-represents/"
  },
  {
    "text": "Horoscopes | ",
    "url": "https://www.eastbaytimes.com/things-to-do/horoscopes/"
  },
  {
    "text": "\n\t\n\t\t\t\t\n\t\t\tOakland Fortune Factory redefines what a fortune cookie represents\t\t\n\n\t\t\t",
    "url": "https://www.eastbaytimes.com/2022/07/28/oakland-fortune-factory-redefines-what-a-fortune-cookie-represents/"
  },
  {
    "text": "",
    "url": "https://www.eastbaytimes.com/2022/07/28/sausalito-ship-removes-96-tons-of-trash-from-pacific-ocean/"
  },
  {
    "text": "\n\t\t\t",
    "url": "https://www.eastbaytimes.com/2022/07/28/sausalito-ship-removes-96-tons-of-trash-from-pacific-ocean/"
  },
  {
    "text": "Horoscopes | ",
    "url": "https://www.eastbaytimes.com/things-to-do/horoscopes/"
  },
  {
    "text": "\n\t\n\t\t\t\t\n\t\t\tBay Area ship removes 96 tons of trash from Pacific Ocean\t\t\n\n\t\t\t",
    "url": "https://www.eastbaytimes.com/2022/07/28/sausalito-ship-removes-96-tons-of-trash-from-pacific-ocean/"
  },
  {
    "text": "",
    "url": "https://www.eastbaytimes.com/2022/07/27/steph-and-ayesha-curry-mark-foundations-third-anniversary-by-taking-oakland-kids-out-to-the-ballgame/"
  },
  {
    "text": "\n\t\t\t",
    "url": "https://www.eastbaytimes.com/2022/07/27/steph-and-ayesha-curry-mark-foundations-third-anniversary-by-taking-oakland-kids-out-to-the-ballgame/"
  },
  {
    "text": "Horoscopes | ",
    "url": "https://www.eastbaytimes.com/things-to-do/horoscopes/"
  },
  {
    "text": "\n\t\n\t\t\t\t\n\t\t\tSteph and Ayesha Curry mark foundation\u2019s third anniversary by taking Oakland kids out to the ballgame\t\t\n\n\t\t\t",
    "url": "https://www.eastbaytimes.com/2022/07/27/steph-and-ayesha-curry-mark-foundations-third-anniversary-by-taking-oakland-kids-out-to-the-ballgame/"
  },
  {
    "text": "",
    "url": "https://www.eastbaytimes.com/2022/07/27/watch-live-santa-clara-county-public-health-officials-discuss-monkeypox-outbreak/"
  },
  {
    "text": "\n\t\t\t",
    "url": "https://www.eastbaytimes.com/2022/07/27/watch-live-santa-clara-county-public-health-officials-discuss-monkeypox-outbreak/"
  },
  {
    "text": "Horoscopes | ",
    "url": "https://www.eastbaytimes.com/things-to-do/horoscopes/"
  },
  {
    "text": "\n\t\n\t\t\t\t\n\t\t\tWatch: Santa Clara County public health officials discuss monkeypox outbreak\t\t\n\n\t\t\t",
    "url": "https://www.eastbaytimes.com/2022/07/27/watch-live-santa-clara-county-public-health-officials-discuss-monkeypox-outbreak/"
  },
  {
    "text": "",
    "url": "https://www.eastbaytimes.com/2022/07/27/what-to-watch-dc-super-pets-has-just-enough-bite/"
  },
  {
    "text": "\n\t\t\t",
    "url": "https://www.eastbaytimes.com/2022/07/27/what-to-watch-dc-super-pets-has-just-enough-bite/"
  },
  {
    "text": "Horoscopes | ",
    "url": "https://www.eastbaytimes.com/things-to-do/horoscopes/"
  },
  {
    "text": "\n\t\n\t\t\t\t\n\t\t\tWhat to watch: \u2018DC Super-Pets\u2019 has just enough bite\t\t\n\n\t\t\t",
    "url": "https://www.eastbaytimes.com/2022/07/27/what-to-watch-dc-super-pets-has-just-enough-bite/"
  },
  {
    "text": "",
    "url": "https://www.eastbaytimes.com/2022/07/27/in-forest-falls-a-sometimes-fatal-attraction-lures-hikers-with-its-beauty/"
  },
  {
    "text": "\n\t\t\t",
    "url": "https://www.eastbaytimes.com/2022/07/27/in-forest-falls-a-sometimes-fatal-attraction-lures-hikers-with-its-beauty/"
  },
  {
    "text": "Horoscopes | ",
    "url": "https://www.eastbaytimes.com/things-to-do/horoscopes/"
  },
  {
    "text": "\n\t\n\t\t\t\t\n\t\t\tWith California mountain waterfalls, a sometimes fatal attraction lures hikers with its beauty\t\t\n\n\t\t\t",
    "url": "https://www.eastbaytimes.com/2022/07/27/in-forest-falls-a-sometimes-fatal-attraction-lures-hikers-with-its-beauty/"
  },
  {
    "text": "",
    "url": "https://www.eastbaytimes.com/2022/07/27/amid-formula-shortage-california-mothers-find-unlikely-source-of-relief-breast-milk-donors/"
  },
  {
    "text": "\n\t\t\t",
    "url": "https://www.eastbaytimes.com/2022/07/27/amid-formula-shortage-california-mothers-find-unlikely-source-of-relief-breast-milk-donors/"
  },
  {
    "text": "Horoscopes | ",
    "url": "https://www.eastbaytimes.com/things-to-do/horoscopes/"
  },
  {
    "text": "\n\t\n\t\t\t\t\n\t\t\tAmid formula shortage, California mothers find unlikely source of relief: breast milk donors\t\t\n\n\t\t\t",
    "url": "https://www.eastbaytimes.com/2022/07/27/amid-formula-shortage-california-mothers-find-unlikely-source-of-relief-breast-milk-donors/"
  },
  {
    "text": "",
    "url": "https://www.eastbaytimes.com/2022/07/26/i-never-thought-he-had-a-ceiling-local-draft-pick-bolte-is-ready-to-be-a-pro-with-the-as/"
  },
  {
    "text": "\n\t\t\t",
    "url": "https://www.eastbaytimes.com/2022/07/26/i-never-thought-he-had-a-ceiling-local-draft-pick-bolte-is-ready-to-be-a-pro-with-the-as/"
  },
  {
    "text": "Horoscopes | ",
    "url": "https://www.eastbaytimes.com/things-to-do/horoscopes/"
  },
  {
    "text": "\n\t\n\t\t\t\t\n\t\t\tBay Area prep star Henry Bolte ready to be a pro with the A\u2019s\t\t\n\n\t\t\t",
    "url": "https://www.eastbaytimes.com/2022/07/26/i-never-thought-he-had-a-ceiling-local-draft-pick-bolte-is-ready-to-be-a-pro-with-the-as/"
  },
  {
    "text": "\n\t\t\t\tCoronavirus\n\t\t\t",
    "url": "https://www.eastbaytimes.com/tag/coronavirus/"
  },
  {
    "text": "",
    "url": "https://www.eastbaytimes.com/2022/07/29/with-no-federal-emergency-declaration-san-francisco-and-new-york-sound-alarm-on-monkeypox/"
  },
  {
    "text": "\n\t\t\t",
    "url": "https://www.eastbaytimes.com/2022/07/29/with-no-federal-emergency-declaration-san-francisco-and-new-york-sound-alarm-on-monkeypox/"
  },
  {
    "text": "Horoscopes | ",
    "url": "https://www.eastbaytimes.com/things-to-do/horoscopes/"
  },
  {
    "text": "\n\t\n\t\t\t\t\n\t\t\tWith no federal emergency declaration, San Francisco and New York sound alarm on monkeypox\t\t\n\n\t\t\t",
    "url": "https://www.eastbaytimes.com/2022/07/29/with-no-federal-emergency-declaration-san-francisco-and-new-york-sound-alarm-on-monkeypox/"
  },
  {
    "text": "",
    "url": "https://www.eastbaytimes.com/2022/07/28/san-jose-mayor-sam-liccardo-tests-positive-for-covid/"
  },
  {
    "text": "Horoscopes | ",
    "url": "https://www.eastbaytimes.com/things-to-do/horoscopes/"
  },
  {
    "text": "\n\t\n\t\t\t\t\n\t\t\tSan Jose Mayor Sam Liccardo tests positive for COVID again\t\t\n\n\t\t\t",
    "url": "https://www.eastbaytimes.com/2022/07/28/san-jose-mayor-sam-liccardo-tests-positive-for-covid/"
  },
  {
    "text": "",
    "url": "https://www.eastbaytimes.com/2022/07/28/mandatory-masks-are-back-on-bart-in-fourth-policy-change-since-april/"
  },
  {
    "text": "Horoscopes | ",
    "url": "https://www.eastbaytimes.com/things-to-do/horoscopes/"
  },
  {
    "text": "\n\t\n\t\t\t\t\n\t\t\tMandatory masks are back on BART, in fourth policy change since April\t\t\n\n\t\t\t",
    "url": "https://www.eastbaytimes.com/2022/07/28/mandatory-masks-are-back-on-bart-in-fourth-policy-change-since-april/"
  },
  {
    "text": "",
    "url": "https://www.eastbaytimes.com/2022/07/28/parenting-helps-protect-against-severe-covid-kaiser-study-finds/"
  },
  {
    "text": "Horoscopes | ",
    "url": "https://www.eastbaytimes.com/things-to-do/horoscopes/"
  },
  {
    "text": "\n\t\n\t\t\t\t\n\t\t\tParenting helps protect against severe COVID, Kaiser study finds\t\t\n\n\t\t\t",
    "url": "https://www.eastbaytimes.com/2022/07/28/parenting-helps-protect-against-severe-covid-kaiser-study-finds/"
  },
  {
    "text": "\n\t\t\t\tOpinion\n\t\t\t",
    "url": "https://www.eastbaytimes.com/opinion/"
  },
  {
    "text": "",
    "url": "https://www.eastbaytimes.com/2022/07/29/editorial-california-doesnt-need-more-gambling-vote-no-on-props-26-27/"
  },
  {
    "text": "\n\t\t\t",
    "url": "https://www.eastbaytimes.com/2022/07/29/editorial-california-doesnt-need-more-gambling-vote-no-on-props-26-27/"
  },
  {
    "text": "Horoscopes | ",
    "url": "https://www.eastbaytimes.com/things-to-do/horoscopes/"
  },
  {
    "text": "\n\t\n\t\t\t\t\n\t\t\tEditorial: California doesn\u2019t need more gambling, vote no on Props. 26, 27\t\t\n\n\t\t\t",
    "url": "https://www.eastbaytimes.com/2022/07/29/editorial-california-doesnt-need-more-gambling-vote-no-on-props-26-27/"
  },
  {
    "text": "",
    "url": "https://www.eastbaytimes.com/2022/07/29/opinion-carbon-capture-is-an-important-tool-in-californias-climate-plan/"
  },
  {
    "text": "Horoscopes | ",
    "url": "https://www.eastbaytimes.com/things-to-do/horoscopes/"
  },
  {
    "text": "\n\t\n\t\t\t\t\n\t\t\tSen. Steve Glazer: Carbon capture is a crucial tool in California's climate plan\t\t\n\n\t\t\t",
    "url": "https://www.eastbaytimes.com/2022/07/29/opinion-carbon-capture-is-an-important-tool-in-californias-climate-plan/"
  },
  {
    "text": "",
    "url": "https://www.eastbaytimes.com/2022/07/28/editorial-reject-unions-prop-29-attack-on-kidney-dialysis-firms/"
  },
  {
    "text": "Horoscopes | ",
    "url": "https://www.eastbaytimes.com/things-to-do/horoscopes/"
  },
  {
    "text": "\n\t\n\t\t\t\t\n\t\t\tEditorial: Vote no on union\u2019s Prop. 29 attack on kidney dialysis firms\t\t\n\n\t\t\t",
    "url": "https://www.eastbaytimes.com/2022/07/28/editorial-reject-unions-prop-29-attack-on-kidney-dialysis-firms/"
  },
  {
    "text": "",
    "url": "https://www.eastbaytimes.com/2022/07/28/letters-922/"
  },
  {
    "text": "Horoscopes | ",
    "url": "https://www.eastbaytimes.com/things-to-do/horoscopes/"
  },
  {
    "text": "\n\t\n\t\t\t\t\n\t\t\tLetters: Independent truckers | Cyclists unwelcome | Electric cars | Preserving monarchs | Accountable spending | Expand and rebalance\t\t\n\n\t\t\t",
    "url": "https://www.eastbaytimes.com/2022/07/28/letters-922/"
  },
  {
    "text": "\n\t\t\t\tLifestyle\n\t\t\t",
    "url": "https://www.eastbaytimes.com/things-to-do/lifestyle/"
  },
  {
    "text": "",
    "url": "https://www.eastbaytimes.com/2022/07/28/its-last-call-at-rockys-brooklyn-basin-beloved-oakland-venue/"
  },
  {
    "text": "\n\t\t\t",
    "url": "https://www.eastbaytimes.com/2022/07/28/its-last-call-at-rockys-brooklyn-basin-beloved-oakland-venue/"
  },
  {
    "text": "Horoscopes | ",
    "url": "https://www.eastbaytimes.com/things-to-do/horoscopes/"
  },
  {
    "text": "\n\t\n\t\t\t\t\n\t\t\tIt\u2019s last call at Rocky\u2019s Brooklyn Basin, beloved Oakland venue\t\t\n\n\t\t\t",
    "url": "https://www.eastbaytimes.com/2022/07/28/its-last-call-at-rockys-brooklyn-basin-beloved-oakland-venue/"
  },
  {
    "text": "",
    "url": "https://www.eastbaytimes.com/2022/07/28/east-bay-roller-rink-will-remain-open-after-previously-announcing-closure/"
  },
  {
    "text": "Horoscopes | ",
    "url": "https://www.eastbaytimes.com/things-to-do/horoscopes/"
  },
  {
    "text": "\n\t\n\t\t\t\t\n\t\t\tOutpouring wins reprieve for one of Bay Area\u2019s last roller rinks\t\t\n\n\t\t\t",
    "url": "https://www.eastbaytimes.com/2022/07/28/east-bay-roller-rink-will-remain-open-after-previously-announcing-closure/"
  },
  {
    "text": "",
    "url": "https://www.eastbaytimes.com/2022/07/28/have-the-past-misdeeds-of-john-james-audubon-come-home-to-roost/"
  },
  {
    "text": "Horoscopes | ",
    "url": "https://www.eastbaytimes.com/things-to-do/horoscopes/"
  },
  {
    "text": "\n\t\n\t\t\t\t\n\t\t\tHave the past misdeeds of John James Audubon come home to roost?\t\t\n\n\t\t\t",
    "url": "https://www.eastbaytimes.com/2022/07/28/have-the-past-misdeeds-of-john-james-audubon-come-home-to-roost/"
  },
  {
    "text": "",
    "url": "https://www.eastbaytimes.com/2022/07/28/want-to-throw-out-first-pitch-at-jerry-garcia-night-for-s-f-giants/"
  },
  {
    "text": "Horoscopes | ",
    "url": "https://www.eastbaytimes.com/things-to-do/horoscopes/"
  },
  {
    "text": "\n\t\n\t\t\t\t\n\t\t\tWant to throw out first pitch at Jerry Garcia Night for S.F. Giants?\t\t\n\n\t\t\t",
    "url": "https://www.eastbaytimes.com/2022/07/28/want-to-throw-out-first-pitch-at-jerry-garcia-night-for-s-f-giants/"
  },
  {
    "text": "\n\t\t\t\tThings To Do\n\t\t\t",
    "url": "https://www.eastbaytimes.com/things-to-do/"
  },
  {
    "text": "",
    "url": "https://www.eastbaytimes.com/2022/07/30/horoscopes-july-30-2022-terry-crews-gain-momentum/"
  },
  {
    "text": "\n\t\t\t",
    "url": "https://www.eastbaytimes.com/2022/07/30/horoscopes-july-30-2022-terry-crews-gain-momentum/"
  },
  {
    "text": "Horoscopes | ",
    "url": "https://www.eastbaytimes.com/things-to-do/horoscopes/"
  },
  {
    "text": "\n\t\n\t\t\t\t\n\t\t\tHoroscopes July 30, 2022: Terry Crews, gain momentum\t\t\n\n\t\t\t",
    "url": "https://www.eastbaytimes.com/2022/07/30/horoscopes-july-30-2022-terry-crews-gain-momentum/"
  },
  {
    "text": "",
    "url": "https://www.eastbaytimes.com/2022/07/29/in-chris-rock-apology-will-smith-reveals-the-agony-of-hurting-others/"
  },
  {
    "text": "Horoscopes | ",
    "url": "https://www.eastbaytimes.com/things-to-do/horoscopes/"
  },
  {
    "text": "\n\t\n\t\t\t\t\n\t\t\tIn Chris Rock apology, Will Smith reveals the agony of hurting others\t\t\n\n\t\t\t",
    "url": "https://www.eastbaytimes.com/2022/07/29/in-chris-rock-apology-will-smith-reveals-the-agony-of-hurting-others/"
  },
  {
    "text": "",
    "url": "https://www.eastbaytimes.com/2022/07/29/south-park-25th-anniversary-concert-exhibit-denver/"
  },
  {
    "text": "Horoscopes | ",
    "url": "https://www.eastbaytimes.com/things-to-do/horoscopes/"
  },
  {
    "text": "\n\t\n\t\t\t\t\n\t\t\tHere\u2019s how to see the \u201cSouth Park\u201d 25th anniversary concert and exhibit in Colorado\t\t\n\n\t\t\t",
    "url": "https://www.eastbaytimes.com/2022/07/29/south-park-25th-anniversary-concert-exhibit-denver/"
  },
  {
    "text": "",
    "url": "https://www.eastbaytimes.com/2022/07/29/will-smith-apology-video-chris-rock-slap/"
  },
  {
    "text": "Horoscopes | ",
    "url": "https://www.eastbaytimes.com/things-to-do/horoscopes/"
  },
  {
    "text": "\n\t\n\t\t\t\t\n\t\t\tWill Smith posts an apology video for slapping Chris Rock\t\t\n\n\t\t\t",
    "url": "https://www.eastbaytimes.com/2022/07/29/will-smith-apology-video-chris-rock-slap/"
  },
  {
    "text": "Woman sues bishop, claiming he stole her life savings",
    "url": "https://www.nydailynews.com/new-york/ny-bishop-robbed-woman-life-savings-20220728-yrtmjuqdpbelljz45x6ufxrmqu-story.html?itm_source=parsely-api"
  },
  {
    "text": "3 people shot in Pa. apartment building",
    "url": "http://www.readingeagle.com/2022/07/28/berks-crews-respond-for-multiple-people-shot-in-spring-township/?itm_source=parsely-api"
  },
  {
    "text": "Lollapalooza day one: Metallica fans turn out, group protests city's teen curfew",
    "url": "https://www.chicagotribune.com/entertainment/music/ct-ent-lollapalooza-opens-chicago-day-1-2022-20220728-7aws5zlmnjao7acptwexygxm5i-story.html?itm_source=parsely-api"
  },
  {
    "text": "Man dumps corpse in driveway using hand truck, then walks away",
    "url": "https://www.nydailynews.com/new-york/nyc-crime/ny-man-dumps-body-hand-truck-brooklyn-20220727-bzir27sc45c6xpk3ueotizk7hi-story.html?itm_source=parsely-api"
  },
  {
    "text": "Police: 3 children found dead in CT home \u2018appear to have died by strangulation\u2019",
    "url": "https://www.courant.com/news/connecticut/hc-news-mom-and-kids-dead-connecticut-20220728-ohowwaa7lbfqrlldpcvozpuyvq-story.html?itm_source=parsely-api"
  },
  {
    "text": "",
    "url": "https://www.eastbaytimes.com"
  },
  {
    "text": "News Alerts",
    "url": "http://www.eastbaytimes.com/newsletters"
  },
  {
    "text": "",
    "url": "#"
  },
  {
    "text": "Email Newsletters",
    "url": "http://www.eastbaytimes.com/newsletters"
  },
  {
    "text": "Today\u2019s e-Edition",
    "url": "http://enewspaper.eastbaytimes.com"
  },
  {
    "text": "Mobile Apps",
    "url": "https://www.eastbaytimes.com/mobile/"
  },
  {
    "text": "Subscribe",
    "url": "https://checkout.eastbaytimes.com/subscriptionmultiproduct?g2i_source=Event&g2i_medium=link&g2i_campaign=footer&g2i_or_o=event&g2i_or_p=footer"
  },
  {
    "text": "",
    "url": "#"
  },
  {
    "text": "Member Services",
    "url": "https://myaccount.eastbaytimes.com/"
  },
  {
    "text": "Manage Subscriptions",
    "url": "https://myaccount.eastbaytimes.com/"
  },
  {
    "text": "Archive Search",
    "url": "https://eastbaytimes.newsbank.com/"
  },
  {
    "text": "Reprints",
    "url": "https://www.eastbaytimes.com/reprints/"
  },
  {
    "text": "Contact Us",
    "url": "https://www.eastbaytimes.com/contact-us/"
  },
  {
    "text": "",
    "url": "#"
  },
  {
    "text": "Digital Access FAQ",
    "url": "https://www.eastbaytimes.com/digital-access/"
  },
  {
    "text": "Join our Team",
    "url": "https://www.bayareanewsgroup.com/join-our-team"
  },
  {
    "text": "Sponsor a Group",
    "url": "https://sponsor.medianewsgroup.com/a/?tag=bayarea"
  },
  {
    "text": "Get Sponsored Access",
    "url": "https://access.medianewsgroup.com/d/bayarea"
  },
  {
    "text": "Privacy Policy",
    "url": "https://www.medianewsgroup.com/privacy-policy/"
  },
  {
    "text": "Accessibility",
    "url": "https://www.medianewsgroup.com/accessibility-statement/"
  },
  {
    "text": "Marketplace",
    "url": "https://www.eastbaytimes.com/sponsored-content/"
  },
  {
    "text": "",
    "url": "#"
  },
  {
    "text": "Classifieds",
    "url": "http://marketplace.bayareanewsgroup.com/marketplace/"
  },
  {
    "text": "Place an Obituary",
    "url": "http://www.oakdove.com/"
  },
  {
    "text": "Place Legal Notice",
    "url": "http://bang.theadhawk.com/bang-adportal/legals/index.html"
  },
  {
    "text": "Real Estate",
    "url": "http://homes.mercurynews.com/"
  },
  {
    "text": "Lottery",
    "url": "https://www.eastbaytimes.com/lottery/"
  },
  {
    "text": "Advertise With Us",
    "url": "https://www.eastbaytimes.com/advertise/"
  },
  {
    "text": "",
    "url": "#"
  },
  {
    "text": "Special Sections",
    "url": "https://www.eastbaytimes.com/special-sections/"
  },
  {
    "text": "Top Workplaces",
    "url": "https://topworkplaces.bayareanewsgroup.com/"
  },
  {
    "text": "Network Advertising",
    "url": "https://www.digitalfirstmedia.com/advertise-with-us/"
  },
  {
    "text": "Daily Ads",
    "url": "https://eastbaytimes-ca.newsmemory.com/?marketplace"
  },
  {
    "text": "Public Notes",
    "url": "http://capublicnotice.com/"
  },
  {
    "text": "\n\t\t\t\t\t\tFacebook\n\t\t\t\t\t",
    "url": "https://facebook.com/eastbaytimes"
  },
  {
    "text": "\n\t\t\t\t\t\tTwitter\n\t\t\t\t\t",
    "url": "https://twitter.com/eastbaytimes"
  },
  {
    "text": "\n\t\t\t\t\t\tInstagram\n\t\t\t\t\t",
    "url": "https://instagram.com/ebtimes"
  },
  {
    "text": "\n\t\t\t\t\t\tRSS\n\t\t\t\t\t",
    "url": "https://www.eastbaytimes.com/feed/"
  },
  {
    "text": "\n\t\t\t\t\tSubscribe Now\t\t\t\t",
    "url": "https://checkout.eastbaytimes.com/?g2i_source=Event&g2i_medium=link&g2i_campaign=nav&g2i_or_o=event&g2i_or_p=nav&returnUrl=https%253A%252F%252Fwww.eastbaytimes.com%252F"
  },
  {
    "text": "Terms of Use",
    "url": "https://www.medianewsgroup.com/terms-of-use/"
  },
  {
    "text": "Cookie Policy",
    "url": "https://www.medianewsgroup.com/cookie-policy/"
  },
  {
    "text": "Arbitration",
    "url": "https://www.medianewsgroup.com/arbitration/"
  },
  {
    "text": "Powered by WordPress.com VIP",
    "url": "https://vip.wordpress.com/"
  },
  {
    "text": "Do Not Sell My Info",
    "url": "https://www.medianewsgroup.com/california-consumer-privacy-act/"
  },
  {
    "text": "\n\t\t\t\t\t\t\n\t\t\t\t\t\t\t\t\t\t\t",
    "url": "http://www.bayareanewsgroup.com"
  },
  {
    "text": "",
    "url": "#"
  },
  {
    "text": "Log in",
    "url": "#"
  },
  {
    "text": "Log in help\ufeff",
    "url": "https://www.eastbaytimes.com/faqlogin/?returnUrl=https%3A%2F%2Fwww.eastbaytimes.com%2F%3FclearUserState%3Dtrue"
  }
]