[
  {
    "text": "Listen Now!",
    "url": "https://edsource.org/podcast/compton-journalism-class-aims-to-boost-english-skills"
  },
  {
    "text": "Quick Guides",
    "url": "https://edsource.org/topic/quick-guides"
  },
  {
    "text": "TEACHING MATHEMATICS IN CALIFORNIA",
    "url": "https://edsource.org/2022/teaching-mathematics-in-california/670024"
  },
  {
    "text": "NEW EFFORTS TO COUNT HOMELESS STUDENTS",
    "url": "https://edsource.org/2022/california-launches-effort-to-count-all-homeless-students-quick-guide/665252"
  },
  {
    "text": "",
    "url": "https://www.facebook.com/EdSource"
  },
  {
    "text": "",
    "url": "https://twitter.com/EdSource"
  },
  {
    "text": "",
    "url": "https://www.linkedin.com/company/edsource"
  },
  {
    "text": "",
    "url": "https://www.instagram.com/edsource/?hl=en"
  },
  {
    "text": "",
    "url": "/feed/atom"
  },
  {
    "text": "\n\t\t\t\t\t\n\t\t\t\t\t\n\t\t\t\t\t",
    "url": "https://edsource.org"
  },
  {
    "text": "\n\t\t\t\t\t\t\t\n\t\t\t\t\t\t\tDonate\n\t\t\t\t\t\t",
    "url": "/donate"
  },
  {
    "text": "\n\t\t\t\t\t\t\t\n\t\t\t\t\t\t\tSubscribe\n\t\t\t\t\t\t",
    "url": "/subscribe"
  },
  {
    "text": "\u00d7",
    "url": "javascript:void(0)"
  },
  {
    "text": "Advanced Search",
    "url": "/advanced-search"
  },
  {
    "text": "Topics",
    "url": "#"
  },
  {
    "text": "Charter Schools",
    "url": "https://edsource.org/topic/charter-schools"
  },
  {
    "text": "College & Careers",
    "url": "https://edsource.org/topic/college-careers"
  },
  {
    "text": "Coronavirus",
    "url": "https://edsource.org/topic/coronavirus"
  },
  {
    "text": "Distance Learning",
    "url": "https://edsource.org/topic/distance-learning"
  },
  {
    "text": "Early Learning",
    "url": "https://edsource.org/topic/early-learning"
  },
  {
    "text": "Elections and Education",
    "url": "https://edsource.org/topic/elections"
  },
  {
    "text": "High-needs students",
    "url": "https://edsource.org/topic/high-needs-students"
  },
  {
    "text": "Immigration",
    "url": "https://edsource.org/topic/immigration"
  },
  {
    "text": "Legislation & Budget",
    "url": "https://edsource.org/topic/legislation"
  },
  {
    "text": "Literacy",
    "url": "https://edsource.org/topic/literacy"
  },
  {
    "text": "Local Control Funding",
    "url": "https://edsource.org/topic/lcff"
  },
  {
    "text": "Math & Science",
    "url": "http://edsource.org/topic/math-and-science"
  },
  {
    "text": "Policy & Finance",
    "url": "https://edsource.org/topic/policy"
  },
  {
    "text": "Race and Equity",
    "url": "https://edsource.org/topic/race-and-equity"
  },
  {
    "text": "Research & Reports in Brief",
    "url": "https://edsource.org/reports"
  },
  {
    "text": "School Discipline",
    "url": "https://edsource.org/topic/discipline"
  },
  {
    "text": "Social and Emotional Learning",
    "url": "https://edsource.org/topic/social-emotional-learning"
  },
  {
    "text": "Student Wellbeing",
    "url": "https://edsource.org/topic/student-wellbeing"
  },
  {
    "text": "Teachers",
    "url": "https://edsource.org/topic/teaching"
  },
  {
    "text": "Teacher Shortage",
    "url": "https://edsource.org/topic/teacher-shortage"
  },
  {
    "text": "Projects & Investigations",
    "url": "#"
  },
  {
    "text": "Investigations",
    "url": "https://edsource.org/topic/investigation"
  },
  {
    "text": "Finishing in Four Years",
    "url": "https://edsource.org/2022/finishing-in-four-years/671640"
  },
  {
    "text": "Class of 2022",
    "url": "https://edsource.org/2022/class-of-2022/671418"
  },
  {
    "text": "California\u2019s Enrollment Rollercoaster",
    "url": "https://edsource.org/2022/californias-enrollment-rollercoaster/670426"
  },
  {
    "text": "Teaching Mathematics in California",
    "url": "https://edsource.org/2022/teaching-mathematics-in-california/670024"
  },
  {
    "text": "Adjuncts\u2019 gig economy at CA community colleges",
    "url": "https://edsource.org/2022/gig-by-gig-at-california-community-colleges/667280"
  },
  {
    "text": "California\u2019s Reading Dilemma",
    "url": "https://edsource.org/topic/literacy-project"
  },
  {
    "text": "Remote\u2019s impact on the youngest",
    "url": "https://edsource.org/topic/remotes-impact-on-the-youngest"
  },
  {
    "text": "Following Covid Money in Education",
    "url": "https://edsource.org/topic/following-covid-money-in-higher-education"
  },
  {
    "text": "Learning Well: Beyond the Pandemic",
    "url": "https://edsource.org/topic/learning-well-beyond-the-pandemic"
  },
  {
    "text": "California\u2019s Community Colleges: At a Crossroads",
    "url": "https://edsource.org/topic/california-community-colleges-at-a-crossroads"
  },
  {
    "text": "College And Covid: Freshman Year Disrupted",
    "url": "https://edsource.org/topic/college-and-covid"
  },
  {
    "text": "Education during Covid: California families struggle to learn",
    "url": "https://edsource.org/topic/education-during-covid"
  },
  {
    "text": "Rural California: An Education Divide",
    "url": "https://edsource.org/topic/rural-california-an-education-divide"
  },
  {
    "text": "Saving Stege",
    "url": "https://edsource.org/topic/saving-stege"
  },
  {
    "text": "California\u2019s Teacher Housing Crunch",
    "url": "https://edsource.org/topic/californias-teacher-housing-crunch"
  },
  {
    "text": "Tainted Taps: Lead puts California Students at Risk",
    "url": "https://edsource.org/topic/tainted-taps-lead-puts-california-students-at-risk"
  },
  {
    "text": "Full Circle: California Schools Work To Transform Discipline",
    "url": "https://edsource.org/topic/full-circle"
  },
  {
    "text": "California\u2019s Homeless Students: Undercounted, Underfunded And Growing",
    "url": "https://edsource.org/topic/california-homeless-students"
  },
  {
    "text": "Common Core Explained",
    "url": "https://edsource.org/common-core-explained"
  },
  {
    "text": "Local Control Funding Formula Explained",
    "url": "https://edsource.org/2016/local-control-funding-formula-guide-lcff/89272"
  },
  {
    "text": "Audio & Video",
    "url": "#"
  },
  {
    "text": "Podcasts",
    "url": "http://edsource.org/podcast"
  },
  {
    "text": "Roundtables",
    "url": "http://edsource.org/broadcasts"
  },
  {
    "text": "Video",
    "url": "https://edsource.org/terms/video"
  },
  {
    "text": "Commentaries",
    "url": "https://edsource.org/topic/commentary"
  },
  {
    "text": "Share your commentary",
    "url": "https://edsource.org/guidelines-for-edsource-commentaries"
  },
  {
    "text": "Data",
    "url": "https://edsource.org/topic/data"
  },
  {
    "text": "California School Dashboard Data",
    "url": "https://edsource.org/2019/search-and-compare-data-from-the-california-school-dashboard-2019/620992"
  },
  {
    "text": "Smarter Balanced Results Database",
    "url": "http://caaspp.edsource.org"
  },
  {
    "text": "Interactive Maps & Infographics",
    "url": "https://edsource.org/topic/interactive"
  },
  {
    "text": "Vaccination Database",
    "url": "https://edsource.org/2019/vaccination-rates-at-california-schools/614359"
  },
  {
    "text": "Ed-Data Partnership",
    "url": "http://www.ed-data.org/"
  },
  {
    "text": "States in Motion",
    "url": "https://edsource.org/2015/states-in-motion-school-finance-naep-child-poverty/83303"
  },
  {
    "text": "Publications",
    "url": "https://edsource.org/publications#!/catalog"
  },
  {
    "text": "Newsletters",
    "url": "https://edsource.org/subscribe"
  },
  {
    "text": "Quick Guides",
    "url": "https://edsource.org/topic/quick-guides"
  },
  {
    "text": "Art\u00edculos en Espa\u00f1ol",
    "url": "https://edsource.org/es/topic/articulos-en-espanol"
  },
  {
    "text": "Teacher Survey Project",
    "url": "https://edsource.org/2021/teaching-during-covid-the-inverness-teacher-survey-project/675181"
  },
  {
    "text": "Getting Down to Facts",
    "url": "https://edsource.org/topic/getting-down-to-facts"
  },
  {
    "text": "Publications Archive",
    "url": "https://edsource.org/publications#!/catalog"
  },
  {
    "text": "Glossary of Terms",
    "url": "https://edsource.org/glossary"
  },
  {
    "text": "Eyes on the Early Years Newsletter Archive",
    "url": "https://edsource.org/publications/eyes-on-the-early-years"
  },
  {
    "text": "About EdSource",
    "url": "https://edsource.org/about-edsource"
  },
  {
    "text": "Donate",
    "url": "https://edsource.org/donate"
  },
  {
    "text": "EdSource Staff",
    "url": "https://edsource.org/edsource-staff"
  },
  {
    "text": "Board of Directors",
    "url": "https://edsource.org/about-edsource/edsource-board-members"
  },
  {
    "text": "Major Donors",
    "url": "https://edsource.org/donors"
  },
  {
    "text": "EdSource Teachers Advisory Group",
    "url": "https://edsource.org/teachers-advisory-group"
  },
  {
    "text": "Jobs at EdSource",
    "url": "https://edsource.org/about-edsource/jobs-at-edsource"
  },
  {
    "text": "Contact Us",
    "url": "https://edsource.org/contact"
  },
  {
    "text": "Be a Source for EdSource",
    "url": "https://edsource.org/2020/be-a-source-for-edsource/626864"
  },
  {
    "text": "Republication Guidelines",
    "url": "https://edsource.org/edsource-republishing-guidelines"
  },
  {
    "text": "Compton journalism class aims to boost English skills",
    "url": "https://edsource.org/podcast/compton-journalism-class-aims-to-boost-english-skills"
  },
  {
    "text": "\n\n",
    "url": "https://edsource.org/broadcasts/californias-math-framework-where-do-we-go-from-here"
  },
  {
    "text": "\n",
    "url": "https://edsource.org/2022/teacher-assignment-database/674897"
  },
  {
    "text": "Math and Science",
    "url": "https://edsource.org/topic/math-and-science"
  },
  {
    "text": "\n\t\t\t\t\t\t\t\t\tDespite divisions, math framework must be a 'North Star,' experts say\t\t\t\t\t\t\t\t",
    "url": "https://edsource.org/2022/despite-divisions-math-framework-must-be-a-north-star-experts-say/675992"
  },
  {
    "text": "Carolyn Jones",
    "url": "https://edsource.org/author/cjones"
  },
  {
    "text": "\n\t\t\t\t\t\t\tCredit: Alison Yin / EdSource\t\t\t\t\t\t",
    "url": "https://edsource.org/2022/despite-divisions-math-framework-must-be-a-north-star-experts-say/675992"
  },
  {
    "text": "\n\t\t\t\t\t\t\t\t\t\t\t\t\t\t\t\t\t\t\t",
    "url": "https://edsource.org/2022/how-a-journalism-class-in-compton-boosts-students-english-skills/675959"
  },
  {
    "text": "English Learners",
    "url": "https://edsource.org/topic/english-learners"
  },
  {
    "text": "\n\t\t\t\t\t\t\t\t\t\t\t\tHow a journalism class in Compton boosts students\u2019 English skills\t\t\t\t\t\t\t\t\t\t\t",
    "url": "https://edsource.org/2022/how-a-journalism-class-in-compton-boosts-students-english-skills/675959"
  },
  {
    "text": "Zaidee Stavely",
    "url": "https://edsource.org/author/zstavely"
  },
  {
    "text": "\n\t\t\t\t\t\t\t\t\t\t\t\t\t\t\t\t\t\t\t",
    "url": "https://edsource.org/2022/can-infants-learn-math-state-backed-pilot-project-in-fresno-aims-to-find-out/675866"
  },
  {
    "text": "Early Learning",
    "url": "https://edsource.org/topic/early-learning"
  },
  {
    "text": "\n\t\t\t\t\t\t\t\t\t\t\t\tCan infants learn math? State-backed pilot project in Fresno aims to find out\t\t\t\t\t\t\t\t\t\t\t",
    "url": "https://edsource.org/2022/can-infants-learn-math-state-backed-pilot-project-in-fresno-aims-to-find-out/675866"
  },
  {
    "text": "Ashleigh Panoo",
    "url": "https://edsource.org/author/apanoo"
  },
  {
    "text": "\n\t\t\t\t\t\t\t\t\t\t\t\t\t\t\t\t\t\t\t",
    "url": "https://edsource.org/2022/deep-divisions-further-delay-for-californias-math-guidelines/675881"
  },
  {
    "text": "Math and Science",
    "url": "https://edsource.org/topic/math-and-science"
  },
  {
    "text": "\n\t\t\t\t\t\t\t\t\t\t\t\tDeep divisions, further delay for California\u2019s math guidelines\t\t\t\t\t\t\t\t\t\t\t",
    "url": "https://edsource.org/2022/deep-divisions-further-delay-for-californias-math-guidelines/675881"
  },
  {
    "text": "John Fensterwald",
    "url": "https://edsource.org/author/jfensterwald"
  },
  {
    "text": "\n\t\t\t\t\t\t\t\t\t\t\t\t\t\t\t\t\t\t\t",
    "url": "https://edsource.org/2022/elementary-students-are-recovering-faster-from-covid-learning-loss-research-shows/675811"
  },
  {
    "text": "Coronavirus",
    "url": "https://edsource.org/topic/coronavirus"
  },
  {
    "text": "\n\t\t\t\t\t\t\t\t\t\t\t\tElementary students are recovering faster from Covid learning loss, research shows\t\t\t\t\t\t\t\t\t\t\t",
    "url": "https://edsource.org/2022/elementary-students-are-recovering-faster-from-covid-learning-loss-research-shows/675811"
  },
  {
    "text": "Ali Tadayon",
    "url": "https://edsource.org/author/atadayon"
  },
  {
    "text": "\n\t\t\t\t\t\tView all latest\t\n\t\t\t\t\t",
    "url": "https://edsource.org/all"
  },
  {
    "text": "\n\n",
    "url": "https://edsource.org/broadcasts/californias-math-framework-where-do-we-go-from-here"
  },
  {
    "text": "What\u2019s the latest?",
    "url": "/news-updates"
  },
  {
    "text": "\n\t\t\t\t\t\t\t\tInflation Reduction Act falls short on child care crisis, some say\n\t\t\t\t\t\t\t",
    "url": "/news-updates#inflation-reduction-act-falls-short-on-child-care-crisis-some-say"
  },
  {
    "text": "\n\t\t\t\t\t\t\t\tEducation is worth getting into debt for most parents, survey shows\n\t\t\t\t\t\t\t",
    "url": "/news-updates#education-is-worth-getting-into-debt-for-most-parents-survey-shows"
  },
  {
    "text": "\n\t\t\t\t\t\t\t\tStaff at Bay Area charter school network joins IWW union\n\t\t\t\t\t\t\t",
    "url": "/news-updates#staff-at-bay-area-charter-school-network-joins-iww-union"
  },
  {
    "text": "\n\t\t\t\t\t\t\t\tFormer teacher in San Gabriel Valley awarded $25 million in retaliation suit\n\t\t\t\t\t\t\t",
    "url": "/news-updates#former-teacher-in-san-gabriel-valley-awarded-25-million-in-retaliation-suit"
  },
  {
    "text": "\n\t\t\t\t\t\t\t\tCal State San Marcos hid professors\u2019 sexual harassment\n\t\t\t\t\t\t\t",
    "url": "/news-updates#cal-state-san-marcos-hid-professors-8217-sexual-harassment"
  },
  {
    "text": "\n\t\t\t\t\t\t\t\t\t\t\n\t\t\t\t\t\t\t\t\t\t\n\t\t\t\t\t\t\t\t\t\t",
    "url": "https://edsource.org/?post_type=post&p=672635"
  },
  {
    "text": "Teachers reflect on how students, teachers and the community are doing in the wake of Covid",
    "url": "https://edsource.org/?post_type=post&p=672635"
  },
  {
    "text": "The Inverness Institute",
    "url": "https://edsource.org/author/inverness"
  },
  {
    "text": "\n\t\t\t\t\t\t\t\t\t\t\n\t\t\t\t\t\t\t\t\t\t\n\t\t\t\t\t\t\t\t\t\t",
    "url": "https://edsource.org/?post_type=post&p=672650"
  },
  {
    "text": "Teachers reflect on the future of education, find silver linings and offer recommendations",
    "url": "https://edsource.org/?post_type=post&p=672650"
  },
  {
    "text": "The Inverness Institute",
    "url": "https://edsource.org/author/inverness"
  },
  {
    "text": "",
    "url": "/topic/special-education"
  },
  {
    "text": "Special Education",
    "url": "/topic/special-education"
  },
  {
    "text": "",
    "url": "/topic/teaching"
  },
  {
    "text": "Teachers",
    "url": "/topic/teaching"
  },
  {
    "text": "",
    "url": "/topic/student-voices"
  },
  {
    "text": "Student voices",
    "url": "/topic/student-voices"
  },
  {
    "text": "",
    "url": "/topic/teacher-voices"
  },
  {
    "text": "Teacher Voices",
    "url": "/topic/teacher-voices"
  },
  {
    "text": "",
    "url": "/topic/policy"
  },
  {
    "text": "Policy & Finance",
    "url": "/topic/policy"
  },
  {
    "text": "",
    "url": "/topic/college-careers"
  },
  {
    "text": "College & Careers",
    "url": "/topic/college-careers"
  },
  {
    "text": "",
    "url": "/topic/early-learning"
  },
  {
    "text": "Early Learning",
    "url": "/topic/early-learning"
  },
  {
    "text": "",
    "url": "/topic/student-wellbeing"
  },
  {
    "text": "Student Well-Being",
    "url": "/topic/student-wellbeing"
  },
  {
    "text": "",
    "url": "/topic/special-education"
  },
  {
    "text": "Special Education",
    "url": "/topic/special-education"
  },
  {
    "text": "",
    "url": "/topic/teaching"
  },
  {
    "text": "Teachers",
    "url": "/topic/teaching"
  },
  {
    "text": "",
    "url": "/topic/student-voices"
  },
  {
    "text": "Student voices",
    "url": "/topic/student-voices"
  },
  {
    "text": "",
    "url": "/topic/teacher-voices"
  },
  {
    "text": "Teacher Voices",
    "url": "/topic/teacher-voices"
  },
  {
    "text": "",
    "url": "/topic/policy"
  },
  {
    "text": "Policy & Finance",
    "url": "/topic/policy"
  },
  {
    "text": "",
    "url": "/topic/college-careers"
  },
  {
    "text": "College & Careers",
    "url": "/topic/college-careers"
  },
  {
    "text": "",
    "url": "/topic/early-learning"
  },
  {
    "text": "Early Learning",
    "url": "/topic/early-learning"
  },
  {
    "text": "",
    "url": "/topic/student-wellbeing"
  },
  {
    "text": "Student Well-Being",
    "url": "/topic/student-wellbeing"
  },
  {
    "text": "",
    "url": "/topic/special-education"
  },
  {
    "text": "Special Education",
    "url": "/topic/special-education"
  },
  {
    "text": "",
    "url": "/topic/teaching"
  },
  {
    "text": "Teachers",
    "url": "/topic/teaching"
  },
  {
    "text": "",
    "url": "/topic/student-voices"
  },
  {
    "text": "Student voices",
    "url": "/topic/student-voices"
  },
  {
    "text": "",
    "url": "/topic/teacher-voices"
  },
  {
    "text": "Teacher Voices",
    "url": "/topic/teacher-voices"
  },
  {
    "text": "Compton journalism class aims to boost English skills",
    "url": "https://edsource.org/podcast/compton-journalism-class-aims-to-boost-english-skills"
  },
  {
    "text": "EdSource",
    "url": "https://soundcloud.com/edsource-1"
  },
  {
    "text": "Compton journalism class aims to boost English skills",
    "url": "https://soundcloud.com/edsource-1/compton-journalism-class-aims-to-boost-english-skills"
  },
  {
    "text": "",
    "url": "https://podcasts.apple.com/us/podcast/education-beat/id1579197906"
  },
  {
    "text": "",
    "url": "https://open.spotify.com/show/1lXHHOjkRgWh7jLbh068VS"
  },
  {
    "text": "View More",
    "url": "/podcast"
  },
  {
    "text": "How Superintendent Carvalho can create a strong future for all LAUSD students",
    "url": "https://edsource.org/?post_type=post&p=675887"
  },
  {
    "text": "A rare case of mental health in school gone right",
    "url": "https://edsource.org/?post_type=post&p=675674"
  },
  {
    "text": "\n\t\t\t\t\t\t\t\tView more\t\n\t\t\t\t\t\t\t",
    "url": "https://edsource.org/topic/commentary"
  },
  {
    "text": "High school graduates eager to move ahead to college and jobs, leaving Covid behind",
    "url": "https://edsource.org/?post_type=post&p=673702"
  },
  {
    "text": "Despite divisions, math framework must be a 'North Star,' experts say",
    "url": "https://edsource.org/?post_type=post&p=675992"
  },
  {
    "text": "California teachers share their challenges and worries: Teaching during Covid",
    "url": "https://edsource.org/?post_type=post&p=674960"
  },
  {
    "text": "High school graduates eager to move ahead to college and jobs, leaving Covid behind",
    "url": "https://edsource.org/?post_type=post&p=673702"
  },
  {
    "text": "Despite divisions, math framework must be a 'North Star,' experts say",
    "url": "https://edsource.org/?post_type=post&p=675992"
  },
  {
    "text": "California teachers share their challenges and worries: Teaching during Covid",
    "url": "https://edsource.org/?post_type=post&p=674960"
  },
  {
    "text": "High school graduates eager to move ahead to college and jobs, leaving Covid behind",
    "url": "https://edsource.org/?post_type=post&p=673702"
  },
  {
    "text": "View More",
    "url": "/terms/video"
  },
  {
    "text": "\n",
    "url": "https://edsource.org/about-edsource/jobs-at-edsource"
  },
  {
    "text": "Analysis of Covid funding reveals California districts have spent little so far to address learning loss",
    "url": "https://edsource.org/2022/analysis-of-covid-funding-reveals-california-districts-have-spent-little-so-far-to-address-learning-loss/675557"
  },
  {
    "text": "John Fensterwald",
    "url": "https://edsource.org/author/jfensterwald"
  },
  {
    "text": "How one district used Covid funds to send kids to camp  \u2014 on a college campus",
    "url": "https://edsource.org/2022/how-one-district-used-covid-funds-to-send-kids-to-camp-on-a-college-campus/675305"
  },
  {
    "text": "Carolyn Jones",
    "url": "https://edsource.org/author/cjones"
  },
  {
    "text": "Nearly 1 out of 5 classes in California taught by underprepared teachers",
    "url": "https://edsource.org/2022/nearly-one-out-of-five-classes-in-california-taught-by-under-prepared-teachers/674906"
  },
  {
    "text": "Diana Lambert",
    "url": "https://edsource.org/author/dlambert"
  },
  {
    "text": "Daniel J. Willis",
    "url": "https://edsource.org/author/dwillis"
  },
  {
    "text": "Yuxuan Xie",
    "url": "https://edsource.org/author/sxie"
  },
  {
    "text": "Cal State presidents to see at least 7% salary increase",
    "url": "https://edsource.org/2022/cal-state-presidents-to-see-at-least-7-salary-increase/675482"
  },
  {
    "text": "Ashley A. Smith",
    "url": "https://edsource.org/author/asmith"
  },
  {
    "text": "Gov. Newsom strikes deal on state budget: big increase for K-12, plan to expand Cal Grant, too",
    "url": "https://edsource.org/2022/gov-newsom-strikes-deal-on-state-budget-big-increase-for-k-12-maybe-for-cal-grants-too/674680"
  },
  {
    "text": "John Fensterwald",
    "url": "https://edsource.org/author/jfensterwald"
  },
  {
    "text": "Michael Burke",
    "url": "https://edsource.org/author/mburke"
  },
  {
    "text": "\n\t\t\t\t\t\t\t\t\t\n\t\t\t\t\t\t\t\t\t",
    "url": "https://edsource.org/?post_type=post&p=672635"
  },
  {
    "text": "Teachers reflect on how students, teachers and the community are doing in the wake of Covid",
    "url": "https://edsource.org/?post_type=post&p=672635"
  },
  {
    "text": "The Inverness Institute",
    "url": "https://edsource.org/author/inverness"
  },
  {
    "text": "\n\t\t\t\t\t\t\t\t\t\n\t\t\t\t\t\t\t\t\t",
    "url": "https://edsource.org/?post_type=post&p=672650"
  },
  {
    "text": "Teachers reflect on the future of education, find silver linings and offer recommendations",
    "url": "https://edsource.org/?post_type=post&p=672650"
  },
  {
    "text": "The Inverness Institute",
    "url": "https://edsource.org/author/inverness"
  },
  {
    "text": "\n\t\t\t\t\t\t\tRead more\n\t\t\t\t\t\t",
    "url": "/topic/tcrn"
  },
  {
    "text": "\n\t\t\t\t\t\t\t\tK-3 Grades\t\t\t\t\t\t\t",
    "url": "/topic/elementary"
  },
  {
    "text": "\n\t\t\t\t\n\t\t\t\t\n\t\t\t\t",
    "url": "/topic/elementary"
  },
  {
    "text": "\n\t\t\t\t\t\t\t\n\t\t\t\t\t\t\t",
    "url": "https://edsource.org/?post_type=post&p=675866"
  },
  {
    "text": "Can infants learn math? State-backed pilot project in Fresno aims to find out",
    "url": "https://edsource.org/?post_type=post&p=675866"
  },
  {
    "text": "\n\t\t\t\t\t\t\t\n\t\t\t\t\t\t\t",
    "url": "https://edsource.org/?post_type=post&p=675830"
  },
  {
    "text": "Enrollment decline: LAUSD's Carvalho says families leaving the state or choosing to home-school",
    "url": "https://edsource.org/?post_type=post&p=675830"
  },
  {
    "text": "\n\t\t\t\t\t\t\t\n\t\t\t\t\t\t\t",
    "url": "https://edsource.org/?post_type=post&p=674316"
  },
  {
    "text": "California to create teaching credential covering pre-K through 3rd grade that requires literacy training",
    "url": "https://edsource.org/?post_type=post&p=674316"
  },
  {
    "text": "Topics",
    "url": "http://disable"
  },
  {
    "text": "Coronavirus",
    "url": "https://edsource.org/topic/coronavirus"
  },
  {
    "text": "Early Learning",
    "url": "https://edsource.org/topic/early-learning"
  },
  {
    "text": "Distance Learning",
    "url": "https://edsource.org/topic/distance-learning"
  },
  {
    "text": "College & Careers",
    "url": "https://edsource.org/topic/college-careers"
  },
  {
    "text": "Commentary",
    "url": "https://edsource.org/topic/commentary"
  },
  {
    "text": "Special Education",
    "url": "https://edsource.org/topic/special-education"
  },
  {
    "text": "Student Well-Being",
    "url": "https://edsource.org/topic/student-wellbeing"
  },
  {
    "text": "Policy & Finance",
    "url": "https://edsource.org/topic/policy"
  },
  {
    "text": "Projects",
    "url": "http://disable"
  },
  {
    "text": "Podcasts",
    "url": "https://edsource.org/podcast"
  },
  {
    "text": "Roundtables",
    "url": "http://edsource.org/broadcasts"
  },
  {
    "text": "College and Covid: Freshman Year Disrupted",
    "url": "https://edsource.org/topic/college-and-covid"
  },
  {
    "text": "Education During Covid: Families Struggle to Learn",
    "url": "https://edsource.org/topic/education-during-covid"
  },
  {
    "text": "Rural California: An Education Divide",
    "url": "https://edsource.org/topic/rural-california-an-education-divide"
  },
  {
    "text": "California\u2019s Teacher Housing Crunch",
    "url": "https://edsource.org/topic/californias-teacher-housing-crunch"
  },
  {
    "text": "Tainted Taps",
    "url": "https://edsource.org/topic/tainted-taps-lead-puts-california-students-at-risk"
  },
  {
    "text": "California\u2019s Homeless Students",
    "url": "https://edsource.org/topic/california-homeless-students"
  },
  {
    "text": "Smarter Balanced Database",
    "url": "https://edsource.org/smarter-balanced-results/index.html"
  },
  {
    "text": "States in Motion",
    "url": "https://edsource.org/2015/states-in-motion-school-finance-naep-child-poverty/83303"
  },
  {
    "text": "About EdSource",
    "url": "https://edsource.org/about-edsource"
  },
  {
    "text": "About Us",
    "url": "https://edsource.org/about-edsource"
  },
  {
    "text": "Subscribe",
    "url": "https://edsource.org/subscribe"
  },
  {
    "text": "Donate",
    "url": "https://edsource.org/donate"
  },
  {
    "text": "EdSource Staff",
    "url": "https://edsource.org/edsource-staff"
  },
  {
    "text": "Board of Directors",
    "url": "https://edsource.org/about-edsource/edsource-board-members"
  },
  {
    "text": "Jobs at EdSource",
    "url": "https://edsource.org/about-edsource/jobs-at-edsource"
  },
  {
    "text": "Major Donors",
    "url": "https://edsource.org/donors"
  },
  {
    "text": "Contact Us",
    "url": "https://edsource.org/contact"
  },
  {
    "text": "Be a Source for EdSource",
    "url": "https://edsource.org/2020/be-a-source-for-edsource/626864"
  },
  {
    "text": "Republishing Guidelines",
    "url": "https://edsource.org/edsource-republishing-guidelines"
  },
  {
    "text": "\n\t\t\t\t\t\n\t\t\t\t\t",
    "url": "https://edsource.org"
  },
  {
    "text": "edsource@edsource.org",
    "url": "mailto:edsource@edsource.org"
  },
  {
    "text": "Privacy Policy",
    "url": "/privacy-policy"
  },
  {
    "text": "Emails are serviced by Constant Contact.",
    "url": "https://www.constantcontact.com/legal/service-provider"
  }
]