[
  {
    "text": "Skip to content",
    "url": "#main"
  },
  {
    "text": "\n\n\n\n\n\n\n\n\n\n\n\n\n\n\n\n\n\n\n\n\n\n\n\n\n\n\n\n\n\n\n\n\n\n\n\n\n\n\n\n\n\n\n\n\n\n\n\n\n\n\n\n\n\n",
    "url": "https://thefederalist.com"
  },
  {
    "text": "Latest",
    "url": "https://thefederalist.com/latest/"
  },
  {
    "text": "Popular",
    "url": "https://thefederalist.com/popular/"
  },
  {
    "text": "Videos",
    "url": "https://thefederalist.com/videos/"
  },
  {
    "text": "Contributors",
    "url": "https://thefederalist.com/contributors/"
  },
  {
    "text": "Newsletters",
    "url": "https://thefederalist.com/newsletters/"
  },
  {
    "text": "Sign In",
    "url": "https://thefederalist.com/sign-in/"
  },
  {
    "text": "Subscribe",
    "url": "https://thefederalist.com/plans/pricing/"
  },
  {
    "text": "1 Trending: Former AG Bill Barr To Merrick Garland: Appoint A Special Counsel Already",
    "url": "https://thefederalist.com/2022/07/28/former-ag-bill-barr-to-merrick-garland-appoint-a-special-counsel-already/"
  },
  {
    "text": "2 Trending: Leftists Are Trying To Redefine Race Riots As Acts Of Rebellion",
    "url": "https://thefederalist.com/2022/07/29/leftists-are-trying-to-redefine-race-riots-as-acts-of-rebellion/"
  },
  {
    "text": "3 Trending: Pope Francis Has No Reason To Apologize To Indigenous Canadians",
    "url": "https://thefederalist.com/2022/07/29/pope-francis-has-no-reason-to-apologize-to-indigenous-canadians/"
  },
  {
    "text": "4 Trending: S.D. Smith Tells Exciting Children\u2019s Stories, Illuminated By Classic Virtues",
    "url": "https://thefederalist.com/2022/07/29/s-d-smith-tells-exciting-childrens-stories-illuminated-by-classic-virtues/"
  },
  {
    "text": "\n      Breaking News Alert\n      *** Breaking ***\n      It\u2019s Official: The Joe Biden Recession Has Begun\n      Breaking ***\n    ",
    "url": "https://thefederalist.com/2022/07/28/its-official-the-joe-biden-recession-has-begun/"
  },
  {
    "text": "Pay Attention To The Dutch Farmer Protests Because America Is Next",
    "url": "https://thefederalist.com/2022/07/29/pay-attention-to-the-dutch-farmer-protests-because-america-is-next/"
  },
  {
    "text": "",
    "url": "https://thefederalist.com/2022/07/29/pay-attention-to-the-dutch-farmer-protests-because-america-is-next/"
  },
  {
    "text": "World Affairs",
    "url": "https://thefederalist.com/category/world-affairs/"
  },
  {
    "text": " John Daniel Davidson",
    "url": "https://thefederalist.com/author/jddavidson/"
  },
  {
    "text": "View All",
    "url": "https://thefederalist.com/videos/"
  },
  {
    "text": "",
    "url": "https://thefederalist.com/videos/hemingway-saving-america-requires-conservatives-to-be-bold-in-the-face-of-unhinged-leftism/"
  },
  {
    "text": "Hemingway: Saving America Requires Conservatives To Be Bold In The Face Of Unhinged Leftism",
    "url": "https://thefederalist.com/videos/hemingway-saving-america-requires-conservatives-to-be-bold-in-the-face-of-unhinged-leftism/"
  },
  {
    "text": "",
    "url": "https://thefederalist.com/videos/scarry-political-violence-now-justified-when-it-comes-from-the-left/"
  },
  {
    "text": "Scarry: Political Violence Now \u2018Justified\u2019 When It Comes From The Left",
    "url": "https://thefederalist.com/videos/scarry-political-violence-now-justified-when-it-comes-from-the-left/"
  },
  {
    "text": "",
    "url": "https://thefederalist.com/videos/scarry-politics-is-now-all-consuming-of-the-left-driving-them-to-perpetual-misery/"
  },
  {
    "text": "Scarry: Politics Is Now \u2018All-Consuming\u2019 Of The Left, Driving Them To Perpetual Misery",
    "url": "https://thefederalist.com/videos/scarry-politics-is-now-all-consuming-of-the-left-driving-them-to-perpetual-misery/"
  },
  {
    "text": "",
    "url": "https://thefederalist.com/2022/07/29/a-farce-heres-what-wyoming-voters-really-think-of-liz-cheney-and-her-sham-j6-committee/"
  },
  {
    "text": "Politics",
    "url": "https://thefederalist.com/category/politics/"
  },
  {
    "text": "A \u2018Farce\u2019: Here\u2019s What Wyoming Voters Really Think Of Liz Cheney And Her Sham J6 Committee",
    "url": "https://thefederalist.com/2022/07/29/a-farce-heres-what-wyoming-voters-really-think-of-liz-cheney-and-her-sham-j6-committee/"
  },
  {
    "text": "Tristan Justice",
    "url": "https://thefederalist.com/author/tristanjustice/"
  },
  {
    "text": "",
    "url": "https://thefederalist.com/2022/07/29/instead-of-praising-death-of-roe-v-wade-russell-moore-breaks-silence-to-trash-trump-and-his-voters/"
  },
  {
    "text": "Culture",
    "url": "https://thefederalist.com/category/culture/"
  },
  {
    "text": "Instead Of Praising Death Of Roe v. Wade, Russell Moore Breaks Silence To Trash Trump And His Voters",
    "url": "https://thefederalist.com/2022/07/29/instead-of-praising-death-of-roe-v-wade-russell-moore-breaks-silence-to-trash-trump-and-his-voters/"
  },
  {
    "text": "Kylee Griswold",
    "url": "https://thefederalist.com/author/kyleezempel/"
  },
  {
    "text": "Elections",
    "url": "https://thefederalist.com/category/government/elections/"
  },
  {
    "text": "",
    "url": "https://thefederalist.com/2022/07/29/is-the-j6-committee-trying-to-get-trump-re-elected/"
  },
  {
    "text": "Is The J6 Committee Trying To Get Trump Re-Elected?",
    "url": "https://thefederalist.com/2022/07/29/is-the-j6-committee-trying-to-get-trump-re-elected/"
  },
  {
    "text": "J.B. Shurk",
    "url": "https://thefederalist.com/author/j-b-shurk/"
  },
  {
    "text": "Big Government",
    "url": "https://thefederalist.com/category/government/big-government/"
  },
  {
    "text": "",
    "url": "https://thefederalist.com/2022/07/29/build-back-better-bill-would-fund-86000-additional-irs-agents-to-sic-on-american-taxpayers/"
  },
  {
    "text": "\u2018Build Back Better\u2019 Bill Would Fund 86,000 Additional IRS Agents To Sic On American Taxpayers",
    "url": "https://thefederalist.com/2022/07/29/build-back-better-bill-would-fund-86000-additional-irs-agents-to-sic-on-american-taxpayers/"
  },
  {
    "text": "Chris Jacobs",
    "url": "https://thefederalist.com/author/chris-jacobs/"
  },
  {
    "text": "Politics",
    "url": "https://thefederalist.com/category/politics/"
  },
  {
    "text": "",
    "url": "https://thefederalist.com/2022/07/29/rep-gallagher-communist-china-loves-the-lefts-anti-america-radicalism/"
  },
  {
    "text": "Rep. Gallagher: Communist China Loves The Left\u2019s Anti-America Radicalism",
    "url": "https://thefederalist.com/2022/07/29/rep-gallagher-communist-china-loves-the-lefts-anti-america-radicalism/"
  },
  {
    "text": "Olivia Hajicek",
    "url": "https://thefederalist.com/author/oliviahajicek/"
  },
  {
    "text": "Media",
    "url": "https://thefederalist.com/category/media/"
  },
  {
    "text": "",
    "url": "https://thefederalist.com/2022/07/29/washington-post-flops-in-disingenuous-attack-on-powerhouse-claremont-institute/"
  },
  {
    "text": "Washington Post Flops In Disingenuous Attack On Powerhouse Claremont Institute",
    "url": "https://thefederalist.com/2022/07/29/washington-post-flops-in-disingenuous-attack-on-powerhouse-claremont-institute/"
  },
  {
    "text": "Casey Chalk",
    "url": "https://thefederalist.com/author/caseychalk/"
  },
  {
    "text": "Culture",
    "url": "https://thefederalist.com/category/culture/"
  },
  {
    "text": "",
    "url": "https://thefederalist.com/2022/07/29/church-on-portlands-deadliest-block-cleans-up-drug-encampments-while-mayor-fixates-on-guns/"
  },
  {
    "text": "Church On Portland\u2019s \u2018Deadliest Block\u2019 Cleans Up Drug Encampment While Mayor Fixates On Guns",
    "url": "https://thefederalist.com/2022/07/29/church-on-portlands-deadliest-block-cleans-up-drug-encampments-while-mayor-fixates-on-guns/"
  },
  {
    "text": "Emma Freire",
    "url": "https://thefederalist.com/author/emmaelliottfreire/"
  },
  {
    "text": "Latest",
    "url": "https://thefederalist.com/latest/"
  },
  {
    "text": "View All",
    "url": "https://thefederalist.com/latest/"
  },
  {
    "text": "",
    "url": "https://thefederalist.com/2022/07/29/political-hackery-of-georgia-dem-harassing-sen-graham-would-have-framers-spinning/"
  },
  {
    "text": "Elections",
    "url": "https://thefederalist.com/category/government/elections/"
  },
  {
    "text": "Political Hackery of Georgia Dem Harassing Sen. Graham Would Have Framers Spinning",
    "url": "https://thefederalist.com/2022/07/29/political-hackery-of-georgia-dem-harassing-sen-graham-would-have-framers-spinning/"
  },
  {
    "text": "Margot Cleveland",
    "url": "https://thefederalist.com/author/margotcleveland/"
  },
  {
    "text": "",
    "url": "https://thefederalist.com/2022/07/29/no-politico-joe-biden-was-never-in-the-game/"
  },
  {
    "text": "Politics",
    "url": "https://thefederalist.com/category/politics/"
  },
  {
    "text": "No, Politico, Joe Biden Was Never In The Game",
    "url": "https://thefederalist.com/2022/07/29/no-politico-joe-biden-was-never-in-the-game/"
  },
  {
    "text": "Jordan Boyd",
    "url": "https://thefederalist.com/author/jordandavidson/"
  },
  {
    "text": "",
    "url": "https://thefederalist.com/2022/07/29/youngkin-era-law-forces-election-integrity-group-to-take-down-its-list-of-virginia-voter-rolls/"
  },
  {
    "text": "Elections",
    "url": "https://thefederalist.com/category/government/elections/"
  },
  {
    "text": "Youngkin-Era Law Forces Election Integrity Group To Take Down Its List Of Virginia Voter Rolls",
    "url": "https://thefederalist.com/2022/07/29/youngkin-era-law-forces-election-integrity-group-to-take-down-its-list-of-virginia-voter-rolls/"
  },
  {
    "text": "Shawn Fleetwood",
    "url": "https://thefederalist.com/author/shawnfleetwood/"
  },
  {
    "text": "",
    "url": "https://thefederalist.com/2022/07/29/church-on-portlands-deadliest-block-cleans-up-drug-encampments-while-mayor-fixates-on-guns/"
  },
  {
    "text": "Culture",
    "url": "https://thefederalist.com/category/culture/"
  },
  {
    "text": "Church On Portland\u2019s \u2018Deadliest Block\u2019 Cleans Up Drug Encampment While Mayor Fixates On Guns",
    "url": "https://thefederalist.com/2022/07/29/church-on-portlands-deadliest-block-cleans-up-drug-encampments-while-mayor-fixates-on-guns/"
  },
  {
    "text": "Emma Freire",
    "url": "https://thefederalist.com/author/emmaelliottfreire/"
  },
  {
    "text": "",
    "url": "https://thefederalist.com/2022/07/29/pay-attention-to-the-dutch-farmer-protests-because-america-is-next/"
  },
  {
    "text": "World Affairs",
    "url": "https://thefederalist.com/category/world-affairs/"
  },
  {
    "text": "Pay Attention To The Dutch Farmer Protests Because America Is Next",
    "url": "https://thefederalist.com/2022/07/29/pay-attention-to-the-dutch-farmer-protests-because-america-is-next/"
  },
  {
    "text": "John Daniel Davidson",
    "url": "https://thefederalist.com/author/jddavidson/"
  },
  {
    "text": "",
    "url": "https://thefederalist.com/2022/07/29/a-farce-heres-what-wyoming-voters-really-think-of-liz-cheney-and-her-sham-j6-committee/"
  },
  {
    "text": "Politics",
    "url": "https://thefederalist.com/category/politics/"
  },
  {
    "text": "A \u2018Farce\u2019: Here\u2019s What Wyoming Voters Really Think Of Liz Cheney And Her Sham J6 Committee",
    "url": "https://thefederalist.com/2022/07/29/a-farce-heres-what-wyoming-voters-really-think-of-liz-cheney-and-her-sham-j6-committee/"
  },
  {
    "text": "Tristan Justice",
    "url": "https://thefederalist.com/author/tristanjustice/"
  },
  {
    "text": "",
    "url": "https://thefederalist.com/2022/07/29/instead-of-praising-death-of-roe-v-wade-russell-moore-breaks-silence-to-trash-trump-and-his-voters/"
  },
  {
    "text": "Culture",
    "url": "https://thefederalist.com/category/culture/"
  },
  {
    "text": "Instead Of Praising Death Of Roe v. Wade, Russell Moore Breaks Silence To Trash Trump And His Voters",
    "url": "https://thefederalist.com/2022/07/29/instead-of-praising-death-of-roe-v-wade-russell-moore-breaks-silence-to-trash-trump-and-his-voters/"
  },
  {
    "text": "Kylee Griswold",
    "url": "https://thefederalist.com/author/kyleezempel/"
  },
  {
    "text": "",
    "url": "https://thefederalist.com/2022/07/29/is-the-j6-committee-trying-to-get-trump-re-elected/"
  },
  {
    "text": "Elections",
    "url": "https://thefederalist.com/category/government/elections/"
  },
  {
    "text": "Is The J6 Committee Trying To Get Trump Re-Elected?",
    "url": "https://thefederalist.com/2022/07/29/is-the-j6-committee-trying-to-get-trump-re-elected/"
  },
  {
    "text": "J.B. Shurk",
    "url": "https://thefederalist.com/author/j-b-shurk/"
  },
  {
    "text": "\n      \n      \n        Former AG Bill Barr To Merrick Garland: Appoint A Special Counsel Already\n        \n          by Margot Cleveland\n        \n      \n    ",
    "url": "https://thefederalist.com/2022/07/28/former-ag-bill-barr-to-merrick-garland-appoint-a-special-counsel-already/"
  },
  {
    "text": "\n      \n      \n        Democrats Are Dangerously Close To Changing Laws So Our President Is Elected By Popular Vote\n        \n          by Andrew Morgan\n        \n      \n    ",
    "url": "https://thefederalist.com/2022/07/28/democrats-are-dangerously-close-to-changing-laws-so-our-president-is-elected-by-popular-vote/"
  },
  {
    "text": "\n      \n      \n        Pay Attention To The Dutch Farmer Protests Because America Is Next\n        \n          by John Daniel Davidson\n        \n      \n    ",
    "url": "https://thefederalist.com/2022/07/29/pay-attention-to-the-dutch-farmer-protests-because-america-is-next/"
  },
  {
    "text": "\n      \n      \n        A 'Farce': Here's What Wyoming Voters Really Think Of Liz Cheney And Her Sham J6 Committee\n        \n          by Tristan Justice\n        \n      \n    ",
    "url": "https://thefederalist.com/2022/07/29/a-farce-heres-what-wyoming-voters-really-think-of-liz-cheney-and-her-sham-j6-committee/"
  },
  {
    "text": "\n      \n      \n        Instead Of Praising Death Of Roe v. Wade, Russell Moore Breaks Silence To Trash Trump And His Voters\n        \n          by Kylee Griswold\n        \n      \n    ",
    "url": "https://thefederalist.com/2022/07/29/instead-of-praising-death-of-roe-v-wade-russell-moore-breaks-silence-to-trash-trump-and-his-voters/"
  },
  {
    "text": "Podcasts",
    "url": "https://podcasts.apple.com/us/podcast/federalist-radio-hour/id983782306"
  },
  {
    "text": "View All",
    "url": "https://podcasts.apple.com/us/podcast/federalist-radio-hour/id983782306"
  },
  {
    "text": "",
    "url": "https://www.spreaker.com/episode/50746839"
  },
  {
    "text": "Inside The Corrupt World Of Alzheimer\u2019s Science And Institutional Failure",
    "url": "https://www.spreaker.com/episode/50746839"
  },
  {
    "text": "",
    "url": "https://www.spreaker.com/episode/50739085"
  },
  {
    "text": "How Gender Ideology Tore This Chicago Family Apart",
    "url": "https://www.spreaker.com/episode/50739085"
  },
  {
    "text": "",
    "url": "https://www.spreaker.com/episode/50729311"
  },
  {
    "text": "\u2018You\u2019re Wrong\u2019 With Mollie Hemingway And David Harsanyi, Ep. 6: The DOJ\u2019s Double Standard Of Justice",
    "url": "https://www.spreaker.com/episode/50729311"
  },
  {
    "text": "",
    "url": "https://www.spreaker.com/episode/50719026"
  },
  {
    "text": "How The Left Lost Perspective On American Exceptionalism",
    "url": "https://www.spreaker.com/episode/50719026"
  },
  {
    "text": "",
    "url": "https://www.spreaker.com/episode/50706016"
  },
  {
    "text": "Shifts In Policing And The Uvalde Disaster",
    "url": "https://www.spreaker.com/episode/50706016"
  },
  {
    "text": "",
    "url": "https://thefederalist.com/2022/07/29/rep-gallagher-communist-china-loves-the-lefts-anti-america-radicalism/"
  },
  {
    "text": "Politics",
    "url": "https://thefederalist.com/category/politics/"
  },
  {
    "text": "Rep. Gallagher: Communist China Loves The Left\u2019s Anti-America Radicalism",
    "url": "https://thefederalist.com/2022/07/29/rep-gallagher-communist-china-loves-the-lefts-anti-america-radicalism/"
  },
  {
    "text": "Olivia Hajicek",
    "url": "https://thefederalist.com/author/oliviahajicek/"
  },
  {
    "text": "",
    "url": "https://thefederalist.com/2022/07/29/leftists-are-trying-to-redefine-race-riots-as-acts-of-rebellion/"
  },
  {
    "text": "Crime",
    "url": "https://thefederalist.com/category/law/crime/"
  },
  {
    "text": "Leftists Are Trying To Redefine Race Riots As Acts Of Rebellion",
    "url": "https://thefederalist.com/2022/07/29/leftists-are-trying-to-redefine-race-riots-as-acts-of-rebellion/"
  },
  {
    "text": "Barry Latzer",
    "url": "https://thefederalist.com/author/barrylatzer/"
  },
  {
    "text": "",
    "url": "https://thefederalist.com/2022/07/29/build-back-better-bill-would-fund-86000-additional-irs-agents-to-sic-on-american-taxpayers/"
  },
  {
    "text": "Big Government",
    "url": "https://thefederalist.com/category/government/big-government/"
  },
  {
    "text": "\u2018Build Back Better\u2019 Bill Would Fund 86,000 Additional IRS Agents To Sic On American Taxpayers",
    "url": "https://thefederalist.com/2022/07/29/build-back-better-bill-would-fund-86000-additional-irs-agents-to-sic-on-american-taxpayers/"
  },
  {
    "text": "Chris Jacobs",
    "url": "https://thefederalist.com/author/chris-jacobs/"
  },
  {
    "text": "",
    "url": "https://thefederalist.com/2022/07/29/pope-francis-has-no-reason-to-apologize-to-indigenous-canadians/"
  },
  {
    "text": "Religion",
    "url": "https://thefederalist.com/category/religion/"
  },
  {
    "text": "Pope Francis Has No Reason To Apologize To Indigenous Canadians",
    "url": "https://thefederalist.com/2022/07/29/pope-francis-has-no-reason-to-apologize-to-indigenous-canadians/"
  },
  {
    "text": "Auguste Meyrat",
    "url": "https://thefederalist.com/author/ameyrat/"
  },
  {
    "text": "",
    "url": "https://thefederalist.com/2022/07/29/washington-post-flops-in-disingenuous-attack-on-powerhouse-claremont-institute/"
  },
  {
    "text": "Media",
    "url": "https://thefederalist.com/category/media/"
  },
  {
    "text": "Washington Post Flops In Disingenuous Attack On Powerhouse Claremont Institute",
    "url": "https://thefederalist.com/2022/07/29/washington-post-flops-in-disingenuous-attack-on-powerhouse-claremont-institute/"
  },
  {
    "text": "Casey Chalk",
    "url": "https://thefederalist.com/author/caseychalk/"
  },
  {
    "text": "Contributors",
    "url": "https://thefederalist.com/contributors/"
  },
  {
    "text": "View All",
    "url": "https://thefederalist.com/contributors/"
  },
  {
    "text": "",
    "url": "https://thefederalist.com/author/mzhemingway/"
  },
  {
    "text": "Mollie Hemingway",
    "url": "https://thefederalist.com/author/mzhemingway/"
  },
  {
    "text": "NeverTrump\u2019s Latest Attempt To Dismiss Election Concerns Is Particularly Dishonest",
    "url": "https://thefederalist.com/2022/07/19/nevertrumps-latest-attempt-to-dismiss-election-concerns-is-particularly-dishonest/"
  },
  {
    "text": "",
    "url": "https://thefederalist.com/author/jddavidson/"
  },
  {
    "text": "John Daniel Davidson",
    "url": "https://thefederalist.com/author/jddavidson/"
  },
  {
    "text": "Pay Attention To The Dutch Farmer Protests Because America Is Next",
    "url": "https://thefederalist.com/2022/07/29/pay-attention-to-the-dutch-farmer-protests-because-america-is-next/"
  },
  {
    "text": "",
    "url": "https://thefederalist.com/author/joy-pullmann/"
  },
  {
    "text": "Joy Pullmann",
    "url": "https://thefederalist.com/author/joy-pullmann/"
  },
  {
    "text": "Media Engineers Hit Campaign From Secret Recording Of Hillsdale College President Telling The Truth About Teacher Training",
    "url": "https://thefederalist.com/2022/07/08/media-engineers-hit-campaign-from-secret-recording-of-hillsdale-college-president-telling-the-truth-about-teacher-training/"
  },
  {
    "text": "",
    "url": "https://thefederalist.com/author/ellenreynolds/"
  },
  {
    "text": "Elle Reynolds",
    "url": "https://thefederalist.com/author/ellenreynolds/"
  },
  {
    "text": "In Case You Weren\u2019t Convinced Volodymyr Zelensky Is Serious, Vogue Is Here To Tell You",
    "url": "https://thefederalist.com/2022/07/28/in-case-you-werent-convinced-volodymyr-zelensky-is-serious-vogue-is-here-to-tell-you/"
  },
  {
    "text": "",
    "url": "https://thefederalist.com/author/jordandavidson/"
  },
  {
    "text": "Jordan Boyd",
    "url": "https://thefederalist.com/author/jordandavidson/"
  },
  {
    "text": "No, Politico, Joe Biden Was Never In The Game",
    "url": "https://thefederalist.com/2022/07/29/no-politico-joe-biden-was-never-in-the-game/"
  },
  {
    "text": "",
    "url": "https://thefederalist.com/author/emilyjashinsky/"
  },
  {
    "text": "Emily Jashinsky",
    "url": "https://thefederalist.com/author/emilyjashinsky/"
  },
  {
    "text": "If You\u2019re Frightened Of Post-Roe America, Consider How Liberating Dobbs Is",
    "url": "https://thefederalist.com/2022/06/24/if-youre-frightened-of-post-roe-america-consider-how-liberating-dobbs-is/"
  },
  {
    "text": "",
    "url": "https://thefederalist.com/author/christopherbedford/"
  },
  {
    "text": "Christopher Bedford",
    "url": "https://thefederalist.com/author/christopherbedford/"
  },
  {
    "text": "Inside The Corrupt World Of Alzheimer\u2019s Science (And What Its Failure Means For All \u2018Settled Science\u2019)",
    "url": "https://thefederalist.com/2022/07/28/inside-the-corrupt-world-of-alzheimers-science-and-what-its-failure-means-for-all-settled-science/"
  },
  {
    "text": "",
    "url": "https://thefederalist.com/author/madelineorr/"
  },
  {
    "text": "Madeline Osburn",
    "url": "https://thefederalist.com/author/madelineorr/"
  },
  {
    "text": "Alyssa Farah Griffin Gets Conservative \u2018View\u2019 Slot By Trashing Conservatism",
    "url": "https://thefederalist.com/2022/07/26/alyssa-farah-griffin-gets-conservative-view-slot-by-trashing-conservatism/"
  },
  {
    "text": "Shop",
    "url": "https://fdrlst.myshopify.com/"
  },
  {
    "text": "Visit Store",
    "url": "https://fdrlst.myshopify.com/"
  },
  {
    "text": "        Shop The #FDRLSTSWAG Store    ",
    "url": "https://fdrlst.myshopify.com"
  },
  {
    "text": "Collusion",
    "url": "https://thefederalist.com/category/law/collusion/"
  },
  {
    "text": "View All",
    "url": "https://thefederalist.com/category/law/collusion/"
  },
  {
    "text": "",
    "url": "https://thefederalist.com/2022/07/21/nyts-bret-stephens-becomes-first-corporate-media-figure-to-acknowledge-russian-collusion-was-a-hoax/"
  },
  {
    "text": "Collusion",
    "url": "https://thefederalist.com/category/law/collusion/"
  },
  {
    "text": "NYT\u2019s Bret Stephens Becomes First Corporate Media Figure To Acknowledge Russian Collusion Was A \u2018Hoax\u2019",
    "url": "https://thefederalist.com/2022/07/21/nyts-bret-stephens-becomes-first-corporate-media-figure-to-acknowledge-russian-collusion-was-a-hoax/"
  },
  {
    "text": "Jordan Boyd",
    "url": "https://thefederalist.com/author/jordandavidson/"
  },
  {
    "text": "",
    "url": "https://thefederalist.com/2022/07/21/justice-wont-be-served-in-spygate-without-john-durham-investigating-more-confidential-human-sources/"
  },
  {
    "text": "Collusion",
    "url": "https://thefederalist.com/category/law/collusion/"
  },
  {
    "text": "Justice Won\u2019t Be Served In SpyGate Without John Durham Investigating More Confidential Human Sources",
    "url": "https://thefederalist.com/2022/07/21/justice-wont-be-served-in-spygate-without-john-durham-investigating-more-confidential-human-sources/"
  },
  {
    "text": "Margot Cleveland",
    "url": "https://thefederalist.com/author/margotcleveland/"
  },
  {
    "text": "",
    "url": "https://thefederalist.com/2022/07/15/why-a-federal-judge-shouldnt-toss-the-case-enabling-stefan-halper-to-pretend-russia-collusion-was-real/"
  },
  {
    "text": "Collusion",
    "url": "https://thefederalist.com/category/law/collusion/"
  },
  {
    "text": "Why A Federal Judge Shouldn\u2019t Toss The Case Enabling Stefan Halper To Pretend Russia Collusion Was Real",
    "url": "https://thefederalist.com/2022/07/15/why-a-federal-judge-shouldnt-toss-the-case-enabling-stefan-halper-to-pretend-russia-collusion-was-real/"
  },
  {
    "text": "Margot Cleveland",
    "url": "https://thefederalist.com/author/margotcleveland/"
  },
  {
    "text": "",
    "url": "https://thefederalist.com/2022/06/17/jan-6-committee-ignores-clear-evidence-of-mass-illegal-voting-systematically-broken-election-laws/"
  },
  {
    "text": "Collusion",
    "url": "https://thefederalist.com/category/law/collusion/"
  },
  {
    "text": "Jan. 6 Committee Ignores Clear Evidence Of Mass Illegal Voting, Systematically Broken Election Laws",
    "url": "https://thefederalist.com/2022/06/17/jan-6-committee-ignores-clear-evidence-of-mass-illegal-voting-systematically-broken-election-laws/"
  },
  {
    "text": "Margot Cleveland",
    "url": "https://thefederalist.com/author/margotcleveland/"
  },
  {
    "text": "Foreign Policy",
    "url": "https://thefederalist.com/category/foreign-policy/"
  },
  {
    "text": "View All",
    "url": "https://thefederalist.com/category/foreign-policy/"
  },
  {
    "text": "",
    "url": "https://thefederalist.com/2022/07/28/us-taxpayers-are-funding-ukraines-blacklisting-of-american-dissenters-for-thought-crimes/"
  },
  {
    "text": "Foreign Policy",
    "url": "https://thefederalist.com/category/foreign-policy/"
  },
  {
    "text": "US Taxpayers Are Funding Ukraine\u2019s Blacklisting Of American Dissenters For Thought Crimes",
    "url": "https://thefederalist.com/2022/07/28/us-taxpayers-are-funding-ukraines-blacklisting-of-american-dissenters-for-thought-crimes/"
  },
  {
    "text": "Sumantra Maitra",
    "url": "https://thefederalist.com/author/sumantramaitra/"
  },
  {
    "text": "",
    "url": "https://thefederalist.com/2022/07/27/biden-should-back-pelosis-taiwan-visit-instead-of-cowering-to-chinese-commies/"
  },
  {
    "text": "Foreign Policy",
    "url": "https://thefederalist.com/category/foreign-policy/"
  },
  {
    "text": "Biden Should Back Pelosi\u2019s Taiwan Visit Instead Of Cowering To Chinese Commies",
    "url": "https://thefederalist.com/2022/07/27/biden-should-back-pelosis-taiwan-visit-instead-of-cowering-to-chinese-commies/"
  },
  {
    "text": "Shawn Fleetwood",
    "url": "https://thefederalist.com/author/shawnfleetwood/"
  },
  {
    "text": "",
    "url": "https://thefederalist.com/2022/07/27/letting-china-purchase-us-land-poses-an-even-bigger-national-security-risk-than-you-think/"
  },
  {
    "text": "Foreign Policy",
    "url": "https://thefederalist.com/category/foreign-policy/"
  },
  {
    "text": "Letting China Purchase US Land Poses An Even Bigger National Security Risk Than You Think",
    "url": "https://thefederalist.com/2022/07/27/letting-china-purchase-us-land-poses-an-even-bigger-national-security-risk-than-you-think/"
  },
  {
    "text": "Chuck DeVore",
    "url": "https://thefederalist.com/author/chuck-devore/"
  },
  {
    "text": "",
    "url": "https://thefederalist.com/2022/07/27/as-ukrainians-defect-to-russia-we-should-ask-whether-our-billions-are-saving-democracy-or-aiding-corruption/"
  },
  {
    "text": "Foreign Policy",
    "url": "https://thefederalist.com/category/foreign-policy/"
  },
  {
    "text": "As Ukrainians Defect To Russia, We Should Ask Whether Our Billions Are Saving Democracy Or Aiding Corruption",
    "url": "https://thefederalist.com/2022/07/27/as-ukrainians-defect-to-russia-we-should-ask-whether-our-billions-are-saving-democracy-or-aiding-corruption/"
  },
  {
    "text": "Jonathan S. Tobin",
    "url": "https://thefederalist.com/author/jonathan-s-tobin/"
  },
  {
    "text": "Economics",
    "url": "https://thefederalist.com/category/economics/"
  },
  {
    "text": "View All",
    "url": "https://thefederalist.com/category/economics/"
  },
  {
    "text": "",
    "url": "https://thefederalist.com/2022/07/28/its-official-the-joe-biden-recession-has-begun/"
  },
  {
    "text": "Economics",
    "url": "https://thefederalist.com/category/economics/"
  },
  {
    "text": "It\u2019s Official: The Joe Biden Recession Has Begun",
    "url": "https://thefederalist.com/2022/07/28/its-official-the-joe-biden-recession-has-begun/"
  },
  {
    "text": "Jordan Boyd",
    "url": "https://thefederalist.com/author/jordandavidson/"
  },
  {
    "text": "",
    "url": "https://thefederalist.com/2022/07/28/schumer-manchin-agree-to-climate-crazed-tax-hike-just-in-time-for-recession-2010-obama-would-like-a-word/"
  },
  {
    "text": "Economics",
    "url": "https://thefederalist.com/category/economics/"
  },
  {
    "text": "Democrats\u2019 $700B \u2018Build Back Better\u2019 Plan To Raise Taxes During A Recession Is A Political Death Wish",
    "url": "https://thefederalist.com/2022/07/28/schumer-manchin-agree-to-climate-crazed-tax-hike-just-in-time-for-recession-2010-obama-would-like-a-word/"
  },
  {
    "text": "Chris Jacobs",
    "url": "https://thefederalist.com/author/chris-jacobs/"
  },
  {
    "text": "",
    "url": "https://thefederalist.com/2022/07/27/call-it-whatever-you-want-the-economy-sucks/"
  },
  {
    "text": "Economics",
    "url": "https://thefederalist.com/category/economics/"
  },
  {
    "text": "Call It Whatever You Want, The Economy Sucks",
    "url": "https://thefederalist.com/2022/07/27/call-it-whatever-you-want-the-economy-sucks/"
  },
  {
    "text": "David Harsanyi",
    "url": "https://thefederalist.com/author/dharsanyi/"
  },
  {
    "text": "",
    "url": "https://thefederalist.com/2022/07/26/bidens-economic-delusions-and-deceptions-snub-struggling-families/"
  },
  {
    "text": "Economics",
    "url": "https://thefederalist.com/category/economics/"
  },
  {
    "text": "Biden\u2019s Economic Delusions And Deceptions Snub Struggling Families",
    "url": "https://thefederalist.com/2022/07/26/bidens-economic-delusions-and-deceptions-snub-struggling-families/"
  },
  {
    "text": "Chris Jacobs",
    "url": "https://thefederalist.com/author/chris-jacobs/"
  },
  {
    "text": "Politics",
    "url": "https://thefederalist.com/category/politics/"
  },
  {
    "text": "View All",
    "url": "https://thefederalist.com/category/politics/"
  },
  {
    "text": "",
    "url": "https://thefederalist.com/2022/07/29/no-politico-joe-biden-was-never-in-the-game/"
  },
  {
    "text": "Politics",
    "url": "https://thefederalist.com/category/politics/"
  },
  {
    "text": "No, Politico, Joe Biden Was Never In The Game",
    "url": "https://thefederalist.com/2022/07/29/no-politico-joe-biden-was-never-in-the-game/"
  },
  {
    "text": "Jordan Boyd",
    "url": "https://thefederalist.com/author/jordandavidson/"
  },
  {
    "text": "",
    "url": "https://thefederalist.com/2022/07/29/a-farce-heres-what-wyoming-voters-really-think-of-liz-cheney-and-her-sham-j6-committee/"
  },
  {
    "text": "Politics",
    "url": "https://thefederalist.com/category/politics/"
  },
  {
    "text": "A \u2018Farce\u2019: Here\u2019s What Wyoming Voters Really Think Of Liz Cheney And Her Sham J6 Committee",
    "url": "https://thefederalist.com/2022/07/29/a-farce-heres-what-wyoming-voters-really-think-of-liz-cheney-and-her-sham-j6-committee/"
  },
  {
    "text": "Tristan Justice",
    "url": "https://thefederalist.com/author/tristanjustice/"
  },
  {
    "text": "",
    "url": "https://thefederalist.com/2022/07/29/rep-gallagher-communist-china-loves-the-lefts-anti-america-radicalism/"
  },
  {
    "text": "Politics",
    "url": "https://thefederalist.com/category/politics/"
  },
  {
    "text": "Rep. Gallagher: Communist China Loves The Left\u2019s Anti-America Radicalism",
    "url": "https://thefederalist.com/2022/07/29/rep-gallagher-communist-china-loves-the-lefts-anti-america-radicalism/"
  },
  {
    "text": "Olivia Hajicek",
    "url": "https://thefederalist.com/author/oliviahajicek/"
  },
  {
    "text": "",
    "url": "https://thefederalist.com/2022/07/28/the-dems-new-proposal-does-nothing-to-lower-inflation/"
  },
  {
    "text": "Politics",
    "url": "https://thefederalist.com/category/politics/"
  },
  {
    "text": "The Dems\u2019 New Proposal Does Nothing To Lower Inflation",
    "url": "https://thefederalist.com/2022/07/28/the-dems-new-proposal-does-nothing-to-lower-inflation/"
  },
  {
    "text": "David Harsanyi",
    "url": "https://thefederalist.com/author/dharsanyi/"
  },
  {
    "text": "Abortion",
    "url": "https://thefederalist.com/category/culture/abortion/"
  },
  {
    "text": "View All",
    "url": "https://thefederalist.com/category/culture/abortion/"
  },
  {
    "text": "",
    "url": "https://thefederalist.com/2022/07/28/democrats-push-taxpayer-funded-abortion-until-birth-despite-significant-unpopularity-among-americans/"
  },
  {
    "text": "Abortion",
    "url": "https://thefederalist.com/category/culture/abortion/"
  },
  {
    "text": "Democrats Push Taxpayer-Funded Abortion Until Birth Despite Significant Unpopularity Among Americans",
    "url": "https://thefederalist.com/2022/07/28/democrats-push-taxpayer-funded-abortion-until-birth-despite-significant-unpopularity-among-americans/"
  },
  {
    "text": "Jordan Boyd",
    "url": "https://thefederalist.com/author/jordandavidson/"
  },
  {
    "text": "",
    "url": "https://thefederalist.com/2022/07/28/pro-abortion-crowd-silences-women-who-regret-them/"
  },
  {
    "text": "Abortion",
    "url": "https://thefederalist.com/category/culture/abortion/"
  },
  {
    "text": "Pro-Abortion Crowd Silences Women Who Regret Them",
    "url": "https://thefederalist.com/2022/07/28/pro-abortion-crowd-silences-women-who-regret-them/"
  },
  {
    "text": "Brenna Lewis",
    "url": "https://thefederalist.com/author/brennalewis/"
  },
  {
    "text": "",
    "url": "https://thefederalist.com/2022/07/27/american-hero-jim-harbaugh-says-hell-raise-any-of-his-staff-players-surprise-babies/"
  },
  {
    "text": "Abortion",
    "url": "https://thefederalist.com/category/culture/abortion/"
  },
  {
    "text": "American Hero Jim Harbaugh Says He\u2019ll Raise Any Of His Staff, Players\u2019 Surprise Babies",
    "url": "https://thefederalist.com/2022/07/27/american-hero-jim-harbaugh-says-hell-raise-any-of-his-staff-players-surprise-babies/"
  },
  {
    "text": "Jordan Boyd",
    "url": "https://thefederalist.com/author/jordandavidson/"
  },
  {
    "text": "",
    "url": "https://thefederalist.com/2022/07/26/in-bizarre-screed-fivethirtyeight-falsely-labels-pro-lifers-racist-ignores-racism-of-abortion-industry/"
  },
  {
    "text": "Abortion",
    "url": "https://thefederalist.com/category/culture/abortion/"
  },
  {
    "text": "In Bizarre Screed, FiveThirtyEight Falsely Labels Pro-Lifers Racist, Ignores Racism Of Abortion Industry",
    "url": "https://thefederalist.com/2022/07/26/in-bizarre-screed-fivethirtyeight-falsely-labels-pro-lifers-racist-ignores-racism-of-abortion-industry/"
  },
  {
    "text": "Beth Whitehead and Mollie Hemingway",
    "url": "https://thefederalist.com/author/whiteheadhemingway/"
  },
  {
    "text": "Entertainment",
    "url": "https://thefederalist.com/category/entertainment-culture/"
  },
  {
    "text": "View All",
    "url": "https://thefederalist.com/category/entertainment-culture/"
  },
  {
    "text": "",
    "url": "https://thefederalist.com/2022/07/28/step-into-dunder-mifflin-at-the-office-experience-dc/"
  },
  {
    "text": "Culture",
    "url": "https://thefederalist.com/category/culture/"
  },
  {
    "text": "Step Into Dunder Mifflin At \u2018The Office Experience DC\u2019",
    "url": "https://thefederalist.com/2022/07/28/step-into-dunder-mifflin-at-the-office-experience-dc/"
  },
  {
    "text": "Elise McCue",
    "url": "https://thefederalist.com/author/elisemccue/"
  },
  {
    "text": "",
    "url": "https://thefederalist.com/2022/07/26/heres-the-christian-message-you-might-have-missed-in-thor-love-and-thunder/"
  },
  {
    "text": "Movies",
    "url": "https://thefederalist.com/category/entertainment-culture/movies/"
  },
  {
    "text": "Here\u2019s The Christian Message You Might Have Missed In \u2018Thor: Love And Thunder\u2019",
    "url": "https://thefederalist.com/2022/07/26/heres-the-christian-message-you-might-have-missed-in-thor-love-and-thunder/"
  },
  {
    "text": "Samuel Mangold-Lenett",
    "url": "https://thefederalist.com/author/samuelmangoldlenett/"
  },
  {
    "text": "",
    "url": "https://thefederalist.com/2022/07/26/real-life-married-couple-displays-beauty-of-parenting-in-new-film-strong-fathers-strong-daughters/"
  },
  {
    "text": "Entertainment",
    "url": "https://thefederalist.com/category/entertainment-culture/"
  },
  {
    "text": "Real-Life Married Couple Displays Beauty Of Parenting In New Film \u2018Strong Fathers, Strong Daughters\u2019",
    "url": "https://thefederalist.com/2022/07/26/real-life-married-couple-displays-beauty-of-parenting-in-new-film-strong-fathers-strong-daughters/"
  },
  {
    "text": "Elise McCue",
    "url": "https://thefederalist.com/author/elisemccue/"
  },
  {
    "text": "",
    "url": "https://thefederalist.com/2022/07/22/jordan-peeles-nope-is-almost-the-great-american-ufo-story/"
  },
  {
    "text": "Movies",
    "url": "https://thefederalist.com/category/entertainment-culture/movies/"
  },
  {
    "text": "Jordan Peele\u2019s \u2018Nope\u2019 Is Almost The Great American UFO Story",
    "url": "https://thefederalist.com/2022/07/22/jordan-peeles-nope-is-almost-the-great-american-ufo-story/"
  },
  {
    "text": "Ron Capshaw",
    "url": "https://thefederalist.com/author/roncapshaw/"
  },
  {
    "text": "\n\n\n\n\n\n\n\n\n",
    "url": "https://thefederalist.com"
  },
  {
    "text": "Newsletters",
    "url": "https://thefederalist.com/newsletters/"
  },
  {
    "text": "Contact",
    "url": "https://thefederalist.com/contact/"
  },
  {
    "text": "Submissions",
    "url": "https://thefederalist.com/submissions/"
  },
  {
    "text": "Shop",
    "url": "https://fdrlst.myshopify.com/"
  },
  {
    "text": "Visit The Federalist on Facebook",
    "url": "https://www.facebook.com/fdrlst"
  },
  {
    "text": "Visit The Federalist on Twitter",
    "url": "https://twitter.com/FDRLST"
  },
  {
    "text": "Visit The Federalist on Instagram",
    "url": "https://www.instagram.com/fdrlst"
  },
  {
    "text": "Watch The Federalist on YouTube",
    "url": "https://www.youtube.com/channel/UCEBsWEmSBXAU3JqZZGMBGpQ"
  },
  {
    "text": "View The Federalist RSS Feed",
    "url": "https://thefederalist.com/feed/"
  },
  {
    "text": "Listen to The Federalist Podcast",
    "url": "https://itunes.apple.com/us/podcast/the-federalist-radio-hour/id983782306"
  },
  {
    "text": "RSS",
    "url": "https://thefederalist.com/feed"
  },
  {
    "text": "Privacy Policy",
    "url": "https://thefederalist.com/privacy-policy/"
  },
  {
    "text": "Site Map",
    "url": "https://thefederalist.com/site-map/"
  },
  {
    "text": "Subscribe",
    "url": "https://thefederalist.com/plans/pricing/"
  },
  {
    "text": "Politics",
    "url": "https://thefederalist.com/category/politics/"
  },
  {
    "text": "Culture",
    "url": "https://thefederalist.com/category/culture/"
  },
  {
    "text": "Religion",
    "url": "https://thefederalist.com/category/religion/"
  },
  {
    "text": "Media",
    "url": "https://thefederalist.com/category/media/"
  },
  {
    "text": "Entertainment",
    "url": "https://thefederalist.com/category/entertainment-culture/"
  },
  {
    "text": "Law",
    "url": "https://thefederalist.com/category/law/"
  },
  {
    "text": "Abortion",
    "url": "https://thefederalist.com/category/culture/abortion/"
  },
  {
    "text": "Foreign Policy",
    "url": "https://thefederalist.com/category/foreign-policy/"
  },
  {
    "text": "Education",
    "url": "https://thefederalist.com/category/education/"
  },
  {
    "text": "Subscribe",
    "url": "https://thefederalist.com/plans/pricing/"
  },
  {
    "text": "Sign In",
    "url": "https://thefederalist.com/sign-in/"
  },
  {
    "text": "Latest",
    "url": "https://thefederalist.com/latest/"
  },
  {
    "text": "Popular",
    "url": "https://thefederalist.com/popular/"
  },
  {
    "text": "Videos",
    "url": "https://thefederalist.com/videos/"
  },
  {
    "text": "Contributors",
    "url": "https://thefederalist.com/contributors/"
  },
  {
    "text": "Newsletters",
    "url": "https://thefederalist.com/newsletters/"
  },
  {
    "text": "Newsletters",
    "url": "https://thefederalist.com/newsletters/"
  },
  {
    "text": "Contact",
    "url": "https://thefederalist.com/contact/"
  },
  {
    "text": "Submissions",
    "url": "https://thefederalist.com/submissions/"
  },
  {
    "text": "Shop",
    "url": "https://fdrlst.myshopify.com/"
  },
  {
    "text": "Visit The Federalist on Facebook",
    "url": "https://www.facebook.com/fdrlst"
  },
  {
    "text": "Visit The Federalist on Twitter",
    "url": "https://twitter.com/FDRLST"
  },
  {
    "text": "Visit The Federalist on Instagram",
    "url": "https://www.instagram.com/fdrlst"
  },
  {
    "text": "Watch The Federalist on YouTube",
    "url": "https://www.youtube.com/channel/UCEBsWEmSBXAU3JqZZGMBGpQ"
  },
  {
    "text": "View The Federalist RSS Feed",
    "url": "https://thefederalist.com/feed/"
  },
  {
    "text": "Listen to The Federalist Podcast",
    "url": "https://itunes.apple.com/us/podcast/the-federalist-radio-hour/id983782306"
  },
  {
    "text": "Start your free trial",
    "url": "/plans/pricing"
  }
]