[
  {
    "text": "Skip to main content",
    "url": "#content"
  },
  {
    "text": "\n\t\t\t\t\tFiveThirtyEight\n\t\t\t\t\t\n\t\t\t\t\t\n\t\t\t\t",
    "url": "/"
  },
  {
    "text": "\n\t\t\t\t\n\t\t\t\tABC News\n\t\t\t",
    "url": "https://abcnews.go.com/"
  },
  {
    "text": "\n\t\t\t\t\t\tPolitics\t\t\t\t\t",
    "url": "https://fivethirtyeight.com/politics/"
  },
  {
    "text": "\n\t\t\t\t\t\tSports\t\t\t\t\t",
    "url": "https://fivethirtyeight.com/sports/"
  },
  {
    "text": "\n\t\t\t\t\t\tScience\t\t\t\t\t",
    "url": "https://fivethirtyeight.com/science/"
  },
  {
    "text": "\n\t\t\t\t\t\tPodcasts\t\t\t\t\t",
    "url": "https://fivethirtyeight.com/podcasts/"
  },
  {
    "text": "\n\t\t\t\t\t\tVideo\t\t\t\t\t",
    "url": "https://fivethirtyeight.com/videos/"
  },
  {
    "text": "\n\t\t\t\t\t\tABC News\t\t\t\t\t",
    "url": "https://abcnews.go.com/"
  },
  {
    "text": "\n\t\n\t\t\n\t\t\t\t\t\n\n\t\tLatest Forecasts For The 2022 Midterm Elections\n\n\t\t\t\n\t\t\t\t\t\n\t\t",
    "url": "https://projects.fivethirtyeight.com/2022-election-forecast/"
  },
  {
    "text": "Supreme Court",
    "url": "https://fivethirtyeight.com/tag/supreme-court/"
  },
  {
    "text": "\n\t\t\t\t\tThe Supreme Court Isn\u2019t As Conservative As Clarence Thomas\t\t\t",
    "url": "https://fivethirtyeight.com/videos/the-supreme-court-isnt-as-conservative-as-clarence-thomas/"
  },
  {
    "text": "Amelia Thomson-DeVeaux",
    "url": "https://fivethirtyeight.com/contributors/amelia-thomson-deveaux/"
  },
  {
    "text": "Michael Tabb",
    "url": "https://fivethirtyeight.com/contributors/michael-tabb/"
  },
  {
    "text": "2022 Election",
    "url": "https://fivethirtyeight.com/tag/2022-election/"
  },
  {
    "text": "\n\t\t\t\t\t\tThe Political Environment Might Be Improving For Democrats\t\t\t\t\t",
    "url": "https://fivethirtyeight.com/features/the-political-environment-might-be-improving-for-democrats/"
  },
  {
    "text": "Nate Silver",
    "url": "https://fivethirtyeight.com/contributors/nate-silver/"
  },
  {
    "text": "\n",
    "url": "https://fivethirtyeight.com/features/the-political-environment-might-be-improving-for-democrats/"
  },
  {
    "text": "2022 Election",
    "url": "https://fivethirtyeight.com/tag/2022-election/"
  },
  {
    "text": "\n\t\t\t\t\t\tWhat It Will Take For Lisa Murkowski To Win Reelection In Alaska\t\t\t\t\t",
    "url": "https://fivethirtyeight.com/features/murkowski-alaska-polls/"
  },
  {
    "text": "Geoffrey Skelley",
    "url": "https://fivethirtyeight.com/contributors/geoffrey-skelley/"
  },
  {
    "text": "Zoha Qamar",
    "url": "https://fivethirtyeight.com/contributors/zoha-qamar/"
  },
  {
    "text": "\n",
    "url": "https://fivethirtyeight.com/features/murkowski-alaska-polls/"
  },
  {
    "text": "MLB",
    "url": "https://fivethirtyeight.com/tag/mlb/"
  },
  {
    "text": "\n\t\t\t\t\t\tMLB\u2019s Expanded Postseason Changed The Trade Deadline \u2014 And Maybe Not For The Better\t\t\t\t\t",
    "url": "https://fivethirtyeight.com/features/mlbs-expanded-postseason-changed-the-trade-deadline-and-maybe-not-for-the-better/"
  },
  {
    "text": "Neil Paine",
    "url": "https://fivethirtyeight.com/contributors/neil-paine/"
  },
  {
    "text": "\n",
    "url": "https://fivethirtyeight.com/features/mlbs-expanded-postseason-changed-the-trade-deadline-and-maybe-not-for-the-better/"
  },
  {
    "text": "\n\t\t\tThese 2020 Election Deniers Are Running For Office In Arizona\t\t",
    "url": "https://fivethirtyeight.com/videos/these-2020-election-deniers-are-running-for-office-in-arizona/"
  },
  {
    "text": "\n\t\t\tThe Supreme Court Isn\u2019t As Conservative As Clarence Thomas\t\t",
    "url": "https://fivethirtyeight.com/videos/the-supreme-court-isnt-as-conservative-as-clarence-thomas/"
  },
  {
    "text": "\n\t\t\tThe Political Environment Might Be Improving For Democrats\t\t",
    "url": "https://fivethirtyeight.com/features/the-political-environment-might-be-improving-for-democrats/"
  },
  {
    "text": "\n\t\t\tCan You Beat The Shell Game \u2026 Quantum-Style?\t\t",
    "url": "https://fivethirtyeight.com/features/can-you-beat-the-shell-game-quantum-style/"
  },
  {
    "text": "\n\t\t\tWhat It Will Take For Lisa Murkowski To Win Reelection In Alaska\t\t",
    "url": "https://fivethirtyeight.com/features/murkowski-alaska-polls/"
  },
  {
    "text": "\n\t\t\tMLB\u2019s Expanded Postseason Changed The Trade Deadline \u2014 And Maybe Not For The Better\t\t",
    "url": "https://fivethirtyeight.com/features/mlbs-expanded-postseason-changed-the-trade-deadline-and-maybe-not-for-the-better/"
  },
  {
    "text": "\n\t\t\tCourtney Vandersloot Is An All-Time Passer. Now She\u2019s A Clutch Scorer, Too.\t\t",
    "url": "https://fivethirtyeight.com/features/courtney-vandersloot-is-an-all-time-passer-now-shes-a-clutch-scorer-too/"
  },
  {
    "text": "\n\t\t\tThe 2022 Congressional Baseball Game Is A Toss-Up\t\t",
    "url": "https://fivethirtyeight.com/features/the-2022-congressional-baseball-game-is-a-toss-up/"
  },
  {
    "text": "All stories",
    "url": "https://fivethirtyeight.com/features/"
  },
  {
    "text": "\n",
    "url": "https://fivethirtyeight.com/features/can-you-beat-the-shell-game-quantum-style/"
  },
  {
    "text": "The Riddler",
    "url": "https://fivethirtyeight.com/tag/the-riddler/"
  },
  {
    "text": "\n\t\t\t\t\tCan You Beat The Shell Game \u2026 Quantum-Style?\t\t\t\t",
    "url": "https://fivethirtyeight.com/features/can-you-beat-the-shell-game-quantum-style/"
  },
  {
    "text": "Zach Wissner-Gross",
    "url": "https://fivethirtyeight.com/contributors/zach-wissner-gross/"
  },
  {
    "text": "\n",
    "url": "https://fivethirtyeight.com/features/courtney-vandersloot-is-an-all-time-passer-now-shes-a-clutch-scorer-too/"
  },
  {
    "text": "WNBA",
    "url": "https://fivethirtyeight.com/tag/wnba/"
  },
  {
    "text": "\n\t\t\t\t\tCourtney Vandersloot Is An All-Time Passer. Now She\u2019s A Clutch Scorer, Too.\t\t\t\t",
    "url": "https://fivethirtyeight.com/features/courtney-vandersloot-is-an-all-time-passer-now-shes-a-clutch-scorer-too/"
  },
  {
    "text": "James L. Jackson",
    "url": "https://fivethirtyeight.com/contributors/james-l-jackson/"
  },
  {
    "text": "\n",
    "url": "https://fivethirtyeight.com/features/the-datasets-were-looking-at-this-week-11/"
  },
  {
    "text": "Data Is Plural",
    "url": "https://fivethirtyeight.com/tag/data-is-plural/"
  },
  {
    "text": "\n\t\t\t\t\tThe Datasets We\u2019re Looking At This Week\t\t\t\t",
    "url": "https://fivethirtyeight.com/features/the-datasets-were-looking-at-this-week-11/"
  },
  {
    "text": "Jeremy Singer-Vine",
    "url": "https://fivethirtyeight.com/contributors/jeremy-singer-vine/"
  },
  {
    "text": "\n",
    "url": "https://fivethirtyeight.com/features/are-you-a-voter-of-color-we-want-to-hear-from-you/"
  },
  {
    "text": "2022 Election",
    "url": "https://fivethirtyeight.com/tag/2022-election/"
  },
  {
    "text": "\n\t\t\t\t\tWhat\u2019s Important To You In 2022?\t\t\t\t",
    "url": "https://fivethirtyeight.com/features/are-you-a-voter-of-color-we-want-to-hear-from-you/"
  },
  {
    "text": "Alex Samuels",
    "url": "https://fivethirtyeight.com/contributors/alex-samuels/"
  },
  {
    "text": "\n",
    "url": "https://fivethirtyeight.com/features/why-democrats-midterm-chances-dont-hinge-on-bidens-approval-rating/"
  },
  {
    "text": "2022 Election",
    "url": "https://fivethirtyeight.com/tag/2022-election/"
  },
  {
    "text": "\n\t\t\t\t\tWhy The Gap Between Biden\u2019s Popularity and Democrats\u2019 Polls Isn\u2019t That Weird\t\t\t\t",
    "url": "https://fivethirtyeight.com/features/why-democrats-midterm-chances-dont-hinge-on-bidens-approval-rating/"
  },
  {
    "text": "Nathaniel Rakich",
    "url": "https://fivethirtyeight.com/contributors/nathaniel-rakich/"
  },
  {
    "text": "Humera Lodhi",
    "url": "https://fivethirtyeight.com/contributors/humera-lodhi/"
  },
  {
    "text": "\n",
    "url": "https://fivethirtyeight.com/features/magnus-carlsen-is-giving-up-the-world-title-but-the-carlsen-era-lives-on/"
  },
  {
    "text": "Chess",
    "url": "https://fivethirtyeight.com/tag/chess/"
  },
  {
    "text": "\n\t\t\t\t\tMagnus Carlsen Is Giving Up The World Title. But The Carlsen Era Lives On.\t\t\t\t",
    "url": "https://fivethirtyeight.com/features/magnus-carlsen-is-giving-up-the-world-title-but-the-carlsen-era-lives-on/"
  },
  {
    "text": "Jake Lourim",
    "url": "https://fivethirtyeight.com/contributors/jake-lourim/"
  },
  {
    "text": "\n\t\t\t\t\t\t\t\t\t\n\t\t\t\t\t\t\t\t\n\t\t\t\t",
    "url": "https://fivethirtyeight.com/videos/what-would-losing-big-in-the-midterms-mean-for-biden/?cid=rrfeaturedvideo"
  },
  {
    "text": "Politics Podcast",
    "url": "https://fivethirtyeight.com/tag/politics-podcast/"
  },
  {
    "text": "\n\t\t\t\t\tWhat Would Losing Big In The Midterms Mean For Biden?\t\t\t\t",
    "url": "https://fivethirtyeight.com/videos/what-would-losing-big-in-the-midterms-mean-for-biden/"
  },
  {
    "text": "Galen Druke",
    "url": "https://fivethirtyeight.com/contributors/galen-druke/"
  },
  {
    "text": "Nate Silver",
    "url": "https://fivethirtyeight.com/contributors/nate-silver/"
  },
  {
    "text": "\n",
    "url": "https://fivethirtyeight.com/features/maybe-the-phillies-never-needed-defense-after-all/"
  },
  {
    "text": "MLB",
    "url": "https://fivethirtyeight.com/tag/mlb/"
  },
  {
    "text": "\n\t\t\t\t\tMaybe The Phillies Never Needed Defense After All\t\t\t\t",
    "url": "https://fivethirtyeight.com/features/maybe-the-phillies-never-needed-defense-after-all/"
  },
  {
    "text": "Neil Paine",
    "url": "https://fivethirtyeight.com/contributors/neil-paine/"
  },
  {
    "text": "\n",
    "url": "https://fivethirtyeight.com/features/how-the-fight-to-ban-abortion-is-rooted-in-the-great-replacement-theory/"
  },
  {
    "text": "Abortion",
    "url": "https://fivethirtyeight.com/tag/abortion/"
  },
  {
    "text": "\n\t\t\t\t\tHow The Fight To Ban Abortion Is Rooted In The \u2018Great Replacement\u2019 Theory\t\t\t\t",
    "url": "https://fivethirtyeight.com/features/how-the-fight-to-ban-abortion-is-rooted-in-the-great-replacement-theory/"
  },
  {
    "text": "Alex Samuels",
    "url": "https://fivethirtyeight.com/contributors/alex-samuels/"
  },
  {
    "text": "Monica Potts",
    "url": "https://fivethirtyeight.com/contributors/monica-potts/"
  },
  {
    "text": "More >",
    "url": "https://fivethirtyeight.com/features/"
  },
  {
    "text": "Election Deniers",
    "url": "https://fivethirtyeight.com/tag/election-deniers/"
  },
  {
    "text": "These 2020 Election Deniers Are Running For Office In Arizona",
    "url": "https://fivethirtyeight.com/videos/these-2020-election-deniers-are-running-for-office-in-arizona/"
  },
  {
    "text": "Kaleigh Rogers",
    "url": "https://fivethirtyeight.com/contributors/kaleigh-rogers/"
  },
  {
    "text": "Nash Consing",
    "url": "https://fivethirtyeight.com/contributors/nash-consing/"
  },
  {
    "text": "Subscribe on YouTube",
    "url": "https://www.youtube.com/FiveThirtyEight?sub_confirmation=1"
  },
  {
    "text": "All videos",
    "url": "https://fivethirtyeight.com/videos/"
  },
  {
    "text": "Sponsored Links by Taboola",
    "url": "https://popup.taboola.com/en/?template=colorbox&utm_source=abcnews-fivethirtyeight&utm_medium=referral&utm_content=thumbnails-b:Below Homepage Thumbnails:"
  },
  {
    "text": "Sponsored Links by Taboola",
    "url": "https://popup.taboola.com/en/?template=colorbox&utm_source=abcnews-fivethirtyeight&utm_medium=referral&utm_content=thumbnails-b:Below Homepage Thumbnails:"
  },
  {
    "text": "Promoted Links",
    "url": "https://popup.taboola.com/en/?template=colorbox&utm_source=abcnews-fivethirtyeight&utm_medium=referral&utm_content=thumbnails-b:Below Homepage Thumbnails:"
  },
  {
    "text": "Promoted Links",
    "url": "https://popup.taboola.com/en/?template=colorbox&utm_source=abcnews-fivethirtyeight&utm_medium=referral&utm_content=thumbnails-b:Below Homepage Thumbnails:"
  },
  {
    "text": "Good Housekeeping",
    "url": "https://www.goodhousekeeping.com/life/entertainment/g39004753/top-mtv-spring-break-photos/?utm_source=taboola_arb&utm_medium=cpm&utm_campaign=arb_tb_ghk_d_i_g39004753&utm_content=abcnews-fivethirtyeight#tblciGiDyIBZ65RWSLXRtO7GqaZMQnNZQGEev486DyD8c4LPgfCC8mkQo5-S5o6uS6L3QAQ&cid=referral_taboola_paid"
  },
  {
    "text": "Good HousekeepingMTV Spring Break Moments That Will Take You Back",
    "url": "https://www.goodhousekeeping.com/life/entertainment/g39004753/top-mtv-spring-break-photos/?utm_source=taboola_arb&utm_medium=cpm&utm_campaign=arb_tb_ghk_d_i_g39004753&utm_content=abcnews-fivethirtyeight#tblciGiDyIBZ65RWSLXRtO7GqaZMQnNZQGEev486DyD8c4LPgfCC8mkQo5-S5o6uS6L3QAQ&cid=referral_taboola_paid"
  },
  {
    "text": "Healthbay",
    "url": "https://healthbay.net/end-tinnitus/2022?utm_source=taboola&utm_medium=referral&tclickid=GiDyIBZ65RWSLXRtO7GqaZMQnNZQGEev486DyD8c4LPgfCDY7Ewoy92Yq5Ozw72LAQ&site=abcnews-fivethirtyeight&campaign={campaign}&thumbnail=http%3A%2F%2Fcdn.taboola.com%2Flibtrc%2Fstatic%2Fthumbnails%2Fa9d25f7f5e65b6da74bccdcc48fadcdb.jpg&title=Top+Scientists%3A+If+Anyone+Have+Tinnitus+%28Ear+Ringing%29+Do+This+Immediately&publisherid=1184468&cpc=lMER7n_kCL5e5RnrE5nGDL_p34_HnduoyRiQpcXsUMU=&tblci=GiDyIBZ65RWSLXRtO7GqaZMQnNZQGEev486DyD8c4LPgfCDY7Ewoy92Yq5Ozw72LAQ#tblciGiDyIBZ65RWSLXRtO7GqaZMQnNZQGEev486DyD8c4LPgfCDY7Ewoy92Yq5Ozw72LAQ&cid=referral_taboola_paid"
  },
  {
    "text": "HealthbayTop Scientists: If Anyone Have Tinnitus (Ear Ringing) Do This Immediately",
    "url": "https://healthbay.net/end-tinnitus/2022?utm_source=taboola&utm_medium=referral&tclickid=GiDyIBZ65RWSLXRtO7GqaZMQnNZQGEev486DyD8c4LPgfCDY7Ewoy92Yq5Ozw72LAQ&site=abcnews-fivethirtyeight&campaign={campaign}&thumbnail=http%3A%2F%2Fcdn.taboola.com%2Flibtrc%2Fstatic%2Fthumbnails%2Fa9d25f7f5e65b6da74bccdcc48fadcdb.jpg&title=Top+Scientists%3A+If+Anyone+Have+Tinnitus+%28Ear+Ringing%29+Do+This+Immediately&publisherid=1184468&cpc=lMER7n_kCL5e5RnrE5nGDL_p34_HnduoyRiQpcXsUMU=&tblci=GiDyIBZ65RWSLXRtO7GqaZMQnNZQGEev486DyD8c4LPgfCDY7Ewoy92Yq5Ozw72LAQ#tblciGiDyIBZ65RWSLXRtO7GqaZMQnNZQGEev486DyD8c4LPgfCDY7Ewoy92Yq5Ozw72LAQ&cid=referral_taboola_paid"
  },
  {
    "text": "WarpedSpeed",
    "url": "https://www.warpedspeed.com/g/can-you-name-every-state-capital/?utm_source=taboola&utm_medium=abcnews-fivethirtyeight&utm_content=14760181&utm_campaign=14760181abcnews-fivethirtyeight&utm_term=Quiz%3A+How+Well+Do+You+Know+America%27s+50+States&cid=referral_taboola_paid"
  },
  {
    "text": "WarpedSpeedQuiz: How Well Do You Know America's 50 States",
    "url": "https://www.warpedspeed.com/g/can-you-name-every-state-capital/?utm_source=taboola&utm_medium=abcnews-fivethirtyeight&utm_content=14760181&utm_campaign=14760181abcnews-fivethirtyeight&utm_term=Quiz%3A+How+Well+Do+You+Know+America%27s+50+States&cid=referral_taboola_paid"
  },
  {
    "text": "Esquire",
    "url": "https://www.esquire.com/entertainment/g35995495/famous-actors-embarrassing-movie-roles/?utm_source=taboola_arb&utm_medium=cpm&utm_campaign=arb_tb_esq_d_i_g35995495&utm_content=abcnews-fivethirtyeight#tblciGiDyIBZ65RWSLXRtO7GqaZMQnNZQGEev486DyD8c4LPgfCCvmkUoyYzlhpPWp8rCAQ&cid=referral_taboola_paid"
  },
  {
    "text": "EsquireEmbarrassing Movie Roles Famous Actors Would Rather You Forget",
    "url": "https://www.esquire.com/entertainment/g35995495/famous-actors-embarrassing-movie-roles/?utm_source=taboola_arb&utm_medium=cpm&utm_campaign=arb_tb_esq_d_i_g35995495&utm_content=abcnews-fivethirtyeight#tblciGiDyIBZ65RWSLXRtO7GqaZMQnNZQGEev486DyD8c4LPgfCCvmkUoyYzlhpPWp8rCAQ&cid=referral_taboola_paid"
  },
  {
    "text": "Online Shopping Tools",
    "url": "https://traveredpripts.com/624791d8-f7c6-4add-88b0-64f4d6b97c9d?site=abcnews-fivethirtyeight&title=Amazon+Left+Scrambling+As+Shoppers+Find+Out+About+Secret+Deals&thumbnail=http%3A%2F%2Fcdn.taboola.com%2Flibtrc%2Fstatic%2Fthumbnails%2F021c71e03885d6e3f6d1ceb8cc39c930.jpg&campaign_name=6H_Desktop_Top94&utm_content=3438278718&campaign=19603838&click_id=GiDyIBZ65RWSLXRtO7GqaZMQnNZQGEev486DyD8c4LPgfCD-_lMosvDpqeKVqc_XAQ&tblci=GiDyIBZ65RWSLXRtO7GqaZMQnNZQGEev486DyD8c4LPgfCD-_lMosvDpqeKVqc_XAQ#tblciGiDyIBZ65RWSLXRtO7GqaZMQnNZQGEev486DyD8c4LPgfCD-_lMosvDpqeKVqc_XAQ&cid=referral_taboola_paid"
  },
  {
    "text": "Online Shopping ToolsAmazon Left Scrambling As Shoppers Find Out About Secret Deals",
    "url": "https://traveredpripts.com/624791d8-f7c6-4add-88b0-64f4d6b97c9d?site=abcnews-fivethirtyeight&title=Amazon+Left+Scrambling+As+Shoppers+Find+Out+About+Secret+Deals&thumbnail=http%3A%2F%2Fcdn.taboola.com%2Flibtrc%2Fstatic%2Fthumbnails%2F021c71e03885d6e3f6d1ceb8cc39c930.jpg&campaign_name=6H_Desktop_Top94&utm_content=3438278718&campaign=19603838&click_id=GiDyIBZ65RWSLXRtO7GqaZMQnNZQGEev486DyD8c4LPgfCD-_lMosvDpqeKVqc_XAQ&tblci=GiDyIBZ65RWSLXRtO7GqaZMQnNZQGEev486DyD8c4LPgfCD-_lMosvDpqeKVqc_XAQ#tblciGiDyIBZ65RWSLXRtO7GqaZMQnNZQGEev486DyD8c4LPgfCD-_lMosvDpqeKVqc_XAQ&cid=referral_taboola_paid"
  },
  {
    "text": "House Beautiful",
    "url": "https://www.housebeautiful.com/lifestyle/g4384/american-towns-that-look-like-europe/?utm_source=taboola_arb&utm_medium=cpm&utm_campaign=arb_tb_hbl_d_i_g4384&utm_content=abcnews-fivethirtyeight#tblciGiDyIBZ65RWSLXRtO7GqaZMQnNZQGEev486DyD8c4LPgfCCRu0QojJj_kLyOj-u2AQ&cid=referral_taboola_paid"
  },
  {
    "text": "House BeautifulAmerican Cities With European Culture - U.S. Cities That Look Like Europe",
    "url": "https://www.housebeautiful.com/lifestyle/g4384/american-towns-that-look-like-europe/?utm_source=taboola_arb&utm_medium=cpm&utm_campaign=arb_tb_hbl_d_i_g4384&utm_content=abcnews-fivethirtyeight#tblciGiDyIBZ65RWSLXRtO7GqaZMQnNZQGEev486DyD8c4LPgfCCRu0QojJj_kLyOj-u2AQ&cid=referral_taboola_paid"
  },
  {
    "text": "See all newsletters",
    "url": "https://fivethirtyeight.com/newsletters/"
  },
  {
    "text": "Store",
    "url": "https://cottonbureau.com/stores/fivethirtyeight#/shop"
  },
  {
    "text": "Newsletter",
    "url": "https://fivethirtyeight.com/newsletter/"
  },
  {
    "text": "Twitter",
    "url": "https://twitter.com/fivethirtyeight"
  },
  {
    "text": "Facebook",
    "url": "https://www.facebook.com/fivethirtyeight"
  },
  {
    "text": "Data",
    "url": "https://data.fivethirtyeight.com/"
  },
  {
    "text": "RSS",
    "url": "https://fivethirtyeight.com/features/fear-not-readers-we-have-rss-feeds/"
  },
  {
    "text": "About Us",
    "url": "https://fivethirtyeight.com/about-us/"
  },
  {
    "text": "Jobs",
    "url": "https://fivethirtyeight.com/tag/fivethirtyeight-jobs/"
  },
  {
    "text": "Masthead",
    "url": "https://fivethirtyeight.com/masthead/"
  },
  {
    "text": "Pitch FiveThirtyEight",
    "url": "https://fivethirtyeight.com/how-to-pitch-fivethirtyeight/"
  },
  {
    "text": "Advertise With Us",
    "url": "https://disneyadsales.com/our-brands/abc-news/"
  },
  {
    "text": "About Nielsen Measurement",
    "url": "http://priv-policy.imrworldwide.com/priv/browser/us/en/optout.html"
  },
  {
    "text": "WordPress VIP",
    "url": "https://wpvip.com/?utm_source=vip_powered_wpcom&utm_medium=web&utm_campaign=VIP%20Footer%20Credit&utm_term=fivethirtyeight.com"
  },
  {
    "text": "Terms of Use",
    "url": "https://disneytermsofuse.com/"
  },
  {
    "text": "Privacy Policy",
    "url": "https://disneyprivacycenter.com/"
  },
  {
    "text": "Do Not Sell My Personal Information",
    "url": "#"
  },
  {
    "text": "Your California Privacy Rights",
    "url": "https://disneyprivacycenter.com/notice-to-california-residents/"
  },
  {
    "text": "Children's Online Privacy Policy",
    "url": "https://disneyprivacycenter.com/kids-privacy-policy/english/"
  },
  {
    "text": "Interest-Based Ads",
    "url": "https://preferences-mgr.truste.com/?type=abcnews&affiliateId=11&cid=clicksource_4380645_footer_interestbasedads"
  },
  {
    "text": "Terms of Use",
    "url": "https://disneytermsofuse.com/"
  },
  {
    "text": "Privacy Policy",
    "url": "https://disneyprivacycenter.com/"
  },
  {
    "text": "Your California Privacy Rights",
    "url": "https://disneyprivacycenter.com/notice-to-california-residents/"
  },
  {
    "text": "Children's Online Privacy Policy",
    "url": "https://disneyprivacycenter.com/kids-privacy-policy/english/"
  },
  {
    "text": "Interest-Based Ads",
    "url": "https://preferences-mgr.truste.com/?type=abcnews&affiliateId=11&cid=clicksource_4380645_footer_interestbasedads"
  },
  {
    "text": "Cookie Policy",
    "url": "https://disneyprivacycenter.com/cookies-policy-translations/cookies-policy/"
  },
  {
    "text": "Your California Privacy Rights",
    "url": "https://privacy.thewaltdisneycompany.com/en/current-privacy-policy/your-california-privacy-rights/"
  },
  {
    "text": "link",
    "url": "https://www.iabprivacy.com/optout.html"
  },
  {
    "text": "Do Not Sell My Personal Information Rights",
    "url": "https://privacy.thewaltdisneycompany.com/en/dnsmi/"
  },
  {
    "text": "",
    "url": "https://www.onetrust.com/products/cookie-consent/"
  }
]