[
  {
    "text": "\n        \n        \n                    ",
    "url": "https://www.facebook.com/floridabulldog/"
  },
  {
    "text": "\n        \n        \n                    ",
    "url": "https://twitter.com/Florida_Bulldog?ref_src=twsrcgoogletwcampserptwgrauthor"
  },
  {
    "text": "\n        \n                            ",
    "url": "https://www.floridabulldog.org/"
  },
  {
    "text": "Home",
    "url": "https://www.floridabulldog.org/"
  },
  {
    "text": "Video",
    "url": "https://www.floridabulldog.org/video-welcome-to-broward-bulldog/"
  },
  {
    "text": "Video: An Evening With Michael Connelly",
    "url": "https://www.floridabulldog.org/an-evening-with-michael-connelly/"
  },
  {
    "text": "Video: Bob Graham on Unanswered Questions of 9/11",
    "url": "https://www.floridabulldog.org/video-bob-graham/"
  },
  {
    "text": "About",
    "url": "https://www.floridabulldog.org/about/"
  },
  {
    "text": "Our Mission",
    "url": "https://www.floridabulldog.org/our-mission/"
  },
  {
    "text": "Staff",
    "url": "https://www.floridabulldog.org/about/staff/"
  },
  {
    "text": "Contact",
    "url": "https://www.floridabulldog.org/contact/"
  },
  {
    "text": "Board of Directors",
    "url": "https://www.floridabulldog.org/about/board-of-directors/"
  },
  {
    "text": "Board of Advisors",
    "url": "https://www.floridabulldog.org/about/board-of-advisors/"
  },
  {
    "text": "Policies",
    "url": "https://www.floridabulldog.org/policies/"
  },
  {
    "text": "Copyright notice",
    "url": "https://www.floridabulldog.org/about/copyright-notice/"
  },
  {
    "text": "Press Releases",
    "url": "https://www.floridabulldog.org/about/press-releases/"
  },
  {
    "text": "Blog",
    "url": "https://www.floridabulldog.org/blog-roll/"
  },
  {
    "text": "Advertise",
    "url": "https://www.floridabulldog.org/advertise/"
  },
  {
    "text": "9/11 Articles",
    "url": "https://www.floridabulldog.org/911-articles/"
  },
  {
    "text": "Donors",
    "url": "https://www.floridabulldog.org/donors-to-broward-bulldog/"
  },
  {
    "text": "Donors \u2013 2021-2022",
    "url": "https://www.floridabulldog.org/donors-to-broward-bulldog/donors-2021-2022/"
  },
  {
    "text": "Donors \u2013 2020-2021",
    "url": "https://www.floridabulldog.org/donors-2020-2021/"
  },
  {
    "text": "Donors \u2013 2019-2020",
    "url": "https://www.floridabulldog.org/donors-2019-2020/"
  },
  {
    "text": "Donors \u2013 2018-2019",
    "url": "https://www.floridabulldog.org/donors-to-broward-bulldog/donors-2018-2019/"
  },
  {
    "text": "Donors \u2013 2017-2018",
    "url": "https://www.floridabulldog.org/donors-to-broward-bulldog/donors-2017-2018/"
  },
  {
    "text": "Donors \u2013 2016-2017",
    "url": "https://www.floridabulldog.org/donors-to-broward-bulldog/donors-2016-2017/"
  },
  {
    "text": "Donors \u2013 2015-2016",
    "url": "https://www.floridabulldog.org/donors-to-broward-bulldog/donors-2015-2016/"
  },
  {
    "text": "Donors \u2013  2014-2015",
    "url": "https://www.floridabulldog.org/donors-to-broward-bulldog/donors-2014-2015/"
  },
  {
    "text": "Donors \u2013 2013-2014",
    "url": "https://www.floridabulldog.org/donors-to-broward-bulldog/donors-2013-2014/"
  },
  {
    "text": "Donors \u2013 2012-2013",
    "url": "https://www.floridabulldog.org/donors-to-broward-bulldog/donors-2012-2013/"
  },
  {
    "text": "Donors \u2013 2011-2012",
    "url": "https://www.floridabulldog.org/donors-to-broward-bulldog/donors-2011-2012/"
  },
  {
    "text": "Donors \u2013 2010-2011",
    "url": "https://www.floridabulldog.org/donors-to-broward-bulldog/donors-2010-2011/"
  },
  {
    "text": "9/11 Litigation",
    "url": "https://www.floridabulldog.org/foia-lawsuit/"
  },
  {
    "text": "\n        \n    ",
    "url": "https://www.floridabulldog.org/"
  },
  {
    "text": "Home",
    "url": "https://www.floridabulldog.org/"
  },
  {
    "text": "Video",
    "url": "https://www.floridabulldog.org/video-welcome-to-broward-bulldog/"
  },
  {
    "text": "Video: An Evening With Michael Connelly",
    "url": "https://www.floridabulldog.org/an-evening-with-michael-connelly/"
  },
  {
    "text": "Video: Bob Graham on Unanswered Questions of 9/11",
    "url": "https://www.floridabulldog.org/video-bob-graham/"
  },
  {
    "text": "About",
    "url": "https://www.floridabulldog.org/about/"
  },
  {
    "text": "Our Mission",
    "url": "https://www.floridabulldog.org/our-mission/"
  },
  {
    "text": "Staff",
    "url": "https://www.floridabulldog.org/about/staff/"
  },
  {
    "text": "Contact",
    "url": "https://www.floridabulldog.org/contact/"
  },
  {
    "text": "Board of Directors",
    "url": "https://www.floridabulldog.org/about/board-of-directors/"
  },
  {
    "text": "Board of Advisors",
    "url": "https://www.floridabulldog.org/about/board-of-advisors/"
  },
  {
    "text": "Policies",
    "url": "https://www.floridabulldog.org/policies/"
  },
  {
    "text": "Copyright notice",
    "url": "https://www.floridabulldog.org/about/copyright-notice/"
  },
  {
    "text": "Press Releases",
    "url": "https://www.floridabulldog.org/about/press-releases/"
  },
  {
    "text": "Blog",
    "url": "https://www.floridabulldog.org/blog-roll/"
  },
  {
    "text": "Advertise",
    "url": "https://www.floridabulldog.org/advertise/"
  },
  {
    "text": "9/11 Articles",
    "url": "https://www.floridabulldog.org/911-articles/"
  },
  {
    "text": "Donors",
    "url": "https://www.floridabulldog.org/donors-to-broward-bulldog/"
  },
  {
    "text": "Donors \u2013 2021-2022",
    "url": "https://www.floridabulldog.org/donors-to-broward-bulldog/donors-2021-2022/"
  },
  {
    "text": "Donors \u2013 2020-2021",
    "url": "https://www.floridabulldog.org/donors-2020-2021/"
  },
  {
    "text": "Donors \u2013 2019-2020",
    "url": "https://www.floridabulldog.org/donors-2019-2020/"
  },
  {
    "text": "Donors \u2013 2018-2019",
    "url": "https://www.floridabulldog.org/donors-to-broward-bulldog/donors-2018-2019/"
  },
  {
    "text": "Donors \u2013 2017-2018",
    "url": "https://www.floridabulldog.org/donors-to-broward-bulldog/donors-2017-2018/"
  },
  {
    "text": "Donors \u2013 2016-2017",
    "url": "https://www.floridabulldog.org/donors-to-broward-bulldog/donors-2016-2017/"
  },
  {
    "text": "Donors \u2013 2015-2016",
    "url": "https://www.floridabulldog.org/donors-to-broward-bulldog/donors-2015-2016/"
  },
  {
    "text": "Donors \u2013  2014-2015",
    "url": "https://www.floridabulldog.org/donors-to-broward-bulldog/donors-2014-2015/"
  },
  {
    "text": "Donors \u2013 2013-2014",
    "url": "https://www.floridabulldog.org/donors-to-broward-bulldog/donors-2013-2014/"
  },
  {
    "text": "Donors \u2013 2012-2013",
    "url": "https://www.floridabulldog.org/donors-to-broward-bulldog/donors-2012-2013/"
  },
  {
    "text": "Donors \u2013 2011-2012",
    "url": "https://www.floridabulldog.org/donors-to-broward-bulldog/donors-2011-2012/"
  },
  {
    "text": "Donors \u2013 2010-2011",
    "url": "https://www.floridabulldog.org/donors-to-broward-bulldog/donors-2010-2011/"
  },
  {
    "text": "9/11 Litigation",
    "url": "https://www.floridabulldog.org/foia-lawsuit/"
  },
  {
    "text": "\n        \n    ",
    "url": "https://www.floridabulldog.org/"
  },
  {
    "text": "\n                                    \n                                        \n                                        \n                                    \n                                ",
    "url": "javascript:void(0)"
  },
  {
    "text": "Home",
    "url": "https://www.floridabulldog.org/"
  },
  {
    "text": "Video",
    "url": "https://www.floridabulldog.org/video-welcome-to-broward-bulldog/"
  },
  {
    "text": "Video: An Evening With Michael Connelly",
    "url": "https://www.floridabulldog.org/an-evening-with-michael-connelly/"
  },
  {
    "text": "Video: Bob Graham on Unanswered Questions of 9/11",
    "url": "https://www.floridabulldog.org/video-bob-graham/"
  },
  {
    "text": "About",
    "url": "https://www.floridabulldog.org/about/"
  },
  {
    "text": "Our Mission",
    "url": "https://www.floridabulldog.org/our-mission/"
  },
  {
    "text": "Staff",
    "url": "https://www.floridabulldog.org/about/staff/"
  },
  {
    "text": "Contact",
    "url": "https://www.floridabulldog.org/contact/"
  },
  {
    "text": "Board of Directors",
    "url": "https://www.floridabulldog.org/about/board-of-directors/"
  },
  {
    "text": "Board of Advisors",
    "url": "https://www.floridabulldog.org/about/board-of-advisors/"
  },
  {
    "text": "Policies",
    "url": "https://www.floridabulldog.org/policies/"
  },
  {
    "text": "Copyright notice",
    "url": "https://www.floridabulldog.org/about/copyright-notice/"
  },
  {
    "text": "Press Releases",
    "url": "https://www.floridabulldog.org/about/press-releases/"
  },
  {
    "text": "Blog",
    "url": "https://www.floridabulldog.org/blog-roll/"
  },
  {
    "text": "Advertise",
    "url": "https://www.floridabulldog.org/advertise/"
  },
  {
    "text": "9/11 Articles",
    "url": "https://www.floridabulldog.org/911-articles/"
  },
  {
    "text": "Donors",
    "url": "https://www.floridabulldog.org/donors-to-broward-bulldog/"
  },
  {
    "text": "Donors \u2013 2021-2022",
    "url": "https://www.floridabulldog.org/donors-to-broward-bulldog/donors-2021-2022/"
  },
  {
    "text": "Donors \u2013 2020-2021",
    "url": "https://www.floridabulldog.org/donors-2020-2021/"
  },
  {
    "text": "Donors \u2013 2019-2020",
    "url": "https://www.floridabulldog.org/donors-2019-2020/"
  },
  {
    "text": "Donors \u2013 2018-2019",
    "url": "https://www.floridabulldog.org/donors-to-broward-bulldog/donors-2018-2019/"
  },
  {
    "text": "Donors \u2013 2017-2018",
    "url": "https://www.floridabulldog.org/donors-to-broward-bulldog/donors-2017-2018/"
  },
  {
    "text": "Donors \u2013 2016-2017",
    "url": "https://www.floridabulldog.org/donors-to-broward-bulldog/donors-2016-2017/"
  },
  {
    "text": "Donors \u2013 2015-2016",
    "url": "https://www.floridabulldog.org/donors-to-broward-bulldog/donors-2015-2016/"
  },
  {
    "text": "Donors \u2013  2014-2015",
    "url": "https://www.floridabulldog.org/donors-to-broward-bulldog/donors-2014-2015/"
  },
  {
    "text": "Donors \u2013 2013-2014",
    "url": "https://www.floridabulldog.org/donors-to-broward-bulldog/donors-2013-2014/"
  },
  {
    "text": "Donors \u2013 2012-2013",
    "url": "https://www.floridabulldog.org/donors-to-broward-bulldog/donors-2012-2013/"
  },
  {
    "text": "Donors \u2013 2011-2012",
    "url": "https://www.floridabulldog.org/donors-to-broward-bulldog/donors-2011-2012/"
  },
  {
    "text": "Donors \u2013 2010-2011",
    "url": "https://www.floridabulldog.org/donors-to-broward-bulldog/donors-2010-2011/"
  },
  {
    "text": "9/11 Litigation",
    "url": "https://www.floridabulldog.org/foia-lawsuit/"
  },
  {
    "text": "\n                \n                     \n                \n                \n                     \n                \n            ",
    "url": "#"
  },
  {
    "text": "\n\t\t\t\t\t",
    "url": "https://www.floridabulldog.org/2022/07/coral-springs-police-failed-investigate-suspicious-incident-involving-part-time-cop/"
  },
  {
    "text": "Coral Springs police failed to investigate \u2018suspicious incident\u2019 involving part-time cop, a gun and woman passed out in his pick-up truck\ufffc",
    "url": "https://www.floridabulldog.org/2022/07/coral-springs-police-failed-investigate-suspicious-incident-involving-part-time-cop/"
  },
  {
    "text": "\n\t\tJuly 25, 2022 5:00 am\t\t\t",
    "url": "https://www.floridabulldog.org/2022/07/"
  },
  {
    "text": "\n    READ 1 Comment  ",
    "url": "https://www.floridabulldog.org/2022/07/coral-springs-police-failed-investigate-suspicious-incident-involving-part-time-cop/#comments"
  },
  {
    "text": "    Read More    ",
    "url": "https://www.floridabulldog.org/2022/07/coral-springs-police-failed-investigate-suspicious-incident-involving-part-time-cop/"
  },
  {
    "text": "\n\t\t\t\t\t",
    "url": "https://www.floridabulldog.org/2022/07/former-justice-state-rep-blast-system-teed-up-renatha-francis/"
  },
  {
    "text": "Former chief justice, state rep blast system that teed up Renatha Francis for Florida Supreme Court\ufffc",
    "url": "https://www.floridabulldog.org/2022/07/former-justice-state-rep-blast-system-teed-up-renatha-francis/"
  },
  {
    "text": "\n\t\tJuly 22, 2022 5:02 am\t\t\t",
    "url": "https://www.floridabulldog.org/2022/07/"
  },
  {
    "text": "\n    READ 5 Comments  ",
    "url": "https://www.floridabulldog.org/2022/07/former-justice-state-rep-blast-system-teed-up-renatha-francis/#comments"
  },
  {
    "text": "    Read More    ",
    "url": "https://www.floridabulldog.org/2022/07/former-justice-state-rep-blast-system-teed-up-renatha-francis/"
  },
  {
    "text": "\n\t\t\t\t\t",
    "url": "https://www.floridabulldog.org/2022/07/convicted-felons-return-broward-sheriffs-advisory-council/"
  },
  {
    "text": "Big money and Sheriff Tony\u2019s OK smoothed convicted felon\u2019s return to Broward Sheriff\u2019s Advisory Council\ufffc",
    "url": "https://www.floridabulldog.org/2022/07/convicted-felons-return-broward-sheriffs-advisory-council/"
  },
  {
    "text": "\n\t\tJuly 20, 2022 5:01 am\t\t\t",
    "url": "https://www.floridabulldog.org/2022/07/"
  },
  {
    "text": "\n    READ 2 Comments  ",
    "url": "https://www.floridabulldog.org/2022/07/convicted-felons-return-broward-sheriffs-advisory-council/#comments"
  },
  {
    "text": "    Read More    ",
    "url": "https://www.floridabulldog.org/2022/07/convicted-felons-return-broward-sheriffs-advisory-council/"
  },
  {
    "text": "\n\t\t\t\t\t",
    "url": "https://www.floridabulldog.org/2022/07/florida-kept-paying-millions-contract-tracing-app-after-desantis-said-contract-tracing-doesnt-work/"
  },
  {
    "text": "Florida kept paying millions for a contact tracing app after DeSantis said contact tracing doesn\u2019t work\ufffc\ufffc",
    "url": "https://www.floridabulldog.org/2022/07/florida-kept-paying-millions-contract-tracing-app-after-desantis-said-contract-tracing-doesnt-work/"
  },
  {
    "text": "\n\t\tJuly 17, 2022 5:00 am\t\t\t",
    "url": "https://www.floridabulldog.org/2022/07/"
  },
  {
    "text": "\n    READ 7 Comments  ",
    "url": "https://www.floridabulldog.org/2022/07/florida-kept-paying-millions-contract-tracing-app-after-desantis-said-contract-tracing-doesnt-work/#comments"
  },
  {
    "text": "    Read More    ",
    "url": "https://www.floridabulldog.org/2022/07/florida-kept-paying-millions-contract-tracing-app-after-desantis-said-contract-tracing-doesnt-work/"
  },
  {
    "text": "\n\t\t\t\t\t",
    "url": "https://www.floridabulldog.org/2022/07/roger-stone-wife-agree-pay-2-1-million-settle-tax-case-where-will-money-come-from/"
  },
  {
    "text": "Roger Stone, wife agree to pay $2.1 million to settle IRS tax case, but where will the money come from?",
    "url": "https://www.floridabulldog.org/2022/07/roger-stone-wife-agree-pay-2-1-million-settle-tax-case-where-will-money-come-from/"
  },
  {
    "text": "\n\t\tJuly 16, 2022 4:50 am\t\t\t",
    "url": "https://www.floridabulldog.org/2022/07/"
  },
  {
    "text": "\n    READ 9 Comments  ",
    "url": "https://www.floridabulldog.org/2022/07/roger-stone-wife-agree-pay-2-1-million-settle-tax-case-where-will-money-come-from/#comments"
  },
  {
    "text": "    Read More    ",
    "url": "https://www.floridabulldog.org/2022/07/roger-stone-wife-agree-pay-2-1-million-settle-tax-case-where-will-money-come-from/"
  },
  {
    "text": "2",
    "url": "https://www.floridabulldog.org/page/2/"
  },
  {
    "text": "210",
    "url": "https://www.floridabulldog.org/page/210/"
  },
  {
    "text": "Next",
    "url": "https://www.floridabulldog.org/page/2/"
  },
  {
    "text": "2",
    "url": "https://www.floridabulldog.org/page/2/"
  },
  {
    "text": "3",
    "url": "https://www.floridabulldog.org/page/3/"
  },
  {
    "text": "4",
    "url": "https://www.floridabulldog.org/page/4/"
  },
  {
    "text": "5",
    "url": "https://www.floridabulldog.org/page/5/"
  },
  {
    "text": "6",
    "url": "https://www.floridabulldog.org/page/6/"
  },
  {
    "text": "7",
    "url": "https://www.floridabulldog.org/page/7/"
  },
  {
    "text": "8",
    "url": "https://www.floridabulldog.org/page/8/"
  },
  {
    "text": "9",
    "url": "https://www.floridabulldog.org/page/9/"
  },
  {
    "text": "10",
    "url": "https://www.floridabulldog.org/page/10/"
  },
  {
    "text": "11",
    "url": "https://www.floridabulldog.org/page/11/"
  },
  {
    "text": "",
    "url": "https://www.floridabulldog.org/page/2/"
  },
  {
    "text": "",
    "url": "https://www.floridabulldog.org/page/210/"
  },
  {
    "text": "",
    "url": "https://www.floridabulldog.org/donate-to-florida-bulldog/"
  },
  {
    "text": "Donate to Florida Bulldog",
    "url": "https://www.floridabulldog.org/donate-to-florida-bulldog/"
  },
  {
    "text": "dchristensen@floridabulldog.org",
    "url": "mailto:dchristensen@floridabulldog.org"
  },
  {
    "text": "Home",
    "url": "https://www.floridabulldog.org/"
  },
  {
    "text": "9/11 Litigation",
    "url": "https://www.floridabulldog.org/foia-lawsuit/"
  },
  {
    "text": "About",
    "url": "https://www.floridabulldog.org/about/"
  },
  {
    "text": "Donate",
    "url": "https://www.floridabulldog.org/donate/"
  },
  {
    "text": "Policies",
    "url": "https://www.floridabulldog.org/policies/"
  },
  {
    "text": "Contact",
    "url": "https://www.floridabulldog.org/contact/"
  },
  {
    "text": "Coral Springs police failed to investigate \u2018suspicious incident\u2019 involving part-time cop, a gun and woman passed out in his pick-up truck\ufffc",
    "url": "https://www.floridabulldog.org/2022/07/coral-springs-police-failed-investigate-suspicious-incident-involving-part-time-cop/"
  },
  {
    "text": "Former chief justice, state rep blast system that teed up Renatha Francis for Florida Supreme Court\ufffc",
    "url": "https://www.floridabulldog.org/2022/07/former-justice-state-rep-blast-system-teed-up-renatha-francis/"
  },
  {
    "text": "",
    "url": "https://inn.org/"
  },
  {
    "text": "",
    "url": "https://www.guidestar.org/profile/27-0318157"
  }
]