[
  {
    "text": "Skip to main content",
    "url": "#main"
  },
  {
    "text": "\n    \n\tForeign Policy Magazine\n\t\n    Foreign Policy Magazine\n",
    "url": "https://foreignpolicy.com/"
  },
  {
    "text": "Sign In",
    "url": "#"
  },
  {
    "text": "\n                                        Give a Gift\n                                        Give a Gift\n                                    ",
    "url": "/gift-subscriptions/?tpcc=navbar_gift"
  },
  {
    "text": "\n                                        Subscribe\n                                        Subscribe\n                                    ",
    "url": "/subscribe"
  },
  {
    "text": "\n                                        Upgrade\n                                        Upgrade\n                                    ",
    "url": "/subscribe"
  },
  {
    "text": "Latest",
    "url": "/category/latest/"
  },
  {
    "text": "News",
    "url": "/channel/news/"
  },
  {
    "text": "Analysis",
    "url": "/channel/analysis/"
  },
  {
    "text": "Podcasts",
    "url": "/podcasts/"
  },
  {
    "text": "The Magazine",
    "url": "/the-magazine/"
  },
  {
    "text": "Economics",
    "url": "/channel/economics/"
  },
  {
    "text": "Security",
    "url": "/channel/security-2/"
  },
  {
    "text": "Shadow Government",
    "url": "/projects/shadow-government/"
  },
  {
    "text": "Her Power",
    "url": "/channel/her-power/"
  },
  {
    "text": "Newsletters",
    "url": "/newsletters/"
  },
  {
    "text": "Events",
    "url": "/events/"
  },
  {
    "text": "FP Analytics",
    "url": "https://fpanalytics.foreignpolicy.com/"
  },
  {
    "text": "Your FP Insider Access:",
    "url": "/fpinsider/"
  },
  {
    "text": "Power Maps",
    "url": "/power-maps"
  },
  {
    "text": "Special Reports",
    "url": "/special-reports"
  },
  {
    "text": "Graphics Database",
    "url": "/graphics-database"
  },
  {
    "text": "\n    How \u2018Bakla\u2019 Explains the Struggle for Queer Identity in the Philippines\n",
    "url": "https://foreignpolicy.com/2022/07/30/bakla-queer-identity-philippines/"
  },
  {
    "text": "\n        Decoder    ",
    "url": "https://foreignpolicy.com/category/decoder/"
  },
  {
    "text": "\n    Jaime Oscar M. Salazar",
    "url": "https://foreignpolicy.com/author/jaime-oscar-m-salazar/"
  },
  {
    "text": "\n    What in the World?\n",
    "url": "https://foreignpolicy.com/2022/07/29/foreign-policy-news-quiz-tunisia-referendum-taiwan-trip-controversy/"
  },
  {
    "text": "\n        Quiz    ",
    "url": "https://foreignpolicy.com/category/quiz/"
  },
  {
    "text": "\n    Nina Goldman",
    "url": "https://foreignpolicy.com/author/nina-goldman/"
  },
  {
    "text": "\n    Ukraine\u2019s Breadbasket Is (Almost) Open for Business Again\n",
    "url": "https://foreignpolicy.com/2022/07/29/ukraine-russia-grain-deal-global-food-crisis-black-sea/"
  },
  {
    "text": "\n        Report    ",
    "url": "https://foreignpolicy.com/category/news/report/"
  },
  {
    "text": "\n    Robbie Gramer",
    "url": "https://foreignpolicy.com/author/robbie-gramer/"
  },
  {
    "text": "\n    Christina Lu",
    "url": "https://foreignpolicy.com/author/christina-lu/"
  },
  {
    "text": "\n    Senegal\u2019s Democratic Backsliding Is a Threat to African Democracy\n",
    "url": "https://foreignpolicy.com/2022/07/29/senegal-sall-democratic-backsliding-african-democracy/"
  },
  {
    "text": "\n        Argument    ",
    "url": "https://foreignpolicy.com/category/analysis/argument/"
  },
  {
    "text": "\n    Danielle Resnick",
    "url": "https://foreignpolicy.com/author/danielle-resnick/"
  },
  {
    "text": "See All Stories",
    "url": "/category/latest/"
  },
  {
    "text": "FP Events",
    "url": "https://foreignpolicy.com/events"
  },
  {
    "text": "FP Studios",
    "url": "https://foreignpolicy.com/fp-studios/"
  },
  {
    "text": "FP Analytics",
    "url": "https://foreignpolicy.com/fp-analytics/"
  },
  {
    "text": "FP PeaceGames",
    "url": "https://foreignpolicy.com/fp-peacegames/"
  },
  {
    "text": "Subscription Services",
    "url": "https://foreignpolicy.com/subscription-services/"
  },
  {
    "text": "Group Subscriptions",
    "url": "https://foreignpolicy.com/group-subscriptions/"
  },
  {
    "text": "Reprint Permissions",
    "url": "https://foreignpolicy.com/reprint-permissions/"
  },
  {
    "text": "Writer\u2019s Guidelines",
    "url": "https://foreignpolicy.submittable.com/submit"
  },
  {
    "text": "FP Guides \u2013 Graduate Education",
    "url": "https://fpguide.foreignpolicy.com/2022-career-path/"
  },
  {
    "text": "FP For Education",
    "url": "https://foreignpolicy.com/fp-for-education/"
  },
  {
    "text": "FP Archive",
    "url": "/magazine"
  },
  {
    "text": "Buy Back Issues",
    "url": "https://foreignpolicy.com/buy-back-issues/"
  },
  {
    "text": "Work At FP",
    "url": "https://foreignpolicy.com/employment-opportunities/"
  },
  {
    "text": "Meet the Staff",
    "url": "https://foreignpolicy.com/staff/"
  },
  {
    "text": "Advertising/Partnerships",
    "url": "https://solutions.foreignpolicy.com/"
  },
  {
    "text": "Sign In",
    "url": "#"
  },
  {
    "text": "\n                                    Give a Gift\n                                    Give a Gift\n                                ",
    "url": "/gift-subscriptions/?tpcc=navbar_gift"
  },
  {
    "text": "\n                                    Subscribe\n                                    Subscribe\n                                ",
    "url": "/subscribe"
  },
  {
    "text": "\n                                    Upgrade\n                                    Upgrade\n                                ",
    "url": "/subscribe"
  },
  {
    "text": "\n        \n        \n            \n        \n        ",
    "url": "https://foreignpolicy.com/2022/07/29/china-population-decline-demographics-ecomomic-growth/"
  },
  {
    "text": "\n    A Shrinking China Can\u2019t Overtake America\n",
    "url": "https://foreignpolicy.com/2022/07/29/china-population-decline-demographics-ecomomic-growth/"
  },
  {
    "text": "\n        Argument    ",
    "url": "https://foreignpolicy.com/category/analysis/argument/"
  },
  {
    "text": "\n    Howard W. French",
    "url": "https://foreignpolicy.com/author/howard-w-french/"
  },
  {
    "text": "\n        \n        \n            \n        \n        ",
    "url": "https://foreignpolicy.com/2022/07/29/taiwan-pelosi-biden-one-china-policy-strategic-ambiguity/"
  },
  {
    "text": "\n    What Does the Pelosi Taiwan Uproar Mean for U.S. China Policy?\n",
    "url": "https://foreignpolicy.com/2022/07/29/taiwan-pelosi-biden-one-china-policy-strategic-ambiguity/"
  },
  {
    "text": "\n        It's Debatable    ",
    "url": "https://foreignpolicy.com/category/its-debatable/"
  },
  {
    "text": "\n    Emma Ashford",
    "url": "https://foreignpolicy.com/author/emma-ashford/"
  },
  {
    "text": "\n    Matthew Kroenig",
    "url": "https://foreignpolicy.com/author/matthew-kroenig/"
  },
  {
    "text": "\n        \n        \n            \n        \n        ",
    "url": "https://foreignpolicy.com/2022/07/29/ukraine-russia-grain-deal-global-food-crisis-black-sea/"
  },
  {
    "text": "\n    Ukraine\u2019s Breadbasket Is (Almost) Open for Business Again\n",
    "url": "https://foreignpolicy.com/2022/07/29/ukraine-russia-grain-deal-global-food-crisis-black-sea/"
  },
  {
    "text": "\n        Report    ",
    "url": "https://foreignpolicy.com/category/news/report/"
  },
  {
    "text": "\n    Robbie Gramer",
    "url": "https://foreignpolicy.com/author/robbie-gramer/"
  },
  {
    "text": "\n    Christina Lu",
    "url": "https://foreignpolicy.com/author/christina-lu/"
  },
  {
    "text": "\n        \n        \n            \n        \n        ",
    "url": "https://foreignpolicy.com/2022/07/28/middle-east-nato-biden-trip-israel-defense-cooperation/"
  },
  {
    "text": "\n    Could There Ever Be a Middle East NATO?\n",
    "url": "https://foreignpolicy.com/2022/07/28/middle-east-nato-biden-trip-israel-defense-cooperation/"
  },
  {
    "text": "\n        Analysis    ",
    "url": "https://foreignpolicy.com/channel/analysis/"
  },
  {
    "text": "\n    Anchal Vohra",
    "url": "https://foreignpolicy.com/author/anchal-vohra/"
  },
  {
    "text": "\n    How \u2018Bakla\u2019 Explains the Struggle for Queer Identity in the Philippines\n",
    "url": "https://foreignpolicy.com/2022/07/30/bakla-queer-identity-philippines/?tpcc=recirc_latest062921"
  },
  {
    "text": "\n        Decoder    ",
    "url": "https://foreignpolicy.com/category/decoder/"
  },
  {
    "text": "\n    Jaime Oscar M. Salazar",
    "url": "https://foreignpolicy.com/author/jaime-oscar-m-salazar/"
  },
  {
    "text": "\n    What in the World?\n",
    "url": "https://foreignpolicy.com/2022/07/29/foreign-policy-news-quiz-tunisia-referendum-taiwan-trip-controversy/?tpcc=recirc_latest062921"
  },
  {
    "text": "\n        Quiz    ",
    "url": "https://foreignpolicy.com/category/quiz/"
  },
  {
    "text": "\n    Nina Goldman",
    "url": "https://foreignpolicy.com/author/nina-goldman/"
  },
  {
    "text": "\n    Senegal\u2019s Democratic Backsliding Is a Threat to African Democracy\n",
    "url": "https://foreignpolicy.com/2022/07/29/senegal-sall-democratic-backsliding-african-democracy/?tpcc=recirc_latest062921"
  },
  {
    "text": "\n        Argument    ",
    "url": "https://foreignpolicy.com/category/analysis/argument/"
  },
  {
    "text": "\n    Danielle Resnick",
    "url": "https://foreignpolicy.com/author/danielle-resnick/"
  },
  {
    "text": "\n    Pelosi Visit Sets Up No-Win Situation on Taiwan\n",
    "url": "https://foreignpolicy.com/2022/07/29/pelosi-visit-taiwan-no-win-pentagon/?tpcc=recirc_latest062921"
  },
  {
    "text": "\n        Report    ",
    "url": "https://foreignpolicy.com/category/news/report/"
  },
  {
    "text": "\n    Jack Detsch",
    "url": "https://foreignpolicy.com/author/jack-detsch/"
  },
  {
    "text": "\n    The International Monetary Fund: Holy Grail or Poisoned Chalice?\n",
    "url": "https://foreignpolicy.com/2022/07/29/imf-debt-pandemic-global-south-sri-lanka-pakistan/?tpcc=recirc_latest062921"
  },
  {
    "text": "\n        Explainer    ",
    "url": "https://foreignpolicy.com/category/explainer/"
  },
  {
    "text": "\n    Anusha Rathi",
    "url": "https://foreignpolicy.com/author/anusha-rathi/"
  },
  {
    "text": "\n\t\t\t\t\t\t\tAsia\t\t\t\t\t\t",
    "url": "/projects/asia/"
  },
  {
    "text": "\n        \n        \n            \n        \n        ",
    "url": "https://foreignpolicy.com/2022/07/28/central-south-asia-regional-diplomacy-afghanistan-sco/"
  },
  {
    "text": "\n    Central Asia Steps Up Its Regional Diplomacy\n",
    "url": "https://foreignpolicy.com/2022/07/28/central-south-asia-regional-diplomacy-afghanistan-sco/"
  },
  {
    "text": "\n        South Asia Brief    ",
    "url": "https://foreignpolicy.com/category/south-asia-brief/"
  },
  {
    "text": "\n    Michael Kugelman",
    "url": "https://foreignpolicy.com/author/michael-kugelman/"
  },
  {
    "text": "\n    Afghan Women Are Worse Off Than Ever\n",
    "url": "https://foreignpolicy.com/2022/07/28/afghanistan-women-taliban-amnesty-international-human-rights/"
  },
  {
    "text": "\n    Why Indonesia Has Embraced Huawei\n",
    "url": "https://foreignpolicy.com/2022/07/28/indonesia-china-huawei-tech-cybersecurity/"
  },
  {
    "text": "\n    Pelosi\u2019s Taiwan Trip Causes a Ruckus in Washington\n",
    "url": "https://foreignpolicy.com/2022/07/27/taiwan-pelosi-trip-china-politics/"
  },
  {
    "text": "\n\t\t\t\t\t\t\tChina\t\t\t\t\t\t",
    "url": "/projects/china/"
  },
  {
    "text": "\n        \n        \n            \n        \n        ",
    "url": "https://foreignpolicy.com/2022/07/27/china-village-banks-economic-growth-dangerous-contagion/"
  },
  {
    "text": "\n    China\u2019s Village Bank Collapses Could Cause Dangerous Contagion\n",
    "url": "https://foreignpolicy.com/2022/07/27/china-village-banks-economic-growth-dangerous-contagion/"
  },
  {
    "text": "\n        Analysis    ",
    "url": "https://foreignpolicy.com/channel/analysis/"
  },
  {
    "text": "\n    Zongyuan Zoe Liu",
    "url": "https://foreignpolicy.com/author/zongyuan-zoe-liu/"
  },
  {
    "text": "\n    China\u2019s Strategy Needs Study, Not Assumptions\n",
    "url": "https://foreignpolicy.com/2022/07/21/chinas-strategy-needs-study-not-assumptions/"
  },
  {
    "text": "\n    Chinese Mortgage Boycott Gains Steam\n",
    "url": "https://foreignpolicy.com/2022/07/20/china-mortgage-boycott-real-estate-crisis/"
  },
  {
    "text": "\n    The Chinese Protesters Who Got What They Wanted\u2014Sort of\n",
    "url": "https://foreignpolicy.com/2022/07/13/china-bank-protest-zhengzhou-compensation/"
  },
  {
    "text": "\n\t\t\t\t\t\t\tMiddle East & Africa\t\t\t\t\t\t",
    "url": "/projects/middle-east-africa/"
  },
  {
    "text": "\n        \n        \n            \n        \n        ",
    "url": "https://foreignpolicy.com/2022/07/27/burkina-faso-russia-wagner-group/"
  },
  {
    "text": "\n    Burkina Faso Could Be Next for Russia\u2019s Wagner Group, U.S. Intel Fears\n",
    "url": "https://foreignpolicy.com/2022/07/27/burkina-faso-russia-wagner-group/"
  },
  {
    "text": "\n        Report    ",
    "url": "https://foreignpolicy.com/category/news/report/"
  },
  {
    "text": "\n    Jack Detsch",
    "url": "https://foreignpolicy.com/author/jack-detsch/"
  },
  {
    "text": "\n    Amy Mackinnon",
    "url": "https://foreignpolicy.com/author/amy-mackinnon/"
  },
  {
    "text": "\n    Is Conservation Becoming Colonialism in Tanzania?\n",
    "url": "https://foreignpolicy.com/2022/07/27/tanzania-conservation-colonialism-eviction-indigenous-rights/"
  },
  {
    "text": "\n    Iran Stands to Lose the Most if the Nuclear Deal Isn\u2019t Revived\n",
    "url": "https://foreignpolicy.com/2022/07/25/iran-nuclear-deal-economy-diplomacy-sanctions-fail-lose-most/"
  },
  {
    "text": "\n    U.S. Embassies in Africa Are Chronically Short-Staffed\n",
    "url": "https://foreignpolicy.com/2022/07/22/africa-embassies-short-staffed-us-sahel-china-russia/"
  },
  {
    "text": "\n\t\t\t\t\t\t\tEurope\t\t\t\t\t\t",
    "url": "/projects/europe/"
  },
  {
    "text": "\n        \n        \n            \n        \n        ",
    "url": "https://foreignpolicy.com/2022/07/28/europe-heat-wave-climate-change-carbon-pricing/"
  },
  {
    "text": "\n    Carbon Pricing Isn\u2019t Enough to Mitigate Climate Change\n",
    "url": "https://foreignpolicy.com/2022/07/28/europe-heat-wave-climate-change-carbon-pricing/"
  },
  {
    "text": "\n        Analysis    ",
    "url": "https://foreignpolicy.com/channel/analysis/"
  },
  {
    "text": "\n    Noah Gordon",
    "url": "https://foreignpolicy.com/author/noah-gordon/"
  },
  {
    "text": "\n    Populists at the Gates\n",
    "url": "https://foreignpolicy.com/2022/07/27/italy-right-wing-politics-populism-meloni-draghi-salvini-berlusconi/"
  },
  {
    "text": "\n    Destroying the Environment Is a War Crime, Too\n",
    "url": "https://foreignpolicy.com/2022/07/27/russia-ukraine-war-environment-war-crime/"
  },
  {
    "text": "\n    How to Fix the World\u2019s Food Crisis\n",
    "url": "https://foreignpolicy.com/2022/07/27/global-food-crisis-russia-war-ukraine-wheat/"
  },
  {
    "text": "\n\t\t\t\t\t\t\tAmericas\t\t\t\t\t\t",
    "url": "/projects/americas/"
  },
  {
    "text": "\n        \n        \n            \n        \n        ",
    "url": "https://foreignpolicy.com/2022/07/22/el-salvador-debt-imf-economy-bukele-us-sanctions/"
  },
  {
    "text": "\n    El Salvador\u2019s Scramble for a Bailout\n",
    "url": "https://foreignpolicy.com/2022/07/22/el-salvador-debt-imf-economy-bukele-us-sanctions/"
  },
  {
    "text": "\n        Latin America Brief    ",
    "url": "https://foreignpolicy.com/category/latin-america-brief/"
  },
  {
    "text": "\n    Catherine Osborn",
    "url": "https://foreignpolicy.com/author/catherine-osborn/"
  },
  {
    "text": "\n    By Not Acting on Climate, Congress Endangers U.S. National Security\n",
    "url": "https://foreignpolicy.com/2022/07/21/climate-change-action-us-congress-biden-bill-national-security/"
  },
  {
    "text": "\n    Afghanistan Still Wants Its Frozen Funds\n",
    "url": "https://foreignpolicy.com/2022/07/21/afghanistan-taliban-economy-reserves-central-bank-finance/"
  },
  {
    "text": "\n    The G-7 Infrastructure Plan Must Learn From Past Failures\n",
    "url": "https://foreignpolicy.com/2022/07/18/the-g-7-infrastructure-plan-wont-succeed-unless-it-learns-from-past-failures/"
  },
  {
    "text": "In the Magazine",
    "url": "/the-magazine"
  },
  {
    "text": "Summer 2022",
    "url": "/the-magazine/?issue_id=411130946"
  },
  {
    "text": "Archives",
    "url": "/print-archive/"
  },
  {
    "text": "\n        \n        \n            \n        \n        ",
    "url": "/the-magazine/?issue_id=411130946"
  },
  {
    "text": "\n        \n        \n            \n        \n        ",
    "url": "https://foreignpolicy.com/2022/07/01/world-history-new-era-russia-ukraine-war-covid-19/"
  },
  {
    "text": "\n    Does Putin\u2019s War Mark a New Period in History?\n",
    "url": "https://foreignpolicy.com/2022/07/01/world-history-new-era-russia-ukraine-war-covid-19/"
  },
  {
    "text": "\n        Essay    ",
    "url": "https://foreignpolicy.com/category/essay/"
  },
  {
    "text": "\n    David A. Bell",
    "url": "https://foreignpolicy.com/author/david-a-bell/"
  },
  {
    "text": "\n        \n        \n            \n        \n        ",
    "url": "https://foreignpolicy.com/2022/07/01/global-economy-policy-financial-crisis-1970s/"
  },
  {
    "text": "\n    The 1970s Weren\u2019t What You Think\n",
    "url": "https://foreignpolicy.com/2022/07/01/global-economy-policy-financial-crisis-1970s/"
  },
  {
    "text": "\n        Essay    ",
    "url": "https://foreignpolicy.com/category/essay/"
  },
  {
    "text": "\n    Adam Tooze",
    "url": "https://foreignpolicy.com/author/adam-tooze/"
  },
  {
    "text": "\n    A New Cold War May Call for a Return to Nonalignment\n",
    "url": "https://foreignpolicy.com/2022/07/01/nonalignment-international-system-alliance-bloc/"
  },
  {
    "text": "\n        Analysis    ",
    "url": "https://foreignpolicy.com/channel/analysis/"
  },
  {
    "text": "\n    Shivshankar Menon",
    "url": "https://foreignpolicy.com/author/shivshankar-menon/"
  },
  {
    "text": "\n    The Art of the Arms Race\n",
    "url": "https://foreignpolicy.com/2022/07/01/arms-control-race-cold-war-geopolitical-rivalry/"
  },
  {
    "text": "\n        Analysis    ",
    "url": "https://foreignpolicy.com/channel/analysis/"
  },
  {
    "text": "\n    Hal Brands",
    "url": "https://foreignpolicy.com/author/hal-brands/"
  },
  {
    "text": "\n    Is Using Nuclear Weapons Still Taboo?\n",
    "url": "https://foreignpolicy.com/2022/07/01/nuclear-war-taboo-arms-control-russia-ukraine-deterrence/"
  },
  {
    "text": "\n        Analysis    ",
    "url": "https://foreignpolicy.com/channel/analysis/"
  },
  {
    "text": "\n    Nina Tannenwald",
    "url": "https://foreignpolicy.com/author/nina-tannenwald/"
  },
  {
    "text": "\n    The Indian Anti-Colonial Movement Never Ended\n",
    "url": "https://foreignpolicy.com/2022/07/01/colonization-legacy-india-independence-movement/"
  },
  {
    "text": "\n        Essay    ",
    "url": "https://foreignpolicy.com/category/essay/"
  },
  {
    "text": "\n    Priya Satia",
    "url": "https://foreignpolicy.com/author/priya-satia/"
  },
  {
    "text": "\n    The Classic Cold War Conundrum Is Back\n",
    "url": "https://foreignpolicy.com/2022/07/01/iron-curtain-russia-ukraine-cold-war/"
  },
  {
    "text": "\n        Analysis    ",
    "url": "https://foreignpolicy.com/channel/analysis/"
  },
  {
    "text": "\n    M.E. Sarotte",
    "url": "https://foreignpolicy.com/author/m-e-sarotte/"
  },
  {
    "text": "\n        \n        \n            \n        \n        ",
    "url": "https://foreignpolicy.com/2022/07/23/climate-rhine-river-transport-germany/"
  },
  {
    "text": "\n    Germany\u2019s Economy Is Carried on the Rhine\u2019s Shrinking Back\n",
    "url": "https://foreignpolicy.com/2022/07/23/climate-rhine-river-transport-germany/"
  },
  {
    "text": "\n    Elisabeth Braw",
    "url": "https://foreignpolicy.com/author/elisabeth-braw/"
  },
  {
    "text": "\n        \n        \n            \n        \n        ",
    "url": "https://foreignpolicy.com/2022/07/22/ghana-economic-development-mining-gold-cocoa-oil/"
  },
  {
    "text": "\n    Ghana\u2019s \u2018Success\u2019 Exposes the West\u2019s Toxic Development Model\n",
    "url": "https://foreignpolicy.com/2022/07/22/ghana-economic-development-mining-gold-cocoa-oil/"
  },
  {
    "text": "\n    Howard W. French",
    "url": "https://foreignpolicy.com/author/howard-w-french/"
  },
  {
    "text": "\n        \n        \n            \n        \n        ",
    "url": "https://foreignpolicy.com/2022/07/24/cuba-music-metoo-gender-violence-sexual-assault-femicide-becquer/"
  },
  {
    "text": "\n    Cuba\u2019s Music Industry Is Having a #MeToo Moment\n",
    "url": "https://foreignpolicy.com/2022/07/24/cuba-music-metoo-gender-violence-sexual-assault-femicide-becquer/"
  },
  {
    "text": "\n    Rebecca Bodenheimer",
    "url": "https://foreignpolicy.com/author/rebecca-bodenheimer/"
  },
  {
    "text": "\n        \n        \n            \n        \n        ",
    "url": "https://foreignpolicy.com/2022/07/23/nato-europe-defense-russia-ukraine-war/"
  },
  {
    "text": "\n    NATO Is a Luxury Good the United States Doesn\u2019t Need\n",
    "url": "https://foreignpolicy.com/2022/07/23/nato-europe-defense-russia-ukraine-war/"
  },
  {
    "text": "\n    Justin Logan",
    "url": "https://foreignpolicy.com/author/justin-logan/"
  },
  {
    "text": "\n        \n        \n            \n        \n        ",
    "url": "https://foreignpolicy.com/2022/07/22/russia-economy-sanctions-myths-ruble-business/"
  },
  {
    "text": "\n    Actually, the Russian Economy Is Imploding\n",
    "url": "https://foreignpolicy.com/2022/07/22/russia-economy-sanctions-myths-ruble-business/"
  },
  {
    "text": "\n        Argument    ",
    "url": "https://foreignpolicy.com/category/analysis/argument/"
  },
  {
    "text": "\n    Jeffrey Sonnenfeld",
    "url": "https://foreignpolicy.com/author/jeffrey-sonnenfeld/"
  },
  {
    "text": "\n    Steven Tian",
    "url": "https://foreignpolicy.com/author/steven-tian/"
  },
  {
    "text": "\n        \n        \n            \n        \n        ",
    "url": "https://foreignpolicy.com/2022/07/14/putin-russia-war-fiona-hill-future-west-nato/"
  },
  {
    "text": "\n    Fiona Hill: Putin\u2019s Running Out of Time\n",
    "url": "https://foreignpolicy.com/2022/07/14/putin-russia-war-fiona-hill-future-west-nato/"
  },
  {
    "text": "\n        Q&A    ",
    "url": "https://foreignpolicy.com/category/q-a/"
  },
  {
    "text": "\n    Ravi Agrawal",
    "url": "https://foreignpolicy.com/author/ravi-agrawal/"
  },
  {
    "text": "\n        \n        \n            \n        \n        ",
    "url": "https://foreignpolicy.com/2022/07/15/ukraine-war-conscription-martial-law-men-gender-human-rights/"
  },
  {
    "text": "\n    Civilian Men Are Trapped in Ukraine\n",
    "url": "https://foreignpolicy.com/2022/07/15/ukraine-war-conscription-martial-law-men-gender-human-rights/"
  },
  {
    "text": "\n        Analysis    ",
    "url": "https://foreignpolicy.com/channel/analysis/"
  },
  {
    "text": "\n    Charli Carpenter",
    "url": "https://foreignpolicy.com/author/charli-carpenter/"
  },
  {
    "text": "\n        \n        \n            \n        \n        ",
    "url": "https://foreignpolicy.com/2022/07/20/taliban-afghanistan-media-crackdown-journalism-detained/"
  },
  {
    "text": "\n    The Taliban Detained Me for Doing My Job. I Can Never Go Back.\n",
    "url": "https://foreignpolicy.com/2022/07/20/taliban-afghanistan-media-crackdown-journalism-detained/"
  },
  {
    "text": "\n        Report    ",
    "url": "https://foreignpolicy.com/category/news/report/"
  },
  {
    "text": "\n    Lynne O\u2019Donnell",
    "url": "https://foreignpolicy.com/author/lynne-odonnell/"
  },
  {
    "text": "\n        \n        \n            \n        \n        ",
    "url": "https://foreignpolicy.com/2021/10/26/nagorno-karabakh-shusha-resort-town-armenia-azerbaijan/"
  },
  {
    "text": "\n    From the Ruins of War, a Tourist Resort Emerges\n",
    "url": "https://foreignpolicy.com/2021/10/26/nagorno-karabakh-shusha-resort-town-armenia-azerbaijan/"
  },
  {
    "text": "\n        Dispatch    ",
    "url": "https://foreignpolicy.com/category/news/dispatch/"
  },
  {
    "text": "\n    Liz Cookman",
    "url": "https://foreignpolicy.com/author/liz-cookman/"
  },
  {
    "text": "\n        \n        \n            \n        \n        ",
    "url": "https://foreignpolicy.com/2021/08/22/taliban-challenge-afghanistan-archaeology-artifacts-history-museums/"
  },
  {
    "text": "\n    A Taliban Challenge: To Learn the Lessons of History\n",
    "url": "https://foreignpolicy.com/2021/08/22/taliban-challenge-afghanistan-archaeology-artifacts-history-museums/"
  },
  {
    "text": "\n        Report    ",
    "url": "https://foreignpolicy.com/category/news/report/"
  },
  {
    "text": "\n    Lynne O\u2019Donnell",
    "url": "https://foreignpolicy.com/author/lynne-odonnell/"
  },
  {
    "text": "\n        \n        \n            \n        \n        ",
    "url": "https://foreignpolicy.com/2021/07/25/laos-luang-prabang-unesco-world-heritage-site-mekong-river-dam-project-hydroelectric/"
  },
  {
    "text": "\n    In Laos, a Dubious Dam Threatens Luang Prabang\n",
    "url": "https://foreignpolicy.com/2021/07/25/laos-luang-prabang-unesco-world-heritage-site-mekong-river-dam-project-hydroelectric/"
  },
  {
    "text": "\n        Report    ",
    "url": "https://foreignpolicy.com/category/news/report/"
  },
  {
    "text": "\n    Nathan Thompson",
    "url": "https://foreignpolicy.com/author/nathan-thompson/"
  },
  {
    "text": "\n        \n        \n            \n        \n        ",
    "url": "https://foreignpolicy.com/2022/05/30/russias-imperial-arrogance-is-destroying-ukrainian-heritage/"
  },
  {
    "text": "\n    Russia\u2019s Imperial Arrogance Is Destroying Ukrainian Heritage\n",
    "url": "https://foreignpolicy.com/2022/05/30/russias-imperial-arrogance-is-destroying-ukrainian-heritage/"
  },
  {
    "text": "\n        Argument    ",
    "url": "https://foreignpolicy.com/category/analysis/argument/"
  },
  {
    "text": "\n    Jade McGlynn",
    "url": "https://foreignpolicy.com/author/jade-mcglynn/"
  },
  {
    "text": "\n    Fiona Greenland",
    "url": "https://foreignpolicy.com/author/fiona-rose-greenland/"
  },
  {
    "text": "\n    \n    Data-driven reports and power maps from FP Analytics\n  ",
    "url": "https://foreignpolicy.com/fpinsider/"
  },
  {
    "text": "\n            Semiconductors and the U.S.-China Tech Race\n            Special Report: Examines semiconductors\u2019 key role in U.S-China strategic and economic competitiveness, critical risks to global supply chains, and the central role of Taiwan in global tech competition.\n          ",
    "url": "/2021/02/16/semiconductors-us-china-taiwan-technology-innovation-competition/"
  },
  {
    "text": "\n            The Future of Money\n            Power Map: In this 3-part series, Part I assesses emerging threats to U.S. dollar supremacy, Part II examines cryptocurrencies as vehicles for financial change, and Part III addresses institutional adoption and the rapidly evolving regulatory landscape.\n          ",
    "url": "/2021/10/12/future-of-money-cbdc-digital-currency-dlt-libra-diem-tether-stablecoins-finance-regulation/"
  },
  {
    "text": "\n            Climate & Systemic Risk\n            Special Report: Explores the financial sector\u2019s role in managing climate-related risks to the global economy and accelerating the transition to net-zero.\n          ",
    "url": "/2021/11/29/global-finance-and-management-of-climate-related-risk/"
  },
  {
    "text": "podcasts",
    "url": "/podcasts"
  },
  {
    "text": "\n        \n        \n            \n        \n        ",
    "url": "https://foreignpolicy.com/podcasts/ones-and-tooze/"
  },
  {
    "text": "\n\t\t\t\t\t\t\tOnes and Tooze\n\t\t\t\t\t\t\tTwo data points that explain the world: Foreign Policy\u2019s weekly economics podcast with Adam Tooze.\n\t\t\t\t\t\t",
    "url": "https://foreignpolicy.com/podcasts/ones-and-tooze/"
  },
  {
    "text": "\n        \n        \n            \n        \n        ",
    "url": "https://foreignpolicy.com/podcasts/the-catch/"
  },
  {
    "text": "\n\t\t\t\t\t\t\tThe Catch\n\t\t\t\t\t\t\tForeign Policy\u2019s new six-part narrative series on global fishing: How squid explains the state of our oceans.\n\t\t\t\t\t\t",
    "url": "https://foreignpolicy.com/podcasts/the-catch/"
  },
  {
    "text": "\n        \n        \n            \n        \n        ",
    "url": "https://foreignpolicy.com/podcasts/ispy/"
  },
  {
    "text": "\n\t\t\t\t\t\t\tI Spy\n\t\t\t\t\t\t\tSpies don\u2019t talk\u2014it\u2019s the cardinal rule of the business. But here on I Spy, we get them to open up.\n\t\t\t\t\t\t",
    "url": "https://foreignpolicy.com/podcasts/ispy/"
  },
  {
    "text": "\n                    Actually, the Russian Economy Is Imploding\n                ",
    "url": "/2022/07/22/russia-economy-sanctions-myths-ruble-business/?tpcc=recirc_trending062921"
  },
  {
    "text": "\n        Argument    ",
    "url": "https://foreignpolicy.com/category/analysis/argument/"
  },
  {
    "text": "\n    Jeffrey Sonnenfeld",
    "url": "https://foreignpolicy.com/author/jeffrey-sonnenfeld/"
  },
  {
    "text": "\n    Steven Tian",
    "url": "https://foreignpolicy.com/author/steven-tian/"
  },
  {
    "text": "\n                    A Shrinking China Can\u2019t Overtake America\n                ",
    "url": "/2022/07/29/china-population-decline-demographics-ecomomic-growth/?tpcc=recirc_trending062921"
  },
  {
    "text": "\n        Argument    ",
    "url": "https://foreignpolicy.com/category/analysis/argument/"
  },
  {
    "text": "\n    Howard W. French",
    "url": "https://foreignpolicy.com/author/howard-w-french/"
  },
  {
    "text": "\n                    Fiona Hill: Putin\u2019s Running Out of Time\n                ",
    "url": "/2022/07/14/putin-russia-war-fiona-hill-future-west-nato/?tpcc=recirc_trending062921"
  },
  {
    "text": "\n        Q&A    ",
    "url": "https://foreignpolicy.com/category/q-a/"
  },
  {
    "text": "\n    Ravi Agrawal",
    "url": "https://foreignpolicy.com/author/ravi-agrawal/"
  },
  {
    "text": "\n                    China\u2019s Village Bank Collapses Could Cause Dangerous Contagion\n                ",
    "url": "/2022/07/27/china-village-banks-economic-growth-dangerous-contagion/?tpcc=recirc_trending062921"
  },
  {
    "text": "\n        Analysis    ",
    "url": "https://foreignpolicy.com/channel/analysis/"
  },
  {
    "text": "\n    Zongyuan Zoe Liu",
    "url": "https://foreignpolicy.com/author/zongyuan-zoe-liu/"
  },
  {
    "text": "\n                    Pelosi Visit Sets Up No-Win Situation on Taiwan\n                ",
    "url": "/2022/07/29/pelosi-visit-taiwan-no-win-pentagon/?tpcc=recirc_trending062921"
  },
  {
    "text": "\n        Report    ",
    "url": "https://foreignpolicy.com/category/news/report/"
  },
  {
    "text": "\n    Jack Detsch",
    "url": "https://foreignpolicy.com/author/jack-detsch/"
  },
  {
    "text": "\n                    Does Anyone Still Understand the \u2018Security Dilemma\u2019?\n                ",
    "url": "/2022/07/26/misperception-security-dilemma-ir-theory-russia-ukraine/?tpcc=recirc_trending062921"
  },
  {
    "text": "\n        Argument    ",
    "url": "https://foreignpolicy.com/category/analysis/argument/"
  },
  {
    "text": "\n    Stephen M. Walt",
    "url": "https://foreignpolicy.com/author/stephen-m-walt/"
  },
  {
    "text": "\n                    Central Asia Steps Up Its Regional Diplomacy\n                ",
    "url": "/2022/07/28/central-south-asia-regional-diplomacy-afghanistan-sco/?tpcc=recirc_trending062921"
  },
  {
    "text": "\n        South Asia Brief    ",
    "url": "https://foreignpolicy.com/category/south-asia-brief/"
  },
  {
    "text": "\n    Michael Kugelman",
    "url": "https://foreignpolicy.com/author/michael-kugelman/"
  },
  {
    "text": "\n                    What Does the Pelosi Taiwan Uproar Mean for U.S. China Policy?\n                ",
    "url": "/2022/07/29/taiwan-pelosi-biden-one-china-policy-strategic-ambiguity/?tpcc=recirc_trending062921"
  },
  {
    "text": "\n        It's Debatable    ",
    "url": "https://foreignpolicy.com/category/its-debatable/"
  },
  {
    "text": "\n    Emma Ashford",
    "url": "https://foreignpolicy.com/author/emma-ashford/"
  },
  {
    "text": "\n    Matthew Kroenig",
    "url": "https://foreignpolicy.com/author/matthew-kroenig/"
  },
  {
    "text": "\n                    What Does Nancy Pelosi Think She\u2019s Doing in Taiwan?\n                ",
    "url": "/2022/07/26/nancy-pelosi-taiwan-china-relations/?tpcc=recirc_trending062921"
  },
  {
    "text": "\n        Argument    ",
    "url": "https://foreignpolicy.com/category/analysis/argument/"
  },
  {
    "text": "\n    Mike Chinoy",
    "url": "https://foreignpolicy.com/author/mike-chinoy/"
  },
  {
    "text": "visual stories",
    "url": "/category/photo-essay/"
  },
  {
    "text": "\n        \n        \n            \n        \n        ",
    "url": "https://foreignpolicy.com/slideshow/july-2022-best-world-photos/"
  },
  {
    "text": "\n    The Month in World Photos\n",
    "url": "https://foreignpolicy.com/slideshow/july-2022-best-world-photos/"
  },
  {
    "text": "\n    Diana D'Abruzzo",
    "url": "https://foreignpolicy.com/author/diana-dabruzzo/"
  },
  {
    "text": "\n        \n        \n            \n        \n        ",
    "url": "https://foreignpolicy.com/2022/06/24/roe-v-wade-overturned-global-abortion-laws/"
  },
  {
    "text": "\n    Roe Abolition Makes U.S. a Global Outlier\n",
    "url": "https://foreignpolicy.com/2022/06/24/roe-v-wade-overturned-global-abortion-laws/"
  },
  {
    "text": "\n    FP Staff",
    "url": "https://foreignpolicy.com/author/fp-staff/"
  },
  {
    "text": "",
    "url": "https://www.facebook.com/foreign.policy.magazine"
  },
  {
    "text": "",
    "url": "https://twitter.com/foreignpolicy"
  },
  {
    "text": "",
    "url": "https://www.instagram.com/foreignpolicymag/"
  },
  {
    "text": "",
    "url": "https://www.linkedin.com/company/256075/"
  },
  {
    "text": "\n    How \u2018Bakla\u2019 Explains the Struggle for Queer Identity in the Philippines\n",
    "url": "https://foreignpolicy.com/2022/07/30/bakla-queer-identity-philippines/?tpcc=recirc_latest062921"
  },
  {
    "text": "\n    What in the World?\n",
    "url": "https://foreignpolicy.com/2022/07/29/foreign-policy-news-quiz-tunisia-referendum-taiwan-trip-controversy/?tpcc=recirc_latest062921"
  },
  {
    "text": "\n    Ukraine\u2019s Breadbasket Is (Almost) Open for Business Again\n",
    "url": "https://foreignpolicy.com/2022/07/29/ukraine-russia-grain-deal-global-food-crisis-black-sea/?tpcc=recirc_latest062921"
  },
  {
    "text": "\n    FP Live: How Will the Russia-Ukraine Conflict Change Europe?\n",
    "url": "https://foreignpolicy.com/podcasts/foreign-policy-playlist/fp-russia-ukraine-conflict-change-europe/?tpcc=recirc_latest062921"
  },
  {
    "text": "\n    Senegal\u2019s Democratic Backsliding Is a Threat to African Democracy\n",
    "url": "https://foreignpolicy.com/2022/07/29/senegal-sall-democratic-backsliding-african-democracy/?tpcc=recirc_latest062921"
  },
  {
    "text": "See All Stories",
    "url": "/category/latest/"
  },
  {
    "text": "Privacy Policy",
    "url": "/privacy/"
  },
  {
    "text": "\n        \n        \n            \n        \n        ",
    "url": "https://foreignpolicy.com/"
  },
  {
    "text": "FP Events",
    "url": "https://foreignpolicy.com/events"
  },
  {
    "text": "FP Studios",
    "url": "https://foreignpolicy.com/fp-studios/"
  },
  {
    "text": "FP Analytics",
    "url": "https://foreignpolicy.com/fp-analytics/"
  },
  {
    "text": "FP PeaceGames",
    "url": "https://foreignpolicy.com/fp-peacegames/"
  },
  {
    "text": "Subscription Services",
    "url": "https://foreignpolicy.com/subscription-services/"
  },
  {
    "text": "Group Subscriptions",
    "url": "https://foreignpolicy.com/group-subscriptions/"
  },
  {
    "text": "Reprint Permissions",
    "url": "https://foreignpolicy.com/reprint-permissions/"
  },
  {
    "text": "Writer\u2019s Guidelines",
    "url": "https://foreignpolicy.submittable.com/submit"
  },
  {
    "text": "FP Guides \u2013 Graduate Education",
    "url": "https://fpguide.foreignpolicy.com/2022-career-path/"
  },
  {
    "text": "FP For Education",
    "url": "https://foreignpolicy.com/fp-for-education/"
  },
  {
    "text": "FP Archive",
    "url": "/magazine"
  },
  {
    "text": "Buy Back Issues",
    "url": "https://foreignpolicy.com/buy-back-issues/"
  },
  {
    "text": "Work At FP",
    "url": "https://foreignpolicy.com/employment-opportunities/"
  },
  {
    "text": "Meet the Staff",
    "url": "https://foreignpolicy.com/staff/"
  },
  {
    "text": "Advertising/Partnerships",
    "url": "https://solutions.foreignpolicy.com/"
  },
  {
    "text": "Contact Us",
    "url": "https://foreignpolicy.com/contact-us/"
  },
  {
    "text": "Privacy Policy",
    "url": "https://foreignpolicy.com/privacy/"
  },
  {
    "text": "WordPress VIP",
    "url": "https://wpvip.com/?utm_source=vip_powered_wpcom&utm_medium=web&utm_campaign=VIP%20Footer%20Credit&utm_term=foreignpolicy.com"
  },
  {
    "text": "FP Live: Nobel Laureate Maria Ressa on the Future of Press Freedom",
    "url": "https://foreignpolicy.com/live?tpcc=onboarding_fp_live#fp-live-nobel-laureate-maria-ressa-on-the-future-of-press-freedom"
  },
  {
    "text": "View now",
    "url": "https://foreignpolicy.com/live?tpcc=onboarding_fp_live#fp-live-nobel-laureate-maria-ressa-on-the-future-of-press-freedom"
  },
  {
    "text": "FP Live: A Conversation With Fiona Hill",
    "url": "https://foreignpolicy.com/live?tpcc=onboarding_fp_live#fp-live-a-conversation-with-fiona-hill"
  },
  {
    "text": "View now",
    "url": "https://foreignpolicy.com/live?tpcc=onboarding_fp_live#fp-live-a-conversation-with-fiona-hill"
  },
  {
    "text": "FP Live: Adam Tooze on How to Manage Record Inflation",
    "url": "https://foreignpolicy.com/live?tpcc=onboarding_fp_live#fp-live-adam-tooze-on-how-to-manage-record-inflation"
  },
  {
    "text": "View now",
    "url": "https://foreignpolicy.com/live?tpcc=onboarding_fp_live#fp-live-adam-tooze-on-how-to-manage-record-inflation"
  },
  {
    "text": "\n        \n                \n        \n        \n            \n        \n        \n        A view of the Russian Central Bank headquarters in downtown Moscow on May 26.\n    \n        ",
    "url": "/2022/07/22/russia-economy-sanctions-myths-ruble-business/?tpcc=onboarding_trending"
  },
  {
    "text": "\n                Actually, the Russian Economy Is Imploding\n            ",
    "url": "/2022/07/22/russia-economy-sanctions-myths-ruble-business/?tpcc=onboarding_trending"
  },
  {
    "text": "\n        \n                \n        \n        \n            \n        \n        \n        A group of older Chinese adults sits on a bench outside chatting.\n    \n        ",
    "url": "/2022/07/29/china-population-decline-demographics-ecomomic-growth/?tpcc=onboarding_trending"
  },
  {
    "text": "\n                A Shrinking China Can\u2019t Overtake America\n            ",
    "url": "/2022/07/29/china-population-decline-demographics-ecomomic-growth/?tpcc=onboarding_trending"
  },
  {
    "text": "\n        \n                \n        \n        \n            \n        \n        \n        bakla-philippines-tagalog-decoder-queer-ari liloan-illustration\n    \n        ",
    "url": "https://foreignpolicy.com/2022/07/30/bakla-queer-identity-philippines/?tpcc=onboarding_trending"
  },
  {
    "text": "\n                How \u2018Bakla\u2019 Explains the Struggle for Queer Identity in the Philippines\n            ",
    "url": "https://foreignpolicy.com/2022/07/30/bakla-queer-identity-philippines/?tpcc=onboarding_trending"
  },
  {
    "text": "\n        \n                \n        \n        \n            \n        \n        \n        Supporters of a new Tunisian Constitution\n    \n        ",
    "url": "https://foreignpolicy.com/2022/07/29/foreign-policy-news-quiz-tunisia-referendum-taiwan-trip-controversy/?tpcc=onboarding_trending"
  },
  {
    "text": "\n                What in the World?\n            ",
    "url": "https://foreignpolicy.com/2022/07/29/foreign-policy-news-quiz-tunisia-referendum-taiwan-trip-controversy/?tpcc=onboarding_trending"
  },
  {
    "text": "My Account",
    "url": "/manage"
  }
]