[
  {
    "text": " ",
    "url": "/"
  },
  {
    "text": "Live",
    "url": "/live"
  },
  {
    "text": "News",
    "url": "/news"
  },
  {
    "text": "Weather",
    "url": "/weather"
  },
  {
    "text": "Good Day",
    "url": "/shows/good-day-atlanta"
  },
  {
    "text": "Sports",
    "url": "/sports"
  },
  {
    "text": "Contests",
    "url": "https://www.fox5atlanta.com/contest"
  },
  {
    "text": "Email",
    "url": "https://www.fox5atlanta.com/email"
  },
  {
    "text": "More",
    "url": "#"
  },
  {
    "text": "Watch Live",
    "url": "/live"
  },
  {
    "text": "Expand / Collapse search",
    "url": "#"
  },
  {
    "text": "\u2630",
    "url": "#"
  },
  {
    "text": "News",
    "url": "/news"
  },
  {
    "text": "Local",
    "url": "/local-news"
  },
  {
    "text": "I-Team",
    "url": "/tag/series/i-team"
  },
  {
    "text": "Call for Action",
    "url": "/call-for-action"
  },
  {
    "text": "National",
    "url": "/national-news"
  },
  {
    "text": "Coronavirus",
    "url": "/tag/health/coronavirus"
  },
  {
    "text": "Health",
    "url": "/tag/health"
  },
  {
    "text": "Politics",
    "url": "/tag/politics"
  },
  {
    "text": "Entertainment",
    "url": "/tag/entertainment"
  },
  {
    "text": "FOX 5 Atlanta App",
    "url": "/app"
  },
  {
    "text": "Weather",
    "url": "/weather"
  },
  {
    "text": "Closings",
    "url": "/closings"
  },
  {
    "text": "Netcams",
    "url": "/netcams"
  },
  {
    "text": "Savannah Cams",
    "url": "/savannahcams"
  },
  {
    "text": "FOX 5 Storm Team App",
    "url": "/storm"
  },
  {
    "text": "Traffic",
    "url": "/traffic"
  },
  {
    "text": "Good Day Atlanta",
    "url": "/shows/good-day-atlanta"
  },
  {
    "text": "Burgers with Buck",
    "url": "/tag/series/burgers-with-buck"
  },
  {
    "text": "Casting Call",
    "url": "/tag/series/casting-call"
  },
  {
    "text": "Pet of the Day",
    "url": "/tag/series/pet-of-the-day"
  },
  {
    "text": "Trending Live",
    "url": "/tag/series/trending-live"
  },
  {
    "text": "FOX Medical Team",
    "url": "/tag/series/fox-medical-team"
  },
  {
    "text": "Sports",
    "url": "/sports"
  },
  {
    "text": "Atlanta Braves",
    "url": "/tag/mlb/braves"
  },
  {
    "text": "Atlanta Falcons",
    "url": "/tag/nfl/falcons"
  },
  {
    "text": "Atlanta Hawks",
    "url": "/tag/nba/hawks"
  },
  {
    "text": "Atlanta United",
    "url": "/tag/mls/united"
  },
  {
    "text": "High 5 Sports",
    "url": "/shows/high-5-sports"
  },
  {
    "text": "Shows",
    "url": "https://www.fox5atlanta.com"
  },
  {
    "text": "Good Day Atlanta",
    "url": "/shows/good-day-atlanta"
  },
  {
    "text": "The Georgia Gang",
    "url": "/shows/georgia-gang"
  },
  {
    "text": "The Road to November",
    "url": "/shows/the-road-to-november"
  },
  {
    "text": "The_Next_Atlanta",
    "url": "https://www.fox5atlanta.com/shows/thenextatlanta"
  },
  {
    "text": "Like It or Not",
    "url": "https://www.fox5atlanta.com/shows/lion"
  },
  {
    "text": "Watch Live",
    "url": "/live"
  },
  {
    "text": "What's On FOX",
    "url": "/shows/fox-content"
  },
  {
    "text": "TV Schedule",
    "url": "/whats-on-fox"
  },
  {
    "text": "About Us",
    "url": "/about-us"
  },
  {
    "text": "Seen on TV",
    "url": "/tag/seen-on-tv"
  },
  {
    "text": "Contests",
    "url": "/contests"
  },
  {
    "text": "FOX 5 News Team",
    "url": "/person/all"
  },
  {
    "text": "Contact Us",
    "url": "/contact-us"
  },
  {
    "text": "Sign up for Email Alerts",
    "url": "/email"
  },
  {
    "text": "Jobs",
    "url": "/jobs"
  },
  {
    "text": "Internships",
    "url": "/internships"
  },
  {
    "text": "FCC Public File",
    "url": "/public-file"
  },
  {
    "text": "FCC Applications",
    "url": "https://www.fox5atlanta.com/fcc-applications"
  },
  {
    "text": "Captioning",
    "url": "/captioning"
  },
  {
    "text": "Election",
    "url": "/election"
  },
  {
    "text": "2022 Midterm Election",
    "url": "/tag/2022-midterm-elections"
  },
  {
    "text": "The Road to November",
    "url": "/shows/the-road-to-november"
  },
  {
    "text": "Georgia Politics",
    "url": "/tag/politics/ga-politics"
  },
  {
    "text": "Coronavirus",
    "url": "/tag/health/coronavirus"
  },
  {
    "text": "Coronavirus in Georgia",
    "url": "/shows/coronavirus-in-georgia"
  },
  {
    "text": "Signs & symptoms",
    "url": "https://www.fox5atlanta.com/news/coronavirus-symptoms-testing-and-how-to-prepare-amid-growing-covid-19-outbreak"
  },
  {
    "text": "Watch CoronavirusNow",
    "url": "https://www.coronavirusnow.com"
  },
  {
    "text": "Closings & cancellations",
    "url": "/closings"
  },
  {
    "text": "Money",
    "url": "https://www.fox5atlanta.com/money"
  },
  {
    "text": "Personal Finance",
    "url": "https://www.fox5atlanta.com/tag/business/personal-finance"
  },
  {
    "text": "Economy",
    "url": "https://www.fox5atlanta.com/tag/money/us-economy"
  },
  {
    "text": "Business",
    "url": "https://www.fox5atlanta.com/tag/business"
  },
  {
    "text": "Stock Market",
    "url": "https://www.fox5atlanta.com/tag/business/stock-market"
  },
  {
    "text": "Small Business",
    "url": "https://www.fox5atlanta.com/tag/business/small-business"
  },
  {
    "text": "Regional News",
    "url": "/tag/us/ga"
  },
  {
    "text": "Tampa News - FOX 13 News",
    "url": "https://www.fox13news.com/"
  },
  {
    "text": "Orlando News - FOX 35 Orlando",
    "url": "https://www.fox35orlando.com/"
  },
  {
    "text": "Gainesville News - FOX 51 Gainesville",
    "url": "https://www.wogx.com/"
  },
  {
    "text": "  ",
    "url": "/news/gbi-releases-bodycam-video-of-brianna-grier-arrest"
  },
  {
    "text": "GBI releases bodycam video of arrest of woman who fell from moving patrol car and later died",
    "url": "/news/gbi-releases-bodycam-video-of-brianna-grier-arrest"
  },
  {
    "text": "  ",
    "url": "/news/mega-millions-winning-numbers-friday-1-billion-drawing"
  },
  {
    "text": "Mega Millions winning numbers: $1.28B Friday drawing",
    "url": "/news/mega-millions-winning-numbers-friday-1-billion-drawing"
  },
  {
    "text": "  ",
    "url": "/news/mother-of-slain-15-year-old-he-will-live-on-in-my-heart"
  },
  {
    "text": "Mother of slain 15-year-old: 'He will live on in my heart'",
    "url": "/news/mother-of-slain-15-year-old-he-will-live-on-in-my-heart"
  },
  {
    "text": "  ",
    "url": "/news/fulton-county-schools-bus-driver-shortage"
  },
  {
    "text": "Bus driver shortage impacts Fulton County Schools, in need of 200 drivers",
    "url": "/news/fulton-county-schools-bus-driver-shortage"
  },
  {
    "text": "  ",
    "url": "/news/video-shows-dangerous-drug-raid-at-atlanta-apartment-complex"
  },
  {
    "text": "Video shows 'dangerous' drug raid at Atlanta apartment complex",
    "url": "/news/video-shows-dangerous-drug-raid-at-atlanta-apartment-complex"
  },
  {
    "text": "  ",
    "url": "/news/here-are-fridays-numbers-for-the-1-28-billion-mega-millions-lottery-jackpot"
  },
  {
    "text": "$1.28 billion Mega Millions jackpot: Here are the winning numbers for Friday\u2019s drawing",
    "url": "/news/here-are-fridays-numbers-for-the-1-28-billion-mega-millions-lottery-jackpot"
  },
  {
    "text": "  ",
    "url": "/news/georgia-public-schools-ranking-2022-new-study"
  },
  {
    "text": "Georgia public schools don't make the grade when it comes to overall quality, new study finds",
    "url": "/news/georgia-public-schools-ranking-2022-new-study"
  },
  {
    "text": "  ",
    "url": "/news/family-georgia-woman-fell-from-patrol-car-died-demands-answers"
  },
  {
    "text": "Family of Georgia woman who fell from patrol car and died demands answers",
    "url": "/news/family-georgia-woman-fell-from-patrol-car-died-demands-answers"
  },
  {
    "text": "  ",
    "url": "/news/north-carolina-chick-fil-a-faces-backlash-for-offering-to-pay-volunteer-workers-in-chicken-sandwiches"
  },
  {
    "text": "North Carolina Chick-fil-A faces backlash for offering to pay \u2018volunteer\u2019 workers in chicken sandwiches",
    "url": "/news/north-carolina-chick-fil-a-faces-backlash-for-offering-to-pay-volunteer-workers-in-chicken-sandwiches"
  },
  {
    "text": "  ",
    "url": "/news/elder-index-shows-millions-of-american-seniors-cant-afford-basic-living-costs"
  },
  {
    "text": "Elder Index shows millions of American seniors can\u2019t afford basic living costs",
    "url": "/news/elder-index-shows-millions-of-american-seniors-cant-afford-basic-living-costs"
  },
  {
    "text": "  ",
    "url": "/news/roswell-firefighter-who-struck-and-killed-woman-crossing-street-facing-charges-police-say"
  },
  {
    "text": "Roswell firefighter who struck and killed woman crossing street facing charges, police say",
    "url": "/news/roswell-firefighter-who-struck-and-killed-woman-crossing-street-facing-charges-police-say"
  },
  {
    "text": "  ",
    "url": "/news/supply-chain-issue-delays-clayton-county-schools-clear-backpack-requirement"
  },
  {
    "text": "Supply chain issue delays Clayton County Schools clear backpack requirement",
    "url": "/news/supply-chain-issue-delays-clayton-county-schools-clear-backpack-requirement"
  },
  {
    "text": "  ",
    "url": "/news/demand-for-monkeypox-vaccine-outpaces-supply-in-atlanta-metro-area"
  },
  {
    "text": "Demand for monkeypox vaccine outpaces supply in Atlanta metro area",
    "url": "/news/demand-for-monkeypox-vaccine-outpaces-supply-in-atlanta-metro-area"
  },
  {
    "text": "  ",
    "url": "/news/gwinnett-county-police-expanding-unit-that-responds-to-mental-health-crisis-calls"
  },
  {
    "text": "Gwinnett County police expanding unit that responds to mental health crisis calls",
    "url": "/news/gwinnett-county-police-expanding-unit-that-responds-to-mental-health-crisis-calls"
  },
  {
    "text": "  ",
    "url": "/news/new-insideradvantage-fox-5-poll-shows-statewide-races-could-head-to-runoffs"
  },
  {
    "text": "New InsiderAdvantage/FOX 5 poll shows statewide races could head to runoffs",
    "url": "/news/new-insideradvantage-fox-5-poll-shows-statewide-races-could-head-to-runoffs"
  },
  {
    "text": "Atlanta",
    "url": "https://www.fox5atlanta.com/weather"
  },
  {
    "text": " ",
    "url": "https://www.fox5atlanta.com/call-for-action"
  },
  {
    "text": "  video",
    "url": "/video/1099188"
  },
  {
    "text": "Georgia schools rank 36th in nation, according to report",
    "url": "/video/1099188"
  },
  {
    "text": "  video",
    "url": "/video/1099182"
  },
  {
    "text": "Bodycam video shows before and after woman fell out of patrol car during arrest",
    "url": "/video/1099182"
  },
  {
    "text": "  video",
    "url": "/video/1099181"
  },
  {
    "text": "Vigil held for teen gunned down at apartment complex",
    "url": "/video/1099181"
  },
  {
    "text": "  video",
    "url": "/video/1099172"
  },
  {
    "text": "Friday night forecast update",
    "url": "/video/1099172"
  },
  {
    "text": "  video",
    "url": "/video/1099171"
  },
  {
    "text": "Lottery ticket purchases help educational programs",
    "url": "/video/1099171"
  },
  {
    "text": "Privacy Policy",
    "url": "/privacy-policy"
  },
  {
    "text": "Terms of Service",
    "url": "/terms-of-service"
  },
  {
    "text": "\n        Seen on TV\n      ",
    "url": "/tag/seen-on-tv"
  },
  {
    "text": "View More",
    "url": "/tag/seen-on-tv"
  },
  {
    "text": "  ",
    "url": "/news/good-day-atlanta-viewer-information-july-29-2022"
  },
  {
    "text": "Good Day Atlanta viewer information: July 29, 2022",
    "url": "/news/good-day-atlanta-viewer-information-july-29-2022"
  },
  {
    "text": "  ",
    "url": "/news/good-day-atlanta-viewer-information-july-26-2022"
  },
  {
    "text": "Good Day Atlanta viewer information: July 26, 2022",
    "url": "/news/good-day-atlanta-viewer-information-july-26-2022"
  },
  {
    "text": "  ",
    "url": "/news/good-day-atlanta-viewer-information-july-25-2022"
  },
  {
    "text": "Good Day Atlanta viewer information: July 25, 2022",
    "url": "/news/good-day-atlanta-viewer-information-july-25-2022"
  },
  {
    "text": "  ",
    "url": "/news/good-day-atlanta-viewer-information-july-21-2022"
  },
  {
    "text": "Good Day Atlanta viewer information: July 21, 2022",
    "url": "/news/good-day-atlanta-viewer-information-july-21-2022"
  },
  {
    "text": "  ",
    "url": "/news/good-day-atlanta-viewer-information-july-20-2022"
  },
  {
    "text": "Good Day Atlanta viewer information: July 20, 2022",
    "url": "/news/good-day-atlanta-viewer-information-july-20-2022"
  },
  {
    "text": "Local News",
    "url": "/local-news"
  },
  {
    "text": "View More",
    "url": "/local-news"
  },
  {
    "text": "  ",
    "url": "/news/mother-of-slain-15-year-old-he-will-live-on-in-my-heart"
  },
  {
    "text": "Mother of slain 15-year-old: 'He will live on in my heart'",
    "url": "/news/mother-of-slain-15-year-old-he-will-live-on-in-my-heart"
  },
  {
    "text": "  ",
    "url": "/news/fulton-county-schools-bus-driver-shortage"
  },
  {
    "text": "Bus driver shortage impacts Fulton County Schools, in need of 200 drivers",
    "url": "/news/fulton-county-schools-bus-driver-shortage"
  },
  {
    "text": "  ",
    "url": "/news/family-georgia-woman-fell-from-patrol-car-died-demands-answers"
  },
  {
    "text": "Family of Georgia woman who fell from patrol car and died demands answers",
    "url": "/news/family-georgia-woman-fell-from-patrol-car-died-demands-answers"
  },
  {
    "text": "  ",
    "url": "/news/video-shows-dangerous-drug-raid-at-atlanta-apartment-complex"
  },
  {
    "text": "Video shows 'dangerous' drug raid at Atlanta apartment complex",
    "url": "/news/video-shows-dangerous-drug-raid-at-atlanta-apartment-complex"
  },
  {
    "text": "  ",
    "url": "/news/roswell-firefighter-who-struck-and-killed-woman-crossing-street-facing-charges-police-say"
  },
  {
    "text": "Roswell firefighter who struck and killed woman crossing street facing charges, police say",
    "url": "/news/roswell-firefighter-who-struck-and-killed-woman-crossing-street-facing-charges-police-say"
  },
  {
    "text": "  ",
    "url": "/news/supply-chain-issue-delays-clayton-county-schools-clear-backpack-requirement"
  },
  {
    "text": "Supply chain issue delays Clayton County Schools clear backpack requirement",
    "url": "/news/supply-chain-issue-delays-clayton-county-schools-clear-backpack-requirement"
  },
  {
    "text": "U.S. & World",
    "url": "/national-news"
  },
  {
    "text": "View More",
    "url": "/national-news"
  },
  {
    "text": "  ",
    "url": "/news/here-are-fridays-numbers-for-the-1-28-billion-mega-millions-lottery-jackpot"
  },
  {
    "text": "$1.28 billion Mega Millions jackpot: Here are the winning numbers for Friday\u2019s drawing",
    "url": "/news/here-are-fridays-numbers-for-the-1-28-billion-mega-millions-lottery-jackpot"
  },
  {
    "text": "  ",
    "url": "/news/north-carolina-chick-fil-a-faces-backlash-for-offering-to-pay-volunteer-workers-in-chicken-sandwiches"
  },
  {
    "text": "North Carolina Chick-fil-A faces backlash for offering to pay \u2018volunteer\u2019 workers in chicken sandwiches",
    "url": "/news/north-carolina-chick-fil-a-faces-backlash-for-offering-to-pay-volunteer-workers-in-chicken-sandwiches"
  },
  {
    "text": "  ",
    "url": "/news/hyundai-subsidiary-allegedly-uses-child-labor-report"
  },
  {
    "text": "Hyundai subsidiary accused of using child labor at Alabama factory: report",
    "url": "/news/hyundai-subsidiary-allegedly-uses-child-labor-report"
  },
  {
    "text": "  ",
    "url": "/news/biden-xi-hold-fifth-talk"
  },
  {
    "text": "Biden, Xi make plans to meet, official says; China's leader has strong words on Taiwan",
    "url": "/news/biden-xi-hold-fifth-talk"
  },
  {
    "text": "  ",
    "url": "/news/man-who-exploited-more-than-100-young-girls-online-sentenced-to-34-years-in-prison"
  },
  {
    "text": "Man who exploited more than 100 young girls online sentenced to 34 years in prison",
    "url": "/news/man-who-exploited-more-than-100-young-girls-online-sentenced-to-34-years-in-prison"
  },
  {
    "text": "  ",
    "url": "/news/pop-star-shakira-could-face-more-than-8-years-in-prison-for-alleged-tax-fraud"
  },
  {
    "text": "Pop star Shakira could face more than 8 years in prison for alleged tax fraud",
    "url": "/news/pop-star-shakira-could-face-more-than-8-years-in-prison-for-alleged-tax-fraud"
  },
  {
    "text": "Coronavirus in Georgia",
    "url": "/shows/coronavirus-in-georgia"
  },
  {
    "text": "View More",
    "url": "/shows/coronavirus-in-georgia"
  },
  {
    "text": "  ",
    "url": "/news/atlanta-woman-who-helped-test-novavax-covid-19-vaccine-hopes-it-will-draw-vaccine-hesitant"
  },
  {
    "text": "Atlanta woman who helped test Novavax COVID-19 vaccine hopes it will draw vaccine-hesitant",
    "url": "/news/atlanta-woman-who-helped-test-novavax-covid-19-vaccine-hopes-it-will-draw-vaccine-hesitant"
  },
  {
    "text": "  ",
    "url": "/news/clayton-county-schools-mask-policy-covid"
  },
  {
    "text": "Teachers, staff, and visitors required to wear masks in Clayton County schools again",
    "url": "/news/clayton-county-schools-mask-policy-covid"
  },
  {
    "text": "  ",
    "url": "/news/gwinnett-county-requiring-employees-wear-masks-again"
  },
  {
    "text": "Gwinnett County requiring employees to wear masks again",
    "url": "/news/gwinnett-county-requiring-employees-wear-masks-again"
  },
  {
    "text": "  ",
    "url": "/news/white-house-doctor-shares-ways-to-protect-yourself-from-new-covid-19-variant"
  },
  {
    "text": "White House doctor shares ways to protect yourself from new COVID-19 variant",
    "url": "/news/white-house-doctor-shares-ways-to-protect-yourself-from-new-covid-19-variant"
  },
  {
    "text": "  ",
    "url": "/news/cherokee-county-senior-center-covid-outbreak-shutdown"
  },
  {
    "text": "Cherokee County senior center shuts down over COVID outbreak",
    "url": "/news/cherokee-county-senior-center-covid-outbreak-shutdown"
  },
  {
    "text": "  ",
    "url": "/news/georgia-covid-ba5-variant-symptoms-spike"
  },
  {
    "text": "Georgia seeing spike in new COVID BA.5 variant cases across state",
    "url": "/news/georgia-covid-ba5-variant-symptoms-spike"
  },
  {
    "text": "Good Day Atlanta",
    "url": "/shows/good-day-atlanta"
  },
  {
    "text": "View More",
    "url": "/shows/good-day-atlanta"
  },
  {
    "text": "  ",
    "url": "/news/loaded-burger-food-truck-havarti-contest"
  },
  {
    "text": "Metro Atlanta food truck looking for community's help to win $20,000",
    "url": "/news/loaded-burger-food-truck-havarti-contest"
  },
  {
    "text": "  ",
    "url": "/news/music-legend-chaka-khan-gets-hardcore-real-on-new-single"
  },
  {
    "text": "Music legend Chaka Khan gets 'hardcore real' on new single",
    "url": "/news/music-legend-chaka-khan-gets-hardcore-real-on-new-single"
  },
  {
    "text": "  video",
    "url": "/video/1098858"
  },
  {
    "text": "Pet of the Day from Operation Second Chance Jail Dogs",
    "url": "/video/1098858"
  },
  {
    "text": "  video",
    "url": "/video/1098850"
  },
  {
    "text": "Metro Atlanta burger food truck vying to win cheese contest",
    "url": "/video/1098850"
  },
  {
    "text": "  video",
    "url": "/video/1098847"
  },
  {
    "text": "Food Truck Friday with Low-Comotion Food Truck",
    "url": "/video/1098847"
  },
  {
    "text": "  video",
    "url": "/video/1098833"
  },
  {
    "text": "Music legend Chaka Khan on her new single 'Woman Like Me'",
    "url": "/video/1098833"
  },
  {
    "text": "FOX 5 I-Team",
    "url": "/tag/series/i-team"
  },
  {
    "text": "View More",
    "url": "/tag/series/i-team"
  },
  {
    "text": "  ",
    "url": "/news/gwinnett-school-board-vice-chair-sons-voted-despite-living-other-states"
  },
  {
    "text": "Sons of Gwinnett school board vice chair voted in Georgia despite living in other states for years",
    "url": "/news/gwinnett-school-board-vice-chair-sons-voted-despite-living-other-states"
  },
  {
    "text": "  ",
    "url": "/news/a-new-tool-to-help-take-a-tech-break"
  },
  {
    "text": "New tool rewards user for less screen time",
    "url": "/news/a-new-tool-to-help-take-a-tech-break"
  },
  {
    "text": "  ",
    "url": "/news/douglas-county-judge-now-faces-record-setting-50-counts-of-alleged-judicial-misconduct"
  },
  {
    "text": "Douglas County judge now facing record-setting 50 counts of alleged judicial misconduct",
    "url": "/news/douglas-county-judge-now-faces-record-setting-50-counts-of-alleged-judicial-misconduct"
  },
  {
    "text": "  ",
    "url": "/news/da-considers-calling-former-president-trump-in-front-of-grand-jury-in-election-probe"
  },
  {
    "text": "DA considers calling former President Trump in front of grand jury in election probe",
    "url": "/news/da-considers-calling-former-president-trump-in-front-of-grand-jury-in-election-probe"
  },
  {
    "text": "  ",
    "url": "/news/inmate-body-ware-county-understaffing-georgia-prison-system"
  },
  {
    "text": "'This is crazy. Somebody dead.' Inmate body underscores staffing woes in Georgia prison system",
    "url": "/news/inmate-body-ware-county-understaffing-georgia-prison-system"
  },
  {
    "text": "  ",
    "url": "/news/5-ways-to-use-that-pandemic-supply-of-hand-sanitizer"
  },
  {
    "text": "5 ways to use that pandemic supply of hand sanitizer",
    "url": "/news/5-ways-to-use-that-pandemic-supply-of-hand-sanitizer"
  },
  {
    "text": "Sports",
    "url": "/sports"
  },
  {
    "text": "View More",
    "url": "/sports"
  },
  {
    "text": "  ",
    "url": "/news/bucs-center-ryan-jensen-suffers-knee-injury-during-training-camp"
  },
  {
    "text": "Bucs center Ryan Jensen suffers knee injury during training camp",
    "url": "/news/bucs-center-ryan-jensen-suffers-knee-injury-during-training-camp"
  },
  {
    "text": "  ",
    "url": "/news/preparations-underway-for-next-months-tour-championship"
  },
  {
    "text": "Preparations underway for next month\u2019s TOUR Championship",
    "url": "/news/preparations-underway-for-next-months-tour-championship"
  },
  {
    "text": "  ",
    "url": "/news/kremlin-poker-faced-us-swap-offer-free-griner-whelan"
  },
  {
    "text": "Kremlin poker-faced on US swap offer to free Griner, Whelan",
    "url": "/news/kremlin-poker-faced-us-swap-offer-free-griner-whelan"
  },
  {
    "text": "  video",
    "url": "/video/1098045"
  },
  {
    "text": "Ridder preparing for QB battle as camp begins",
    "url": "/video/1098045"
  },
  {
    "text": "  video",
    "url": "/video/1097886"
  },
  {
    "text": "One-on-one with Atlanta Falcons Head Coach Arthur Smith",
    "url": "/video/1097886"
  },
  {
    "text": "  ",
    "url": "/news/jackie-robinson-museum-opens-in-new-york"
  },
  {
    "text": "Jackie Robinson Museum set to finally open in New York",
    "url": "/news/jackie-robinson-museum-opens-in-new-york"
  },
  {
    "text": "Politics",
    "url": "/tag/politics"
  },
  {
    "text": "View More",
    "url": "/tag/politics"
  },
  {
    "text": "  ",
    "url": "/news/biden-xi-hold-fifth-talk"
  },
  {
    "text": "Biden, Xi make plans to meet, official says; China's leader has strong words on Taiwan",
    "url": "/news/biden-xi-hold-fifth-talk"
  },
  {
    "text": "  ",
    "url": "/news/fox-news-poll-georgia-senate-governor-races-tight"
  },
  {
    "text": "Fox News Poll: Georgia\u2019s Senate and governor races are tight",
    "url": "/news/fox-news-poll-georgia-senate-governor-races-tight"
  },
  {
    "text": "  ",
    "url": "/news/democratic-national-convention-atlanta-considered"
  },
  {
    "text": "Atlanta in the running to host the 2024 Democratic National Convention",
    "url": "/news/democratic-national-convention-atlanta-considered"
  },
  {
    "text": "  ",
    "url": "/news/climate-health-care-inflation-bill-manchin-schumer-democrats-package-explained"
  },
  {
    "text": "What's in, and out, of Democrats' climate, health care and inflation bill",
    "url": "/news/climate-health-care-inflation-bill-manchin-schumer-democrats-package-explained"
  },
  {
    "text": "  ",
    "url": "/news/manchin-says-deal-reached-with-schumer-on-tax-and-climate-bill"
  },
  {
    "text": "Manchin says deal reached with Schumer on tax and climate bill",
    "url": "/news/manchin-says-deal-reached-with-schumer-on-tax-and-climate-bill"
  },
  {
    "text": "  ",
    "url": "/news/us-senate-passes-bill-to-increase-microchip-production"
  },
  {
    "text": "US Senate passes bill to increase microchip production",
    "url": "/news/us-senate-passes-bill-to-increase-microchip-production"
  },
  {
    "text": "Consumer",
    "url": "/tag/consumer"
  },
  {
    "text": "View More",
    "url": "/tag/consumer"
  },
  {
    "text": "  ",
    "url": "/news/ev-tax-credit-senate-deal-climate-inflation-bill-electric-vehicles"
  },
  {
    "text": "Senate deal on climate, inflation bill would make it easier to buy electric vehicles",
    "url": "/news/ev-tax-credit-senate-deal-climate-inflation-bill-electric-vehicles"
  },
  {
    "text": "  ",
    "url": "/news/atlanta-water-bills-shut-off"
  },
  {
    "text": "Atlanta Water customers have limited time to set up payments for large water bills",
    "url": "/news/atlanta-water-bills-shut-off"
  },
  {
    "text": "  ",
    "url": "/news/laxatives-recalled-from-cvs-walgreens-other-major-retailers-after-contamination"
  },
  {
    "text": "Laxatives recalled from CVS, Walgreens, other major retailers after contamination",
    "url": "/news/laxatives-recalled-from-cvs-walgreens-other-major-retailers-after-contamination"
  },
  {
    "text": "  ",
    "url": "/news/best-buy-digital-first-store-north-carolina"
  },
  {
    "text": "Best Buy opens mini \u2018digital-first\u2019 store; 7-foot display will tell you how to shop",
    "url": "/news/best-buy-digital-first-store-north-carolina"
  },
  {
    "text": "  ",
    "url": "/news/us-new-home-sales-drop-to-lowest-level-in-2-years"
  },
  {
    "text": "US new home sales drop to lowest level in 2 years",
    "url": "/news/us-new-home-sales-drop-to-lowest-level-in-2-years"
  },
  {
    "text": "  ",
    "url": "/news/enjoy-life-recall-2022-expands-baked-goods-snacks-potential-plastic-pieces"
  },
  {
    "text": "Enjoy Life expands recall of baked goods and snacks due to potential plastic pieces",
    "url": "/news/enjoy-life-recall-2022-expands-baked-goods-snacks-potential-plastic-pieces"
  },
  {
    "text": "Health",
    "url": "/tag/health"
  },
  {
    "text": "View More",
    "url": "/tag/health"
  },
  {
    "text": "  ",
    "url": "/news/rsv-usually-a-winter-virus-is-hospitalizing-babies-in-the-summer"
  },
  {
    "text": "RSV, usually a winter virus, is hospitalizing babies in the summer",
    "url": "/news/rsv-usually-a-winter-virus-is-hospitalizing-babies-in-the-summer"
  },
  {
    "text": "  ",
    "url": "/news/demand-for-monkeypox-vaccine-outpaces-supply-in-atlanta-metro-area"
  },
  {
    "text": "Demand for monkeypox vaccine outpaces supply in Atlanta metro area",
    "url": "/news/demand-for-monkeypox-vaccine-outpaces-supply-in-atlanta-metro-area"
  },
  {
    "text": "  ",
    "url": "/news/gwinnett-county-police-expanding-unit-that-responds-to-mental-health-crisis-calls"
  },
  {
    "text": "Gwinnett County police expanding unit that responds to mental health crisis calls",
    "url": "/news/gwinnett-county-police-expanding-unit-that-responds-to-mental-health-crisis-calls"
  },
  {
    "text": "  ",
    "url": "/news/moderna-covid-omicron-vaccine-pfizer-winter-booster-shots"
  },
  {
    "text": "COVID omicron vaccine: US reaches deal with Moderna for winter booster shots",
    "url": "/news/moderna-covid-omicron-vaccine-pfizer-winter-booster-shots"
  },
  {
    "text": "  ",
    "url": "/news/monkeypox-vaccines-georgia-rising-cases-demand-symptoms"
  },
  {
    "text": "More monkeypox vaccines expected to head to Georgia amid rising cases, demand",
    "url": "/news/monkeypox-vaccines-georgia-rising-cases-demand-symptoms"
  },
  {
    "text": "  ",
    "url": "/news/georgia-nurse-works-at-same-cancer-hospital-where-she-was-once-a-patient"
  },
  {
    "text": "Georgia nurse works at same cancer hospital where she was once a patient",
    "url": "/news/georgia-nurse-works-at-same-cancer-hospital-where-she-was-once-a-patient"
  },
  {
    "text": "Money",
    "url": "https://www.fox5atlanta.com/money"
  },
  {
    "text": "View More",
    "url": "https://www.fox5atlanta.com/money"
  },
  {
    "text": "  ",
    "url": "/news/georgia-students-benefit-from-the-mega-millions-frenzy"
  },
  {
    "text": "Georgia students benefit from the Mega Millions frenzy",
    "url": "/news/georgia-students-benefit-from-the-mega-millions-frenzy"
  },
  {
    "text": "  ",
    "url": "/news/mega-millions-winning-numbers-friday-1-billion-drawing"
  },
  {
    "text": "Mega Millions winning numbers: $1.28B Friday drawing",
    "url": "/news/mega-millions-winning-numbers-friday-1-billion-drawing"
  },
  {
    "text": "  ",
    "url": "/money/mortgage-rates-drop-fed-rate-hike"
  },
  {
    "text": "Mortgage rates drop, could rise again amid Fed\u2019s rate hike",
    "url": "/money/mortgage-rates-drop-fed-rate-hike"
  },
  {
    "text": "  ",
    "url": "/money/todays-mortgage-refinance-rates-july-29-2022"
  },
  {
    "text": "Savings window open: 3 key mortgage refinance rates tumble | July 29, 2022",
    "url": "/money/todays-mortgage-refinance-rates-july-29-2022"
  },
  {
    "text": "  ",
    "url": "/money/todays-mortgage-rates-july-29-2022"
  },
  {
    "text": "Today\u2019s 30-year mortgage rates plunge to 78-day low | July 29, 2022",
    "url": "/money/todays-mortgage-rates-july-29-2022"
  },
  {
    "text": "  ",
    "url": "/news/10-times-hitting-the-lottery-jackpot-ended-in-disaster-i-wish-id-torn-that-ticket-up"
  },
  {
    "text": "10 times hitting the lottery jackpot ended in disaster: 'I wish I'd torn that ticket up'",
    "url": "/news/10-times-hitting-the-lottery-jackpot-ended-in-disaster-i-wish-id-torn-that-ticket-up"
  },
  {
    "text": "Unusual",
    "url": "/tag/unusual"
  },
  {
    "text": "View More",
    "url": "/tag/unusual"
  },
  {
    "text": "  ",
    "url": "/news/tiktok-pink-sauce-why-is-everyone-freaking-out-about-this-controversial-condiment"
  },
  {
    "text": "TikTok pink sauce: Why is everyone freaking out about this controversial condiment?",
    "url": "/news/tiktok-pink-sauce-why-is-everyone-freaking-out-about-this-controversial-condiment"
  },
  {
    "text": "  ",
    "url": "/news/pink-diamond-found-angola-170-carat-lulo-rose-largest-in-300-years"
  },
  {
    "text": "Miners unearth rare pink diamond in Angola, believed to be largest found in 300 years",
    "url": "/news/pink-diamond-found-angola-170-carat-lulo-rose-largest-in-300-years"
  },
  {
    "text": "  ",
    "url": "/news/san-rafael-burglar-forgets-keys-inside-crime-scene"
  },
  {
    "text": "San Rafael burglar forgets keys inside crime scene",
    "url": "/news/san-rafael-burglar-forgets-keys-inside-crime-scene"
  },
  {
    "text": "  ",
    "url": "/news/bus-driver-keeps-her-cool-as-deer-comes-barreling-through-windshield"
  },
  {
    "text": "Bus driver keeps her cool as deer comes barreling through windshield",
    "url": "/news/bus-driver-keeps-her-cool-as-deer-comes-barreling-through-windshield"
  },
  {
    "text": "  ",
    "url": "/news/tourist-falls-mount-vesuvius-reportedly-takes-selfie"
  },
  {
    "text": "US tourist falls into Mount Vesuvius after reportedly taking selfie",
    "url": "/news/tourist-falls-mount-vesuvius-reportedly-takes-selfie"
  },
  {
    "text": "  ",
    "url": "/news/wild-monkey-attacks-japan-yamaguchi-search-residents-injured"
  },
  {
    "text": "Japanese city searching for wild monkeys after nearly 40 people attacked",
    "url": "/news/wild-monkey-attacks-japan-yamaguchi-search-residents-injured"
  },
  {
    "text": "News",
    "url": "/news"
  },
  {
    "text": "Local",
    "url": "/local-news"
  },
  {
    "text": "I-Team",
    "url": "/tag/series/i-team"
  },
  {
    "text": "Call for Action",
    "url": "/call-for-action"
  },
  {
    "text": "National",
    "url": "/national-news"
  },
  {
    "text": "Coronavirus",
    "url": "/tag/health/coronavirus"
  },
  {
    "text": "Health",
    "url": "/tag/health"
  },
  {
    "text": "Politics",
    "url": "/tag/politics"
  },
  {
    "text": "Entertainment",
    "url": "/tag/entertainment"
  },
  {
    "text": "FOX 5 Atlanta App",
    "url": "/app"
  },
  {
    "text": "Weather",
    "url": "/weather"
  },
  {
    "text": "Closings",
    "url": "/closings"
  },
  {
    "text": "Netcams",
    "url": "/netcams"
  },
  {
    "text": "Savannah Cams",
    "url": "/savannahcams"
  },
  {
    "text": "FOX 5 Storm Team App",
    "url": "/storm"
  },
  {
    "text": "Traffic",
    "url": "/traffic"
  },
  {
    "text": "Good Day Atlanta",
    "url": "/shows/good-day-atlanta"
  },
  {
    "text": "Burgers with Buck",
    "url": "/tag/series/burgers-with-buck"
  },
  {
    "text": "Casting Call",
    "url": "/tag/series/casting-call"
  },
  {
    "text": "Pet of the Day",
    "url": "/tag/series/pet-of-the-day"
  },
  {
    "text": "Trending Live",
    "url": "/tag/series/trending-live"
  },
  {
    "text": "FOX Medical Team",
    "url": "/tag/series/fox-medical-team"
  },
  {
    "text": "Sports",
    "url": "/sports"
  },
  {
    "text": "Atlanta Braves",
    "url": "/tag/mlb/braves"
  },
  {
    "text": "Atlanta Falcons",
    "url": "/tag/nfl/falcons"
  },
  {
    "text": "Atlanta Hawks",
    "url": "/tag/nba/hawks"
  },
  {
    "text": "Atlanta United",
    "url": "/tag/mls/united"
  },
  {
    "text": "High 5 Sports",
    "url": "/shows/high-5-sports"
  },
  {
    "text": "Shows",
    "url": "https://www.fox5atlanta.com"
  },
  {
    "text": "Good Day Atlanta",
    "url": "/shows/good-day-atlanta"
  },
  {
    "text": "The Georgia Gang",
    "url": "/shows/georgia-gang"
  },
  {
    "text": "The Road to November",
    "url": "/shows/the-road-to-november"
  },
  {
    "text": "The_Next_Atlanta",
    "url": "https://www.fox5atlanta.com/shows/thenextatlanta"
  },
  {
    "text": "Like It or Not",
    "url": "https://www.fox5atlanta.com/shows/lion"
  },
  {
    "text": "Watch Live",
    "url": "/live"
  },
  {
    "text": "What's On FOX",
    "url": "/shows/fox-content"
  },
  {
    "text": "TV Schedule",
    "url": "/whats-on-fox"
  },
  {
    "text": "About Us",
    "url": "/about-us"
  },
  {
    "text": "Seen on TV",
    "url": "/tag/seen-on-tv"
  },
  {
    "text": "Contests",
    "url": "/contests"
  },
  {
    "text": "FOX 5 News Team",
    "url": "/person/all"
  },
  {
    "text": "Contact Us",
    "url": "/contact-us"
  },
  {
    "text": "Sign up for Email Alerts",
    "url": "/email"
  },
  {
    "text": "Jobs",
    "url": "/jobs"
  },
  {
    "text": "Internships",
    "url": "/internships"
  },
  {
    "text": "FCC Public File",
    "url": "/public-file"
  },
  {
    "text": "FCC Applications",
    "url": "https://www.fox5atlanta.com/fcc-applications"
  },
  {
    "text": "Captioning",
    "url": "/captioning"
  },
  {
    "text": "Election",
    "url": "/election"
  },
  {
    "text": "2022 Midterm Election",
    "url": "/tag/2022-midterm-elections"
  },
  {
    "text": "The Road to November",
    "url": "/shows/the-road-to-november"
  },
  {
    "text": "Georgia Politics",
    "url": "/tag/politics/ga-politics"
  },
  {
    "text": "Coronavirus",
    "url": "/tag/health/coronavirus"
  },
  {
    "text": "Coronavirus in Georgia",
    "url": "/shows/coronavirus-in-georgia"
  },
  {
    "text": "Signs & symptoms",
    "url": "https://www.fox5atlanta.com/news/coronavirus-symptoms-testing-and-how-to-prepare-amid-growing-covid-19-outbreak"
  },
  {
    "text": "Watch CoronavirusNow",
    "url": "https://www.coronavirusnow.com"
  },
  {
    "text": "Closings & cancellations",
    "url": "/closings"
  },
  {
    "text": "Money",
    "url": "https://www.fox5atlanta.com/money"
  },
  {
    "text": "Personal Finance",
    "url": "https://www.fox5atlanta.com/tag/business/personal-finance"
  },
  {
    "text": "Economy",
    "url": "https://www.fox5atlanta.com/tag/money/us-economy"
  },
  {
    "text": "Business",
    "url": "https://www.fox5atlanta.com/tag/business"
  },
  {
    "text": "Stock Market",
    "url": "https://www.fox5atlanta.com/tag/business/stock-market"
  },
  {
    "text": "Small Business",
    "url": "https://www.fox5atlanta.com/tag/business/small-business"
  },
  {
    "text": "Regional News",
    "url": "/tag/us/ga"
  },
  {
    "text": "Tampa News - FOX 13 News",
    "url": "https://www.fox13news.com/"
  },
  {
    "text": "Orlando News - FOX 35 Orlando",
    "url": "https://www.fox35orlando.com/"
  },
  {
    "text": "Gainesville News - FOX 51 Gainesville",
    "url": "https://www.wogx.com/"
  },
  {
    "text": "facebook",
    "url": "https://facebook.com/fox5atlanta"
  },
  {
    "text": "twitter",
    "url": "https://twitter.com/fox5atlanta"
  },
  {
    "text": "instagram",
    "url": "https://www.instagram.com/fox5atlanta"
  },
  {
    "text": "email",
    "url": "mailto:newstipsatlanta@foxtv.com"
  },
  {
    "text": "",
    "url": "/"
  },
  {
    "text": "Privacy Policy",
    "url": "/privacy-policy"
  },
  {
    "text": "Terms of Service",
    "url": "/terms-of-service"
  },
  {
    "text": "Do Not Sell my Personal Information",
    "url": "/do-not-sell-my-personal-information"
  },
  {
    "text": "FCC Public File",
    "url": "https://www.fox5atlanta.com/public-file"
  },
  {
    "text": "FCC Applications",
    "url": "https://www.fox5atlanta.com/fcc-applications"
  },
  {
    "text": "EEO Public File",
    "url": "https://publicfiles.fcc.gov/tv-profile/WAGA-TV/equal-employment-opportunity-records/"
  },
  {
    "text": "About Us",
    "url": "/about-us"
  },
  {
    "text": "Jobs",
    "url": "/jobs"
  },
  {
    "text": "Contact Us",
    "url": "/contact-us"
  }
]