[
  {
    "text": " ",
    "url": "/"
  },
  {
    "text": "Live",
    "url": "/live"
  },
  {
    "text": "News",
    "url": "/news"
  },
  {
    "text": "Weather",
    "url": "/weather"
  },
  {
    "text": "Good Day LA",
    "url": "/shows/good-day-la"
  },
  {
    "text": "Contests",
    "url": "/contests"
  },
  {
    "text": "Seen on TV Links",
    "url": "https://www.foxla.com/links"
  },
  {
    "text": "More",
    "url": "#"
  },
  {
    "text": "Watch Live",
    "url": "/live"
  },
  {
    "text": "Expand / Collapse search",
    "url": "#"
  },
  {
    "text": "\u2630",
    "url": "#"
  },
  {
    "text": "News",
    "url": "/news"
  },
  {
    "text": "Coronavirus",
    "url": "/shows/coronavirus-in-california"
  },
  {
    "text": "Local News",
    "url": "/local-news"
  },
  {
    "text": "California News",
    "url": "/tag/us/ca"
  },
  {
    "text": "National News",
    "url": "/national-news"
  },
  {
    "text": "Entertainment",
    "url": "/tag/entertainment"
  },
  {
    "text": "Recalls",
    "url": "/tag/consumer/recalls"
  },
  {
    "text": "FOX 11 News App",
    "url": "/apps"
  },
  {
    "text": "Weather",
    "url": "/weather"
  },
  {
    "text": "Forecast",
    "url": "/weather"
  },
  {
    "text": "Radar",
    "url": "/weather"
  },
  {
    "text": "Air Quality Map",
    "url": "/california-air-quality-map"
  },
  {
    "text": "Earthquakes",
    "url": "/tag/weather/earthquakes"
  },
  {
    "text": "Earthquake Preparedness",
    "url": "/earthquake-preparedness"
  },
  {
    "text": "Traffic",
    "url": "/traffic"
  },
  {
    "text": "Wildfires",
    "url": "/tag/weather/wildfires"
  },
  {
    "text": "Good Day LA",
    "url": "/shows/good-day-la"
  },
  {
    "text": "Guests",
    "url": "/tag/series/guests"
  },
  {
    "text": "Meet the Team",
    "url": "/person/all"
  },
  {
    "text": "Entertainment",
    "url": "/tag/entertainment"
  },
  {
    "text": "Local News",
    "url": "/local-news"
  },
  {
    "text": "Seen on TV Links",
    "url": "/seen-on-tv-links"
  },
  {
    "text": "Politics",
    "url": "/tag/politics"
  },
  {
    "text": "California Politics",
    "url": "/tag/politics/ca-politics"
  },
  {
    "text": "2022 LA Mayor Election",
    "url": "/tag/politics/ca-politics/la-mayor-election"
  },
  {
    "text": "The Issue Is:",
    "url": "https://www.foxla.com/shows/the-issue-is"
  },
  {
    "text": "Joe Biden",
    "url": "/tag/people/joe-biden"
  },
  {
    "text": "Kamala Harris",
    "url": "/tag/people/kamala-harris"
  },
  {
    "text": "Gavin Newsom",
    "url": "/tag/people/gavin-newsom"
  },
  {
    "text": "George Gasc\u00f3n",
    "url": "/tag/people/george-gascon"
  },
  {
    "text": "Donald Trump",
    "url": "/tag/people/donald-j-trump"
  },
  {
    "text": "Sports",
    "url": "/sports"
  },
  {
    "text": "Rams",
    "url": "/tag/sports/nfl/rams"
  },
  {
    "text": "Super Bowl LVI",
    "url": "/tag/super-bowl-lvi"
  },
  {
    "text": "Chargers",
    "url": "/tag/sports/nfl/chargers"
  },
  {
    "text": "Lakers",
    "url": "/tag/sports/nba/lakers"
  },
  {
    "text": "Clippers",
    "url": "/tag/sports/nba/clippers"
  },
  {
    "text": "Dodgers",
    "url": "/tag/sports/mlb/dodgers"
  },
  {
    "text": "Angels",
    "url": "/tag/sports/mlb/angels"
  },
  {
    "text": "Wildcats",
    "url": "/tag/sports/xfl/wildcats"
  },
  {
    "text": "Kings",
    "url": "/tag/sports/nhl/kings"
  },
  {
    "text": "Ducks",
    "url": "/tag/sports/nhl/ducks"
  },
  {
    "text": "LA Football Club",
    "url": "/tag/sports/mls/lafc"
  },
  {
    "text": "Angel City Football Club",
    "url": "/tag/sports/mls/acfc"
  },
  {
    "text": "Galaxy",
    "url": "/tag/sports/mls/galaxy"
  },
  {
    "text": "Sparks",
    "url": "/tag/sports/wnba/sparks"
  },
  {
    "text": "Features",
    "url": "/"
  },
  {
    "text": "Lost Angeles: City of Homeless",
    "url": "https://www.foxla.com/news/homeless-los-angeles-homelessness-lost-angeles"
  },
  {
    "text": "Community Champions",
    "url": "/tag/series/community-champions"
  },
  {
    "text": "Save Our Streets",
    "url": "/shows/save-our-streets"
  },
  {
    "text": "When Magic Shocked the World",
    "url": "/shows/when-magic-shocked-the-world"
  },
  {
    "text": "Destination Education",
    "url": "/tag/education/back-to-school"
  },
  {
    "text": "Get Inspired",
    "url": "/tag/series/get-inspired"
  },
  {
    "text": "Rising Up",
    "url": "/shows/rising-up"
  },
  {
    "text": "The Issue Is:",
    "url": "/shows/the-issue-is"
  },
  {
    "text": "Investigations",
    "url": "/tag/series/investigations"
  },
  {
    "text": "True Crime Files",
    "url": "/tag/series/true-crime"
  },
  {
    "text": "Point of View",
    "url": "/tag/series/point-of-view"
  },
  {
    "text": "In Depth",
    "url": "/shows/in-depth"
  },
  {
    "text": "Wednesday's Child",
    "url": "/tag/series/wednesdays-child"
  },
  {
    "text": "Culture Conversations",
    "url": "/tag/series/culture-conversations"
  },
  {
    "text": "Remembering Kobe",
    "url": "/tag/people/kobe-bryant"
  },
  {
    "text": "KTTV70",
    "url": "/tag/series/kttv-70"
  },
  {
    "text": "Podcasts",
    "url": "/podcasts"
  },
  {
    "text": "The Issue Is: Podcast",
    "url": "/shows/the-issue-is"
  },
  {
    "text": "Silicon Sandbox",
    "url": "/tag/series/silicon-sandbox"
  },
  {
    "text": "What The Hal?",
    "url": "/tag/series/what-the-hal"
  },
  {
    "text": "Olympic & Bundy",
    "url": "/tag/series/olympic-bundy"
  },
  {
    "text": "COVID-19",
    "url": "/shows/coronavirus-in-california"
  },
  {
    "text": "Coronavirus in SoCal",
    "url": "/tag/health/coronavirus/coronavirus-socal"
  },
  {
    "text": "Stimulus Checks",
    "url": "/tag/health/coronavirus/economy/stimulus-check"
  },
  {
    "text": "Coronavirus Vaccine",
    "url": "/tag/health/coronavirus-vaccine"
  },
  {
    "text": "Coronavirus in California",
    "url": "/tag/health/coronavirus/coronavirus-ca"
  },
  {
    "text": "Coronavirus Interviews",
    "url": "/tag/health/coronavirus"
  },
  {
    "text": "COVID-19 and the Economy",
    "url": "/tag/health/coronavirus/economy"
  },
  {
    "text": "COVID-19 and Schools",
    "url": "/tag/health/coronavirus/schools"
  },
  {
    "text": "Money",
    "url": "/money"
  },
  {
    "text": "Economy",
    "url": "/tag/money/us-economy"
  },
  {
    "text": "Small Business",
    "url": "/tag/business/small-business"
  },
  {
    "text": "Personal Finance",
    "url": "/tag/business/personal-finance"
  },
  {
    "text": "Regional News",
    "url": "/tag/us/ca"
  },
  {
    "text": "San Francisco News - KTVU FOX 2",
    "url": "https://www.ktvu.com/"
  },
  {
    "text": "Phoenix News - FOX 10 Phoenix",
    "url": "https://www.fox10phoenix.com/"
  },
  {
    "text": "Seattle News - FOX 13 Seattle",
    "url": "https://www.fox13seattle.com"
  },
  {
    "text": "About Us",
    "url": "/about-us"
  },
  {
    "text": "Contests",
    "url": "/contests"
  },
  {
    "text": "Newsletters",
    "url": "/email"
  },
  {
    "text": "Anchors & Reporters",
    "url": "/person/all"
  },
  {
    "text": "TV Schedule",
    "url": "/whats-on-fox"
  },
  {
    "text": "FOX Shows",
    "url": "/shows/fox-content"
  },
  {
    "text": "Jobs at FOX 11",
    "url": "/jobs"
  },
  {
    "text": "Advertising",
    "url": "/advertising"
  },
  {
    "text": "FCC Public File",
    "url": "/public-file-inquiries"
  },
  {
    "text": "FCC Applications",
    "url": "https://www.foxla.com/fcc-applications"
  },
  {
    "text": "Public Service Announcements",
    "url": "/psa"
  },
  {
    "text": "ATSC",
    "url": "/atsc"
  },
  {
    "text": "KCOP13",
    "url": "/kcop13"
  },
  {
    "text": "Contact Us",
    "url": "/contact"
  },
  {
    "text": "   ",
    "url": "/news/mega-millions-winning-numbers-friday-1-billion-drawing"
  },
  {
    "text": "Mega Millions winning numbers: $1.28B Friday drawing",
    "url": "/news/mega-millions-winning-numbers-friday-1-billion-drawing"
  },
  {
    "text": "  ",
    "url": "/news/another-man-gets-a-haircut-on-the-sixth-street-bridge-as-lapd-plans-to-step-up-enforcement"
  },
  {
    "text": "Another man gets a haircut on the Sixth Street Bridge as LAPD plans to step up enforcement",
    "url": "/news/another-man-gets-a-haircut-on-the-sixth-street-bridge-as-lapd-plans-to-step-up-enforcement"
  },
  {
    "text": "  ",
    "url": "/news/2-injured-in-car-to-car-shooting-on-105-freeway-in-willowbrook"
  },
  {
    "text": "2 injured in car-to-car shooting on 105 freeway in Willowbrook",
    "url": "/news/2-injured-in-car-to-car-shooting-on-105-freeway-in-willowbrook"
  },
  {
    "text": "  ",
    "url": "/news/crews-battle-brush-fire-near-hesperia"
  },
  {
    "text": "Two homes destroyed in Hesperia brush fire",
    "url": "/news/crews-battle-brush-fire-near-hesperia"
  },
  {
    "text": "  ",
    "url": "/news/dui-driver-who-killed-couple-injured-their-3-young-children-sentenced"
  },
  {
    "text": "DUI driver sentenced to 21 years in crash that orphaned 3 young kids",
    "url": "/news/dui-driver-who-killed-couple-injured-their-3-young-children-sentenced"
  },
  {
    "text": "  ",
    "url": "/news/lapd-to-conduct-weekend-traffic-operation-on-sixth-street-bridge"
  },
  {
    "text": "LAPD to conduct weekend traffic operation on Sixth Street Bridge",
    "url": "/news/lapd-to-conduct-weekend-traffic-operation-on-sixth-street-bridge"
  },
  {
    "text": "  ",
    "url": "/news/california-house-of-horrors-survivor-jordan-turpin-speaks-out-about-foster-home-abuse"
  },
  {
    "text": "California 'House of Horrors' survivor Jordan Turpin speaks out about foster home abuse",
    "url": "/news/california-house-of-horrors-survivor-jordan-turpin-speaks-out-about-foster-home-abuse"
  },
  {
    "text": "  ",
    "url": "/news/whittier-man-dances-for-hours-to-raise-money-for-ailing-sister"
  },
  {
    "text": "Whittier man dances for hours to raise money for ailing sister",
    "url": "/news/whittier-man-dances-for-hours-to-raise-money-for-ailing-sister"
  },
  {
    "text": "  ",
    "url": "/news/amid-nationwide-shortage-long-beach-to-distribute-950-cans-of-baby-formula"
  },
  {
    "text": "Amid nationwide shortage, Long Beach to distribute 950 cans of baby formula",
    "url": "/news/amid-nationwide-shortage-long-beach-to-distribute-950-cans-of-baby-formula"
  },
  {
    "text": "  ",
    "url": "/news/will-smith-apologizes-to-chris-rock-for-oscars-slap"
  },
  {
    "text": "Will Smith apologizes to Chris Rock for Oscars slap in new video: 'My behavior was unacceptable'",
    "url": "/news/will-smith-apologizes-to-chris-rock-for-oscars-slap"
  },
  {
    "text": "  ",
    "url": "/news/california-not-ready-to-declare-emergency-over-monkeypox"
  },
  {
    "text": "California not ready to declare emergency over monkeypox",
    "url": "/news/california-not-ready-to-declare-emergency-over-monkeypox"
  },
  {
    "text": "  ",
    "url": "/news/las-vegas-strip-multiple-casinos-flooded-overnight-by-monsoon-storm"
  },
  {
    "text": "Las Vegas Strip, multiple casinos flooded overnight by monsoon storm",
    "url": "/news/las-vegas-strip-multiple-casinos-flooded-overnight-by-monsoon-storm"
  },
  {
    "text": "  ",
    "url": "/news/man-fatally-shot-2-others-wounded-in-reseda"
  },
  {
    "text": "Man fatally shot, 2 others wounded in overnight Reseda shooting",
    "url": "/news/man-fatally-shot-2-others-wounded-in-reseda"
  },
  {
    "text": "Florence-Graham",
    "url": "https://www.foxla.com/weather"
  },
  {
    "text": "  video",
    "url": "/video/1099210"
  },
  {
    "text": "Mega Millions Friday night numbers",
    "url": "/video/1099210"
  },
  {
    "text": "  video",
    "url": "/video/1099208"
  },
  {
    "text": "Another man got a haircut on the Sixth Street Bridge",
    "url": "/video/1099208"
  },
  {
    "text": "  video",
    "url": "/video/1099205"
  },
  {
    "text": "Two injured during shooting on 105 freeway near Willowbrook",
    "url": "/video/1099205"
  },
  {
    "text": "  video",
    "url": "/video/1099204"
  },
  {
    "text": "Two homes destroyed in Hesperia brush fire",
    "url": "/video/1099204"
  },
  {
    "text": "  video",
    "url": "/video/1099190"
  },
  {
    "text": "Monkeypox outbreak concerning local health officials",
    "url": "/video/1099190"
  },
  {
    "text": "  video",
    "url": "/video/1099165"
  },
  {
    "text": "Large donation of baby formula arrives in Long Beach",
    "url": "/video/1099165"
  },
  {
    "text": "Privacy Policy",
    "url": "/privacy-policy"
  },
  {
    "text": "Terms of Service",
    "url": "/terms-of-service"
  },
  {
    "text": " ",
    "url": "https://www.foxla.com/shows/good-day-la"
  },
  {
    "text": "\n        Good Day LA\n      ",
    "url": "/shows/good-day-la"
  },
  {
    "text": "View More",
    "url": "/shows/good-day-la"
  },
  {
    "text": "  video",
    "url": "/video/1098953"
  },
  {
    "text": "Stretch Your Dollar: Free workout apps and routines",
    "url": "/video/1098953"
  },
  {
    "text": "  video",
    "url": "/video/1098952"
  },
  {
    "text": "National lipstick day",
    "url": "/video/1098952"
  },
  {
    "text": "  video",
    "url": "/video/1098942"
  },
  {
    "text": "Here's how you can help the monarch butterflies survive",
    "url": "/video/1098942"
  },
  {
    "text": "Coronavirus",
    "url": "/tag/health/coronavirus"
  },
  {
    "text": "View More",
    "url": "/tag/health/coronavirus"
  },
  {
    "text": "   ",
    "url": "/news/moderna-covid-omicron-vaccine-pfizer-winter-booster-shots"
  },
  {
    "text": "COVID omicron vaccine: US reaches deal with Moderna for winter booster shots",
    "url": "/news/moderna-covid-omicron-vaccine-pfizer-winter-booster-shots"
  },
  {
    "text": "  ",
    "url": "/news/decision-expected-thursday-on-possible-mask-mandate-in-la-county"
  },
  {
    "text": "Decision expected Thursday on possible mask mandate in LA County",
    "url": "/news/decision-expected-thursday-on-possible-mask-mandate-in-la-county"
  },
  {
    "text": "  ",
    "url": "/news/la-county-no-longer-imposing-mask-mandate-after-covid-cases-decline"
  },
  {
    "text": "LA County no longer imposing mask mandate after COVID cases decline",
    "url": "/news/la-county-no-longer-imposing-mask-mandate-after-covid-cases-decline"
  },
  {
    "text": "  ",
    "url": "/news/these-la-county-cities-wont-enforce-mask-mandates"
  },
  {
    "text": "These LA County cities won't enforce mask mandates",
    "url": "/news/these-la-county-cities-wont-enforce-mask-mandates"
  },
  {
    "text": "  ",
    "url": "/news/mom-of-lausd-student-says-son-vaccinated-against-covid-19-without-her-consent"
  },
  {
    "text": "Mom sues LAUSD after she says son was vaccinated without her consent, suffered side effects",
    "url": "/news/mom-of-lausd-student-says-son-vaccinated-against-covid-19-without-her-consent"
  },
  {
    "text": "  ",
    "url": "/news/biden-tests-negative-covid-19"
  },
  {
    "text": "Biden tests negative for COVID-19: \u2018Back to the Oval\u2019",
    "url": "/news/biden-tests-negative-covid-19"
  },
  {
    "text": "Politics",
    "url": "/tag/politics"
  },
  {
    "text": "View More",
    "url": "/tag/politics"
  },
  {
    "text": "  ",
    "url": "/news/fbi-russian-man-used-st-pete-based-political-group-to-spread-propaganda-influence-local-elections"
  },
  {
    "text": "From Russia to Florida: FBI halts Russian agent's 7-year influence campaign",
    "url": "/news/fbi-russian-man-used-st-pete-based-political-group-to-spread-propaganda-influence-local-elections"
  },
  {
    "text": "  ",
    "url": "/news/three-arrested-at-abortion-rights-protest-at-lacma-were-people-chained-themselves-to-lampposts"
  },
  {
    "text": "Protesters chain themselves to LACMA in fake blood over abortion rights; 3 arrested",
    "url": "/news/three-arrested-at-abortion-rights-protest-at-lacma-were-people-chained-themselves-to-lampposts"
  },
  {
    "text": "  ",
    "url": "/news/biden-xi-hold-fifth-talk"
  },
  {
    "text": "Biden, Xi make plans to meet, official says; China's leader has strong words on Taiwan",
    "url": "/news/biden-xi-hold-fifth-talk"
  },
  {
    "text": "  ",
    "url": "/news/congressional-baseball-game-republicans-shut-out-democrats-protesters-arrested-outside-stadium"
  },
  {
    "text": "Congressional Baseball Game: Republicans shut out Democrats; protesters arrested outside stadium",
    "url": "/news/congressional-baseball-game-republicans-shut-out-democrats-protesters-arrested-outside-stadium"
  },
  {
    "text": "  ",
    "url": "/news/climate-health-care-inflation-bill-manchin-schumer-democrats-package-explained"
  },
  {
    "text": "What's in, and out, of Democrats' climate, health care and inflation bill",
    "url": "/news/climate-health-care-inflation-bill-manchin-schumer-democrats-package-explained"
  },
  {
    "text": "  ",
    "url": "/news/hillary-clinton-endorses-karen-bass-in-la-mayoral-race"
  },
  {
    "text": "Hillary Clinton endorses Karen Bass in LA Mayoral race",
    "url": "/news/hillary-clinton-endorses-karen-bass-in-la-mayoral-race"
  },
  {
    "text": "California News",
    "url": "/tag/us/ca"
  },
  {
    "text": "View More",
    "url": "/tag/us/ca"
  },
  {
    "text": "  ",
    "url": "/news/california-not-ready-to-declare-emergency-over-monkeypox"
  },
  {
    "text": "California not ready to declare emergency over monkeypox",
    "url": "/news/california-not-ready-to-declare-emergency-over-monkeypox"
  },
  {
    "text": "  ",
    "url": "/news/california-court-oks-death-penalty-in-80s-sex-slave-murders"
  },
  {
    "text": "California court OKs death penalty in \u201980s sex slave murders",
    "url": "/news/california-court-oks-death-penalty-in-80s-sex-slave-murders"
  },
  {
    "text": "  ",
    "url": "/news/oakland-man-faces-racism-during-summer-program-at-cambridge-and-responds-with-an-incredible-teaching-moment"
  },
  {
    "text": "Oakland man faces racism during abroad program at Cambridge and responds with an incredible teaching moment",
    "url": "/news/oakland-man-faces-racism-during-summer-program-at-cambridge-and-responds-with-an-incredible-teaching-moment"
  },
  {
    "text": "  ",
    "url": "/news/woman-tiktok-viral-california-texas"
  },
  {
    "text": "Woman from California goes viral on TikTok for documenting her Texas experience",
    "url": "/news/woman-tiktok-viral-california-texas"
  },
  {
    "text": "  ",
    "url": "/news/california-outlines-plan-for-scaled-back-giant-water-tunnel"
  },
  {
    "text": "California outlines plan for scaled back giant water tunnel",
    "url": "/news/california-outlines-plan-for-scaled-back-giant-water-tunnel"
  },
  {
    "text": "  ",
    "url": "/news/tap-water-for-nearly-1-million-californians-is-unsafe-to-drink-state-auditors-say"
  },
  {
    "text": "Tap water for nearly 1 million Californians is unsafe to drink, state auditors say",
    "url": "/news/tap-water-for-nearly-1-million-californians-is-unsafe-to-drink-state-auditors-say"
  },
  {
    "text": "Crime & Public Safety",
    "url": "/tag/crime-publicsafety"
  },
  {
    "text": "View More",
    "url": "/tag/crime-publicsafety"
  },
  {
    "text": "  ",
    "url": "/news/man-fatally-shot-2-others-wounded-in-reseda"
  },
  {
    "text": "Man fatally shot, 2 others wounded in overnight Reseda shooting",
    "url": "/news/man-fatally-shot-2-others-wounded-in-reseda"
  },
  {
    "text": "  ",
    "url": "/news/california-house-of-horrors-survivor-jordan-turpin-speaks-out-about-foster-home-abuse"
  },
  {
    "text": "California 'House of Horrors' survivor Jordan Turpin speaks out about foster home abuse",
    "url": "/news/california-house-of-horrors-survivor-jordan-turpin-speaks-out-about-foster-home-abuse"
  },
  {
    "text": "  ",
    "url": "/news/man-who-exploited-more-than-100-young-girls-online-sentenced-to-34-years-in-prison"
  },
  {
    "text": "Man who exploited more than 100 young girls online sentenced to 34 years in prison",
    "url": "/news/man-who-exploited-more-than-100-young-girls-online-sentenced-to-34-years-in-prison"
  },
  {
    "text": "  ",
    "url": "/news/school-resource-officer-released-on-bond-in-mona-rodriguez-case"
  },
  {
    "text": "Mona Rodriguez case: Long Beach school resource officer charged with murder released on bond",
    "url": "/news/school-resource-officer-released-on-bond-in-mona-rodriguez-case"
  },
  {
    "text": "  ",
    "url": "/news/santa-ana-man-arrested-for-possession-of-child-pornography"
  },
  {
    "text": "Santa Ana man arrested for possession of child pornography",
    "url": "/news/santa-ana-man-arrested-for-possession-of-child-pornography"
  },
  {
    "text": "  ",
    "url": "/news/3-wanted-in-norwalk-follow-robbery"
  },
  {
    "text": "3 wanted in Norwalk follow robbery",
    "url": "/news/3-wanted-in-norwalk-follow-robbery"
  },
  {
    "text": "Consumer",
    "url": "/tag/consumer"
  },
  {
    "text": "View More",
    "url": "/tag/consumer"
  },
  {
    "text": "  ",
    "url": "/news/inflation-the-next-challenge-for-restaurants-after-covid"
  },
  {
    "text": "Inflation the next challenge for restaurants after COVID",
    "url": "/news/inflation-the-next-challenge-for-restaurants-after-covid"
  },
  {
    "text": "  video",
    "url": "/video/1097873"
  },
  {
    "text": "",
    "url": "/video/1097873"
  },
  {
    "text": "Stretch your dollar: Back to school savings tips",
    "url": "/video/1097873"
  },
  {
    "text": "  ",
    "url": "/news/best-buy-digital-first-store-north-carolina"
  },
  {
    "text": "Best Buy opens mini \u2018digital-first\u2019 store; 7-foot display will tell you how to shop",
    "url": "/news/best-buy-digital-first-store-north-carolina"
  },
  {
    "text": "  ",
    "url": "/news/ventura-county-has-most-severe-housing-shortage-in-us-study"
  },
  {
    "text": "Ventura County has the most severe housing shortage in the US: study",
    "url": "/news/ventura-county-has-most-severe-housing-shortage-in-us-study"
  },
  {
    "text": "  video",
    "url": "/video/1097805"
  },
  {
    "text": "",
    "url": "/video/1097805"
  },
  {
    "text": "Ventura County has the most severe housing shortage in the US: study",
    "url": "/video/1097805"
  },
  {
    "text": "  ",
    "url": "/news/us-new-home-sales-drop-to-lowest-level-in-2-years"
  },
  {
    "text": "US new home sales drop to lowest level in 2 years",
    "url": "/news/us-new-home-sales-drop-to-lowest-level-in-2-years"
  },
  {
    "text": "Sports",
    "url": "/tag/sports"
  },
  {
    "text": "View More",
    "url": "/tag/sports"
  },
  {
    "text": "   ",
    "url": "/sports/nil-deals-college-football-player-70-endorsements"
  },
  {
    "text": "NIL deals: College football, track star known as \u2018King of NIL\u2019 has 70 endorsements",
    "url": "/sports/nil-deals-college-football-player-70-endorsements"
  },
  {
    "text": "  ",
    "url": "/news/congressional-baseball-game-republicans-shut-out-democrats-protesters-arrested-outside-stadium"
  },
  {
    "text": "Congressional Baseball Game: Republicans shut out Democrats; protesters arrested outside stadium",
    "url": "/news/congressional-baseball-game-republicans-shut-out-democrats-protesters-arrested-outside-stadium"
  },
  {
    "text": "  video",
    "url": "/video/1098446"
  },
  {
    "text": "",
    "url": "/video/1098446"
  },
  {
    "text": "FULL PRESS CONFERENCE: Family of soccer player killed after brawl during game in Oxnard speaks out",
    "url": "/video/1098446"
  },
  {
    "text": "  ",
    "url": "/news/dodger-stadium-hosting-dog-adoption-event-this-weekend"
  },
  {
    "text": "Dodger Stadium hosting dog adoption event this weekend",
    "url": "/news/dodger-stadium-hosting-dog-adoption-event-this-weekend"
  },
  {
    "text": "  video",
    "url": "/video/1097914"
  },
  {
    "text": "",
    "url": "/video/1097914"
  },
  {
    "text": "LA Chargers begin training camp in Orange County",
    "url": "/video/1097914"
  },
  {
    "text": "  ",
    "url": "/news/jackie-robinson-museum-opens-in-new-york"
  },
  {
    "text": "Jackie Robinson Museum set to finally open in New York",
    "url": "/news/jackie-robinson-museum-opens-in-new-york"
  },
  {
    "text": "Unusual",
    "url": "/tag/unusual"
  },
  {
    "text": "View More",
    "url": "/tag/unusual"
  },
  {
    "text": "  ",
    "url": "/news/woman-alleges-security-guard-caused-breast-implant-deflation-when-he-accidentally-brushed-her"
  },
  {
    "text": "Woman alleges security guard caused breast implant deflation when he accidentally brushed her",
    "url": "/news/woman-alleges-security-guard-caused-breast-implant-deflation-when-he-accidentally-brushed-her"
  },
  {
    "text": "  ",
    "url": "/news/pink-diamond-found-angola-170-carat-lulo-rose-largest-in-300-years"
  },
  {
    "text": "Miners unearth rare pink diamond in Angola, believed to be largest found in 300 years",
    "url": "/news/pink-diamond-found-angola-170-carat-lulo-rose-largest-in-300-years"
  },
  {
    "text": "  ",
    "url": "/news/rare-zodiac-coin-found-in-israel-after-underwater-survey"
  },
  {
    "text": "Rare zodiac coin found in Israel after underwater survey",
    "url": "/news/rare-zodiac-coin-found-in-israel-after-underwater-survey"
  },
  {
    "text": "  ",
    "url": "/news/bus-driver-keeps-her-cool-as-deer-comes-barreling-through-windshield"
  },
  {
    "text": "Bus driver keeps her cool as deer comes barreling through windshield",
    "url": "/news/bus-driver-keeps-her-cool-as-deer-comes-barreling-through-windshield"
  },
  {
    "text": "  ",
    "url": "/news/wild-monkey-attacks-japan-yamaguchi-search-residents-injured"
  },
  {
    "text": "Japanese city searching for wild monkeys after nearly 40 people attacked",
    "url": "/news/wild-monkey-attacks-japan-yamaguchi-search-residents-injured"
  },
  {
    "text": "  ",
    "url": "/news/photos-of-real-life-chucky-go-viral-online-after-residents-spot-him-roaming-an-alabama-neighborhood"
  },
  {
    "text": "Photos of human \u2018Chucky\u2019 doll wandering neighborhood go viral",
    "url": "/news/photos-of-real-life-chucky-go-viral-online-after-residents-spot-him-roaming-an-alabama-neighborhood"
  },
  {
    "text": "Local News",
    "url": "/local-news"
  },
  {
    "text": "View More",
    "url": "/local-news"
  },
  {
    "text": "   ",
    "url": "/news/2-injured-in-car-to-car-shooting-on-105-freeway-in-willowbrook"
  },
  {
    "text": "2 injured in car-to-car shooting on 105 freeway in Willowbrook",
    "url": "/news/2-injured-in-car-to-car-shooting-on-105-freeway-in-willowbrook"
  },
  {
    "text": "  ",
    "url": "/news/crews-battle-brush-fire-near-hesperia"
  },
  {
    "text": "Two homes destroyed in Hesperia brush fire",
    "url": "/news/crews-battle-brush-fire-near-hesperia"
  },
  {
    "text": "  ",
    "url": "/news/sixth-street-bridge-councilman-calls-out-inexcusable-immature-self-absorbed-behavior"
  },
  {
    "text": "Sixth Street Bridge: Councilman calls out 'inexcusable, immature, self-absorbed behavior'",
    "url": "/news/sixth-street-bridge-councilman-calls-out-inexcusable-immature-self-absorbed-behavior"
  },
  {
    "text": "  ",
    "url": "/news/whittier-man-dances-for-hours-to-raise-money-for-ailing-sister"
  },
  {
    "text": "Whittier man dances for hours to raise money for ailing sister",
    "url": "/news/whittier-man-dances-for-hours-to-raise-money-for-ailing-sister"
  },
  {
    "text": "  ",
    "url": "/news/dui-driver-who-killed-couple-injured-their-3-young-children-sentenced"
  },
  {
    "text": "DUI driver sentenced to 21 years in crash that orphaned 3 young kids",
    "url": "/news/dui-driver-who-killed-couple-injured-their-3-young-children-sentenced"
  },
  {
    "text": "  ",
    "url": "/news/lapd-to-conduct-weekend-traffic-operation-on-sixth-street-bridge"
  },
  {
    "text": "LAPD to conduct weekend traffic operation on Sixth Street Bridge",
    "url": "/news/lapd-to-conduct-weekend-traffic-operation-on-sixth-street-bridge"
  },
  {
    "text": "National News",
    "url": "/national-news"
  },
  {
    "text": "View More",
    "url": "/national-news"
  },
  {
    "text": "  ",
    "url": "/news/woman-who-allegedly-shot-husband-in-dc-hotel-over-child-molestation-claims-to-remain-behind-bars"
  },
  {
    "text": "Woman who allegedly shot husband in DC hotel over child molestation claims to remain behind bars",
    "url": "/news/woman-who-allegedly-shot-husband-in-dc-hotel-over-child-molestation-claims-to-remain-behind-bars"
  },
  {
    "text": "  ",
    "url": "/news/house-passes-semi-automatic-gun-ban-after-18-year-lapse"
  },
  {
    "text": "House passes semi-automatic gun ban after 18-year lapse",
    "url": "/news/house-passes-semi-automatic-gun-ban-after-18-year-lapse"
  },
  {
    "text": "  ",
    "url": "/news/fbi-russian-man-used-st-pete-based-political-group-to-spread-propaganda-influence-local-elections"
  },
  {
    "text": "From Russia to Florida: FBI halts Russian agent's 7-year influence campaign",
    "url": "/news/fbi-russian-man-used-st-pete-based-political-group-to-spread-propaganda-influence-local-elections"
  },
  {
    "text": "  ",
    "url": "/news/las-vegas-strip-multiple-casinos-flooded-overnight-by-monsoon-storm"
  },
  {
    "text": "Las Vegas Strip, multiple casinos flooded overnight by monsoon storm",
    "url": "/news/las-vegas-strip-multiple-casinos-flooded-overnight-by-monsoon-storm"
  },
  {
    "text": "  ",
    "url": "/news/california-court-oks-death-penalty-in-80s-sex-slave-murders"
  },
  {
    "text": "California court OKs death penalty in \u201980s sex slave murders",
    "url": "/news/california-court-oks-death-penalty-in-80s-sex-slave-murders"
  },
  {
    "text": "  ",
    "url": "/news/man-who-exploited-more-than-100-young-girls-online-sentenced-to-34-years-in-prison"
  },
  {
    "text": "Man who exploited more than 100 young girls online sentenced to 34 years in prison",
    "url": "/news/man-who-exploited-more-than-100-young-girls-online-sentenced-to-34-years-in-prison"
  },
  {
    "text": "Money",
    "url": "/money"
  },
  {
    "text": "View More",
    "url": "/money"
  },
  {
    "text": "  ",
    "url": "/news/mega-millions-winning-numbers-friday-1-billion-drawing"
  },
  {
    "text": "Mega Millions winning numbers: $1.28B Friday drawing",
    "url": "/news/mega-millions-winning-numbers-friday-1-billion-drawing"
  },
  {
    "text": "  ",
    "url": "/money/todays-mortgage-refinance-rates-july-29-2022"
  },
  {
    "text": "Savings window open: 3 key mortgage refinance rates tumble | July 29, 2022",
    "url": "/money/todays-mortgage-refinance-rates-july-29-2022"
  },
  {
    "text": "  ",
    "url": "/news/10-times-hitting-the-lottery-jackpot-ended-in-disaster-i-wish-id-torn-that-ticket-up"
  },
  {
    "text": "10 times hitting the lottery jackpot ended in disaster: 'I wish I'd torn that ticket up'",
    "url": "/news/10-times-hitting-the-lottery-jackpot-ended-in-disaster-i-wish-id-torn-that-ticket-up"
  },
  {
    "text": "  ",
    "url": "/news/mega-millions-lottery-jackpot-july-29-2022"
  },
  {
    "text": "Mega Millions lottery jackpot rises again, hitting $1.28 billion for Friday drawing",
    "url": "/news/mega-millions-lottery-jackpot-july-29-2022"
  },
  {
    "text": "  ",
    "url": "/news/1-1-billion-mega-millions-jackpot-climbs-again"
  },
  {
    "text": "$1.1 billion: Mega Millions jackpot climbs again, 2nd-highest prize in game history",
    "url": "/news/1-1-billion-mega-millions-jackpot-climbs-again"
  },
  {
    "text": "  ",
    "url": "/news/how-to-recession-proof-your-life"
  },
  {
    "text": "How to recession-proof your life",
    "url": "/news/how-to-recession-proof-your-life"
  },
  {
    "text": "News",
    "url": "/news"
  },
  {
    "text": "Coronavirus",
    "url": "/shows/coronavirus-in-california"
  },
  {
    "text": "Local News",
    "url": "/local-news"
  },
  {
    "text": "California News",
    "url": "/tag/us/ca"
  },
  {
    "text": "National News",
    "url": "/national-news"
  },
  {
    "text": "Entertainment",
    "url": "/tag/entertainment"
  },
  {
    "text": "Recalls",
    "url": "/tag/consumer/recalls"
  },
  {
    "text": "FOX 11 News App",
    "url": "/apps"
  },
  {
    "text": "Weather",
    "url": "/weather"
  },
  {
    "text": "Forecast",
    "url": "/weather"
  },
  {
    "text": "Radar",
    "url": "/weather"
  },
  {
    "text": "Air Quality Map",
    "url": "/california-air-quality-map"
  },
  {
    "text": "Earthquakes",
    "url": "/tag/weather/earthquakes"
  },
  {
    "text": "Earthquake Preparedness",
    "url": "/earthquake-preparedness"
  },
  {
    "text": "Traffic",
    "url": "/traffic"
  },
  {
    "text": "Wildfires",
    "url": "/tag/weather/wildfires"
  },
  {
    "text": "Good Day LA",
    "url": "/shows/good-day-la"
  },
  {
    "text": "Guests",
    "url": "/tag/series/guests"
  },
  {
    "text": "Meet the Team",
    "url": "/person/all"
  },
  {
    "text": "Entertainment",
    "url": "/tag/entertainment"
  },
  {
    "text": "Local News",
    "url": "/local-news"
  },
  {
    "text": "Seen on TV Links",
    "url": "/seen-on-tv-links"
  },
  {
    "text": "Politics",
    "url": "/tag/politics"
  },
  {
    "text": "California Politics",
    "url": "/tag/politics/ca-politics"
  },
  {
    "text": "2022 LA Mayor Election",
    "url": "/tag/politics/ca-politics/la-mayor-election"
  },
  {
    "text": "The Issue Is:",
    "url": "https://www.foxla.com/shows/the-issue-is"
  },
  {
    "text": "Joe Biden",
    "url": "/tag/people/joe-biden"
  },
  {
    "text": "Kamala Harris",
    "url": "/tag/people/kamala-harris"
  },
  {
    "text": "Gavin Newsom",
    "url": "/tag/people/gavin-newsom"
  },
  {
    "text": "George Gasc\u00f3n",
    "url": "/tag/people/george-gascon"
  },
  {
    "text": "Donald Trump",
    "url": "/tag/people/donald-j-trump"
  },
  {
    "text": "Sports",
    "url": "/sports"
  },
  {
    "text": "Rams",
    "url": "/tag/sports/nfl/rams"
  },
  {
    "text": "Super Bowl LVI",
    "url": "/tag/super-bowl-lvi"
  },
  {
    "text": "Chargers",
    "url": "/tag/sports/nfl/chargers"
  },
  {
    "text": "Lakers",
    "url": "/tag/sports/nba/lakers"
  },
  {
    "text": "Clippers",
    "url": "/tag/sports/nba/clippers"
  },
  {
    "text": "Dodgers",
    "url": "/tag/sports/mlb/dodgers"
  },
  {
    "text": "Angels",
    "url": "/tag/sports/mlb/angels"
  },
  {
    "text": "Wildcats",
    "url": "/tag/sports/xfl/wildcats"
  },
  {
    "text": "Kings",
    "url": "/tag/sports/nhl/kings"
  },
  {
    "text": "Ducks",
    "url": "/tag/sports/nhl/ducks"
  },
  {
    "text": "LA Football Club",
    "url": "/tag/sports/mls/lafc"
  },
  {
    "text": "Angel City Football Club",
    "url": "/tag/sports/mls/acfc"
  },
  {
    "text": "Galaxy",
    "url": "/tag/sports/mls/galaxy"
  },
  {
    "text": "Sparks",
    "url": "/tag/sports/wnba/sparks"
  },
  {
    "text": "Features",
    "url": "/"
  },
  {
    "text": "Lost Angeles: City of Homeless",
    "url": "https://www.foxla.com/news/homeless-los-angeles-homelessness-lost-angeles"
  },
  {
    "text": "Community Champions",
    "url": "/tag/series/community-champions"
  },
  {
    "text": "Save Our Streets",
    "url": "/shows/save-our-streets"
  },
  {
    "text": "When Magic Shocked the World",
    "url": "/shows/when-magic-shocked-the-world"
  },
  {
    "text": "Destination Education",
    "url": "/tag/education/back-to-school"
  },
  {
    "text": "Get Inspired",
    "url": "/tag/series/get-inspired"
  },
  {
    "text": "Rising Up",
    "url": "/shows/rising-up"
  },
  {
    "text": "The Issue Is:",
    "url": "/shows/the-issue-is"
  },
  {
    "text": "Investigations",
    "url": "/tag/series/investigations"
  },
  {
    "text": "True Crime Files",
    "url": "/tag/series/true-crime"
  },
  {
    "text": "Point of View",
    "url": "/tag/series/point-of-view"
  },
  {
    "text": "In Depth",
    "url": "/shows/in-depth"
  },
  {
    "text": "Wednesday's Child",
    "url": "/tag/series/wednesdays-child"
  },
  {
    "text": "Culture Conversations",
    "url": "/tag/series/culture-conversations"
  },
  {
    "text": "Remembering Kobe",
    "url": "/tag/people/kobe-bryant"
  },
  {
    "text": "KTTV70",
    "url": "/tag/series/kttv-70"
  },
  {
    "text": "Podcasts",
    "url": "/podcasts"
  },
  {
    "text": "The Issue Is: Podcast",
    "url": "/shows/the-issue-is"
  },
  {
    "text": "Silicon Sandbox",
    "url": "/tag/series/silicon-sandbox"
  },
  {
    "text": "What The Hal?",
    "url": "/tag/series/what-the-hal"
  },
  {
    "text": "Olympic & Bundy",
    "url": "/tag/series/olympic-bundy"
  },
  {
    "text": "COVID-19",
    "url": "/shows/coronavirus-in-california"
  },
  {
    "text": "Coronavirus in SoCal",
    "url": "/tag/health/coronavirus/coronavirus-socal"
  },
  {
    "text": "Stimulus Checks",
    "url": "/tag/health/coronavirus/economy/stimulus-check"
  },
  {
    "text": "Coronavirus Vaccine",
    "url": "/tag/health/coronavirus-vaccine"
  },
  {
    "text": "Coronavirus in California",
    "url": "/tag/health/coronavirus/coronavirus-ca"
  },
  {
    "text": "Coronavirus Interviews",
    "url": "/tag/health/coronavirus"
  },
  {
    "text": "COVID-19 and the Economy",
    "url": "/tag/health/coronavirus/economy"
  },
  {
    "text": "COVID-19 and Schools",
    "url": "/tag/health/coronavirus/schools"
  },
  {
    "text": "Money",
    "url": "/money"
  },
  {
    "text": "Economy",
    "url": "/tag/money/us-economy"
  },
  {
    "text": "Small Business",
    "url": "/tag/business/small-business"
  },
  {
    "text": "Personal Finance",
    "url": "/tag/business/personal-finance"
  },
  {
    "text": "Regional News",
    "url": "/tag/us/ca"
  },
  {
    "text": "San Francisco News - KTVU FOX 2",
    "url": "https://www.ktvu.com/"
  },
  {
    "text": "Phoenix News - FOX 10 Phoenix",
    "url": "https://www.fox10phoenix.com/"
  },
  {
    "text": "Seattle News - FOX 13 Seattle",
    "url": "https://www.fox13seattle.com"
  },
  {
    "text": "About Us",
    "url": "/about-us"
  },
  {
    "text": "Contests",
    "url": "/contests"
  },
  {
    "text": "Newsletters",
    "url": "/email"
  },
  {
    "text": "Anchors & Reporters",
    "url": "/person/all"
  },
  {
    "text": "TV Schedule",
    "url": "/whats-on-fox"
  },
  {
    "text": "FOX Shows",
    "url": "/shows/fox-content"
  },
  {
    "text": "Jobs at FOX 11",
    "url": "/jobs"
  },
  {
    "text": "Advertising",
    "url": "/advertising"
  },
  {
    "text": "FCC Public File",
    "url": "/public-file-inquiries"
  },
  {
    "text": "FCC Applications",
    "url": "https://www.foxla.com/fcc-applications"
  },
  {
    "text": "Public Service Announcements",
    "url": "/psa"
  },
  {
    "text": "ATSC",
    "url": "/atsc"
  },
  {
    "text": "KCOP13",
    "url": "/kcop13"
  },
  {
    "text": "Contact Us",
    "url": "/contact"
  },
  {
    "text": "facebook",
    "url": "https://www.facebook.com/fox11la/"
  },
  {
    "text": "twitter",
    "url": "https://twitter.com/FOXLA"
  },
  {
    "text": "instagram",
    "url": "https://www.instagram.com/foxla/"
  },
  {
    "text": "youtube",
    "url": "https://www.youtube.com/c/Foxla"
  },
  {
    "text": "email",
    "url": "mailto:fox11news@fox.com"
  },
  {
    "text": "",
    "url": "/"
  },
  {
    "text": "About Us",
    "url": "/about-us"
  },
  {
    "text": "Privacy Policy",
    "url": "/privacy-policy"
  },
  {
    "text": "Terms of Service",
    "url": "/terms-of-service"
  },
  {
    "text": "Do Not Sell my Personal Information ",
    "url": "/do-not-sell-my-personal-information"
  },
  {
    "text": "FCC Public File",
    "url": "/public-file-inquiries"
  },
  {
    "text": "EEO Public File",
    "url": "https://publicfiles.fcc.gov/tv-profile/kttv/equal-employment-opportunity-records/"
  },
  {
    "text": "Closed Captioning",
    "url": "/closed-captioning"
  },
  {
    "text": "Rescan your TV",
    "url": "/rescan"
  },
  {
    "text": "Contact Us",
    "url": "/contact-us"
  }
]