[
  {
    "text": "\n\t\t\t\t\t\n\t\t\t\t",
    "url": "/"
  },
  {
    "text": "Podcasts",
    "url": "/podcasts/"
  },
  {
    "text": "Newsletter",
    "url": "/newsletter"
  },
  {
    "text": "Store",
    "url": "https://www.swagright.com/collections/washington-free-beacon"
  },
  {
    "text": "Features",
    "url": "#"
  },
  {
    "text": "Biden Administration",
    "url": "https://freebeacon.com/biden-administration/"
  },
  {
    "text": "Coronavirus",
    "url": "https://freebeacon.com/coronavirus/"
  },
  {
    "text": "Democrats",
    "url": "https://freebeacon.com/democrats/"
  },
  {
    "text": "National Security",
    "url": "https://freebeacon.com/national-security/"
  },
  {
    "text": "China",
    "url": "https://freebeacon.com/tag/china/"
  },
  {
    "text": "Defense",
    "url": "https://freebeacon.com/tag/defense/"
  },
  {
    "text": "Iran",
    "url": "https://freebeacon.com/tag/iran/"
  },
  {
    "text": "Iraq",
    "url": "https://freebeacon.com/tag/iraq/"
  },
  {
    "text": "Politics",
    "url": "https://freebeacon.com/politics/"
  },
  {
    "text": "Campaign Donors",
    "url": "https://freebeacon.com/tag/campaign-donors/"
  },
  {
    "text": "Policy",
    "url": "https://freebeacon.com/policy/"
  },
  {
    "text": "Crime",
    "url": "https://freebeacon.com/tag/crime/"
  },
  {
    "text": "Government Waste",
    "url": "https://freebeacon.com/tag/government-waste/"
  },
  {
    "text": "Green Energy",
    "url": "https://freebeacon.com/tag/green-energy/"
  },
  {
    "text": "Culture",
    "url": "https://freebeacon.com/culture/"
  },
  {
    "text": "Book reviews",
    "url": "https://freebeacon.com/tag/book-reviews/"
  },
  {
    "text": "Humor",
    "url": "https://freebeacon.com/tag/humor/"
  },
  {
    "text": "Movie Reviews",
    "url": "https://freebeacon.com/tag/movie-reviews/"
  },
  {
    "text": "Columns",
    "url": "#"
  },
  {
    "text": "Continetti",
    "url": "https://freebeacon.com/author/matt/"
  },
  {
    "text": "Editorials",
    "url": "https://freebeacon.com/author/washington-free-beacon-editors/"
  },
  {
    "text": "Men of the Year",
    "url": "https://freebeacon.com/men-of-the-year/"
  },
  {
    "text": "\n\t\t\t\t\t\t\t\t\t\t\n\t\t\t\t\t\t\t\t\t\t\t\t\t\t\t\t\t\t\t\t\t\n\t\t\t\t\t\t\t\t\t\tDC Think Tanks Learn Hard Lessons About Koch Funding\t\t\t\t\t\t\t\t\t",
    "url": "https://freebeacon.com/politics/dc-think-tanks-learn-hard-lessons-about-koch-funding/"
  },
  {
    "text": "\n\t\t\t\t\t\t\t\t\t\n\t\t\t\t\t\t\t\t\t\t\t\t\t\t\t\t\t\t\n\t\t\t\t\t\t\t\t\tPelosi Must Go\t\t\t\t\t\t\t\t\t",
    "url": "https://freebeacon.com/columns/pelosi-must-go/"
  },
  {
    "text": "\n\t\t\t\t\t\t\t\t\t\n\t\t\t\t\t\t\t\t\t\t\t\t\t\t\t\t\t\t\n\t\t\t\t\t\t\t\t\tWhy Should We Believe Biden?\t\t\t\t\t\t\t\t\t",
    "url": "https://freebeacon.com/columns/why-should-we-believe-biden/"
  },
  {
    "text": "\n\t\t\t\t\t\t\t\t\n\t\t\t\t\t\t\t\t\t\n\t\t\t\t\t\t\t\t\n\t\t\t\t\t\t\t\tThe Free Beacon Podcast\t\t\t\t\t\t\t",
    "url": "/podcasts/"
  },
  {
    "text": "PODCAST ARCHIVE",
    "url": "#"
  },
  {
    "text": "See All",
    "url": "/podcasts/"
  },
  {
    "text": "\n\t\t\t\t\t\t\t\t\n\t\t\t\t\t\t\t\t\t\n\t\t\t\t\t\t\t\t\n\t\t\t\t\t\t\t\tThe Sub-Beacon Podcast\t\t\t\t\t\t\t",
    "url": "/podcasts/"
  },
  {
    "text": "PODCAST ARCHIVE",
    "url": "#"
  },
  {
    "text": "See All",
    "url": "/podcasts/"
  },
  {
    "text": "\n\t\t\t\t\t\t\t\t\n\t\t\t\t\t\t\t  \t\t\t\t\t\t\t\t\t\n\t\t\t\t\t          \t\t\t\t\t\t\t\t\t\n\t\t\t\t\t\t\t\t\n\t\t\t\t\t\t\tNew Media Rule: Don\u2019t Say Gay\t\t\t\t\t\t\t",
    "url": "https://freebeacon.com/media/new-media-rule-dont-say-gay/"
  },
  {
    "text": "\n\t\t\t\t\t\t\t\t\n\t\t\t\t\t\t\t  \t\t\t\t\t\t\t\t\t\n\t\t\t\t\t          \t\t\t\t\t\t\t\t\t\n\t\t\t\t\t\t\t\t\n\t\t\t\t\t\t\tWATCH: Joe Biden\u2019s Senior Moment of the Week Vol. 4\t\t\t\t\t\t\t",
    "url": "https://freebeacon.com/biden-administration/watch-joe-bidens-senior-moment-of-the-week-vol-4/"
  },
  {
    "text": "\n\t\t\t\t\t\t\t\t\n\t\t\t\t\t\t\t  \t\t\t\t\t\t\t\t\t\n\t\t\t\t\t          \t\t\t\t\t\t\t\t\t\n\t\t\t\t\t\t\t\t\n\t\t\t\t\t\t\tVIDEO: Biden Admin Puts the Spin on \u2018Recession\u2019\t\t\t\t\t\t\t",
    "url": "https://freebeacon.com/biden-administration/video-biden-admin-puts-the-spin-on-recession/"
  },
  {
    "text": "Features",
    "url": "#"
  },
  {
    "text": "Biden Administration",
    "url": "https://freebeacon.com/biden-administration/"
  },
  {
    "text": "Coronavirus",
    "url": "https://freebeacon.com/coronavirus/"
  },
  {
    "text": "Democrats",
    "url": "https://freebeacon.com/democrats/"
  },
  {
    "text": "National Security",
    "url": "https://freebeacon.com/national-security/"
  },
  {
    "text": "China",
    "url": "https://freebeacon.com/tag/china/"
  },
  {
    "text": "Defense",
    "url": "https://freebeacon.com/tag/defense/"
  },
  {
    "text": "Iran",
    "url": "https://freebeacon.com/tag/iran/"
  },
  {
    "text": "Iraq",
    "url": "https://freebeacon.com/tag/iraq/"
  },
  {
    "text": "Politics",
    "url": "https://freebeacon.com/politics/"
  },
  {
    "text": "Campaign Donors",
    "url": "https://freebeacon.com/tag/campaign-donors/"
  },
  {
    "text": "Policy",
    "url": "https://freebeacon.com/policy/"
  },
  {
    "text": "Crime",
    "url": "https://freebeacon.com/tag/crime/"
  },
  {
    "text": "Government Waste",
    "url": "https://freebeacon.com/tag/government-waste/"
  },
  {
    "text": "Green Energy",
    "url": "https://freebeacon.com/tag/green-energy/"
  },
  {
    "text": "Culture",
    "url": "https://freebeacon.com/culture/"
  },
  {
    "text": "Book reviews",
    "url": "https://freebeacon.com/tag/book-reviews/"
  },
  {
    "text": "Humor",
    "url": "https://freebeacon.com/tag/humor/"
  },
  {
    "text": "Movie Reviews",
    "url": "https://freebeacon.com/tag/movie-reviews/"
  },
  {
    "text": "",
    "url": "https://freebeacon.com/campus/how-one-medical-board-is-injecting-dei-into-all-aspects-of-medical-education/"
  },
  {
    "text": "Campus",
    "url": "https://freebeacon.com/campus/"
  },
  {
    "text": "Read Now",
    "url": "https://freebeacon.com/campus/how-one-medical-board-is-injecting-dei-into-all-aspects-of-medical-education/"
  },
  {
    "text": "",
    "url": "https://freebeacon.com/latest-news/financial-giant-says-any-company-working-in-occupied-palestinian-territories-violates-human-rights/"
  },
  {
    "text": "Latest News",
    "url": "https://freebeacon.com/latest-news/"
  },
  {
    "text": "Read Now",
    "url": "https://freebeacon.com/latest-news/financial-giant-says-any-company-working-in-occupied-palestinian-territories-violates-human-rights/"
  },
  {
    "text": "",
    "url": "https://freebeacon.com/columns/pelosi-must-go/"
  },
  {
    "text": "Columns",
    "url": "https://freebeacon.com/columns/"
  },
  {
    "text": "Read Now",
    "url": "https://freebeacon.com/columns/pelosi-must-go/"
  },
  {
    "text": "",
    "url": "https://freebeacon.com/politics/dc-think-tanks-learn-hard-lessons-about-koch-funding/"
  },
  {
    "text": "Politics",
    "url": "https://freebeacon.com/politics/"
  },
  {
    "text": "Read Now",
    "url": "https://freebeacon.com/politics/dc-think-tanks-learn-hard-lessons-about-koch-funding/"
  },
  {
    "text": "\n\t\t\t\t\t\t\t\t\t\t\t\t\t\t\t\t\t\t\t",
    "url": "https://freebeacon.com/media/new-media-rule-dont-say-gay/"
  },
  {
    "text": "Media",
    "url": "https://freebeacon.com/media/"
  },
  {
    "text": "New Media Rule: Don\u2019t Say Gay",
    "url": "https://freebeacon.com/media/new-media-rule-dont-say-gay/"
  },
  {
    "text": "Thaleigha Rampersad",
    "url": "https://freebeacon.com/author/thaleigha-rampersad/"
  },
  {
    "text": "Andrew Stiles",
    "url": "https://freebeacon.com/author/andrew-stiles/"
  },
  {
    "text": "\n\t\t\t\t\t\t\t\t\t\t\t\t\t\t\t\t\t\t\t",
    "url": "https://freebeacon.com/media/fiery-but-peaceful-protest-cnn/"
  },
  {
    "text": "Media",
    "url": "https://freebeacon.com/media/"
  },
  {
    "text": "CNN Journo Who Reported \u2018Fiery But Mostly Peaceful Protests\u2019 Gets Emmy Nomination",
    "url": "https://freebeacon.com/media/fiery-but-peaceful-protest-cnn/"
  },
  {
    "text": "Andrew Stiles",
    "url": "https://freebeacon.com/author/andrew-stiles/"
  },
  {
    "text": "\n\t\t\t\t\t\t\t\t\t\t\t\t\t\t\t\t\t\t\t",
    "url": "https://freebeacon.com/biden-administration/watch-joe-bidens-senior-moment-of-the-week-vol-4/"
  },
  {
    "text": "Biden Administration",
    "url": "https://freebeacon.com/biden-administration/"
  },
  {
    "text": "WATCH: Joe Biden\u2019s Senior Moment of the Week Vol. 4",
    "url": "https://freebeacon.com/biden-administration/watch-joe-bidens-senior-moment-of-the-week-vol-4/"
  },
  {
    "text": "Thaleigha Rampersad",
    "url": "https://freebeacon.com/author/thaleigha-rampersad/"
  },
  {
    "text": "Andrew Stiles",
    "url": "https://freebeacon.com/author/andrew-stiles/"
  },
  {
    "text": "\n\t\t\t\t\t\t\t\t\t\t\t\t\t\t\t\t\t\t\t",
    "url": "https://freebeacon.com/biden-administration/joe-biden-recession-scandal/"
  },
  {
    "text": "Biden Administration",
    "url": "https://freebeacon.com/biden-administration/"
  },
  {
    "text": "KARMIC JUSTICE: Dems Lose Baseball Game, Female Cyclists Crash on First Day of Biden Recession",
    "url": "https://freebeacon.com/biden-administration/joe-biden-recession-scandal/"
  },
  {
    "text": "Andrew Stiles",
    "url": "https://freebeacon.com/author/andrew-stiles/"
  },
  {
    "text": "\n\t\t\t\t\t\t\t\t\t\t\t\t\t\t\t\t\t\t\t\t",
    "url": "https://freebeacon.com/latest-news/un-leader-backs-official-who-said-jewish-lobby-controls-social-media/"
  },
  {
    "text": "Latest News",
    "url": "https://freebeacon.com/latest-news/"
  },
  {
    "text": "UN Official Running Investigation Into Israel Defends Colleague Who Said Jewish Lobby Controls Social Media",
    "url": "https://freebeacon.com/latest-news/un-leader-backs-official-who-said-jewish-lobby-controls-social-media/"
  },
  {
    "text": "Adam Kredo",
    "url": "https://freebeacon.com/author/adam-kredo/"
  },
  {
    "text": "\n\t\t\t\t\t\t\t\t\t\t\t\t\t\t\t\t\t\t\t\t",
    "url": "https://freebeacon.com/biden-administration/video-biden-admin-puts-the-spin-on-recession/"
  },
  {
    "text": "Biden Administration",
    "url": "https://freebeacon.com/biden-administration/"
  },
  {
    "text": "VIDEO: Biden Admin Puts the Spin on \u2018Recession\u2019",
    "url": "https://freebeacon.com/biden-administration/video-biden-admin-puts-the-spin-on-recession/"
  },
  {
    "text": "Thaleigha Rampersad",
    "url": "https://freebeacon.com/author/thaleigha-rampersad/"
  },
  {
    "text": "\n\t\t\t\t\t\t\t\t\t\t\t\t\t\t\t\t\t\t\t\t",
    "url": "https://freebeacon.com/democrats/pennsylvania-sheriffs-press-democratic-candidate-on-crime-policies/"
  },
  {
    "text": "Democrats",
    "url": "https://freebeacon.com/democrats/"
  },
  {
    "text": "Dem Senate Candidate Would Worsen Pennsylvania\u2019s Crime Spike, Sheriffs Fear",
    "url": "https://freebeacon.com/democrats/pennsylvania-sheriffs-press-democratic-candidate-on-crime-policies/"
  },
  {
    "text": "Chuck Ross",
    "url": "https://freebeacon.com/author/chuck-ross/"
  },
  {
    "text": "\n\t\t\t\t\t\t\t\t\t\t\t\t\t",
    "url": "https://freebeacon.com/campus/yale-law-school-axes-student-listserv-that-energized-protests-and-scandals/"
  },
  {
    "text": "Campus",
    "url": "https://freebeacon.com/campus/"
  },
  {
    "text": "Yale Law School Axes Student Listserv That Energized Protests and Scandals",
    "url": "https://freebeacon.com/campus/yale-law-school-axes-student-listserv-that-energized-protests-and-scandals/"
  },
  {
    "text": "Aaron Sibarium",
    "url": "https://freebeacon.com/author/aaron-sibarium/"
  },
  {
    "text": "\n\t\t\t\t\t\t\t\t\t\t\t\t\t",
    "url": "https://freebeacon.com/democrats/stacey-abrams-cant-find-a-georgia-cop-who-supports-her/"
  },
  {
    "text": "Democrats",
    "url": "https://freebeacon.com/democrats/"
  },
  {
    "text": "Stacey Abrams Can\u2019t Find a Georgia Cop Who Supports Her",
    "url": "https://freebeacon.com/democrats/stacey-abrams-cant-find-a-georgia-cop-who-supports-her/"
  },
  {
    "text": "Collin Anderson",
    "url": "https://freebeacon.com/author/collin-anderson/"
  },
  {
    "text": "\n\t\t\t\t\t\t\t\t\t\t\t\t\t",
    "url": "https://freebeacon.com/biden-administration/how-the-cdc-coordinated-with-big-tech-to-censor-americans/"
  },
  {
    "text": "Biden Administration",
    "url": "https://freebeacon.com/biden-administration/"
  },
  {
    "text": "How the CDC Coordinated With Big Tech To Censor Americans",
    "url": "https://freebeacon.com/biden-administration/how-the-cdc-coordinated-with-big-tech-to-censor-americans/"
  },
  {
    "text": "Joseph Simonson",
    "url": "https://freebeacon.com/author/joseph-simonson/"
  },
  {
    "text": "\n\t\t\t\t\t\t\t\t\t\t\t\t\t",
    "url": "https://freebeacon.com/biden-administration/biden-doj-official-smears-pregnancy-centers-amid-wave-of-attacks/"
  },
  {
    "text": "Biden Administration",
    "url": "https://freebeacon.com/biden-administration/"
  },
  {
    "text": "Biden DOJ Official Smears Pregnancy Centers Amid Wave of Attacks",
    "url": "https://freebeacon.com/biden-administration/biden-doj-official-smears-pregnancy-centers-amid-wave-of-attacks/"
  },
  {
    "text": "Chuck Ross",
    "url": "https://freebeacon.com/author/chuck-ross/"
  },
  {
    "text": "\n\t\t\t\t\t\t\t\t\t\t\t\t\t",
    "url": "https://freebeacon.com/democrats/surprise-this-republican-group-supporting-an-arizona-democrat-isnt-very-republican/"
  },
  {
    "text": "Democrats",
    "url": "https://freebeacon.com/democrats/"
  },
  {
    "text": "Surprise! The \u2018Republican\u2019 Group Supporting an Arizona Democrat Isn\u2019t Very Republican",
    "url": "https://freebeacon.com/democrats/surprise-this-republican-group-supporting-an-arizona-democrat-isnt-very-republican/"
  },
  {
    "text": "Robert Schmad",
    "url": "https://freebeacon.com/author/robert-schmad/"
  },
  {
    "text": "\n\t\t\t\t\t\t\t\t\t\t\t\t\t",
    "url": "https://freebeacon.com/democrats/pelosi-scraps-pro-police-bill-dealing-blow-to-vulnerable-dems/"
  },
  {
    "text": "Democrats",
    "url": "https://freebeacon.com/democrats/"
  },
  {
    "text": "Pelosi Scraps Pro-Police Bill, Dealing Blow to Vulnerable Dems",
    "url": "https://freebeacon.com/democrats/pelosi-scraps-pro-police-bill-dealing-blow-to-vulnerable-dems/"
  },
  {
    "text": "Joseph Simonson",
    "url": "https://freebeacon.com/author/joseph-simonson/"
  },
  {
    "text": "\n\t\t\t\t\t\t\t\t\t\t\t\t\t",
    "url": "https://freebeacon.com/biden-administration/joe-biden-blinking-scandal-video/"
  },
  {
    "text": "Biden Administration",
    "url": "https://freebeacon.com/biden-administration/"
  },
  {
    "text": "WATCH: Biden Goes 40 Seconds Without Blinking, Raising Health Concerns",
    "url": "https://freebeacon.com/biden-administration/joe-biden-blinking-scandal-video/"
  },
  {
    "text": "Andrew Stiles",
    "url": "https://freebeacon.com/author/andrew-stiles/"
  },
  {
    "text": "Thaleigha Rampersad",
    "url": "https://freebeacon.com/author/thaleigha-rampersad/"
  },
  {
    "text": "\n\t\t\t\t\t\t\t\t\t\t\t\t\t",
    "url": "https://freebeacon.com/latest-news/un-official-investigating-israel-jewish-lobby-controls-social-media/"
  },
  {
    "text": "Latest News",
    "url": "https://freebeacon.com/latest-news/"
  },
  {
    "text": "UN Official Investigating Israel: \u2018Jewish Lobby\u2019 Controls Social Media",
    "url": "https://freebeacon.com/latest-news/un-official-investigating-israel-jewish-lobby-controls-social-media/"
  },
  {
    "text": "Adam Kredo",
    "url": "https://freebeacon.com/author/adam-kredo/"
  },
  {
    "text": "\n\t\t\t\t\t\t\t\t\t\t\t\t\t",
    "url": "https://freebeacon.com/media/cuomo-journalism-fact-check-video/"
  },
  {
    "text": "Media",
    "url": "https://freebeacon.com/media/"
  },
  {
    "text": "FACT CHECK: Chris Cuomo Says Journalists \u2018Don\u2019t Usually Share Personal Opinions\u2019",
    "url": "https://freebeacon.com/media/cuomo-journalism-fact-check-video/"
  },
  {
    "text": "Thaleigha Rampersad",
    "url": "https://freebeacon.com/author/thaleigha-rampersad/"
  },
  {
    "text": "Andrew Stiles",
    "url": "https://freebeacon.com/author/andrew-stiles/"
  },
  {
    "text": "More Stories",
    "url": "/archives/page/2"
  },
  {
    "text": "Campus",
    "url": "https://freebeacon.com/campus/"
  },
  {
    "text": "Medical Schools Must Go Woke, Accreditor Declares",
    "url": "https://freebeacon.com/campus/medical-schools-must-go-woke-accreditor-declares/"
  },
  {
    "text": "Biden Administration",
    "url": "https://freebeacon.com/biden-administration/"
  },
  {
    "text": "Tale of Two Admins: Trump Admin Paying Political Consultants Raised \u2018Ethical Questions,\u201d But No Big Deal For Biden",
    "url": "https://freebeacon.com/biden-administration/bidens-cdc-paid-dem-firm-500-an-hour-for-media-training/"
  },
  {
    "text": "National Security",
    "url": "https://freebeacon.com/national-security/"
  },
  {
    "text": "China Warns: Pelosi Trip Marks \u2018Invasion\u2019 and Military Has Right to Fire on Her Plane",
    "url": "https://freebeacon.com/national-security/china-warns-pelosi-trip-marks-invasion-and-military-has-right-to-fire-on-her-plane/"
  },
  {
    "text": "Democrats",
    "url": "https://freebeacon.com/democrats/"
  },
  {
    "text": "Michigan Dem Says He\u2019s Stood Up to Own Party. He\u2019s On Pelosi\u2019s Leadership Team.",
    "url": "https://freebeacon.com/democrats/michigan-dem-says-hes-stood-up-to-own-party-hes-on-pelosis-leadership-team/"
  },
  {
    "text": "Politics",
    "url": "https://freebeacon.com/politics/"
  },
  {
    "text": "West Virginia Won\u2019t Do Business With Wall Street Banks That Boycott Fossil Fuels",
    "url": "https://freebeacon.com/politics/west-virginia-wont-do-business-with-wall-street-banks-that-boycott-fossil-fuels/"
  },
  {
    "text": "The Courts",
    "url": "https://freebeacon.com/courts/"
  },
  {
    "text": "Kavanaugh\u2019s Would-Be Killer Googled \u2018Quietest Semi Auto Rifle\u2019 and \u2018Most Effective Place To Stab Someone\u2019",
    "url": "https://freebeacon.com/courts/kavanaughs-would-be-killer-googled-quietest-semi-auto-rifle-and-most-effective-place-to-stab-someone/"
  },
  {
    "text": "\n\t\t\t\t\t\n\t\t\t\t\t\n\t\t\t\t",
    "url": "/"
  },
  {
    "text": "About Us",
    "url": "https://freebeacon.com/about/"
  },
  {
    "text": "Masthead",
    "url": "https://freebeacon.com/masthead/"
  },
  {
    "text": "Topics",
    "url": "https://freebeacon.com/topics/"
  },
  {
    "text": "Terms of Use",
    "url": "https://freebeacon.com/terms-of-use/"
  },
  {
    "text": "Privacy Policy",
    "url": "https://freebeacon.com/privacy-policy/"
  },
  {
    "text": "Podcast",
    "url": "https://freebeacon.com/podcasts"
  }
]