[
  {
    "text": "Skip to Content",
    "url": "/#main"
  },
  {
    "text": "",
    "url": "/"
  },
  {
    "text": "Subscribe",
    "url": "/products"
  },
  {
    "text": "Log In",
    "url": "/login"
  },
  {
    "text": "The Cops",
    "url": "https://hellgatenyc.com/category/the-cops/"
  },
  {
    "text": "Cultural Capital",
    "url": "https://hellgatenyc.com/category/cultural-capital/"
  },
  {
    "text": "Joy",
    "url": "https://hellgatenyc.com/category/joy/"
  },
  {
    "text": "OnlyFins",
    "url": "https://hellgatenyc.com/category/onlyfins/"
  },
  {
    "text": "Porcelain New York",
    "url": "https://hellgatenyc.com/category/porcelain-new-york/"
  },
  {
    "text": "Meet a Worker Co-op",
    "url": "https://hellgatenyc.com/category/meet-a-worker-co-op/"
  },
  {
    "text": "About Us",
    "url": "https://hellgatenyc.com/about-us/"
  },
  {
    "text": "Staff",
    "url": "https://hellgatenyc.com/staff/"
  },
  {
    "text": "How to Pitch Hell Gate",
    "url": "https://hellgatenyc.com/how-to-pitch/"
  },
  {
    "text": "Contact Us",
    "url": "https://hellgatenyc.com/contact-hell-gate/"
  },
  {
    "text": "Become a Founding Supporter of Hell Gate",
    "url": "https://hellgatenyc.com/donate/"
  },
  {
    "text": "Founding Supporters",
    "url": "https://hellgatenyc.com/supporters/"
  },
  {
    "text": "Log In",
    "url": "/login"
  },
  {
    "text": "Subscribe",
    "url": "/products"
  },
  {
    "text": "Hell Gate Twitter",
    "url": "https://www.twitter.com/hellgateny"
  },
  {
    "text": "Hell Gate Instagram",
    "url": "https://www.instagram.com/hellgateny"
  },
  {
    "text": "Hell Gate Facebook",
    "url": "https://www.facebook.com/HellGateNY"
  },
  {
    "text": "When Your Waxer is Also Your Therapist",
    "url": "/when-your-waxer-is-also-your-therapist"
  },
  {
    "text": "",
    "url": "/author/bahar-ostadan"
  },
  {
    "text": "Bahar Ostadan",
    "url": "/author/bahar-ostadan"
  },
  {
    "text": "",
    "url": "/when-your-waxer-is-also-your-therapist"
  },
  {
    "text": "Critters of New York",
    "url": "/category/critters-of-new-york"
  },
  {
    "text": "What I Learned at NYC\u2019s Rat Academy",
    "url": "/nyc-rats-trash-buffet-everywhere"
  },
  {
    "text": "2Comments",
    "url": "/nyc-rats-trash-buffet-everywhere#coral_thread"
  },
  {
    "text": "",
    "url": "/author/ruth-weissmann"
  },
  {
    "text": "Ruth Weissmann",
    "url": "/author/ruth-weissmann"
  },
  {
    "text": "",
    "url": "/nyc-rats-trash-buffet-everywhere"
  },
  {
    "text": "Cultural Capital",
    "url": "/category/cultural-capital"
  },
  {
    "text": "Joy, Agony, and the Subway Series",
    "url": "/yankees-mets-subway-series"
  },
  {
    "text": "",
    "url": "/author/jayson-buford"
  },
  {
    "text": "Jayson Buford",
    "url": "/author/jayson-buford"
  },
  {
    "text": "",
    "url": "/yankees-mets-subway-series"
  },
  {
    "text": "Eric Adams",
    "url": "/category/eric-adams"
  },
  {
    "text": "Eric Adams Is Cynically Using Migrants Just Like His GOP Counterparts",
    "url": "/eric-adams-is-cynically-using-migrants-just-like-his-gop-counterparts"
  },
  {
    "text": "",
    "url": "/author/felipe-de-la-hoz"
  },
  {
    "text": "Felipe De La Hoz",
    "url": "/author/felipe-de-la-hoz"
  },
  {
    "text": "",
    "url": "/eric-adams-is-cynically-using-migrants-just-like-his-gop-counterparts"
  },
  {
    "text": "Fresh Hell",
    "url": "/category/fresh-hell"
  },
  {
    "text": "Subway Series Quiz: Is This a Yankees Fan or a Mets Fan?",
    "url": "/mets-yankees-fans-quiz"
  },
  {
    "text": "1Comments",
    "url": "/mets-yankees-fans-quiz#coral_thread"
  },
  {
    "text": "",
    "url": "/author/max-rivlin-nadler"
  },
  {
    "text": "Max Rivlin-Nadler",
    "url": "/author/max-rivlin-nadler"
  },
  {
    "text": "",
    "url": "/mets-yankees-fans-quiz"
  },
  {
    "text": "Going Places",
    "url": "/category/going-places"
  },
  {
    "text": "Drama at the MTA",
    "url": "/drama-at-the-mta"
  },
  {
    "text": "2Comments",
    "url": "/drama-at-the-mta#coral_thread"
  },
  {
    "text": "",
    "url": "/author/christopher-robbins"
  },
  {
    "text": "Christopher Robbins",
    "url": "/author/christopher-robbins"
  },
  {
    "text": "",
    "url": "/drama-at-the-mta"
  },
  {
    "text": "What's Your Deal",
    "url": "/category/whats-your-deal"
  },
  {
    "text": "NYC\u2019s New 5G Monolith Is \u2018Bridging the Digital Divide\u2019 With Free Wi-Fi For Exactly One Bronx Block",
    "url": "/contemplating-the-very-tall-tower"
  },
  {
    "text": "",
    "url": "/author/molly-osberg"
  },
  {
    "text": "Molly Osberg",
    "url": "/author/molly-osberg"
  },
  {
    "text": "",
    "url": "/contemplating-the-very-tall-tower"
  },
  {
    "text": "Locked Up",
    "url": "/category/locked-up"
  },
  {
    "text": "ICE Just Abruptly Moved Dozens of Immigrant Detainees From NY to Mississippi",
    "url": "/ice-transfer-ny-detainees-mississippi"
  },
  {
    "text": "",
    "url": "/author/max-rivlin-nadler"
  },
  {
    "text": "Max Rivlin-Nadler",
    "url": "/author/max-rivlin-nadler"
  },
  {
    "text": "",
    "url": "/ice-transfer-ny-detainees-mississippi"
  },
  {
    "text": "OnlyFins",
    "url": "/category/onlyfins"
  },
  {
    "text": "Supermoon Fishing on the Gowanus",
    "url": "/supermoon-fishing-on-the-gowanus"
  },
  {
    "text": "2Comments",
    "url": "/supermoon-fishing-on-the-gowanus#coral_thread"
  },
  {
    "text": "",
    "url": "/author/esther-wang"
  },
  {
    "text": "Esther Wang",
    "url": "/author/esther-wang"
  },
  {
    "text": "",
    "url": "/supermoon-fishing-on-the-gowanus"
  },
  {
    "text": "Joy",
    "url": "/category/joy"
  },
  {
    "text": "Waiting For a Celebrity Autograph in Times Square to Feel Something",
    "url": "/waiting-for-a-celebrity-autograph-in-times-square-to-feel-something"
  },
  {
    "text": "1Comments",
    "url": "/waiting-for-a-celebrity-autograph-in-times-square-to-feel-something#coral_thread"
  },
  {
    "text": "",
    "url": "/author/rebecca-fishbein"
  },
  {
    "text": "Rebecca Fishbein",
    "url": "/author/rebecca-fishbein"
  },
  {
    "text": "",
    "url": "/waiting-for-a-celebrity-autograph-in-times-square-to-feel-something"
  },
  {
    "text": "Locked Up",
    "url": "/category/locked-up"
  },
  {
    "text": "Governor Hochul\u2019s \u2018Rolling\u2019 Clemency Process Has Set Just One Person Free",
    "url": "/governor-hochuls-rolling-clemency-process-has-set-just-one-person-free"
  },
  {
    "text": "",
    "url": "/author/victoria-law"
  },
  {
    "text": "Victoria Law",
    "url": "/author/victoria-law"
  },
  {
    "text": "",
    "url": "/governor-hochuls-rolling-clemency-process-has-set-just-one-person-free"
  },
  {
    "text": "Cultural Capital",
    "url": "/category/cultural-capital"
  },
  {
    "text": "What\u2019s With All the Municipally Branded Streetwear?",
    "url": "/fashion-brands-say-dsny-or-die"
  },
  {
    "text": "2Comments",
    "url": "/fashion-brands-say-dsny-or-die#coral_thread"
  },
  {
    "text": "",
    "url": "/author/lucy-dean-stockton"
  },
  {
    "text": "Lucy Dean Stockton",
    "url": "/author/lucy-dean-stockton"
  },
  {
    "text": "",
    "url": "/fashion-brands-say-dsny-or-die"
  },
  {
    "text": "Correct Opinions",
    "url": "/category/correct-opinions"
  },
  {
    "text": "New Yorkers Need to Get Over Their Fear of Sharks",
    "url": "/nyc-closed-beaches-sharks-rockaways"
  },
  {
    "text": "1Comments",
    "url": "/nyc-closed-beaches-sharks-rockaways#coral_thread"
  },
  {
    "text": "",
    "url": "/author/a-shark"
  },
  {
    "text": "A. Shark",
    "url": "/author/a-shark"
  },
  {
    "text": "",
    "url": "/nyc-closed-beaches-sharks-rockaways"
  },
  {
    "text": "Going Places",
    "url": "/category/going-places"
  },
  {
    "text": "From the Bronx to Coney Island Overnight, On a Bike",
    "url": "/nyc-bike-warriors"
  },
  {
    "text": "",
    "url": "/author/scott-heins"
  },
  {
    "text": "Scott Heins",
    "url": "/author/scott-heins"
  },
  {
    "text": "",
    "url": "/nyc-bike-warriors"
  },
  {
    "text": "Fresh Hell",
    "url": "/category/fresh-hell"
  },
  {
    "text": "Photos: How New Yorkers Are Keeping Cool Against the Backdrop of Certain Environmental Collapse",
    "url": "/heatwave-were-all-gonna-die"
  },
  {
    "text": "1Comments",
    "url": "/heatwave-were-all-gonna-die#coral_thread"
  },
  {
    "text": "",
    "url": "/author/molly-osberg"
  },
  {
    "text": "Molly Osberg",
    "url": "/author/molly-osberg"
  },
  {
    "text": "",
    "url": "/heatwave-were-all-gonna-die"
  },
  {
    "text": "Fresh Hell",
    "url": "/category/fresh-hell"
  },
  {
    "text": "Central Park\u2019s Other Penguins Face Extinction",
    "url": "/lasker-pool-penguins"
  },
  {
    "text": "",
    "url": "/author/laura-baisas"
  },
  {
    "text": "Laura Baisas",
    "url": "/author/laura-baisas"
  },
  {
    "text": "",
    "url": "/lasker-pool-penguins"
  },
  {
    "text": "Porcelain New York",
    "url": "/category/porcelain-new-york"
  },
  {
    "text": "A Brighton Beach Bathroom to Remember",
    "url": "/brighton-beach-comfort-station-special"
  },
  {
    "text": "4Comments",
    "url": "/brighton-beach-comfort-station-special#coral_thread"
  },
  {
    "text": "",
    "url": "/author/christopher-robbins"
  },
  {
    "text": "Christopher Robbins",
    "url": "/author/christopher-robbins"
  },
  {
    "text": "",
    "url": "/brighton-beach-comfort-station-special"
  },
  {
    "text": "What's Your Deal",
    "url": "/category/whats-your-deal"
  },
  {
    "text": "\u2018This is Everything for Us\u2019: Old Timers Day at the Giglio Lift",
    "url": "/old-timers-giglio-lift"
  },
  {
    "text": "1Comments",
    "url": "/old-timers-giglio-lift#coral_thread"
  },
  {
    "text": "",
    "url": "/author/claire-lampen"
  },
  {
    "text": "Claire Lampen",
    "url": "/author/claire-lampen"
  },
  {
    "text": "",
    "url": "/old-timers-giglio-lift"
  },
  {
    "text": "The Cops",
    "url": "/category/the-cops"
  },
  {
    "text": "NYC Gives Arrested Legal Observers a Check and a \u2018Middle Finger\u2019 to Make Their NYPD Lawsuit Go Away",
    "url": "/legal-observers-nypd-mott-haven-settlement"
  },
  {
    "text": "",
    "url": "/author/nick-pinto"
  },
  {
    "text": "Nick Pinto",
    "url": "/author/nick-pinto"
  },
  {
    "text": "",
    "url": "/legal-observers-nypd-mott-haven-settlement"
  },
  {
    "text": "The Cops",
    "url": "/category/the-cops"
  },
  {
    "text": "Guess Who\u2019s Giving Away Guns in NYC",
    "url": "/guess-whos-giving-away-guns-in-nyc"
  },
  {
    "text": "",
    "url": "/author/max-rivlin-nadler"
  },
  {
    "text": "Max Rivlin-Nadler",
    "url": "/author/max-rivlin-nadler"
  },
  {
    "text": "",
    "url": "/guess-whos-giving-away-guns-in-nyc"
  },
  {
    "text": "The Cops",
    "url": "/category/the-cops"
  },
  {
    "text": "NYC\u2019s Highest-Paid Corrections Captain Transferred Back to Rikers Island After Hell Gate Report",
    "url": "/highest-paid-correction-captain-transferred-rikers-island"
  },
  {
    "text": "",
    "url": "/author/liam-quigley"
  },
  {
    "text": "Liam Quigley",
    "url": "/author/liam-quigley"
  },
  {
    "text": "",
    "url": "/highest-paid-correction-captain-transferred-rikers-island"
  },
  {
    "text": "Joy",
    "url": "/category/joy"
  },
  {
    "text": "Washington Square Park is NYC\u2019s True Religion",
    "url": "/washington-square-park-is-nycs-true-religion"
  },
  {
    "text": "3Comments",
    "url": "/washington-square-park-is-nycs-true-religion#coral_thread"
  },
  {
    "text": "",
    "url": "/author/julianne-escobedo-shepherd"
  },
  {
    "text": "Julianne Escobedo Shepherd",
    "url": "/author/julianne-escobedo-shepherd"
  },
  {
    "text": "",
    "url": "/washington-square-park-is-nycs-true-religion"
  },
  {
    "text": "Fresh Hell",
    "url": "/category/fresh-hell"
  },
  {
    "text": "Hell Gate Pool Report: \u2018It\u2019s Not Cool\u2019",
    "url": "/pool-report-chaos"
  },
  {
    "text": "1Comments",
    "url": "/pool-report-chaos#coral_thread"
  },
  {
    "text": "",
    "url": "/author/kate-mooney"
  },
  {
    "text": "Kate Mooney",
    "url": "/author/kate-mooney"
  },
  {
    "text": "",
    "url": "/pool-report-chaos"
  },
  {
    "text": "Fresh Hell",
    "url": "/category/fresh-hell"
  },
  {
    "text": "Remember When People Thought Fireworks Were a Government Conspiracy?",
    "url": "/fireworks-government-conspiracy"
  },
  {
    "text": "",
    "url": "/author/jacob-silverman"
  },
  {
    "text": "Jacob Silverman",
    "url": "/author/jacob-silverman"
  },
  {
    "text": "",
    "url": "/fireworks-government-conspiracy"
  },
  {
    "text": "New York Review of Blogs",
    "url": "/category/new-york-review-of-blogs"
  },
  {
    "text": "For Pre-Launch Event Buzz, Invite The Guy Who Called The Iraqi People \u2018Semi-Literate Primitive Monkeys\u2019",
    "url": "/tucker-carlson-knight-foundation-semafor"
  },
  {
    "text": "",
    "url": "/author/nick-pinto"
  },
  {
    "text": "Nick Pinto",
    "url": "/author/nick-pinto"
  },
  {
    "text": "",
    "url": "/tucker-carlson-knight-foundation-semafor"
  },
  {
    "text": "Horoscopes",
    "url": "/category/horoscopes"
  },
  {
    "text": "July Cancer Chaos is Upon Us",
    "url": "/hell-gate-horoscopes-july-cancer-chaos"
  },
  {
    "text": "",
    "url": "/author/rebecca-fishbein"
  },
  {
    "text": "Rebecca Fishbein",
    "url": "/author/rebecca-fishbein"
  },
  {
    "text": "",
    "url": "/hell-gate-horoscopes-july-cancer-chaos"
  },
  {
    "text": "See all posts",
    "url": "/all"
  },
  {
    "text": "",
    "url": "/"
  },
  {
    "text": "Hell Gate Twitter",
    "url": "https://www.twitter.com/hellgateny"
  },
  {
    "text": "Hell Gate Instagram",
    "url": "https://www.instagram.com/hellgateny"
  },
  {
    "text": "Hell Gate Facebook",
    "url": "https://www.facebook.com/HellGateNY"
  },
  {
    "text": "About Us",
    "url": "https://hellgatenyc.com/about-us/"
  },
  {
    "text": "Staff",
    "url": "https://hellgatenyc.com/staff/"
  },
  {
    "text": "Contact Us",
    "url": "https://hellgatenyc.com/contact-hell-gate/"
  },
  {
    "text": "How to Pitch Hell Gate",
    "url": "https://hellgatenyc.com/how-to-pitch/"
  },
  {
    "text": "Send Us a News Tip",
    "url": "https://hellgatenyc.com/send-us-a-news-tip/"
  },
  {
    "text": "Advertise With Hell Gate",
    "url": "https://hellgatenyc.com/how-to-advertise-with-hell-gate/"
  },
  {
    "text": "Become a Founding Supporter of Hell Gate",
    "url": "https://hellgatenyc.com/donate/"
  },
  {
    "text": "Founding Supporters",
    "url": "https://hellgatenyc.com/supporters/"
  },
  {
    "text": "Terms of Use",
    "url": "https://hellgatenyc.com/terms-of-service/"
  },
  {
    "text": "Privacy Policy",
    "url": "https://hellgatenyc.com/our-privacy-policy/"
  },
  {
    "text": "Commenting Policy",
    "url": "https://hellgatenyc.com/commenting-policy/"
  },
  {
    "text": "Lede",
    "url": "https://joinlede.com/"
  }
]